record_id,source_system,last_updated_ts,customer_id,customer_name,gender,date_of_birth,age,marital_status,residency_status,occupation_group,annual_income_sgd,income_band,postal_district,email,mobile_number,policy_id,quote_date,policy_start_date,product_name,product_category,distribution_channel,payment_frequency,annual_premium_sgd,sum_assured_sgd,ape_sgd,nbp_margin_pct,policy_term_years,policy_status,months_inforce,lapse_flag,lapse_date,persistency_13m_flag,ip_plan_tier,rider_attached_flag,rider_premium_before_sgd,rider_premium_after_sgd,copay_pct,deductible_sgd,care_delay_days,chronic_condition_flag,claim_id,claim_date,claim_type,claim_amount_sgd,claim_status,claim_decline_reason,claim_tat_days,disputed_flag,complaint_flag,customer_sentiment_score,nps_score,assessor_id,assessor_approval_limit_sgd,approval_above_limit_flag,sod_breach_flag,fraud_risk_score,agent_id,agent_name,agent_tier,agent_tenure_months,agency_unit,agent_status,agent_productivity_score,agent_attrition_risk,occupation_group_imputed_flag,postal_district_imputed_flag,marital_status_imputed_flag,residency_status_imputed_flag,reject_reason
RID-0044665,CRM,06-05-2026 11:58,CUS-011689,Edwin Bennett,Male,22-10-2002,24,Divorced,Permanent Resident,Manager,82645,50k-100k,D14,edwin.bennett477@example.com,+65 99964730,POL-0044665,20-01-2023,26-02-2023,PRUActive Term,Protection,Bancassurance,Monthly,7083.39,396000,7083.39,0.2196,30,Inforce,42,N,,Y,,N,,,,,57,N,,,,,,,,N,N,0.98,9,,,,,,,,,,,,,,False,False,False,False,EXACT_DUPLICATE
RID-0031604,CLAIMS_SYS,06-03-2026 15:08,CUS-011114,Iskandar Harper,Male,13-05-1998,28,Widowed,Citizen,Education,61877,50k-100k,D28,iskandar.harper77@example.com,+65 96533440,POL-0031604,20-01-2024,29-02-2024,PRUFlexiCash,Savings & Wealth,Agency,Annual,2761.29,249000,2761.29,0.0559,99,Inforce,30,N,,Y,,N,,,,,4,N,,,,,,,,N,N,0.1,10,,,,,,AGT-00218,Yong Sheng Iyer,Established,13,AU-24,Active,89.8,0.161,False,False,False,False,EXACT_DUPLICATE
RID-0019440,POLICY_ADMIN,19-08-2026 18:35,CUS-030099,Nicholas Ng,Male,17-02-1986,40,Single,Citizen,Retired,60510,50k-100k,D08,nicholas.ng121@example.com,+65 91012760,POL-0019440,14-03-2024,24-03-2024,PRUTerm Secure,Protection,Agency,Monthly,1609.51,2708000,1609.51,0.287,25,Inforce,29,N,,Y,,N,,,,,0,N,,,,,,,,N,N,0.11,7,,,,,,AGT-00866,Marcus Menon,Senior,140,AU-34,Resigned,42.9,0.284,False,False,False,False,EXACT_DUPLICATE
RID-0012928,AGENCY_MGMT,01-04-2026 12:09,CUS-019533,Hui Ling Teo,Female,07-04-1977,49,Married,Citizen,Civil Service,159126,100k-200k,D16,hui.ling.teo224@example.com,+65 94670373,POL-0012928,27-01-2026,11-03-2026,PRUShield Life,Protection,Bancassurance,Annual,3590.98,802000,3590.98,0.2447,30,Inforce,5,N,,Y,,N,,,,,37,N,CLM-0012928,31-05-2026,Critical Illness,4485.3,Approved,,29,N,N,0.27,9,ASR-0013,100000,Y,N,0.683,,,,,,,,,False,False,False,False,EXACT_DUPLICATE
RID-0040813,CLAIMS_SYS,23-03-2026 06:24,CUS-038363,Iskandar Sim,Male,02-12-1987,39,Divorced,Citizen,Manager,142962,100k-200k,D14,iskandar.sim89@example.com,+65 83777775,POL-0040813,04-05-2024,12-05-2024,PRUWealth Plus,Savings & Wealth,Bancassurance,Annual,50809.02,234000,50809.02,0.06,20,Inforce,28,N,,Y,,N,,,,,0,Y,,,,,,,,N,N,-0.03,5,,,,,,,,,,,,,,False,False,False,False,EXACT_DUPLICATE
RID-0014268,AGENCY_MGMT,01-09-2026 05:10,CUS-024320,Jun Hao Turner,Male,03-04-1968,58,Divorced,Permanent Resident,Education,83751,50k-100k,D10,jun.hao.turner200@example.com,+65 99522026,POL-0014268,14-09-2025,20-09-2025,PRUShield Life,Protection,Bancassurance,Quarterly,7103.41,1954000,7103.41,0.2642,30,Matured,11,N,,Y,,N,,,,,242,N,,,,,,,,N,N,0.62,9,,,,,,,,,,,,,,False,False,False,False,EXACT_DUPLICATE
RID-0038884,POLICY_ADMIN,05-03-2026 05:18,CUS-026520,Anjali Nair,Female,25-07-1975,51,Married,Employment Pass,Retired,88999,50k-100k,D20,anjali.nair96@example.com,+65 96723254,POL-0038884,12-04-2023,05-05-2023,PRUWealth Plus,Savings & Wealth,Agency,Monthly,51662.86,238000,51662.86,0.0836,30,Inforce,40,N,,Y,,N,,,,,0,N,CLM-0038884,13-06-2025,Death Benefit,3624.14,Partially Approved,,32,N,N,0.87,9,ASR-0045,10000,N,N,0.407,AGT-00701,Jonathan Aziz,Established,75,AU-27,Active,69.9,0.303,False,False,False,False,EXACT_DUPLICATE
RID-0014408,POLICY_ADMIN,29-04-2026 04:54,CUS-013702,Aravind Raj,Male,22-03-1987,39,Married,Citizen,Sales,47078,Below 50k,D05,aravind.raj353@example.com,+65 85953174,POL-0014408,29-12-2025,10-02-2026,PRUTerm Secure,Protection,Bancassurance,Annual,5540.91,410000,5540.91,0.1669,10,Inforce,6,N,,Y,,N,,,,,63,N,CLM-0014408,29-06-2026,Hospitalisation,1174.51,Approved,,35,N,N,0.04,9,ASR-0058,100000,N,N,0.141,,,,,,,,,False,False,False,False,EXACT_DUPLICATE
RID-0040222,CLAIMS_SYS,03-05-2026 06:43,CUS-009847,Denise Ong,Female,16-12-1961,65,Married,Citizen,Sales,79420,50k-100k,D15,denise.ong307@example.com,+65 84936427,POL-0040222,01-10-2023,06-10-2023,PRUExtra Care,Health & IP,Bancassurance,Annual,3675.59,331000,3675.59,0.1581,99,Inforce,35,N,,Y,Public A-Ward,Y,1683.87,1683.87,0,1500,243,N,CLM-0040222,16-09-2024,Accident,11816.1,Partially Approved,,21,N,N,0.25,8,ASR-0003,10000,N,N,0.156,,,,,,,,,False,False,False,False,EXACT_DUPLICATE
RID-0019334,CLAIMS_SYS,24-03-2026 20:52,CUS-023519,Faisal Sharma,Male,12-05-1981,45,Married,Permanent Resident,Healthcare,94418,50k-100k,D14,faisal.sharma258@example.com,+65 81089549,POL-0019334,08-04-2025,23-04-2025,PRUShield A Plus,Health & IP,Bancassurance,Semi-Annual,4970.2,342000,4970.2,0.1627,25,Inforce,16,N,,Y,Public B1-Ward,Y,2699.29,2699.29,0,1500,61,N,,,,,,,,N,N,0.29,10,,,,,,,,,,,,,,False,False,False,False,EXACT_DUPLICATE
RID-0014539,POLICY_ADMIN,28-08-2026 06:54,CUS-031988,Denise Wright,Female,20-10-1975,51,Divorced,Citizen,Executive,70068,50k-100k,D26,denise.wright104@example.com,+65 85013029,POL-0014539,19-05-2024,28-06-2024,PRUShield Premier,Health & IP,Direct,Quarterly,2044.55,1019000,2044.55,0.1236,15,Inforce,26,N,,Y,Public B1-Ward,Y,989.79,989.79,0,2500,37,Y,,,,,,,,N,N,0.29,10,,,,,,,,,,,,,,False,False,False,False,EXACT_DUPLICATE
RID-0022813,CLAIMS_SYS,24-04-2026 10:07,CUS-033757,Hakim Bennett,Male,22-08-1987,39,Widowed,Citizen,Self-Employed,105446,100k-200k,D22,hakim.bennett119@example.com,+65 84742648,POL-0022813,07-01-2023,13-01-2023,PRUTerm Secure,Protection,Agency,Monthly,1478.25,1591000,1478.25,0.2781,5,Inforce,44,N,,Y,,N,,,,,11,N,,,,,,,,N,N,-0.04,7,,,,,,AGT-00002,Vikram Low,Senior,39,AU-13,Active,86.3,0.335,False,False,False,False,EXACT_DUPLICATE
RID-0017851,CLAIMS_SYS,08-04-2026 13:06,CUS-040797,Vikram Ho,Male,07-09-1994,32,Single,Employment Pass,Technician,54771,50k-100k,D17,vikram.ho107@example.com,+65 99846459,POL-0017851,28-02-2026,30-03-2026,PRUVantage Legacy,Savings & Wealth,Bancassurance,Monthly,29057.04,280000,29057.04,0.049,20,Inforce,5,N,,Y,,N,,,,,45,N,CLM-0017851,04-05-2026,Critical Illness,12760.37,Approved,,20,N,N,0.4,10,ASR-0053,25000,N,N,0.376,,,,,,,,,False,False,False,False,EXACT_DUPLICATE
RID-0001207,CRM,25-04-2026 00:17,CUS-019898,Mei Yi Ng,Female,09-07-2005,21,Divorced,Citizen,Healthcare,48824,Below 50k,D14,mei.yi.ng402@example.com,+65 97749107,POL-0001207,20-11-2023,11-12-2023,PRUShield Standard,Health & IP,Agency,Monthly,5390.48,477000,5390.48,0.1263,20,Inforce,33,N,,Y,Public B1-Ward,Y,1516.9,1516.9,0,0,0,N,,,,,,,,N,N,0.02,7,,,,,,AGT-00922,Nurul Aisyah Chong,Established,75,AU-08,Active,72.6,0.776,False,False,False,False,EXACT_DUPLICATE
RID-0040809,AGENCY_MGMT,29-06-2026 06:16,CUS-010562,Zarina Tan,Female,22-06-1972,54,Single,Foreigner,Retired,91392,50k-100k,D17,zarina.tan458@example.com,+65 94787992,POL-0040809,19-01-2026,12-02-2026,PRUShield Standard,Health & IP,Bancassurance,Annual,6958.28,1150000,6958.28,0.1068,5,Inforce,6,N,,Y,Private Hospital,Y,2678.31,2678.31,0,1500,77,N,CLM-0040809,31-08-2026,Day Surgery,2897.29,Approved,,11,N,N,0.69,10,ASR-0039,100000,N,N,0.049,,,,,,,,,False,False,False,False,EXACT_DUPLICATE
RID-0032056,AGENCY_MGMT,12-05-2026 00:14,CUS-026918,Hui Ling Teo,Female,08-07-1983,43,Married,Citizen,Self-Employed,266550,200k-400k,D25,hui.ling.teo340@example.com,+65 97605073,POL-0032056,06-04-2023,17-05-2023,PRUShield Premier,Health & IP,Digital,Annual,1299.24,1005000,1299.24,0.1642,30,Inforce,40,N,,Y,Public B1-Ward,Y,531.39,531.39,0,1500,0,N,CLM-0032056,24-12-2024,Day Surgery,4900.76,Declined,Premium in arrears,19,N,N,-0.03,6,ASR-0046,25000,N,N,0.324,,,,,,,,,False,False,False,False,EXACT_DUPLICATE
RID-0017655,CRM,05-03-2026 04:19,CUS-030193,Divya Harper,Female,02-05-1977,49,Divorced,Citizen,Executive,124086,100k-200k,D25,divya.harper374@example.com,+65 85941916,POL-0017655,28-05-2024,14-06-2024,PRUFlexiCash,Savings & Wealth,Agency,Annual,28271.84,123000,28271.84,0.0723,15,Inforce,26,N,,Y,,N,,,,,90,N,CLM-0017655,24-02-2025,Maternity,3574.93,Partially Approved,,28,N,N,0.59,7,ASR-0023,50000,N,N,0.194,AGT-01095,Zarina Chong,Established,46,AU-34,Active,42.8,0.09,False,False,False,False,EXACT_DUPLICATE
RID-0021352,CLAIMS_SYS,31-08-2026 11:57,CUS-009298,Kavitha Nair,Female,23-05-1962,64,Single,Citizen,Technician,186751,100k-200k,D05,kavitha.nair69@example.com,+65 97966750,POL-0021352,13-01-2024,02-02-2024,PRUFlexiCash,Savings & Wealth,Bancassurance,Monthly,14155.19,396000,14155.19,0.0792,25,Inforce,31,N,,Y,,N,,,,,261,Y,CLM-0021352,02-12-2024,Critical Illness,880.73,Partially Approved,,7,N,N,0.78,7,ASR-0026,10000,N,N,0.247,,,,,,,,,False,False,False,False,EXACT_DUPLICATE
RID-0003325,CLAIMS_SYS,24-04-2026 06:08,CUS-034536,Wan Ting Raj,Female,25-03-1972,54,Widowed,Permanent Resident,Healthcare,174426,100k-200k,D11,wan.ting.raj332@example.com,+65 89623692,POL-0003325,26-07-2024,28-07-2024,PRUVantage Legacy,Savings & Wealth,Bancassurance,Semi-Annual,21944.71,98000,21944.71,0.0669,30,Cancelled,25,Y,21-04-2025,N,,N,,,,,81,N,CLM-0003325,09-04-2025,Disability,2912.69,Partially Approved,,5,N,N,0.16,10,ASR-0017,50000,N,N,0.177,,,,,,,,,False,False,False,False,EXACT_DUPLICATE
RID-0002946,AGENCY_MGMT,25-07-2026 09:16,CUS-019505,Nurul Aisyah Menon,Female,18-02-1995,31,Married,Employment Pass,Retired,108732,100k-200k,D18,nurul.aisyah.menon281@example.com,+65 87794143,POL-0002946,22-07-2023,26-07-2023,PRUShield A Plus,Health & IP,Bancassurance,Annual,1913.79,231000,1913.79,0.1336,15,Inforce,37,N,,Y,Public B1-Ward,Y,1016.87,1016.87,0,2500,51,N,CLM-0002946,06-01-2026,Disability,3039.61,Approved,,5,N,N,0.62,7,ASR-0017,50000,N,N,0.416,,,,,,,,,False,False,False,False,EXACT_DUPLICATE
RID-0031788,AGENCY_MGMT,26-08-2026 10:34,CUS-032800,Aminah Iyer,Female,24-02-1991,35,Divorced,Permanent Resident,Self-Employed,257379,200k-400k,D23,aminah.iyer487@example.com,+65 82055324,POL-0031788,25-05-2023,16-06-2023,PRUVantage Legacy,Savings & Wealth,Agency,Monthly,48451.41,346000,48451.41,0.0731,5,Inforce,39,N,,Y,,N,,,,,0,N,,,,,,,,N,N,0.21,9,,,,,,AGT-00339,Chee Keong Yeo,Established,71,AU-15,Active,38.1,0.179,False,False,False,False,EXACT_DUPLICATE
RID-0003064,CRM,29-08-2026 10:51,CUS-024340,Wei Ming Pillai,Male,18-12-2005,21,Divorced,Permanent Resident,Manager,45411,Below 50k,D02,wei.ming.pillai105@example.com,+65 95911436,POL-0003064,27-01-2026,27-02-2026,PRUShield A Plus,Health & IP,Bancassurance,Annual,7083.23,128000,7083.23,0.0974,25,Inforce,6,N,,Y,Public A-Ward,Y,2391.15,2391.15,0,1500,0,Y,CLM-0003064,14-03-2026,Accident,8569.9,Partially Approved,,14,N,N,0.4,6,ASR-0012,100000,N,N,0.379,,,,,,,,,False,False,False,False,EXACT_DUPLICATE
RID-0011460,POLICY_ADMIN,17-08-2026 12:23,CUS-018339,Zhi Hao Sim,Male,04-11-2002,24,Single,Permanent Resident,Technician,135321,100k-200k,D02,zhi.hao.sim403@example.com,+65 88633011,POL-0011460,27-11-2023,03-01-2024,PRUVantage Legacy,Savings & Wealth,Bancassurance,Monthly,48013.42,229000,48013.42,0.0589,99,Inforce,32,N,,Y,,N,,,,,21,N,CLM-0011460,19-07-2026,Critical Illness,17246.16,Approved,,35,N,N,0.84,6,ASR-0042,10000,N,N,0.387,,,,,,,,,False,False,False,False,EXACT_DUPLICATE
RID-0044901,AGENCY_MGMT,14-03-2026 13:42,CUS-010980,Valerie Nair,Female,21-08-1986,40,Married,Citizen,Retired,86981,50k-100k,D20,valerie.nair322@example.com,+65 87780276,POL-0044901,31-08-2024,18-09-2024,PRUFlexiCash,Savings & Wealth,Agency,Semi-Annual,53208.3,53000,53208.3,0.0438,10,Inforce,23,N,,Y,,N,,,,,0,N,,,,,,,,N,N,-0.04,5,,,,,,AGT-00688,Lakshmi Nair,Senior,172,AU-02,On Notice,92.5,0.403,False,False,False,False,EXACT_DUPLICATE
RID-0045040,POLICY_ADMIN,10-07-2026 20:42,CUS-023453,Aminah Chan,Female,11-10-1990,36,Single,Citizen,Self-Employed,47493,Below 50k,D01,aminah.chan187@example.com,+65 85254183,POL-0045040,30-10-2024,10-11-2024,PRULink Global Growth,Investment-Linked,Agency,Annual,31880.97,639000,31880.97,0.1599,99,Inforce,22,N,,Y,,N,,,,,93,N,CLM-0045040,23-03-2025,Disability,22166.76,Partially Approved,,30,N,N,0.05,8,ASR-0026,10000,N,N,0.138,AGT-00799,Zarina Nair,Established,47,AU-10,Active,52,0.433,False,False,False,False,EXACT_DUPLICATE
RID-0012243,CLAIMS_SYS,28-07-2026 06:26,CUS-021190,Nurul Aisyah Osman,Female,08-10-1991,35,Married,Citizen,Civil Service,309205,200k-400k,D04,nurul.aisyah.osman267@example.com,+65 95225466,POL-0012243,16-05-2024,19-05-2024,PRUShield A Plus,Health & IP,Agency,Semi-Annual,1019.07,282000,1019.07,0.1909,25,Lapsed,27,Y,26-04-2026,Y,Private Hospital,Y,543.39,543.39,0,2500,110,N,,,,,,,,N,N,0.99,7,,,,,,AGT-00094,Valerie Salleh,Established,78,AU-03,Active,37.7,0.078,False,False,False,False,EXACT_DUPLICATE
RID-0007613,CRM,03-06-2026 13:29,CUS-006516,Chee Keong Low,Male,23-12-1985,41,Married,Employment Pass,Healthcare,80338,50k-100k,D05,chee.keong.low467@example.com,+65 96629363,POL-0007613,14-10-2025,18-10-2025,PRUFlexiCash,Savings & Wealth,Digital,Annual,47082.71,433000,47082.71,0.0859,5,Inforce,10,N,,Y,,N,,,,,23,N,,,,,,,,N,N,0.1,6,,,,,,,,,,,,,,False,False,False,False,EXACT_DUPLICATE
RID-0011499,AGENCY_MGMT,09-08-2026 20:03,CUS-030865,Kai Xuan Ong,Male,01-08-1988,38,Married,Permanent Resident,Executive,47861,Below 50k,D19,kai.xuan.ong318@example.com,+65 95755934,POL-0011499,16-02-2026,14-03-2026,PRUShield Life,Protection,Bancassurance,Annual,7590.31,2357000,7590.31,0.1644,99,Lapsed,5,Y,29-07-2026,N,,N,,,,,178,N,CLM-0011499,23-03-2026,Accident,5963.1,Approved,,24,N,N,-0.17,10,ASR-0012,100000,N,N,0.143,,,,,,,,,False,False,False,False,EXACT_DUPLICATE
RID-0013136,AGENCY_MGMT,19-04-2026 17:45,CUS-015867,Zulkifli Salleh,Male,13-06-2000,26,Single,Foreigner,Executive,205919,200k-400k,D28,zulkifli.salleh93@example.com,+65 98969112,POL-0013136,07-11-2024,05-12-2024,PRUWealth Plus,Savings & Wealth,Bancassurance,Quarterly,11158.58,194000,11158.58,0.0451,99,Inforce,21,N,,Y,,N,,,,,44,N,CLM-0013136,12-07-2026,Critical Illness,13468.94,Approved,,8,N,N,0.18,9,ASR-0045,10000,N,N,0.209,,,,,,,,,False,False,False,False,EXACT_DUPLICATE
RID-0037979,AGENCY_MGMT,26-05-2026 02:03,CUS-004488,Siew Peng Koh,Female,06-07-1976,50,Married,Citizen,Self-Employed,46288,Below 50k,D08,siew.peng.koh10@example.com,+65 81713591,POL-0037979,29-10-2025,12-12-2025,PRUShield Life,Protection,Digital,Semi-Annual,3259.47,1074000,3259.47,0.2354,10,Inforce,8,N,,Y,,N,,,,,0,N,,,,,,,,N,N,0.86,9,,,,,,,,,,,,,,False,False,False,False,EXACT_DUPLICATE
RID-0032624,CLAIMS_SYS,03-06-2026 17:29,CUS-013131,Vikram Nair,Male,06-07-2005,21,Widowed,Citizen,Education,53238,50k-100k,D26,vikram.nair271@example.com,+65 87664497,POL-0032624,12-06-2024,26-07-2024,PRUVantage Legacy,Savings & Wealth,Digital,Quarterly,52175.23,334000,52175.23,0.0949,99,Inforce,25,N,,Y,,N,,,,,92,N,CLM-0032624,05-10-2024,Accident,6897.54,Approved,,16,N,N,-0.11,8,ASR-0059,50000,N,N,0.281,,,,,,,,,False,False,False,False,EXACT_DUPLICATE
RID-0006687,CLAIMS_SYS,08-06-2026 21:39,CUS-024657,Samantha Aziz,Female,10-08-1972,54,Widowed,Permanent Resident,Manager,120251,100k-200k,D20,samantha.aziz104@example.com,+65 92571632,POL-0006687,30-05-2025,03-06-2025,PRUVantage Legacy,Savings & Wealth,Bancassurance,Annual,50216.71,108000,50216.71,0.0356,5,Inforce,15,N,,Y,,N,,,,,240,N,,,,,,,,N,N,0.16,8,,,,,,,,,,,,,,False,False,False,False,EXACT_DUPLICATE
RID-0011652,CLAIMS_SYS,28-06-2026 12:55,CUS-027947,Siti Nadia Toh,Female,16-11-2000,26,Married,Foreigner,Manager,44069,Below 50k,D02,siti.nadia.toh188@example.com,+65 97560327,POL-0011652,30-05-2023,17-06-2023,PRUShield A Plus,Health & IP,Agency,Annual,4601.61,1498000,4601.61,0.153,10,Inforce,39,N,,Y,Public A-Ward,Y,2135.03,2135.03,0,0,33,N,,,,,,,,N,N,0.01,6,,,,,,AGT-00849,Kavitha Bennett,Established,32,AU-29,Active,48.5,0.276,False,False,False,False,EXACT_DUPLICATE
RID-0012176,CRM,01-09-2026 15:31,CUS-037563,Jia Hui Osman,Female,23-09-1980,46,Single,Citizen,Professional,50180,50k-100k,D20,jia.hui.osman304@example.com,+65 83454744,POL-0012176,17-06-2026,21-07-2026,PRUTerm Secure,Protection,Bancassurance,Monthly,3790.98,2010000,3790.98,0.2918,99,Inforce,1,N,,Y,,N,,,,,61,N,,,,,,,,N,N,0.18,8,,,,,,,,,,,,,,False,False,False,False,EXACT_DUPLICATE
RID-0012402,POLICY_ADMIN,15-07-2026 17:56,CUS-009920,Lakshmi Turner,Female,02-04-1993,33,Divorced,Citizen,Self-Employed,258455,200k-400k,D17,lakshmi.turner476@example.com,+65 89279251,POL-0012402,06-07-2023,15-07-2023,PRUSave Endowment,Savings & Wealth,Agency,Monthly,29679.23,316000,29679.23,0.0811,25,Lapsed,38,Y,04-06-2025,Y,,N,,,,,69,N,,,,,,,,N,N,0.58,6,,,,,,AGT-00021,Hakim Sim,Senior,73,AU-22,Active,61.8,0.194,False,False,False,False,EXACT_DUPLICATE
RID-0019832,POLICY_ADMIN,10-07-2026 20:11,CUS-003930,Wan Ting Yusof,Female,10-02-1961,65,Widowed,Citizen,Technician,55189,50k-100k,D26,wan.ting.yusof374@example.com,+65 94441086,POL-0019832,27-12-2025,25-01-2026,PRUSave Endowment,Savings & Wealth,Digital,Annual,10512.17,425000,10512.17,0.0452,5,Lapsed,7,Y,16-05-2026,N,,N,,,,,155,N,CLM-0019832,20-02-2026,Day Surgery,12952.27,Approved,,14,N,N,0.29,6,ASR-0030,25000,N,N,0.287,,,,,,,,,False,False,False,False,EXACT_DUPLICATE
RID-0024390,CRM,23-07-2026 10:25,CUS-025509,Kavitha Low,Female,04-06-1978,48,Married,Citizen,Executive,39077,Below 50k,D06,kavitha.low75@example.com,+65 87472474,POL-0024390,03-12-2025,15-12-2025,PRUShield Premier,Health & IP,Direct,Monthly,1768.12,413000,1768.12,0.1852,30,Inforce,8,N,,Y,Private Hospital,Y,561.55,561.55,0,2500,0,N,,,,,,,,N,N,0.67,10,,,,,,,,,,,,,,False,False,False,False,EXACT_DUPLICATE
RID-0003038,CLAIMS_SYS,22-05-2026 02:05,CUS-031375,Wan Ting Chong,Female,22-02-2005,21,Divorced,Employment Pass,Civil Service,66787,50k-100k,D09,wan.ting.chong160@example.com,+65 83336362,POL-0003038,04-10-2025,10-11-2025,PRUSave Endowment,Savings & Wealth,Agency,Annual,26889.16,456000,26889.16,0.0565,15,Inforce,9,N,,Y,,N,,,,,29,N,,,,,,,,N,N,0.76,5,,,,,,AGT-00432,Kavitha Bennett,Established,25,AU-24,Active,92.7,0.209,False,False,False,False,EXACT_DUPLICATE
RID-0019978,POLICY_ADMIN,24-04-2026 04:53,CUS-020044,Suresh Turner,Male,21-06-1995,31,Widowed,Citizen,Sales,87626,50k-100k,D28,suresh.turner437@example.com,+65 99556873,POL-0019978,26-02-2025,22-03-2025,PRUExtra Care,Health & IP,Digital,Annual,4747.88,324000,4747.88,0.1438,99,Inforce,17,N,,Y,Public B1-Ward,Y,1962.39,1962.39,0,1500,64,Y,,,,,,,,N,N,0.02,8,,,,,,,,,,,,,,False,False,False,False,EXACT_DUPLICATE
RID-0026839,CLAIMS_SYS,26-04-2026 13:35,CUS-013729,Anjali Reddy,Female,28-06-1988,38,Single,Citizen,Executive,102549,100k-200k,D04,anjali.reddy429@example.com,+65 81964616,POL-0026839,07-01-2026,02-02-2026,PRUShield A Plus,Health & IP,Bancassurance,Annual,5368.7,1080000,5368.7,0.1214,25,Inforce,7,N,,Y,Public B1-Ward,Y,2526.61,2526.61,0,1500,462,N,CLM-0026839,20-03-2026,Disability,2281.44,Withdrawn,,26,N,N,0.97,6,ASR-0013,100000,N,Y,0.809,,,,,,,,,False,False,False,False,EXACT_DUPLICATE
RID-0045413,POLICY_ADMIN,21-04-2026 10:11,CUS-033532,Nurul Aisyah Pillai,Female,19-07-1979,47,Single,Citizen,Sales,103851,100k-200k,D09,nurul.aisyah.pillai363@example.com,+65 85405888,POL-0045413,07-09-2025,13-09-2025,PRUSave Endowment,Savings & Wealth,Direct,Annual,11601.87,213000,11601.87,0.0915,25,Inforce,11,N,,Y,,N,,,,,36,N,,,,,,,,N,N,0.22,8,,,,,,,,,,,,,,False,False,False,False,EXACT_DUPLICATE
RID-0035699,POLICY_ADMIN,27-03-2026 12:35,CUS-014491,Lakshmi Tan,Female,21-12-1976,50,Divorced,Citizen,Self-Employed,135290,100k-200k,D23,lakshmi.tan433@example.com,+65 94544601,POL-0035699,11-06-2023,04-07-2023,PRUVantage Legacy,Savings & Wealth,Bancassurance,Semi-Annual,53834.43,177000,53834.43,0.048,10,Inforce,38,N,,Y,,N,,,,,90,N,,,,,,,,N,N,0.48,7,,,,,,,,,,,,,,False,False,False,False,EXACT_DUPLICATE
RID-0045487,CLAIMS_SYS,22-05-2026 10:32,CUS-019038,Aravind Iyer,Male,10-04-1979,47,Divorced,Citizen,Retired,70666,50k-100k,D20,aravind.iyer237@example.com,+65 97635014,POL-0045487,13-02-2023,22-03-2023,PRUFlexiCash,Savings & Wealth,Bancassurance,Quarterly,57645.55,369000,57645.55,0.0421,10,Matured,41,N,,Y,,N,,,,,0,Y,CLM-0045487,08-03-2024,Accident,2936.29,Approved,,21,N,N,0.61,6,ASR-0033,25000,N,N,0.355,,,,,,,,,False,False,False,False,EXACT_DUPLICATE
RID-0033507,CLAIMS_SYS,10-07-2026 03:54,CUS-040916,Mei Yi Turner,Female,22-11-1984,42,Divorced,Permanent Resident,Retired,117765,100k-200k,D16,mei.yi.turner408@example.com,+65 84948609,POL-0033507,17-03-2023,17-04-2023,PRUTerm Secure,Protection,Agency,Monthly,5747.3,961000,5747.3,0.222,15,Inforce,41,N,,Y,,N,,,,,0,N,,,,,,,,N,N,0.34,5,,,,,,AGT-00090,Hui Ling Toh,Senior,157,AU-31,Active,62.5,0.377,False,False,False,False,EXACT_DUPLICATE
RID-0009385,CRM,25-06-2026 07:41,CUS-037264,Denise Toh,Female,07-07-1975,51,Divorced,Citizen,Civil Service,36450,Below 50k,D04,denise.toh18@example.com,+65 82697184,POL-0009385,18-08-2024,16-09-2024,PRUCritical Cover,Protection,Agency,Monthly,3203.8,1163000,3203.8,0.2991,10,Matured,23,N,,Y,,N,,,,,155,N,,,,,,,,N,N,0.17,8,,,,,,AGT-00323,Jonathan Ho,Established,62,AU-40,Active,72.8,0.113,False,False,False,False,EXACT_DUPLICATE
RID-0004028,CRM,16-04-2026 21:19,CUS-033674,Muhammad Ariff Turner,Male,07-08-1979,47,Divorced,Citizen,Executive,66284,50k-100k,D10,muhammad.ariff.turner66@example.com,+65 83142133,POL-0004028,24-10-2025,03-11-2025,PRUSave Endowment,Savings & Wealth,Agency,Semi-Annual,40476.32,71000,40476.32,0.0613,10,Inforce,10,N,,Y,,N,,,,,107,N,,,,,,,,N,N,0,6,,,,,,AGT-01004,Marcus Kamal,MDRT,234,AU-03,Active,41.1,0.026,False,False,False,False,EXACT_DUPLICATE
RID-0029248,AGENCY_MGMT,09-04-2026 23:07,CUS-026137,Chee Keong Turner,Male,27-09-1980,46,Married,Citizen,Manager,61203,50k-100k,D11,chee.keong.turner259@example.com,+65 81674498,POL-0029248,30-06-2023,24-07-2023,PRUCritical Cover,Protection,Bancassurance,Annual,8969.57,1633000,8969.57,0.2353,15,Lapsed,37,Y,19-11-2024,Y,,N,,,,,19,N,CLM-0029248,12-12-2025,Accident,20049.96,Partially Approved,,39,N,N,0.67,10,ASR-0030,25000,N,N,0.318,,,,,,,,,False,False,False,False,EXACT_DUPLICATE
RID-0007358,POLICY_ADMIN,12-03-2026 10:14,CUS-018983,Iskandar Ng,Male,23-08-1985,41,Single,Citizen,Self-Employed,45240,Below 50k,D02,iskandar.ng228@example.com,+65 94430548,POL-0007358,06-03-2025,28-03-2025,PRUExtra Care,Health & IP,Bancassurance,Monthly,3645.94,516000,3645.94,0.1491,25,Inforce,17,N,,Y,Private Hospital,N,,,,,244,N,,,,,,,,N,N,0.69,8,,,,,,,,,,,,,,False,False,False,False,EXACT_DUPLICATE
RID-0031727,CLAIMS_SYS,25-08-2026 19:06,CUS-026501,Anjali Tan,Female,11-01-1988,38,Married,Citizen,Education,31270,Below 50k,D18,anjali.tan348@example.com,+65 98038266,POL-0031727,13-10-2023,08-11-2023,PRUActive Term,Protection,Agency,Annual,4548.77,590000,4548.77,0.2517,30,Inforce,34,N,,Y,,N,,,,,104,Y,CLM-0031727,27-08-2024,Critical Illness,5929.29,Approved,,21,N,N,0.12,8,ASR-0031,100000,N,N,0.239,AGT-00911,Mei Yi Sharma,Established,84,AU-11,Active,74.3,0.397,False,False,False,False,EXACT_DUPLICATE
RID-0017127,CLAIMS_SYS,18-08-2026 17:41,CUS-034521,Nurul Aisyah Kumar,Female,05-08-1978,48,Widowed,Permanent Resident,Manager,30000,Below 50k,D11,nurul.aisyah.kumar333@example.com,+65 94876830,POL-0017127,04-08-2024,03-09-2024,PRUFlexiCash,Savings & Wealth,Bancassurance,Monthly,58122.16,83000,58122.16,0.0585,30,Inforce,24,N,,Y,,N,,,,,62,N,CLM-0017127,21-02-2026,Hospitalisation,10699.33,Approved,,25,N,N,0.45,10,ASR-0023,50000,N,N,0.145,,,,,,,,,False,False,False,False,EXACT_DUPLICATE
RID-0039777,POLICY_ADMIN,19-03-2026 18:47,CUS-014037,Rachel Ng,Female,05-12-1967,59,Single,Citizen,Technician,75735,50k-100k,D08,rachel.ng28@example.com,+65 95526837,POL-0039777,16-12-2023,01-01-2024,PRUVantage Legacy,Savings & Wealth,Agency,Annual,37723.9,148000,37723.9,0.0851,10,Inforce,32,N,,Y,,N,,,,,53,N,CLM-0039777,08-10-2025,Day Surgery,8708.7,Approved,,17,N,N,-0.12,10,ASR-0001,50000,N,N,0.369,AGT-00922,Nurul Aisyah Chong,Established,75,AU-08,Active,72.6,0.776,False,False,False,False,EXACT_DUPLICATE
RID-0012965,AGENCY_MGMT,04-08-2026 17:59,CUS-033912,Divya Tan,Female,22-12-1997,29,Divorced,Citizen,Executive,324412,200k-400k,D20,divya.tan63@example.com,+65 96685355,POL-0012965,23-06-2025,23-07-2025,PRUVantage Legacy,Savings & Wealth,Agency,Annual,28529.92,361000,28529.92,0.0741,15,Inforce,13,N,,Y,,N,,,,,10,N,CLM-0012965,30-10-2025,Disability,4556.39,Partially Approved,,7,N,N,0.35,7,ASR-0002,25000,N,N,0.336,AGT-00430,Mei Yi Ng,New,5,AU-40,Active,58.7,0.091,False,False,False,False,EXACT_DUPLICATE
RID-0019039,AGENCY_MGMT,14-03-2026 22:09,CUS-011478,Kai Xuan Yeo,Male,18-04-1989,37,Divorced,Employment Pass,Education,107902,100k-200k,D10,kai.xuan.yeo269@example.com,+65 98889398,POL-0019039,29-05-2023,12-06-2023,PRUWealth Plus,Savings & Wealth,Bancassurance,Annual,25717.49,44000,25717.49,0.0649,20,Inforce,39,N,,Y,,N,,,,,109,N,CLM-0019039,27-08-2026,Outpatient Specialist,17964.73,Approved,,19,N,N,0.9,7,ASR-0046,25000,N,N,0.272,,,,,,,,,False,False,False,False,EXACT_DUPLICATE
RID-0015884,CRM,30-06-2026 03:22,CUS-030567,Iskandar Menon,Male,18-09-1969,57,Divorced,Employment Pass,Civil Service,187763,100k-200k,D27,iskandar.menon334@example.com,+65 99424903,POL-0015884,02-06-2024,10-06-2024,PRUShield Standard,Health & IP,Agency,Annual,5587.73,794000,5587.73,0.2046,25,Inforce,27,N,,Y,Public A-Ward,Y,2238.23,2238.23,0,0,113,N,CLM-0015884,30-07-2026,Death Benefit,3696.47,Approved,,2,N,N,0.59,10,ASR-0039,100000,N,N,0.409,AGT-00292,Jun Hao Reddy,New,10,AU-19,Active,95,0.382,False,False,False,False,EXACT_DUPLICATE
RID-0037265,AGENCY_MGMT,20-03-2026 22:28,CUS-004721,Valerie Pillai,Female,26-10-1988,38,Single,Permanent Resident,Sales,62841,50k-100k,D14,valerie.pillai46@example.com,+65 83460669,POL-0037265,23-05-2023,06-07-2023,PRUSelect Vantage,Investment-Linked,Agency,Semi-Annual,14126.87,788000,14126.87,0.1414,10,Lapsed,38,Y,18-11-2024,Y,,N,,,,,45,N,CLM-0037265,27-08-2024,Disability,34002.29,Declined,Waiting period not served,14,N,N,0.75,7,ASR-0020,5000,N,N,0.184,AGT-00197,Jia Hui Neo,Established,75,AU-26,Active,73.4,0.207,False,False,False,False,EXACT_DUPLICATE
RID-0009866,CRM,31-05-2026 18:40,CUS-030444,Jia Hui Low,Female,13-04-1977,49,Single,Citizen,Retired,50876,50k-100k,D10,jia.hui.low295@example.com,+65 86861160,POL-0009866,21-02-2025,03-04-2025,PRULink Assurance,Investment-Linked,Agency,Quarterly,29056.09,472000,29056.09,0.121,10,Inforce,17,N,,Y,,N,,,,,113,N,CLM-0009866,10-04-2025,Death Benefit,8353.58,Approved,,13,N,N,-0.11,9,ASR-0014,5000,N,N,0.055,AGT-00820,Valerie Chong,Senior,132,AU-37,Active,43.1,0.131,False,False,False,False,EXACT_DUPLICATE
RID-0040152,CLAIMS_SYS,10-08-2026 08:42,CUS-013422,Cheryl Chan,Female,11-08-1980,46,Widowed,Permanent Resident,Self-Employed,67835,50k-100k,D08,cheryl.chan330@example.com,+65 99363621,POL-0040152,05-11-2025,08-11-2025,PRUShield Standard,Health & IP,Agency,Annual,1961.06,248000,1961.06,0.2079,99,Inforce,9,N,,Y,Public A-Ward,Y,770.92,770.92,0,1500,103,Y,,,,,,,,N,N,0.93,10,,,,,,AGT-00217,Jia Hui Yeo,Senior,72,AU-26,Active,42.1,0.397,False,False,False,False,EXACT_DUPLICATE
RID-0026241,CRM,04-04-2026 21:32,CUS-023810,Wan Ting Tan,Female,10-02-1990,36,Widowed,Citizen,Healthcare,103379,100k-200k,D10,wan.ting.tan431@example.com,+65 97812774,POL-0026241,28-09-2024,03-10-2024,PRUActive Term,Protection,Bancassurance,Monthly,4615.16,214000,4615.16,0.2543,99,Cancelled,23,Y,08-08-2025,N,,N,,,,,21,N,,,,,,,,N,N,0.88,7,,,,,,,,,,,,,,False,False,False,False,EXACT_DUPLICATE
RID-0023062,AGENCY_MGMT,12-07-2026 23:46,CUS-031326,Wei Ming Seah,Male,22-05-1982,44,Single,Citizen,Education,44495,Below 50k,D15,wei.ming.seah309@example.com,+65 89325552,POL-0023062,13-07-2025,03-08-2025,PRULink Global Growth,Investment-Linked,Bancassurance,Monthly,38747.11,653000,38747.11,0.0974,10,Inforce,13,N,,Y,,N,,,,,201,N,CLM-0023062,01-07-2026,Outpatient Specialist,25354.24,Declined,Documentation incomplete,23,N,N,0.65,9,ASR-0024,50000,N,N,0.347,,,,,,,,,False,False,False,False,EXACT_DUPLICATE
RID-0020375,AGENCY_MGMT,24-05-2026 22:45,CUS-015169,Wan Ting Yusof,Female,28-01-1988,38,Single,Citizen,Manager,32369,Below 50k,D17,wan.ting.yusof399@example.com,+65 83846708,POL-0020375,01-07-2024,16-07-2024,PRUCritical Cover,Protection,Bancassurance,Monthly,6813.25,1741000,6813.25,0.1902,25,Lapsed,25,Y,18-11-2024,N,,N,,,,,426,N,,,,,,,,N,N,-0.07,8,,,,,,,,,,,,,,False,False,False,False,EXACT_DUPLICATE
RID-0019185,AGENCY_MGMT,15-07-2026 18:48,CUS-032707,Nicholas Sim,Male,08-09-2005,21,Divorced,Citizen,Professional,120055,100k-200k,D18,nicholas.sim72@example.com,+65 91873545,POL-0019185,10-03-2025,06-04-2025,PRUVantage Legacy,Savings & Wealth,Bancassurance,Annual,50922.88,438000,50922.88,0.0595,99,Inforce,17,N,,Y,,N,,,,,0,N,CLM-0019185,12-01-2026,Death Benefit,11309.3,Approved,,1,N,N,0.3,8,ASR-0026,10000,N,N,0.236,,,,,,,,,False,False,False,False,EXACT_DUPLICATE
RID-0028458,CRM,26-07-2026 21:53,CUS-027888,Yong Sheng Low,Male,10-10-1972,54,Married,Citizen,Professional,63994,50k-100k,D28,yong.sheng.low416@example.com,+65 99272549,POL-0028458,02-09-2025,16-10-2025,PRUActive Term,Protection,Digital,Monthly,3835.02,2179000,3835.02,0.2513,25,Inforce,10,N,,Y,,N,,,,,37,N,,,,,,,,N,N,0.81,8,,,,,,,,,,,,,,False,False,False,False,EXACT_DUPLICATE
RID-0001651,POLICY_ADMIN,05-07-2026 12:28,CUS-000303,Vikram Yusof,Male,10-01-1977,49,Widowed,Permanent Resident,Education,122013,100k-200k,D28,vikram.yusof72@example.com,+65 88352237,POL-0001651,08-02-2026,01-03-2026,PRUExtra Care,Health & IP,Broker,Monthly,1672.15,579000,1672.15,0.1869,25,Inforce,6,N,,Y,Private Hospital,Y,560.41,560.41,0,1500,271,N,CLM-0001651,10-06-2026,Maternity,2009.41,Approved,,23,N,N,0.59,8,ASR-0011,50000,N,N,0.33,AGT-00999,Iskandar Chong,Established,36,AU-34,Active,20.9,0.225,False,False,False,False,EXACT_DUPLICATE
RID-0005445,POLICY_ADMIN,01-08-2026 05:06,CUS-030623,Rachel Menon,Female,23-10-1979,47,Divorced,Permanent Resident,Professional,112940,100k-200k,D27,rachel.menon78@example.com,+65 96754966,POL-0005445,07-04-2023,13-04-2023,PRUSave Endowment,Savings & Wealth,Agency,Quarterly,29406.28,402000,29406.28,0.0575,15,Inforce,41,N,,Y,,N,,,,,206,N,CLM-0005445,19-08-2024,Death Benefit,530.44,Approved,,1,N,N,0.2,7,ASR-0030,25000,N,N,0.178,AGT-00630,Valerie Tan,Senior,47,AU-20,Active,75.1,0.299,False,False,False,False,EXACT_DUPLICATE
RID-0012846,CLAIMS_SYS,10-08-2026 00:26,CUS-029568,Joanne Raj,Female,08-06-1987,39,Divorced,Citizen,Manager,46608,Below 50k,D06,joanne.raj382@example.com,+65 89592439,POL-0012846,11-11-2023,07-12-2023,PRUWealth Plus,Savings & Wealth,Agency,Semi-Annual,24329.95,324000,24329.95,0.0734,20,Inforce,33,N,,Y,,N,,,,,0,N,CLM-0012846,12-02-2026,Disability,1032.69,Approved,,24,N,N,-0.19,8,ASR-0016,100000,N,N,0.03,AGT-00835,Jia Hui Seah,New,7,AU-16,Active,93.2,0.183,False,False,False,False,EXACT_DUPLICATE
RID-0044573,CRM,09-05-2026 15:08,CUS-039021,Faisal Turner,Male,12-09-1983,43,Married,Citizen,Manager,176539,100k-200k,D26,faisal.turner399@example.com,+65 98992331,POL-0044573,15-12-2025,15-01-2026,PRUFlexiCash,Savings & Wealth,Broker,Annual,42025.65,190000,42025.65,0.0437,20,Inforce,7,N,,Y,,N,,,,,270,N,CLM-0044573,03-08-2026,Outpatient Specialist,5595.55,Declined,Outside panel provider,23,N,N,0.24,8,ASR-0017,50000,N,N,0.384,AGT-00460,Samantha Menon,New,6,AU-23,Resigned,50.1,0.237,False,False,False,False,EXACT_DUPLICATE
RID-0024568,AGENCY_MGMT,27-04-2026 03:25,CUS-017086,Siew Peng Ong,Female,06-03-1992,34,Widowed,Employment Pass,Sales,75236,50k-100k,D17,siew.peng.ong463@example.com,+65 93520424,POL-0024568,18-08-2024,05-09-2024,PRULink Assurance,Investment-Linked,Bancassurance,Monthly,25847.22,330000,25847.22,0.1317,20,Inforce,24,N,,Y,,N,,,,,102,Y,,,,,,,,N,N,-0.09,5,,,,,,,,,,,,,,False,False,False,False,EXACT_DUPLICATE
RID-0029313,CRM,15-08-2026 07:22,CUS-014117,Chee Keong Foo,Male,14-08-1995,31,Married,Citizen,Retired,87296,50k-100k,D01,chee.keong.foo395@example.com,+65 91562636,POL-0029313,11-05-2026,12-05-2026,PRUFlexiCash,Savings & Wealth,Agency,Annual,4027.04,294000,4027.04,0.0447,25,Inforce,3,N,,Y,,N,,,,,21,N,CLM-0029313,07-08-2026,Maternity,5870.06,Partially Approved,,11,N,N,-0.02,9,ASR-0043,5000,N,N,0.246,AGT-00655,Xin Yi Tan,Established,58,AU-39,Active,83.3,0.234,False,False,False,False,EXACT_DUPLICATE
RID-0012919,AGENCY_MGMT,28-06-2026 15:16,CUS-040530,Edwin Yeo,Male,25-01-1987,39,Divorced,Foreigner,Civil Service,75478,50k-100k,D25,edwin.yeo282@example.com,+65 81294917,POL-0012919,31-07-2024,01-08-2024,PRUActive Term,Protection,Digital,Quarterly,5513.92,972000,5513.92,0.3165,30,Inforce,25,N,,Y,,N,,,,,0,N,CLM-0012919,13-04-2026,Outpatient Specialist,6722.14,Declined,Premium in arrears,1,N,N,-0.06,6,ASR-0031,100000,N,N,0.41,,,,,,,,,False,False,False,False,EXACT_DUPLICATE
RID-0007162,CRM,13-04-2026 04:33,CUS-017831,Zarina Hassan,Female,05-03-1982,44,Single,Permanent Resident,Retired,75837,50k-100k,D15,zarina.hassan260@example.com,+65 96988237,POL-0007162,17-08-2023,13-09-2023,PRUVantage Legacy,Savings & Wealth,Bancassurance,Monthly,36623.35,486000,36623.35,0.0513,25,Inforce,36,N,,Y,,N,,,,,35,Y,CLM-0007162,14-04-2025,Disability,8187.43,Partially Approved,,16,N,N,0.89,9,ASR-0033,25000,N,N,0.306,,,,,,,,,False,False,False,False,EXACT_DUPLICATE
RID-0011452,POLICY_ADMIN,23-05-2026 08:42,CUS-036788,Arjun Yusof,Male,22-06-1977,49,Married,Citizen,Retired,39119,Below 50k,D19,arjun.yusof52@example.com,+65 82644270,POL-0011452,04-10-2024,18-10-2024,PRUSave Endowment,Savings & Wealth,Bancassurance,Quarterly,11636.75,353000,11636.75,0.0595,15,Inforce,22,N,,Y,,N,,,,,92,Y,CLM-0011452,30-01-2025,Day Surgery,11308.54,Partially Approved,,9,N,N,0.89,6,ASR-0038,100000,N,N,0.21,,,,,,,,,False,False,False,False,EXACT_DUPLICATE
RID-0029249,POLICY_ADMIN,02-05-2026 18:14,CUS-005901,Wei Ming Sharma,Male,27-09-1978,48,Single,Permanent Resident,Manager,68941,50k-100k,D15,wei.ming.sharma147@example.com,+65 92289199,POL-0029249,26-02-2024,31-03-2024,PRULink Global Growth,Investment-Linked,Digital,Semi-Annual,41149.8,747000,41149.8,0.1743,5,Inforce,29,N,,Y,,N,,,,,20,Y,,,,,,,,N,N,0.58,9,,,,,,,,,,,,,,False,False,False,False,EXACT_DUPLICATE
RID-0036980,AGENCY_MGMT,20-03-2026 05:13,CUS-009582,Rohan Rahman,Male,04-11-2005,21,Married,Citizen,Sales,49660,Below 50k,D25,rohan.rahman21@example.com,+65 87942259,POL-0036980,13-12-2023,27-01-2024,PRUShield Premier,Health & IP,Digital,Monthly,7314.64,530000,7314.64,0.2133,30,Inforce,31,N,,Y,Private Hospital,N,,,,,28,N,,,,,,,,N,N,0.78,6,,,,,,,,,,,,,,False,False,False,False,EXACT_DUPLICATE
RID-0009073,CRM,21-04-2026 16:18,CUS-004601,Divya Hassan,Female,09-08-1959,67,Single,Citizen,Sales,71855,50k-100k,D21,divya.hassan129@example.com,+65 93870856,POL-0009073,11-09-2023,18-09-2023,PRULink Assurance,Investment-Linked,Bancassurance,Annual,3165.08,445000,3165.08,0.1374,25,Lapsed,35,Y,18-07-2026,Y,,N,,,,,210,Y,CLM-0009073,05-12-2025,Maternity,3650.88,Approved,,16,N,N,0.68,8,ASR-0046,25000,N,N,0.038,,,,,,,,,False,False,False,False,EXACT_DUPLICATE
RID-0037295,POLICY_ADMIN,24-03-2026 15:08,CUS-006226,Zarina Ng,Female,11-09-1993,33,Widowed,Citizen,Healthcare,105835,100k-200k,D25,zarina.ng410@example.com,+65 96811024,POL-0037295,08-11-2023,18-12-2023,PRUShield A Plus,Health & IP,Agency,Annual,7304.68,327000,7304.68,0.163,20,Inforce,32,N,,Y,Private Hospital,Y,2346.22,2346.22,0,0,0,N,CLM-0037295,17-09-2025,Critical Illness,3437.03,Approved,,19,N,N,0.64,6,ASR-0020,5000,N,N,0.167,AGT-00092,Divya Ong,Senior,53,AU-35,Active,97.1,0.762,False,False,False,False,EXACT_DUPLICATE
RID-0022069,CLAIMS_SYS,11-05-2026 12:22,CUS-002350,Jonathan Harper,Male,11-08-1988,38,Divorced,Citizen,Self-Employed,59271,50k-100k,D09,jonathan.harper214@example.com,+65 86387628,POL-0022069,30-06-2023,29-07-2023,PRUShield A Plus,Health & IP,Agency,Quarterly,7425.45,800000,7425.45,0.1946,30,Inforce,37,N,,Y,Public B1-Ward,Y,2434.47,2434.47,0,1500,88,N,,,,,,,,N,N,0.41,10,,,,,,AGT-00595,Nicholas Yeo,New,3,AU-10,Active,46.5,0.392,False,False,False,False,EXACT_DUPLICATE
RID-0007565,CRM,27-05-2026 21:42,CUS-022205,Faisal Neo,Male,12-12-2004,22,Divorced,Citizen,Executive,73163,50k-100k,D03,faisal.neo53@example.com,+65 89217426,POL-0007565,27-02-2024,11-03-2024,PRUSelect Vantage,Investment-Linked,Bancassurance,Monthly,20245.71,520000,20245.71,0.1513,10,Inforce,30,N,,Y,,N,,,,,82,N,CLM-0007565,13-05-2024,Maternity,5961.16,Declined,Waiting period not served,5,N,N,0.67,8,ASR-0033,25000,N,N,0.234,,,,,,,,,False,False,False,False,EXACT_DUPLICATE
RID-0024306,AGENCY_MGMT,11-05-2026 05:49,CUS-015465,Wan Ting Pillai,Female,06-12-1982,44,Widowed,Citizen,Manager,37461,Below 50k,D06,wan.ting.pillai2@example.com,+65 87856667,POL-0024306,19-03-2023,28-03-2023,PRUFlexiCash,Savings & Wealth,Bancassurance,Monthly,11569.24,249000,11569.24,0.0446,30,Inforce,41,N,,Y,,N,,,,,32,N,CLM-0024306,02-12-2025,Accident,11862.14,Approved,,17,N,N,0.77,7,ASR-0055,5000,N,N,0.408,,,,,,,,,False,False,False,False,EXACT_DUPLICATE
RID-0038194,CLAIMS_SYS,23-04-2026 16:58,CUS-008280,Faisal Pillai,Male,03-06-1985,41,Married,Citizen,Civil Service,128344,100k-200k,D12,faisal.pillai207@example.com,+65 95778727,POL-0038194,25-12-2023,18-01-2024,PRUVantage Legacy,Savings & Wealth,Bancassurance,Quarterly,43663.69,206000,43663.69,0.0398,25,Lapsed,31,Y,25-01-2025,N,,N,,,,,152,N,,,,,,,,N,N,0.63,9,,,,,,,,,,,,,,False,False,False,False,EXACT_DUPLICATE
RID-0033400,CRM,01-08-2026 00:18,CUS-040355,Nurul Aisyah Tan,Female,14-02-1997,29,Divorced,Permanent Resident,Self-Employed,51694,50k-100k,D01,nurul.aisyah.tan361@example.com,+65 92913841,POL-0033400,09-11-2024,16-12-2024,PRULink Global Growth,Investment-Linked,Agency,Semi-Annual,43055.05,401000,43055.05,0.1706,30,Inforce,20,N,,Y,,N,,,,,153,Y,,,,,,,,N,N,0.34,6,,,,,,AGT-00918,Arjun Salleh,Established,30,AU-34,Active,23.4,0.095,False,False,False,False,EXACT_DUPLICATE
RID-0002829,POLICY_ADMIN,23-05-2026 20:31,CUS-036922,Aminah Tan,Female,01-04-1990,36,Widowed,Citizen,Retired,79838,50k-100k,D09,aminah.tan358@example.com,+65 82989750,POL-0002829,26-01-2024,06-03-2024,PRUSave Endowment,Savings & Wealth,Agency,Quarterly,39371.29,96000,39371.29,0.079,5,Inforce,30,N,,Y,,N,,,,,108,N,,,,,,,,N,N,0.94,10,,,,,,AGT-00772,Aravind Yeo,Senior,51,AU-35,Active,58.9,0.469,False,False,False,False,EXACT_DUPLICATE
RID-0003050,CLAIMS_SYS,25-06-2026 02:18,CUS-012722,Aminah Turner,Female,25-11-1970,56,Single,Citizen,Healthcare,90505,50k-100k,D22,aminah.turner274@example.com,+65 97700634,POL-0003050,30-11-2025,21-12-2025,PRUSave Endowment,Savings & Wealth,Bancassurance,Quarterly,17312.66,287000,17312.66,0.0366,25,Inforce,8,N,,Y,,N,,,,,49,Y,CLM-0003050,24-02-2026,Critical Illness,36941.23,Withdrawn,,17,N,N,0.31,7,ASR-0052,5000,N,N,0.005,,,,,,,,,False,False,False,False,EXACT_DUPLICATE
RID-0025824,POLICY_ADMIN,18-08-2026 15:22,CUS-032306,Nurul Aisyah Kamal,Female,15-12-1986,40,Widowed,Permanent Resident,Healthcare,183089,100k-200k,D10,nurul.aisyah.kamal175@example.com,+65 92488283,POL-0025824,30-01-2025,17-02-2025,PRUWealth Plus,Savings & Wealth,Agency,Annual,47692.87,459000,47692.87,0.0726,25,Inforce,18,N,,Y,,N,,,,,57,N,CLM-0025824,13-11-2025,Hospitalisation,1484.55,Approved,,21,N,N,0.23,9,ASR-0003,10000,N,N,0.361,AGT-00024,Joanne Low,Senior,68,AU-13,Active,75.4,0.146,False,False,False,False,EXACT_DUPLICATE
RID-0036601,CRM,27-04-2026 16:48,CUS-034903,Farah Low,Female,20-09-1976,50,Divorced,Citizen,Manager,52716,50k-100k,D08,farah.low402@example.com,+65 99271300,POL-0036601,12-02-2024,28-02-2024,PRUSave Endowment,Savings & Wealth,Agency,Monthly,5906.83,300000,5906.83,0.0417,25,Inforce,30,N,,Y,,N,,,,,122,N,CLM-0036601,25-08-2025,Maternity,8068.79,Partially Approved,,8,N,N,0.98,8,ASR-0040,100000,N,N,0.321,AGT-00485,Anjali Raj,Established,32,AU-28,Active,52.8,0.424,False,False,False,False,EXACT_DUPLICATE
RID-0044220,POLICY_ADMIN,19-04-2026 05:17,CUS-035597,Chee Keong Reddy,Male,20-01-1979,47,Married,Permanent Resident,Technician,56426,50k-100k,D22,chee.keong.reddy146@example.com,+65 86274420,POL-0044220,27-06-2025,11-07-2025,PRUVantage Legacy,Savings & Wealth,Bancassurance,Monthly,47317.72,222000,47317.72,0.0595,5,Inforce,13,N,,Y,,N,,,,,201,N,CLM-0044220,21-07-2026,Hospitalisation,3108.92,Approved,,1,N,N,-0.01,7,ASR-0049,100000,N,N,0.407,,,,,,,,,False,False,False,False,EXACT_DUPLICATE
RID-0007647,CLAIMS_SYS,10-03-2026 04:06,CUS-006948,Daniel Ong,Male,10-04-1988,38,Widowed,Permanent Resident,Self-Employed,181924,100k-200k,D10,daniel.ong435@example.com,+65 88516252,POL-0007647,22-12-2024,30-12-2024,PRUWealth Plus,Savings & Wealth,Broker,Quarterly,40428.42,452000,40428.42,0.0577,5,Inforce,20,N,,Y,,N,,,,,86,N,CLM-0007647,28-08-2026,Death Benefit,3237.52,Approved,,27,N,N,0.14,9,ASR-0006,25000,N,N,0.275,AGT-00850,Edwin Tan,Senior,85,AU-14,Active,61.6,0.213,False,False,False,False,EXACT_DUPLICATE
RID-0024005,AGENCY_MGMT,15-08-2026 01:24,CUS-003224,Daniel Raj,Male,20-01-2005,21,Single,Citizen,Manager,114200,100k-200k,D27,daniel.raj226@example.com,+65 83207267,POL-0024005,15-10-2025,07-11-2025,PRUVantage Legacy,Savings & Wealth,Agency,Quarterly,3190.97,235000,3190.97,0.0568,30,Inforce,9,N,,Y,,N,,,,,0,Y,CLM-0024005,01-03-2026,Outpatient Specialist,1041.34,Approved,,37,N,N,0.76,10,ASR-0057,50000,N,N,0.052,AGT-00224,Meera Wright,Senior,151,AU-12,Active,77.5,0.186,False,False,False,False,EXACT_DUPLICATE
RID-0043125,AGENCY_MGMT,29-08-2026 04:15,CUS-023922,Wei Ming Ibrahim,Male,16-04-2005,21,Widowed,Citizen,Technician,48462,Below 50k,D13,wei.ming.ibrahim257@example.com,+65 82041372,POL-0043125,13-11-2023,02-12-2023,PRUFlexiCash,Savings & Wealth,Digital,Semi-Annual,26996.46,422000,26996.46,0.0502,20,Inforce,33,N,,Y,,N,,,,,0,Y,CLM-0043125,26-05-2025,Disability,7540.14,Approved,,5,N,N,0.53,7,ASR-0043,5000,N,N,0.19,,,,,,,,,False,False,False,False,EXACT_DUPLICATE
RID-0046923,AGENCY_MGMT,20-07-2026 12:21,CUS-031341,Kai Xuan Bennett,Male,01-07-1980,46,Single,Citizen,Executive,67449,50k-100k,D11,kai.xuan.bennett355@example.com,+65 96123319,POL-0046923,11-11-2023,12-12-2023,PRUWealth Plus,Savings & Wealth,Bancassurance,Annual,30097.14,329000,30097.14,0.0563,30,Inforce,33,N,,Y,,N,,,,,86,Y,CLM-0046923,24-03-2025,Maternity,3690.7,Approved,,30,N,N,-0.08,9,ASR-0028,10000,N,N,0.304,,,,,,,,,False,False,False,False,EXACT_DUPLICATE
RID-0006326,POLICY_ADMIN,10-04-2026 23:49,CUS-015308,Terence Ho,Male,04-06-1967,59,Single,Citizen,Technician,35851,Below 50k,D02,terence.ho75@example.com,+65 93940383,POL-0006326,23-01-2023,20-02-2023,PRUSave Endowment,Savings & Wealth,Bancassurance,Monthly,46945.57,492000,46945.57,0.0322,30,Inforce,42,N,,Y,,N,,,,,307,N,CLM-0006326,30-08-2026,Hospitalisation,9549.18,Approved,,9,N,N,0.77,7,ASR-0039,100000,N,N,0.31,,,,,,,,,False,False,False,False,EXACT_DUPLICATE
RID-0031039,CLAIMS_SYS,21-06-2026 12:33,CUS-016141,Kai Xuan Yusof,Male,18-08-1978,48,Widowed,Permanent Resident,Education,105707,100k-200k,D13,kai.xuan.yusof343@example.com,+65 95163268,POL-0031039,02-04-2025,15-04-2025,PRUWealth Plus,Savings & Wealth,Agency,Annual,43601.57,410000,43601.57,0.0748,5,Inforce,16,N,,Y,,N,,,,,21,Y,CLM-0031039,04-09-2025,Death Benefit,26943.81,Approved,,15,N,N,0.3,7,ASR-0036,25000,N,N,0.416,AGT-01185,Daniel Pillai,Established,27,AU-14,Active,21.4,0.284,False,False,False,False,EXACT_DUPLICATE
RID-0020173,CLAIMS_SYS,12-08-2026 08:13,CUS-006542,Chee Keong Chua,Male,10-11-1970,56,Single,Citizen,Retired,76398,50k-100k,D26,chee.keong.chua177@example.com,+65 92755341,POL-0020173,04-07-2025,31-07-2025,PRUActive Term,Protection,Broker,Annual,3921.64,2437000,3921.64,0.3057,99,Inforce,13,N,,Y,,N,,,,,0,N,CLM-0020173,01-07-2026,Accident,4090.21,Approved,,25,N,N,0.99,10,ASR-0045,10000,N,N,0.092,AGT-01117,Faisal Bennett,New,9,AU-23,Active,55.3,0.085,False,False,False,False,EXACT_DUPLICATE
RID-0006815,POLICY_ADMIN,19-03-2026 19:38,CUS-026469,Siti Nadia Yeo,Female,05-11-1978,48,Single,Citizen,Healthcare,32084,Below 50k,D24,siti.nadia.yeo366@example.com,+65 83307237,POL-0006815,21-01-2026,30-01-2026,PRUFlexiCash,Savings & Wealth,Bancassurance,Semi-Annual,49986.29,436000,49986.29,0.037,25,Inforce,7,N,,Y,,N,,,,,28,N,CLM-0006815,18-05-2026,Hospitalisation,6637.06,Approved,,16,N,N,0.98,7,ASR-0010,50000,Y,Y,0.583,,,,,,,,,False,False,False,False,EXACT_DUPLICATE
RID-0046608,CRM,07-03-2026 21:39,CUS-013473,Iskandar Reddy,Male,03-08-1984,42,Widowed,Citizen,Civil Service,70077,50k-100k,D24,iskandar.reddy166@example.com,+65 91656909,POL-0046608,05-11-2023,27-11-2023,PRUActive Term,Protection,Bancassurance,Quarterly,868.46,2288000,868.46,0.2311,20,Inforce,33,N,,Y,,N,,,,,50,N,,,,,,,,N,N,0.87,7,,,,,,,,,,,,,,False,False,False,False,EXACT_DUPLICATE
RID-0041848,CRM,07-06-2026 22:40,CUS-021703,Jonathan Ho,Male,19-11-1973,53,Single,Citizen,Technician,60095,50k-100k,D10,jonathan.ho64@example.com,+65 98703280,POL-0041848,08-11-2024,30-11-2024,PRUSave Endowment,Savings & Wealth,Agency,Monthly,3132.92,463000,3132.92,0.0802,99,Inforce,21,N,,Y,,N,,,,,44,Y,CLM-0041848,21-08-2026,Death Benefit,3557.98,Approved,,33,N,N,0.65,7,ASR-0007,25000,N,N,0.222,AGT-00232,Terence Foo,MDRT,107,AU-03,Active,46.7,0.072,False,False,False,False,EXACT_DUPLICATE
RID-0006867,CRM,25-05-2026 10:17,CUS-030298,Nicholas Nair,Male,13-05-1986,40,Single,Permanent Resident,Civil Service,53309,50k-100k,D01,nicholas.nair215@example.com,+65 89903625,POL-0006867,19-07-2025,05-08-2025,PRUActive Term,Protection,Agency,Monthly,5955.86,2290000,5955.86,0.2238,30,Inforce,13,N,,Y,,N,,,,,24,N,CLM-0006867,10-05-2026,Accident,5442.14,Approved,,17,N,N,0.69,9,ASR-0056,50000,N,N,0.305,AGT-00017,Anjali Menon,Established,54,AU-39,Active,40.9,0.351,False,False,False,False,EXACT_DUPLICATE
RID-0037316,CLAIMS_SYS,09-05-2026 04:05,CUS-036962,Samantha Foo,Female,06-09-1971,55,Married,Permanent Resident,Healthcare,30000,Below 50k,D13,samantha.foo129@example.com,+65 86426124,POL-0037316,24-10-2023,09-11-2023,PRUTerm Secure,Protection,Agency,Semi-Annual,8645.84,2270000,8645.84,0.329,30,Inforce,34,N,,Y,,N,,,,,199,N,CLM-0037316,10-01-2026,Accident,13289.38,Approved,,5,N,N,0.45,10,ASR-0058,100000,N,N,0.06,AGT-00148,Suresh Toh,Established,72,AU-33,Active,71.1,0.319,False,False,False,False,EXACT_DUPLICATE
RID-0022613,CRM,16-07-2026 17:48,CUS-038498,Anjali Hassan,Female,12-04-2005,21,Widowed,Citizen,Professional,56243,50k-100k,D01,anjali.hassan358@example.com,+65 81705916,POL-0022613,31-03-2025,12-05-2025,PRUTerm Secure,Protection,Agency,Annual,3967.72,1231000,3967.72,0.2691,99,Lapsed,15,Y,10-05-2026,N,,N,,,,,24,N,CLM-0022613,06-05-2026,Death Benefit,4398.29,Partially Approved,,20,N,N,0.57,9,ASR-0004,100000,N,N,0.01,AGT-01022,Faisal Wright,MDRT,132,AU-14,Active,96.7,0.21,False,False,False,False,EXACT_DUPLICATE
RID-0024104,AGENCY_MGMT,10-03-2026 06:50,CUS-004676,Aravind Pillai,Male,17-04-1976,50,Married,Citizen,Technician,92731,50k-100k,D22,aravind.pillai416@example.com,+65 97105472,POL-0024104,20-07-2023,02-09-2023,PRULink Assurance,Investment-Linked,Agency,Annual,3910.93,679000,3910.93,0.1206,99,Inforce,36,N,,Y,,N,,,,,48,N,CLM-0024104,10-01-2024,Death Benefit,13548.25,Declined,Premium in arrears,26,N,N,0.82,7,ASR-0035,25000,N,N,0.209,AGT-00541,Divya Foo,New,12,AU-34,Active,78.7,0.095,False,False,False,False,EXACT_DUPLICATE
RID-0002458,CRM,22-07-2026 18:21,CUS-013390,Aminah Mitchell,Female,21-11-2002,24,Divorced,Citizen,Technician,57625,50k-100k,D19,aminah.mitchell19@example.com,+65 97271809,POL-0002458,17-04-2026,06-05-2026,PRUExtra Care,Health & IP,Agency,Monthly,746.73,268000,746.73,0.1435,5,Inforce,3,N,,Y,Private Hospital,Y,322.68,170.29,5,2500,27,N,CLM-0002458,14-08-2026,Disability,11599.08,Declined,Outside panel provider,10,N,N,0.95,10,ASR-0046,25000,N,N,0.142,AGT-00404,Priya Koh,Established,90,AU-07,On Notice,70.6,0.402,False,False,False,False,EXACT_DUPLICATE
RID-0005204,AGENCY_MGMT,11-07-2026 02:49,CUS-005564,Terence Neo,Male,17-07-1978,48,Married,Citizen,Civil Service,66512,50k-100k,D07,terence.neo85@example.com,+65 82152792,POL-0005204,10-01-2025,27-01-2025,PRUActive Term,Protection,Agency,Monthly,4376.15,1144000,4376.15,0.2463,30,Inforce,19,N,,Y,,N,,,,,0,Y,CLM-0005204,09-09-2025,Critical Illness,9084.27,Approved,,32,N,Y,-0.27,3,ASR-0033,25000,N,N,0.171,AGT-00537,Yong Sheng Toh,Established,79,AU-12,Active,45,0.394,False,False,False,False,EXACT_DUPLICATE
RID-0046956,AGENCY_MGMT,13-08-2026 03:10,CUS-025173,Siti Nadia Ong,Female,12-10-1988,38,Divorced,Employment Pass,Self-Employed,111789,100k-200k,D02,siti.nadia.ong304@example.com,+65 85689706,POL-0046956,19-03-2024,23-04-2024,PRUSelect Vantage,Investment-Linked,Agency,Monthly,39708.83,795000,39708.83,0.117,25,Inforce,28,N,,Y,,N,,,,,26,Y,CLM-0046956,02-09-2024,Day Surgery,5111.24,Approved,,31,N,N,-0.01,6,ASR-0060,10000,N,N,0,AGT-00257,Samantha Kumar,Established,89,AU-36,Active,28.4,0.344,False,False,False,False,EXACT_DUPLICATE
RID-0021985,AGENCY_MGMT,28-05-2026 07:40,CUS-035914,Anjali Teo,Female,07-12-1964,62,Divorced,Citizen,Civil Service,97640,50k-100k,D09,anjali.teo131@example.com,+65 96413380,POL-0021985,16-12-2024,02-01-2025,PRULink Global Growth,Investment-Linked,Digital,Quarterly,2157.26,803000,2157.26,0.1656,15,Cancelled,20,Y,14-01-2026,N,,N,,,,,60,N,CLM-0021985,06-05-2026,Maternity,4753.53,Approved,,14,N,N,-0.18,10,ASR-0015,25000,N,N,0.683,,,,,,,,,False,False,False,False,EXACT_DUPLICATE
RID-0018574,AGENCY_MGMT,27-07-2026 06:03,CUS-008875,Deepak Tan,Male,22-03-1981,45,Married,Permanent Resident,Executive,104876,100k-200k,D18,deepak.tan241@example.com,+65 95625800,POL-0018574,27-06-2025,01-07-2025,PRUWealth Plus,Savings & Wealth,Agency,Monthly,48262.36,139000,48262.36,0.0442,99,Inforce,14,N,,Y,,N,,,,,149,N,,,,,,,,N,N,0.64,8,,,,,,AGT-00298,Jonathan Salleh,Established,81,AU-22,Active,41.1,0.122,False,False,False,False,EXACT_DUPLICATE
RID-0003956,CRM,18-05-2026 03:57,CUS-004274,Iskandar Toh,Male,13-08-1972,54,Married,Permanent Resident,Self-Employed,93735,50k-100k,D05,iskandar.toh304@example.com,+65 84368195,POL-0003956,13-05-2025,23-05-2025,PRUWealth Plus,Savings & Wealth,Agency,Semi-Annual,28605.72,235000,28605.72,0.0589,20,Inforce,15,N,,Y,,N,,,,,0,Y,CLM-0003956,26-09-2025,Death Benefit,21041.88,Pending,,74,N,N,0.28,10,ASR-0052,5000,N,N,0.367,AGT-00545,Samantha Turner,Senior,84,AU-25,Active,36.5,0.266,False,False,False,False,EXACT_DUPLICATE
RID-0017862,AGENCY_MGMT,24-07-2026 16:55,CUS-009724,Zhi Hao Tan,Male,12-01-1980,46,Married,Foreigner,Self-Employed,30000,Below 50k,D22,zhi.hao.tan294@example.com,+65 87352103,POL-0017862,12-02-2024,21-02-2024,PRUSave Endowment,Savings & Wealth,Bancassurance,Semi-Annual,31026.01,437000,31026.01,0.0517,10,Inforce,30,N,,Y,,N,,,,,504,N,,,,,,,,N,N,0.96,8,,,,,,,,,,,,,,False,False,False,False,EXACT_DUPLICATE
RID-0037547,POLICY_ADMIN,20-07-2026 22:45,CUS-023998,Mei Yi Yeo,Female,28-10-2000,26,Single,Permanent Resident,Civil Service,69684,50k-100k,D24,mei.yi.yeo446@example.com,+65 83000409,POL-0037547,15-05-2024,16-06-2024,PRUVantage Legacy,Savings & Wealth,Direct,Semi-Annual,30872.51,186000,30872.51,0.0425,99,Inforce,26,N,,Y,,N,,,,,0,N,,,,,,,,N,N,0.71,9,,,,,,,,,,,,,,False,False,False,False,EXACT_DUPLICATE
RID-0008459,CLAIMS_SYS,22-03-2026 21:21,CUS-014931,Deepak Teo,Male,13-10-1978,48,Widowed,Permanent Resident,Technician,71985,50k-100k,D06,deepak.teo365@example.com,+65 82767949,POL-0008459,26-10-2024,03-12-2024,PRULink Global Growth,Investment-Linked,Digital,Annual,42671.55,416000,42671.55,0.1464,25,Inforce,21,N,,Y,,N,,,,,0,N,,,,,,,,N,N,0.73,6,,,,,,,,,,,,,,False,False,False,False,EXACT_DUPLICATE
RID-0034954,POLICY_ADMIN,09-06-2026 20:04,CUS-012348,Wan Ting Goh,Female,21-09-1968,58,Single,Foreigner,Technician,48199,Below 50k,D25,wan.ting.goh215@example.com,+65 94568652,POL-0034954,20-06-2025,23-06-2025,PRUCritical Cover,Protection,Agency,Annual,5409.91,676000,5409.91,0.2891,10,Inforce,14,N,,Y,,N,,,,,132,N,CLM-0034954,06-07-2025,Outpatient Specialist,16515.52,Partially Approved,,15,N,N,0.32,9,ASR-0038,100000,N,N,0.163,AGT-00293,Suresh Kumar,Established,16,AU-05,Active,48.2,0.741,False,False,False,False,EXACT_DUPLICATE
RID-0039050,AGENCY_MGMT,11-04-2026 13:48,CUS-010601,Joanne Iyer,Female,28-07-1976,50,Widowed,Citizen,Healthcare,59890,50k-100k,D22,joanne.iyer272@example.com,+65 92900246,POL-0039050,08-05-2024,29-05-2024,PRUSave Endowment,Savings & Wealth,Direct,Monthly,50888.03,159000,50888.03,0.0851,25,Inforce,27,N,,Y,,N,,,,,48,N,CLM-0039050,06-03-2025,Hospitalisation,759.17,Approved,,13,N,N,0.19,6,ASR-0043,5000,N,N,0.143,,,,,,,,,False,False,False,False,EXACT_DUPLICATE
RID-0005513,CRM,29-04-2026 20:00,CUS-034056,Zhi Hao Chua,Male,15-02-1972,54,Widowed,Citizen,Sales,30000,Below 50k,D15,zhi.hao.chua196@example.com,+65 99870211,POL-0005513,31-12-2024,08-01-2025,PRUFlexiCash,Savings & Wealth,Agency,Monthly,45762.79,462000,45762.79,0.0937,10,Inforce,20,N,,Y,,N,,,,,0,N,,,,,,,,N,N,0.52,7,,,,,,AGT-00865,Anjali Turner,Established,23,AU-32,Active,34,0.114,False,False,False,False,EXACT_DUPLICATE
RID-0020878,POLICY_ADMIN,31-03-2026 00:29,CUS-017175,Siew Peng Lee,Female,23-08-1999,27,Single,Citizen,Executive,135210,100k-200k,D26,siew.peng.lee128@example.com,+65 92316813,POL-0020878,29-01-2024,08-03-2024,PRULink Global Growth,Investment-Linked,Agency,Annual,41143.41,620000,41143.41,0.115,99,Inforce,30,N,,Y,,N,,,,,51,Y,CLM-0020878,18-11-2024,Critical Illness,4474.41,Approved,,12,N,N,0.48,10,ASR-0018,25000,N,N,0.233,AGT-00096,Hui Ling Lim,Senior,177,AU-37,On Notice,43.3,0.355,False,False,False,False,EXACT_DUPLICATE
RID-0015117,POLICY_ADMIN,20-05-2026 16:02,CUS-021046,Edwin Nair,Male,23-08-1967,59,Widowed,Citizen,Self-Employed,104818,100k-200k,D28,edwin.nair173@example.com,+65 84003360,POL-0015117,04-04-2023,09-04-2023,PRUSave Endowment,Savings & Wealth,Bancassurance,Monthly,17580.73,37000,17580.73,0.0343,10,Inforce,41,N,,Y,,N,,,,,99,Y,,,,,,,,N,N,0.89,7,,,,,,,,,,,,,,False,False,False,False,EXACT_DUPLICATE
RID-0003130,CLAIMS_SYS,06-07-2026 03:54,CUS-000195,Aminah Menon,Female,13-12-1974,52,Divorced,Permanent Resident,Professional,30000,Below 50k,D15,aminah.menon87@example.com,+65 96667574,POL-0003130,10-06-2023,22-07-2023,PRUSelect Vantage,Investment-Linked,Broker,Monthly,8310.26,834000,8310.26,0.1612,10,Inforce,37,N,,Y,,N,,,,,0,N,CLM-0003130,27-10-2025,Critical Illness,4386.42,Pending,,84,N,N,0.04,7,ASR-0030,25000,N,N,0.412,AGT-00145,Siew Peng Iyer,New,12,AU-04,Active,32.3,0.357,False,False,False,False,EXACT_DUPLICATE
RID-0010164,AGENCY_MGMT,02-05-2026 19:23,CUS-002433,Daniel Pillai,Male,11-06-1970,56,Married,Citizen,Civil Service,31775,Below 50k,D15,daniel.pillai461@example.com,+65 92661366,POL-0010164,17-08-2025,17-09-2025,PRUSave Endowment,Savings & Wealth,Agency,Annual,21060.48,123000,21060.48,0.0426,15,Inforce,11,N,,Y,,N,,,,,41,Y,CLM-0010164,28-01-2026,Maternity,9373.85,Partially Approved,,18,N,Y,-0.53,4,ASR-0003,10000,N,N,0.035,AGT-00140,Hui Ling Turner,Established,49,AU-16,Active,62.4,0.122,False,False,False,False,EXACT_DUPLICATE
RID-0046404,AGENCY_MGMT,05-05-2026 15:17,CUS-020881,Samantha Ong,Female,20-11-1996,30,Widowed,Citizen,Self-Employed,108575,100k-200k,D24,samantha.ong86@example.com,+65 85793577,POL-0046404,28-04-2024,11-06-2024,PRUWealth Plus,Savings & Wealth,Direct,Semi-Annual,36697.27,447000,36697.27,0.0931,5,Matured,27,N,,Y,,N,,,,,53,N,CLM-0046404,05-02-2025,Day Surgery,3029.21,Approved,,13,N,N,0.41,7,ASR-0010,50000,Y,Y,0.743,,,,,,,,,False,False,False,False,EXACT_DUPLICATE
RID-0010942,POLICY_ADMIN,29-06-2026 20:33,CUS-001148,Farah Goh,Female,09-05-1985,41,Widowed,Citizen,Professional,34980,Below 50k,D05,farah.goh294@example.com,+65 92071290,POL-0010942,30-09-2023,12-11-2023,PRUVantage Legacy,Savings & Wealth,Digital,Monthly,52428.76,323000,52428.76,0.0655,30,Inforce,34,N,,Y,,N,,,,,91,N,,,,,,,,N,N,0.29,8,,,,,,,,,,,,,,False,False,False,False,EXACT_DUPLICATE
RID-0006963,CLAIMS_SYS,08-05-2026 01:27,CUS-034264,Cheryl Iyer,Female,10-07-1997,29,Widowed,Employment Pass,Civil Service,104681,100k-200k,D28,cheryl.iyer136@example.com,+65 83756684,POL-0006963,16-01-2026,06-02-2026,PRUFlexiCash,Savings & Wealth,Bancassurance,Monthly,55235.52,427000,55235.52,0.0384,99,Inforce,6,N,,Y,,N,,,,,179,N,CLM-0006963,05-03-2026,Disability,3899.34,Approved,,11,N,N,0.8,8,ASR-0048,25000,N,N,0.411,,,,,,,,,False,False,False,False,EXACT_DUPLICATE
RID-0030788,AGENCY_MGMT,07-07-2026 00:31,CUS-000490,Divya Reddy,Female,08-04-1958,68,Married,Citizen,Sales,72236,50k-100k,D03,divya.reddy288@example.com,+65 92468330,POL-0030788,08-03-2026,21-04-2026,PRUWealth Plus,Savings & Wealth,Agency,Annual,14566.87,209000,14566.87,0.0794,15,Inforce,4,N,,Y,,N,,,,,98,N,CLM-0030788,22-06-2026,Maternity,4062.97,Pending,,48,N,N,0.78,7,ASR-0001,50000,N,N,0.003,AGT-00514,Samantha Kumar,New,9,AU-15,Active,71.1,0.044,False,False,False,False,EXACT_DUPLICATE
RID-0001401,AGENCY_MGMT,12-08-2026 09:25,CUS-007477,Hakim Ong,Male,26-04-1994,32,Single,Citizen,Retired,119761,100k-200k,D21,hakim.ong200@example.com,+65 86407602,POL-0001401,01-06-2026,15-07-2026,PRUVantage Legacy,Savings & Wealth,Agency,Annual,26325.28,393000,26325.28,0.0745,25,Inforce,1,N,,Y,,N,,,,,72,N,,,,,,,,N,N,0.53,5,,,,,,AGT-00304,Jun Hao Wong,Established,54,AU-35,Active,60.5,0.836,False,False,False,False,EXACT_DUPLICATE
RID-0025398,CLAIMS_SYS,30-05-2026 02:14,CUS-029289,Wei Ming Osman,Male,02-07-1982,44,Widowed,Citizen,Executive,96872,50k-100k,D09,wei.ming.osman472@example.com,+65 99424371,POL-0025398,14-02-2024,12-03-2024,PRUShield Standard,Health & IP,Digital,Monthly,1486.18,694000,1486.18,0.1839,15,Inforce,30,N,,Y,Public B1-Ward,Y,704.63,704.63,0,2500,0,N,,,,,,,,N,N,0.71,10,,,,,,,,,,,,,,False,False,False,False,EXACT_DUPLICATE
RID-0000618,POLICY_ADMIN,22-08-2026 07:58,CUS-001673,Faisal Neo,Male,28-03-2001,25,Single,Citizen,Sales,42638,Below 50k,D16,faisal.neo22@example.com,+65 89924195,POL-0000618,04-04-2023,03-05-2023,PRUCritical Cover,Protection,Bancassurance,Monthly,8931.01,552000,8931.01,0.24,5,Inforce,40,N,,Y,,N,,,,,66,N,,,,,,,,N,N,0.06,8,,,,,,,,,,,,,,False,False,False,False,EXACT_DUPLICATE
RID-0007782,CRM,24-07-2026 22:36,CUS-002062,Chee Keong Foo,Male,09-07-1977,49,Married,Citizen,Manager,124143,100k-200k,D20,chee.keong.foo110@example.com,+65 91167465,POL-0007782,06-05-2025,22-05-2025,PRUFlexiCash,Savings & Wealth,Agency,Monthly,38325.33,191000,38325.33,0.0624,25,Matured,15,N,,Y,,N,,,,,63,N,,,,,,,,N,N,0.71,8,,,,,,AGT-01139,Mei Yi Hassan,Established,26,AU-14,Active,95.2,0.369,False,False,False,False,EXACT_DUPLICATE
RID-0007406,POLICY_ADMIN,31-08-2026 01:23,CUS-035142,Faisal Harper,Male,19-07-1984,42,Widowed,Citizen,Healthcare,42618,Below 50k,D26,faisal.harper215@example.com,+65 97810468,POL-0007406,12-03-2025,21-04-2025,PRUVantage Legacy,Savings & Wealth,Bancassurance,Annual,19676.16,134000,19676.16,0.0578,99,Lapsed,16,Y,15-12-2025,N,,N,,,,,127,N,CLM-0007406,26-07-2025,Critical Illness,31721.68,Approved,,18,N,N,0.32,6,ASR-0031,100000,N,N,0.263,,,,,,,,,False,False,False,False,EXACT_DUPLICATE
RID-0006461,CLAIMS_SYS,29-08-2026 18:30,CUS-003781,Priya Ng,Female,19-07-1982,44,Divorced,Citizen,Manager,158452,100k-200k,D16,priya.ng369@example.com,+65 89044958,POL-0006461,30-07-2025,03-08-2025,PRUShield A Plus,Health & IP,Bancassurance,Monthly,3161.84,741000,3161.84,0.1269,5,Matured,13,N,,Y,Private Hospital,N,,,,,26,N,CLM-0006461,26-06-2026,Accident,9614.59,Partially Approved,,1,N,N,0.26,6,ASR-0022,25000,N,N,0.225,,,,,,,,,False,False,False,False,EXACT_DUPLICATE
RID-0012472,AGENCY_MGMT,14-05-2026 21:53,CUS-014863,Zulkifli Low,Male,22-11-1993,33,Married,Permanent Resident,Retired,132667,100k-200k,D23,zulkifli.low122@example.com,+65 88382009,POL-0012472,10-08-2023,30-08-2023,PRULink Global Growth,Investment-Linked,Agency,Monthly,5541.04,757000,5541.04,0.1171,99,Inforce,36,N,,Y,,N,,,,,185,N,CLM-0012472,18-10-2023,Disability,3369.66,Declined,Non-disclosure at underwriting,28,N,N,0.61,9,ASR-0046,25000,N,N,0.007,AGT-00833,Hui Ling Aziz,Senior,118,AU-27,Active,78.5,0.114,False,False,False,False,EXACT_DUPLICATE
RID-0042976,POLICY_ADMIN,12-07-2026 11:31,CUS-027311,Edwin Hassan,Male,27-05-1994,32,Widowed,Citizen,Healthcare,52458,50k-100k,D14,edwin.hassan431@example.com,+65 86455595,POL-0042976,25-06-2023,12-07-2023,PRUSelect Vantage,Investment-Linked,Agency,Semi-Annual,2986.08,492000,2986.08,0.1342,15,Inforce,38,N,,Y,,N,,,,,170,N,,,,,,,,N,N,0.67,5,,,,,,AGT-00549,Hui Ling Sharma,Established,19,AU-20,Active,48.4,0.186,False,False,False,False,EXACT_DUPLICATE
RID-0036056,POLICY_ADMIN,28-07-2026 10:24,CUS-026277,Rachel Reddy,Female,27-05-1969,57,Divorced,Permanent Resident,Education,30000,Below 50k,D13,rachel.reddy321@example.com,+65 91481750,POL-0036056,17-08-2023,19-08-2023,PRUExtra Care,Health & IP,Agency,Monthly,2699.78,299000,2699.78,0.1934,15,Inforce,36,N,,Y,Private Hospital,Y,1205.4,1205.4,0,2500,61,N,,,,,,,,N,N,0.58,5,,,,,,AGT-00501,Nicholas Yusof,Established,22,AU-04,Active,90.1,0.177,False,False,False,False,EXACT_DUPLICATE
RID-0017218,CLAIMS_SYS,25-04-2026 10:47,CUS-032417,Jonathan Ng,Male,10-04-1971,55,Single,Citizen,Retired,95726,50k-100k,D01,jonathan.ng471@example.com,+65 85690496,POL-0017218,23-06-2023,03-08-2023,PRUWealth Plus,Savings & Wealth,Agency,Semi-Annual,30300.99,287000,30300.99,0.0688,30,Cancelled,37,Y,17-12-2025,Y,,N,,,,,26,Y,,,,,,,,N,N,0.92,8,,,,,,AGT-01061,Wan Ting Chua,Established,19,AU-05,Active,94.6,0.466,False,False,False,False,EXACT_DUPLICATE
RID-0031341,CRM,19-06-2026 03:02,CUS-036809,Xin Yi Seah,Female,08-05-1979,47,Widowed,Citizen,Professional,30964,Below 50k,D18,xin.yi.seah402@example.com,+65 91736505,POL-0031341,23-10-2024,01-12-2024,PRUExtra Care,Health & IP,Agency,Semi-Annual,1245.6,408000,1245.6,0.1773,20,Lapsed,21,Y,01-06-2025,N,Private Hospital,Y,554.95,554.95,0,0,19,N,CLM-0031341,12-03-2025,Outpatient Specialist,3915.07,Partially Approved,,14,N,N,0.35,10,ASR-0028,10000,N,N,0.277,AGT-00836,Siew Peng Pillai,Senior,124,AU-19,Resigned,92.3,0.407,False,False,False,False,EXACT_DUPLICATE
RID-0008918,POLICY_ADMIN,03-07-2026 09:06,CUS-003455,Denise Low,Female,16-01-1980,46,Widowed,Permanent Resident,Technician,41394,Below 50k,D10,denise.low293@example.com,+65 91659547,POL-0008918,15-07-2023,19-07-2023,PRUShield Standard,Health & IP,Bancassurance,Quarterly,1728.61,524000,1728.61,0.1415,15,Inforce,38,N,,Y,Public B1-Ward,Y,891.33,891.33,0,1500,16,N,,,,,,,,N,N,0.02,10,,,,,,,,,,,,,,False,False,False,False,EXACT_DUPLICATE
RID-0045578,CRM,18-06-2026 12:48,CUS-027771,Marcus Turner,Male,02-09-1998,28,Divorced,Foreigner,Sales,63359,50k-100k,D12,marcus.turner49@example.com,+65 88476664,POL-0045578,08-04-2023,17-05-2023,PRUTerm Secure,Protection,Agency,Annual,6106.77,2121000,6106.77,0.3334,5,Inforce,40,N,,Y,,N,,,,,29,Y,CLM-0045578,30-05-2024,Critical Illness,6753.35,Pending,,35,N,N,0.73,7,ASR-0008,10000,N,N,0.257,AGT-00051,Joanne Iyer,Established,17,AU-30,Active,60.6,0.165,False,False,False,False,EXACT_DUPLICATE
RID-0017762,AGENCY_MGMT,18-03-2026 02:19,CUS-002919,Wan Ting Harper,Female,01-05-1958,68,Single,Citizen,Healthcare,132277,100k-200k,D18,wan.ting.harper336@example.com,+65 99538820,POL-0017762,25-12-2024,13-01-2025,PRUTerm Secure,Protection,Digital,Annual,955.81,1304000,955.81,0.2705,99,Inforce,19,N,,Y,,N,,,,,43,N,CLM-0017762,20-06-2026,Accident,2859.57,Partially Approved,,14,N,N,0.17,10,ASR-0010,50000,N,N,0.636,,,,,,,,,False,False,False,False,EXACT_DUPLICATE
RID-0000094,POLICY_ADMIN,11-03-2026 15:16,CUS-032079,Muhammad Ariff Sim,Male,09-02-1997,29,Married,Citizen,Executive,135950,100k-200k,D07,muhammad.ariff.sim347@example.com,+65 95013125,POL-0000094,13-11-2023,08-12-2023,PRUShield Life,Protection,Bancassurance,Monthly,2231.82,1235000,2231.82,0.2461,30,Inforce,33,N,,Y,,N,,,,,27,Y,,,,,,,,N,N,-0.06,8,,,,,,,,,,,,,,False,False,False,False,EXACT_DUPLICATE
RID-0031182,CRM,02-05-2026 16:52,CUS-000884,Zhi Hao Bennett,Male,06-05-1993,33,Married,Citizen,Executive,102516,100k-200k,D07,zhi.hao.bennett111@example.com,+65 94709508,POL-0031182,31-07-2025,14-09-2025,PRUShield Standard,Health & IP,Digital,Annual,2896.75,290000,2896.75,0.214,20,Inforce,11,N,,Y,Public B1-Ward,Y,1282.73,1282.73,0,0,18,N,,,,,,,,N,N,0.59,9,,,,,,,,,,,,,,False,False,False,False,EXACT_DUPLICATE
RID-0025595,CRM,19-06-2026 13:53,CUS-015673,Aminah Goh,Female,24-01-1980,46,Widowed,Citizen,Professional,88584,50k-100k,D18,aminah.goh108@example.com,+65 84462964,POL-0025595,13-03-2025,08-04-2025,PRUFlexiCash,Savings & Wealth,Bancassurance,Annual,27483.47,437000,27483.47,0.0497,10,Inforce,17,N,,Y,,N,,,,,225,N,CLM-0025595,01-08-2026,Outpatient Specialist,1253.01,Pending,,35,N,N,1,10,ASR-0031,100000,N,N,0.191,,,,,,,,,False,False,False,False,EXACT_DUPLICATE
RID-0032671,CLAIMS_SYS,08-08-2026 03:52,CUS-007359,Edwin Turner,Male,13-06-1981,45,Divorced,Citizen,Sales,55426,50k-100k,D19,edwin.turner39@example.com,+65 82665688,POL-0032671,16-03-2024,28-03-2024,PRUSelect Vantage,Investment-Linked,Agency,Annual,15466.01,91000,15466.01,0.1461,10,Inforce,29,N,,Y,,N,,,,,0,N,,,,,,,,N,N,0.71,10,,,,,,AGT-00915,Valerie Kumar,Established,75,AU-05,Active,72.8,0.363,False,False,False,False,EXACT_DUPLICATE
RID-0014657,POLICY_ADMIN,02-04-2026 13:28,CUS-000075,Joanne Hassan,Female,21-11-1974,52,Widowed,Citizen,Sales,82421,50k-100k,D26,joanne.hassan300@example.com,+65 81274424,POL-0014657,12-05-2025,19-06-2025,PRUFlexiCash,Savings & Wealth,Agency,Annual,8147.42,121000,8147.42,0.0356,99,Inforce,14,N,,Y,,N,,,,,149,N,CLM-0014657,07-01-2026,Death Benefit,10981.6,Approved,,8,N,N,0.3,10,ASR-0006,25000,N,N,0.349,AGT-00260,Cheryl Toh,Senior,95,AU-13,Active,33.3,0.357,False,False,False,False,EXACT_DUPLICATE
RID-0023550,POLICY_ADMIN,02-06-2026 13:32,CUS-037685,Valerie Foo,Female,03-09-1965,61,Single,Citizen,Technician,62335,50k-100k,D23,valerie.foo177@example.com,+65 84922798,POL-0023550,15-04-2026,30-04-2026,PRUFlexiCash,Savings & Wealth,Broker,Semi-Annual,45587.32,76000,45587.32,0.0724,99,Inforce,4,N,,Y,,N,,,,,135,N,,,,,,,,N,N,0.04,10,,,,,,AGT-00695,Siti Nadia Menon,New,2,AU-13,Active,99.8,0.41,False,False,False,False,EXACT_DUPLICATE
RID-0029504,CLAIMS_SYS,10-06-2026 06:14,CUS-039817,Jun Hao Osman,Male,16-08-1964,62,Widowed,Foreigner,Technician,99109,50k-100k,D26,jun.hao.osman206@example.com,+65 82540538,POL-0029504,01-07-2023,26-07-2023,PRUWealth Plus,Savings & Wealth,Bancassurance,Semi-Annual,48926.76,189000,48926.76,0.0756,10,Inforce,37,N,,Y,,N,,,,,0,N,,,,,,,,N,N,-0.04,9,,,,,,,,,,,,,,False,False,False,False,EXACT_DUPLICATE
RID-0035306,AGENCY_MGMT,12-08-2026 15:22,CUS-040242,Joanne Sharma,Female,02-11-1983,43,Divorced,Foreigner,Manager,92545,50k-100k,D20,joanne.sharma200@example.com,+65 92187629,POL-0035306,28-03-2024,30-03-2024,PRUFlexiCash,Savings & Wealth,Agency,Annual,12523.29,265000,12523.29,0.0406,20,Inforce,29,N,,Y,,N,,,,,0,Y,CLM-0035306,14-08-2024,Accident,5420.8,Approved,,19,N,N,0.29,8,ASR-0019,100000,N,N,0.009,AGT-00656,Zulkifli Menon,Established,58,AU-21,Active,22.5,0.09,False,False,False,False,EXACT_DUPLICATE
RID-0006578,CLAIMS_SYS,12-07-2026 22:58,CUS-034257,Hui Ling Osman,Female,24-11-1971,55,Widowed,Foreigner,Professional,83679,50k-100k,D25,hui.ling.osman38@example.com,+65 89758355,POL-0006578,09-11-2025,14-11-2025,PRUActive Term,Protection,Bancassurance,Monthly,2462.18,2004000,2462.18,0.246,10,Inforce,9,N,,Y,,N,,,,,57,N,CLM-0006578,16-01-2026,Hospitalisation,1889.46,Approved,,9,N,N,0.84,10,ASR-0039,100000,N,N,0.166,,,,,,,,,False,False,False,False,EXACT_DUPLICATE
RID-0016136,CLAIMS_SYS,14-05-2026 12:07,CUS-027847,Jun Hao Bennett,Male,14-08-1987,39,Divorced,Citizen,Executive,30762,Below 50k,D18,jun.hao.bennett106@example.com,+65 92869370,POL-0016136,09-01-2025,16-02-2025,PRUWealth Plus,Savings & Wealth,Agency,Monthly,19605.62,207000,19605.62,0.0656,20,Matured,18,N,,Y,,N,,,,,45,N,CLM-0016136,13-01-2026,Critical Illness,4150.22,Declined,Outside panel provider,11,N,N,0.04,6,ASR-0031,100000,N,N,0.07,AGT-00721,Aminah Reddy,New,11,AU-17,Active,35.8,0.379,False,False,False,False,EXACT_DUPLICATE
RID-0010897,CLAIMS_SYS,20-06-2026 16:44,CUS-037427,Yong Sheng Reddy,Male,21-12-1978,48,Divorced,Permanent Resident,Sales,32151,Below 50k,D14,yong.sheng.reddy91@example.com,+65 82165639,POL-0010897,13-04-2026,15-04-2026,PRUShield Premier,Health & IP,Broker,Semi-Annual,1377.82,834000,1377.82,0.1554,15,Inforce,4,N,,Y,Public A-Ward,Y,556.64,262.15,10,5000,394,N,CLM-0010897,26-05-2026,Critical Illness,2857.28,Approved,,11,N,N,0.53,7,ASR-0055,5000,N,N,0.301,AGT-00940,Aminah Foo,Established,66,AU-37,Active,41.4,0.174,False,False,False,False,EXACT_DUPLICATE
RID-0032954,AGENCY_MGMT,19-04-2026 16:15,CUS-017357,Zulkifli Aziz,Male,13-07-2005,21,Divorced,Citizen,Self-Employed,96317,50k-100k,D25,zulkifli.aziz102@example.com,+65 88092550,POL-0032954,09-07-2024,16-08-2024,PRULink Assurance,Investment-Linked,Bancassurance,Monthly,36323.51,889000,36323.51,0.0862,25,Inforce,24,N,,Y,,N,,,,,6,N,CLM-0032954,07-01-2026,Death Benefit,1476.32,Approved,,30,N,N,0.68,6,ASR-0010,50000,N,N,0.904,,,,,,,,,False,False,False,False,EXACT_DUPLICATE
RID-0009848,CLAIMS_SYS,03-05-2026 10:21,CUS-037361,Hakim Osman,Male,12-10-1995,31,Widowed,Foreigner,Healthcare,102231,100k-200k,D22,hakim.osman383@example.com,+65 99123209,POL-0009848,25-12-2025,18-01-2026,PRUFlexiCash,Savings & Wealth,Bancassurance,Monthly,37402.97,243000,37402.97,0.072,15,Surrendered,7,Y,03-06-2026,N,,N,,,,,167,Y,CLM-0009848,05-07-2026,Maternity,15173.93,Declined,Non-disclosure at underwriting,13,Y,Y,-0.66,2,ASR-0043,5000,N,N,0.195,,,,,,,,,False,False,False,False,EXACT_DUPLICATE
RID-0034217,AGENCY_MGMT,03-05-2026 06:45,CUS-026530,Xin Yi Osman,Female,21-10-1972,54,Divorced,Foreigner,Civil Service,30000,Below 50k,D27,xin.yi.osman213@example.com,+65 92630580,POL-0034217,29-11-2024,05-12-2024,PRUWealth Plus,Savings & Wealth,Direct,Annual,19313.36,303000,19313.36,0.0575,99,Inforce,21,N,,Y,,N,,,,,70,N,,,,,,,,N,N,-0.07,10,,,,,,,,,,,,,,False,False,False,False,EXACT_DUPLICATE
RID-0015923,CRM,26-05-2026 17:32,CUS-032039,Hui Ling Harper,Female,25-04-1971,55,Married,Permanent Resident,Professional,80710,50k-100k,D13,hui.ling.harper497@example.com,+65 83422277,POL-0015923,30-03-2024,14-04-2024,PRUExtra Care,Health & IP,Digital,Semi-Annual,2971.86,740000,2971.86,0.1578,20,Inforce,29,N,,Y,Private Hospital,Y,1163.49,1163.49,0,2500,142,N,CLM-0015923,26-06-2024,Hospitalisation,18522.2,Approved,,12,N,N,-0.08,8,ASR-0049,100000,N,N,0.246,,,,,,,,,False,False,False,False,EXACT_DUPLICATE
RID-0032087,CRM,29-05-2026 17:09,CUS-025091,Daniel Nair,Male,08-03-2005,21,Single,Citizen,Manager,95331,50k-100k,D23,daniel.nair477@example.com,+65 94533791,POL-0032087,31-03-2025,03-04-2025,PRUSelect Vantage,Investment-Linked,Bancassurance,Monthly,39642.78,323000,39642.78,0.1471,10,Inforce,17,N,,Y,,N,,,,,0,Y,,,,,,,,N,N,0.42,5,,,,,,,,,,,,,,False,False,False,False,EXACT_DUPLICATE
RID-0018607,CLAIMS_SYS,31-05-2026 12:22,CUS-019696,Joanne Pillai,Female,06-02-2005,21,Single,Permanent Resident,Education,60272,50k-100k,D23,joanne.pillai126@example.com,+65 88165070,POL-0018607,17-01-2024,02-02-2024,PRUCritical Cover,Protection,Agency,Quarterly,6876.98,1901000,6876.98,0.29,99,Inforce,31,N,,Y,,N,,,,,50,N,CLM-0018607,12-07-2024,Maternity,5900.96,Declined,Premium in arrears,14,N,N,-0.13,9,ASR-0013,100000,N,N,0.604,AGT-00974,Zulkifli Chua,MDRT,112,AU-16,On Notice,47.9,0.419,False,False,False,False,EXACT_DUPLICATE
RID-0007303,POLICY_ADMIN,22-06-2026 04:14,CUS-029019,Marcus Lee,Male,18-09-1966,60,Single,Citizen,Technician,108940,100k-200k,D16,marcus.lee370@example.com,+65 86166556,POL-0007303,01-03-2025,29-03-2025,PRUTerm Secure,Protection,Bancassurance,Monthly,1838.03,316000,1838.03,0.2081,20,Inforce,17,N,,Y,,N,,,,,316,Y,CLM-0007303,17-05-2026,Outpatient Specialist,20505.61,Approved,,28,N,N,0.63,7,ASR-0019,100000,N,N,0.226,,,,,,,,,False,False,False,False,EXACT_DUPLICATE
RID-0009821,CRM,03-04-2026 13:12,CUS-028962,Meera Toh,Female,17-01-1982,44,Single,Citizen,Healthcare,225784,200k-400k,D19,meera.toh236@example.com,+65 81687034,POL-0009821,19-02-2026,03-04-2026,PRUVantage Legacy,Savings & Wealth,Digital,Quarterly,26737.69,440000,26737.69,0.0444,10,Inforce,5,N,,Y,,N,,,,,25,N,CLM-0009821,10-04-2026,Death Benefit,3398.38,Approved,,22,N,N,0.73,8,ASR-0014,5000,N,N,0.269,,,,,,,,,False,False,False,False,EXACT_DUPLICATE
RID-0003189,POLICY_ADMIN,12-07-2026 21:19,CUS-033031,Aminah Koh,Female,25-10-1987,39,Widowed,Employment Pass,Technician,224624,200k-400k,D01,aminah.koh430@example.com,+65 92821525,POL-0003189,25-06-2026,12-07-2026,PRUWealth Plus,Savings & Wealth,Bancassurance,Annual,37348.85,318000,37348.85,0.0436,99,Inforce,1,N,,Y,,N,,,,,34,Y,CLM-0003189,11-08-2026,Hospitalisation,4345.15,Declined,Non-disclosure at underwriting,15,Y,Y,-0.86,0,ASR-0013,100000,N,N,0.683,,,,,,,,,False,False,False,False,EXACT_DUPLICATE
RID-0035388,CLAIMS_SYS,14-06-2026 15:59,CUS-008514,Siti Nadia Lim,Female,20-04-2005,21,Single,Citizen,Manager,30000,Below 50k,D15,siti.nadia.lim83@example.com,+65 98866479,POL-0035388,25-04-2026,27-05-2026,PRUTerm Secure,Protection,Broker,Annual,4530.53,2189000,4530.53,0.3291,30,Inforce,3,N,,Y,,N,,,,,165,N,,,,,,,,N,N,0.33,8,,,,,,AGT-00770,Joanne Ong,Senior,124,AU-28,Active,81.8,0.034,False,False,False,False,EXACT_DUPLICATE
RID-0045911,AGENCY_MGMT,20-03-2026 17:39,CUS-015052,Hui Ling Turner,Female,11-02-1972,54,Divorced,Permanent Resident,Executive,64022,50k-100k,D23,hui.ling.turner138@example.com,+65 89377697,POL-0045911,15-03-2023,24-04-2023,PRUShield Life,Protection,Digital,Annual,5295.83,1852000,5295.83,0.3021,15,Inforce,40,N,,Y,,N,,,,,0,Y,,,,,,,,N,N,0.57,7,,,,,,,,,,,,,,False,False,False,False,EXACT_DUPLICATE
RID-0010367,POLICY_ADMIN,09-04-2026 04:12,CUS-031198,Lakshmi Tan,Female,05-03-1987,39,Married,Citizen,Professional,78258,50k-100k,D19,lakshmi.tan114@example.com,+65 81496184,POL-0010367,17-03-2024,15-04-2024,PRUFlexiCash,Savings & Wealth,Bancassurance,Quarterly,37528.1,249000,37528.1,0.044,5,Surrendered,28,Y,03-03-2025,N,,N,,,,,80,N,CLM-0010367,01-08-2025,Critical Illness,1056.35,Approved,,13,N,N,-0.04,9,ASR-0056,50000,N,N,0.329,,,,,,,,,False,False,False,False,EXACT_DUPLICATE
RID-0000089,CLAIMS_SYS,07-03-2026 22:18,CUS-011417,Xin Yi Menon,Female,21-09-1972,54,Single,Permanent Resident,Civil Service,132233,100k-200k,D27,xin.yi.menon400@example.com,+65 84428110,POL-0000089,08-08-2023,20-08-2023,PRUTerm Secure,Protection,Bancassurance,Quarterly,1111.5,1473000,1111.5,0.2887,10,Inforce,36,N,,Y,,N,,,,,68,N,,,,,,,,N,N,0.89,7,,,,,,,,,,,,,,False,False,False,False,EXACT_DUPLICATE
RID-0032773,CRM,14-06-2026 08:43,CUS-014764,Cheryl Yeo,Female,02-07-1988,38,Widowed,Citizen,Technician,108959,100k-200k,D14,cheryl.yeo298@example.com,+65 84238357,POL-0032773,18-06-2023,05-07-2023,PRUFlexiCash,Savings & Wealth,Agency,Monthly,24988.13,331000,24988.13,0.036,15,Inforce,38,N,,Y,,N,,,,,80,N,,,,,,,,N,N,0.75,9,,,,,,AGT-00509,Kai Xuan Tan,Established,56,AU-29,Active,51.8,0.158,False,False,False,False,EXACT_DUPLICATE
RID-0003694,POLICY_ADMIN,03-06-2026 17:30,CUS-036315,Aminah Osman,Female,07-01-1970,56,Divorced,Citizen,Retired,44740,Below 50k,D17,aminah.osman301@example.com,+65 81017574,POL-0003694,09-12-2023,30-12-2023,PRUWealth Plus,Savings & Wealth,Bancassurance,Monthly,30744.16,445000,30744.16,0.044,15,Inforce,32,N,,Y,,N,,,,,114,Y,CLM-0003694,30-04-2024,Maternity,6005.36,Pending,,64,N,N,0.47,7,ASR-0001,50000,N,N,0.382,,,,,,,,,False,False,False,False,EXACT_DUPLICATE
RID-0041571,CLAIMS_SYS,29-04-2026 20:58,CUS-040596,Xin Yi Wright,Female,05-02-1985,41,Widowed,Citizen,Manager,52170,50k-100k,D07,xin.yi.wright209@example.com,+65 95944025,POL-0041571,06-04-2025,17-04-2025,PRUWealth Plus,Savings & Wealth,Agency,Monthly,45500,457000,45500,0.0627,30,Inforce,16,N,,Y,,N,,,,,9,N,CLM-0041571,29-04-2026,Critical Illness,3541.2,Approved,,9,N,N,0.42,10,ASR-0049,100000,N,N,0.171,AGT-00704,Divya Chong,Senior,81,AU-09,Active,40.6,0.393,False,False,False,False,EXACT_DUPLICATE
RID-0029273,POLICY_ADMIN,19-03-2026 04:51,CUS-027569,Nicholas Harper,Male,06-12-1985,41,Divorced,Citizen,Civil Service,152935,100k-200k,D23,nicholas.harper118@example.com,+65 96232336,POL-0029273,19-09-2023,28-10-2023,PRUShield Premier,Health & IP,Bancassurance,Quarterly,1524.49,1232000,1524.49,0.1047,5,Inforce,34,N,,Y,Private Hospital,Y,605.35,605.35,0,0,12,N,CLM-0029273,15-04-2024,Outpatient Specialist,4831.06,Partially Approved,,27,N,N,0.53,7,ASR-0038,100000,N,N,0.409,,,,,,,,,False,False,False,False,EXACT_DUPLICATE
RID-0028079,POLICY_ADMIN,21-03-2026 21:43,CUS-010434,Zulkifli Aziz,Male,04-04-1995,31,Divorced,Permanent Resident,Healthcare,77514,50k-100k,D05,zulkifli.aziz332@example.com,+65 93695057,POL-0028079,28-08-2023,12-10-2023,PRUSave Endowment,Savings & Wealth,Bancassurance,Annual,33295.44,293000,33295.44,0.0281,15,Inforce,35,N,,Y,,N,,,,,29,N,,,,,,,,N,N,0.24,9,,,,,,,,,,,,,,False,False,False,False,EXACT_DUPLICATE
RID-0008382,CLAIMS_SYS,14-03-2026 16:59,CUS-024783,Samantha Goh,Female,16-01-1977,49,Widowed,Permanent Resident,Healthcare,65278,50k-100k,D18,samantha.goh285@example.com,+65 84536720,POL-0008382,05-12-2023,24-12-2023,PRUCritical Cover,Protection,Agency,Monthly,836.46,2325000,836.46,0.2732,5,Inforce,32,N,,Y,,N,,,,,9,N,,,,,,,,N,N,0.94,7,,,,,,AGT-00296,Samantha Osman,Established,26,AU-03,Active,22.2,0.309,False,False,False,False,EXACT_DUPLICATE
RID-0039910,AGENCY_MGMT,02-08-2026 12:32,CUS-028240,Wei Ming Neo,Male,06-05-1999,27,Divorced,Citizen,Civil Service,54870,50k-100k,D18,wei.ming.neo100@example.com,+65 82361031,POL-0039910,22-03-2024,19-04-2024,PRUCritical Cover,Protection,Broker,Semi-Annual,5881.9,1664000,5881.9,0.2638,30,Inforce,28,N,,Y,,N,,,,,248,N,,,,,,,,N,N,0.91,10,,,,,,AGT-00441,Meera Raj,Established,59,AU-17,Active,62.5,0.286,False,False,False,False,EXACT_DUPLICATE
RID-0043699,CRM,30-04-2026 00:19,CUS-030905,Meera Sim,Female,01-10-2001,25,Married,Citizen,Retired,34561,Below 50k,D06,meera.sim403@example.com,+65 92273822,POL-0043699,07-11-2023,13-11-2023,PRUVantage Legacy,Savings & Wealth,Digital,Annual,23356.22,146000,23356.22,0.0876,30,Inforce,34,N,,Y,,N,,,,,0,N,,,,,,,,N,N,0.51,8,,,,,,,,,,,,,,False,False,False,False,EXACT_DUPLICATE
RID-0006097,CRM,16-03-2026 05:12,CUS-013201,Jia Hui Hassan,Female,21-07-1990,36,Single,Employment Pass,Technician,33370,Below 50k,D10,jia.hui.hassan180@example.com,+65 97684983,POL-0006097,05-03-2024,16-03-2024,PRUVantage Legacy,Savings & Wealth,Bancassurance,Annual,10021.09,365000,10021.09,0.0596,20,Inforce,29,N,,Y,,N,,,,,56,N,CLM-0006097,17-08-2024,Hospitalisation,2386.14,Approved,,13,N,N,0.4,9,ASR-0053,25000,N,N,0.046,,,,,,,,,False,False,False,False,EXACT_DUPLICATE
RID-0042505,CRM,19-07-2026 10:17,CUS-015569,Zulkifli Neo,Male,10-08-1975,51,Widowed,Permanent Resident,Sales,67863,50k-100k,D04,zulkifli.neo451@example.com,+65 92586845,POL-0042505,18-08-2024,20-09-2024,PRUFlexiCash,Savings & Wealth,Bancassurance,Annual,37483.53,270000,37483.53,0.0747,99,Inforce,23,N,,Y,,N,,,,,257,Y,CLM-0042505,04-04-2025,Disability,15440.51,Approved,,2,N,N,0.16,8,ASR-0036,25000,N,N,0.294,,,,,,,,,False,False,False,False,EXACT_DUPLICATE
RID-0003766,CLAIMS_SYS,23-04-2026 02:54,CUS-040252,Jia Hui Koh,Female,10-12-1989,37,Divorced,Foreigner,Education,111016,100k-200k,D14,jia.hui.koh315@example.com,+65 81652396,POL-0003766,15-03-2023,31-03-2023,PRUTerm Secure,Protection,Bancassurance,Annual,8487.33,377000,8487.33,0.216,15,Lapsed,41,Y,16-06-2026,Y,,N,,,,,85,N,CLM-0003766,17-03-2026,Outpatient Specialist,4511.19,Approved,,14,N,N,-0.15,10,ASR-0055,5000,N,N,0.314,,,,,,,,,False,False,False,False,EXACT_DUPLICATE
RID-0003862,CRM,27-07-2026 21:44,CUS-038215,Anjali Wright,Female,01-04-1948,78,Single,Foreigner,Sales,61959,50k-100k,D20,anjali.wright98@example.com,+65 92510622,POL-0003862,24-09-2023,06-11-2023,PRUCritical Cover,Protection,Bancassurance,Semi-Annual,6979.97,2531000,6979.97,0.2202,20,Inforce,34,N,,Y,,N,,,,,60,N,,,,,,,,N,N,-0.03,8,,,,,,,,,,,,,,False,False,False,False,EXACT_DUPLICATE
RID-0023373,POLICY_ADMIN,21-08-2026 04:23,CUS-016830,Aminah Wright,Female,27-09-1962,64,Married,Citizen,Manager,81729,50k-100k,D26,aminah.wright231@example.com,+65 94060757,POL-0023373,28-05-2026,09-06-2026,PRUFlexiCash,Savings & Wealth,Broker,Monthly,10531.48,94000,10531.48,0.0483,30,Inforce,2,N,,Y,,N,,,,,123,N,CLM-0023373,26-08-2026,Outpatient Specialist,31823.59,Declined,Policy exclusion clause,33,N,N,0.32,10,ASR-0022,25000,N,N,0.354,AGT-00485,Anjali Raj,Established,32,AU-28,Active,52.8,0.424,False,False,False,False,EXACT_DUPLICATE
RID-0007924,POLICY_ADMIN,27-06-2026 17:01,CUS-000425,Iskandar Wong,Male,01-03-1987,39,Married,Citizen,Executive,94401,50k-100k,D09,iskandar.wong400@example.com,+65 82771767,POL-0007924,04-10-2023,18-11-2023,PRUVantage Legacy,Savings & Wealth,Bancassurance,Monthly,59256.8,38000,59256.8,0.0679,10,Inforce,33,N,,Y,,N,,,,,67,N,CLM-0007924,22-02-2024,Accident,23269.21,Pending,,67,N,Y,-0.62,5,ASR-0004,100000,N,N,0.312,,,,,,,,,False,False,False,False,EXACT_DUPLICATE
RID-0025020,CLAIMS_SYS,29-06-2026 20:00,CUS-029601,Nicholas Bennett,Male,20-05-1987,39,Single,Citizen,Manager,250531,200k-400k,D18,nicholas.bennett425@example.com,+65 87550304,POL-0025020,10-01-2024,02-02-2024,PRUExtra Care,Health & IP,Agency,Annual,6106.39,380000,6106.39,0.1438,15,Inforce,31,N,,Y,Private Hospital,Y,2807.39,2807.39,0,0,22,N,CLM-0025020,20-04-2025,Critical Illness,8055.31,Partially Approved,,29,N,N,0.36,10,ASR-0043,5000,N,N,0.249,AGT-00805,Marcus Wright,Established,38,AU-02,Active,54,0.266,False,False,False,False,EXACT_DUPLICATE
RID-0041596,POLICY_ADMIN,03-05-2026 16:19,CUS-007335,Nurul Aisyah Ng,Female,10-01-1985,41,Married,Citizen,Technician,80584,50k-100k,D15,nurul.aisyah.ng34@example.com,+65 86861112,POL-0041596,02-03-2024,04-03-2024,PRUFlexiCash,Savings & Wealth,Bancassurance,Annual,16026.15,214000,16026.15,0.0334,30,Inforce,30,N,,Y,,N,,,,,28,Y,CLM-0041596,13-07-2024,Accident,793.78,Partially Approved,,20,N,N,0.72,8,ASR-0044,50000,N,N,0.208,,,,,,,,,False,False,False,False,EXACT_DUPLICATE
RID-0012361,CLAIMS_SYS,29-07-2026 13:28,CUS-006411,Daniel Ibrahim,Male,18-07-1973,53,Divorced,Permanent Resident,Manager,188151,100k-200k,D24,daniel.ibrahim412@example.com,+65 87996454,POL-0012361,13-01-2025,23-01-2025,PRUVantage Legacy,Savings & Wealth,Bancassurance,Annual,26531.41,494000,26531.41,0.052,5,Lapsed,19,Y,01-05-2025,N,,N,,,,,179,N,CLM-0012361,30-05-2026,Critical Illness,13009.36,Approved,,28,N,N,0.67,6,ASR-0038,100000,N,N,0.176,,,,,,,,,False,False,False,False,EXACT_DUPLICATE
RID-0010756,CRM,24-06-2026 13:00,CUS-018202,Siew Peng Yusof,Female,01-04-1977,49,Widowed,Foreigner,Healthcare,31865,Below 50k,D21,siew.peng.yusof437@example.com,+65 86734453,POL-0010756,07-02-2026,10-03-2026,PRUShield Premier,Health & IP,Agency,Quarterly,2065.56,737000,2065.56,0.2018,20,Inforce,5,N,,Y,Public A-Ward,N,,,,,231,N,CLM-0010756,24-03-2026,Hospitalisation,3256.05,Pending,,44,N,N,0.47,10,ASR-0047,5000,N,N,0.362,AGT-00932,Jia Hui Salleh,Established,75,AU-34,Active,79.5,0.164,False,False,False,False,EXACT_DUPLICATE
RID-0008403,CRM,15-07-2026 09:33,CUS-037785,Divya Turner,Female,19-10-1993,33,Single,Citizen,Sales,373358,200k-400k,D20,divya.turner306@example.com,+65 86169685,POL-0008403,17-07-2023,18-08-2023,PRUActive Term,Protection,Bancassurance,Semi-Annual,4402.19,230000,4402.19,0.2333,30,Inforce,37,N,,Y,,N,,,,,281,N,CLM-0008403,27-09-2025,Accident,19980.92,Withdrawn,,9,N,N,0.55,8,ASR-0018,25000,N,N,0.194,,,,,,,,,False,False,False,False,EXACT_DUPLICATE
RID-0028180,CRM,31-08-2026 16:01,CUS-026452,Jonathan Seah,Male,18-05-1987,39,Divorced,Citizen,Manager,179420,100k-200k,D26,jonathan.seah216@example.com,+65 87304691,POL-0028180,19-12-2023,02-01-2024,PRUCritical Cover,Protection,Broker,Annual,5617.75,2758000,5617.75,0.2881,10,Inforce,32,N,,Y,,N,,,,,107,N,CLM-0028180,29-04-2024,Hospitalisation,688.51,Approved,,11,N,N,0.84,8,ASR-0051,5000,N,N,0.056,AGT-00490,Kavitha Reddy,Established,71,AU-23,Active,91.4,0.067,False,False,False,False,EXACT_DUPLICATE
RID-0011328,POLICY_ADMIN,15-07-2026 21:02,CUS-007113,Cheryl Chong,Female,28-03-1972,54,Widowed,Citizen,Manager,30000,Below 50k,D27,cheryl.chong377@example.com,+65 94064150,POL-0011328,06-06-2024,07-06-2024,PRUFlexiCash,Savings & Wealth,Agency,Quarterly,49694.88,214000,49694.88,0.095,25,Inforce,27,N,,Y,,N,,,,,81,N,,,,,,,,N,N,0.22,5,,,,,,AGT-00201,Xin Yi Rahman,New,5,AU-23,Active,40.3,0.081,False,False,False,False,EXACT_DUPLICATE
RID-0035505,CRM,20-06-2026 22:25,CUS-033481,Vikram Toh,Male,14-06-1982,44,Divorced,Permanent Resident,Self-Employed,58655,50k-100k,D25,vikram.toh97@example.com,+65 95751325,POL-0035505,20-01-2023,23-01-2023,PRUTerm Secure,Protection,Agency,Quarterly,1683.14,1703000,1683.14,0.329,15,Inforce,43,N,,Y,,N,,,,,60,N,CLM-0035505,28-02-2026,Disability,546.34,Approved,,27,N,N,0.93,10,ASR-0055,5000,N,N,0.383,AGT-00561,Mei Yi Sim,New,11,AU-39,Active,80.8,0.359,False,False,False,False,EXACT_DUPLICATE
RID-0001329,CLAIMS_SYS,27-06-2026 04:09,CUS-012002,Kavitha Ho,Female,26-03-1987,39,Widowed,Permanent Resident,Civil Service,106914,100k-200k,D01,kavitha.ho422@example.com,+65 89743379,POL-0001329,14-05-2025,26-05-2025,PRUFlexiCash,Savings & Wealth,Agency,Monthly,34004.68,55000,34004.68,0.0926,30,Inforce,15,N,,Y,,N,,,,,92,N,CLM-0001329,28-09-2025,Outpatient Specialist,6697.61,Approved,,15,N,N,0.53,7,ASR-0032,25000,N,N,0.171,AGT-01090,Zarina Seah,Established,67,AU-26,Active,81.1,0.393,False,False,False,False,EXACT_DUPLICATE
RID-0019507,CRM,11-04-2026 15:21,CUS-009152,Rohan Teo,Male,05-10-1979,47,Divorced,Citizen,Retired,71450,50k-100k,D07,rohan.teo335@example.com,+65 99901690,POL-0019507,30-11-2025,01-01-2026,PRUSelect Vantage,Investment-Linked,Agency,Monthly,31486.18,814000,31486.18,0.1776,20,Inforce,8,N,,Y,,N,,,,,88,N,CLM-0019507,30-06-2026,Accident,6308.17,Approved,,26,N,N,0.92,10,ASR-0045,10000,N,N,0.331,AGT-00867,Marcus Menon,Established,60,AU-09,Active,85.1,0.367,False,False,False,False,EXACT_DUPLICATE
RID-0023568,CLAIMS_SYS,16-05-2026 22:51,CUS-018605,Wei Ming Yeo,Male,10-06-1992,34,Divorced,Citizen,Executive,71397,50k-100k,D27,wei.ming.yeo208@example.com,+65 84969180,POL-0023568,21-11-2023,30-11-2023,PRUSave Endowment,Savings & Wealth,Broker,Monthly,27039.1,494000,27039.1,0.0913,25,Inforce,33,N,,Y,,N,,,,,13,Y,CLM-0023568,02-03-2025,Day Surgery,2854.29,Partially Approved,,21,N,N,-0.08,7,ASR-0039,100000,N,N,0.295,AGT-00618,Hui Ling Wright,New,5,AU-01,Active,89.5,0.311,False,False,False,False,EXACT_DUPLICATE
RID-0017868,AGENCY_MGMT,09-05-2026 07:16,CUS-015203,Edwin Chong,Male,23-08-1982,44,Widowed,Citizen,Professional,61282,50k-100k,D15,edwin.chong54@example.com,+65 88335419,POL-0017868,01-06-2025,09-06-2025,PRUShield Life,Protection,Bancassurance,Monthly,4523.61,1463000,4523.61,0.2455,10,Inforce,14,N,,Y,,N,,,,,360,N,CLM-0017868,06-08-2026,Day Surgery,7898.84,Approved,,19,N,N,-0.01,9,ASR-0003,10000,N,N,0.172,,,,,,,,,False,False,False,False,EXACT_DUPLICATE
RID-0015254,AGENCY_MGMT,28-03-2026 20:38,CUS-016927,Jun Hao Turner,Male,27-01-2000,26,Widowed,Citizen,Technician,96797,50k-100k,D22,jun.hao.turner409@example.com,+65 97402896,POL-0015254,29-11-2025,04-12-2025,PRUExtra Care,Health & IP,Agency,Annual,4417.24,685000,4417.24,0.1862,5,Inforce,9,N,,Y,Public A-Ward,Y,1700.77,1700.77,0,2500,6,N,,,,,,,,N,N,0.74,6,,,,,,AGT-00772,Aravind Yeo,Senior,51,AU-35,Active,58.9,0.469,False,False,False,False,EXACT_DUPLICATE
RID-0022469,AGENCY_MGMT,25-04-2026 16:43,CUS-011435,Aravind Chan,Male,22-06-1984,42,Divorced,Permanent Resident,Technician,112780,100k-200k,D17,aravind.chan437@example.com,+65 98791542,POL-0022469,24-04-2023,04-06-2023,PRUVantage Legacy,Savings & Wealth,Agency,Annual,13785.07,301000,13785.07,0.085,15,Inforce,39,N,,Y,,N,,,,,234,N,CLM-0022469,13-12-2023,Hospitalisation,236.07,Approved,,20,N,Y,-0.36,1,ASR-0043,5000,N,N,0.183,AGT-00561,Mei Yi Sim,New,11,AU-39,Active,80.8,0.359,False,False,False,False,EXACT_DUPLICATE
RID-0026959,CLAIMS_SYS,06-04-2026 01:26,CUS-016954,Mei Yi Kamal,Female,03-07-2005,21,Widowed,Citizen,Professional,85497,50k-100k,D25,mei.yi.kamal382@example.com,+65 99785418,POL-0026959,21-01-2026,25-01-2026,PRUWealth Plus,Savings & Wealth,Bancassurance,Semi-Annual,2914.5,442000,2914.5,0.0573,10,Cancelled,7,Y,20-08-2026,N,,N,,,,,2,N,CLM-0026959,21-06-2026,Critical Illness,14876.05,Approved,,35,N,N,0.4,10,ASR-0037,50000,N,N,0.35,,,,,,,,,False,False,False,False,EXACT_DUPLICATE
RID-0036240,CLAIMS_SYS,06-04-2026 04:42,CUS-020885,Suresh Seah,Male,04-08-1985,41,Divorced,Citizen,Professional,67987,50k-100k,D05,suresh.seah102@example.com,+65 93671173,POL-0036240,16-09-2024,24-09-2024,PRUTerm Secure,Protection,Bancassurance,Annual,6384.69,565000,6384.69,0.2438,15,Lapsed,23,Y,07-06-2026,Y,,N,,,,,48,Y,CLM-0036240,10-05-2025,Accident,3765.37,Approved,,21,N,N,0.16,6,ASR-0037,50000,N,N,0.404,,,,,,,,,False,False,False,False,EXACT_DUPLICATE
RID-0015512,POLICY_ADMIN,22-05-2026 19:55,CUS-023810,Hakim Kamal,Male,21-01-1994,32,Single,Permanent Resident,Civil Service,133174,100k-200k,D12,hakim.kamal308@example.com,+65 99472287,POL-0015512,01-07-2023,10-07-2023,PRUFlexiCash,Savings & Wealth,Bancassurance,Monthly,26021.12,242000,26021.12,0.0435,5,Inforce,38,N,,Y,,N,,,,,47,N,CLM-0015512,04-08-2023,Maternity,1806.87,Approved,,9,N,Y,-0.86,3,ASR-0057,50000,N,N,0.376,,,,,,,,,False,False,False,False,EXACT_DUPLICATE
RID-0029295,CLAIMS_SYS,31-07-2026 04:47,CUS-011200,Siti Nadia Nair,Female,15-05-1995,31,Single,Citizen,Retired,330920,200k-400k,D02,siti.nadia.nair313@example.com,+65 96151236,POL-0029295,12-11-2025,18-11-2025,PRUSave Endowment,Savings & Wealth,Bancassurance,Monthly,30418.18,464000,30418.18,0.0824,99,Inforce,9,N,,Y,,N,,,,,0,N,CLM-0029295,23-07-2026,Accident,2089.75,Pending,,20,N,N,0.89,7,ASR-0009,25000,N,N,0.087,,,,,,,,,False,False,False,False,EXACT_DUPLICATE
RID-0039899,POLICY_ADMIN,02-08-2026 19:00,CUS-027670,Valerie Salleh,Female,10-02-1983,43,Married,Citizen,Self-Employed,39169,Below 50k,D15,valerie.salleh343@example.com,+65 95978054,POL-0039899,18-05-2023,25-06-2023,PRUWealth Plus,Savings & Wealth,Digital,Semi-Annual,20179.71,293000,20179.71,0.0636,25,Inforce,38,N,,Y,,N,,,,,67,N,,,,,,,,N,N,0.18,8,,,,,,,,,,,,,,False,False,False,False,EXACT_DUPLICATE
RID-0020184,AGENCY_MGMT,30-03-2026 22:04,CUS-010257,Deepak Toh,Male,15-11-1993,33,Divorced,Permanent Resident,Retired,42202,Below 50k,D12,deepak.toh337@example.com,+65 93895416,POL-0020184,21-05-2024,13-06-2024,PRUWealth Plus,Savings & Wealth,Bancassurance,Monthly,44779.43,415000,44779.43,0.0596,30,Inforce,27,N,,Y,,N,,,,,111,N,,,,,,,,N,N,0.98,7,,,,,,,,,,,,,,False,False,False,False,EXACT_DUPLICATE
RID-0001187,AGENCY_MGMT,10-05-2026 00:39,CUS-017915,Siew Peng Foo,Female,27-11-2000,26,Married,Citizen,Technician,134601,100k-200k,D18,siew.peng.foo373@example.com,+65 89195858,POL-0001187,12-04-2023,23-04-2023,PRUCritical Cover,Protection,Agency,Annual,6295.68,1283000,6295.68,0.2889,5,Inforce,40,N,,Y,,N,,,,,113,N,CLM-0001187,06-08-2023,Hospitalisation,5239.57,Approved,,14,N,N,0.92,7,ASR-0060,10000,N,N,0.327,AGT-00411,Valerie Neo,New,12,AU-07,Active,35.3,0.253,False,False,False,False,EXACT_DUPLICATE
RID-0041220,POLICY_ADMIN,21-06-2026 12:20,CUS-033331,Nurul Aisyah Foo,Female,11-04-1983,43,Divorced,Citizen,Sales,186097,100k-200k,D03,nurul.aisyah.foo322@example.com,+65 96544533,POL-0041220,26-07-2024,17-08-2024,PRUTerm Secure,Protection,Agency,Monthly,3488.93,1369000,3488.93,0.2672,15,Inforce,24,N,,Y,,N,,,,,0,N,CLM-0041220,09-05-2026,Disability,3392.81,Approved,,35,N,N,0.48,10,ASR-0051,5000,N,N,0.19,AGT-00554,Lakshmi Mitchell,Established,20,AU-22,Active,66.8,0.226,False,False,False,False,EXACT_DUPLICATE
RID-0013439,CRM,29-06-2026 20:54,CUS-021859,Zarina Chong,Female,06-05-2003,23,Married,Citizen,Sales,113597,100k-200k,D05,zarina.chong195@example.com,+65 86076587,POL-0013439,21-07-2025,15-08-2025,PRUShield Standard,Health & IP,Agency,Annual,7371.62,917000,7371.62,0.1426,10,Inforce,12,N,,Y,Private Hospital,Y,2327.92,2327.92,0,0,153,Y,CLM-0013439,31-05-2026,Disability,9007.25,Approved,,11,N,N,0.65,6,ASR-0033,25000,N,N,0.189,AGT-00234,Divya Low,Senior,144,AU-19,Active,66.6,0.242,False,False,False,False,EXACT_DUPLICATE
RID-0029906,CRM,06-03-2026 06:06,CUS-035748,Hui Ling Chua,Female,02-11-1988,38,Single,Citizen,Education,46440,Below 50k,D17,hui.ling.chua155@example.com,+65 92427324,POL-0029906,12-06-2024,30-06-2024,PRUTerm Secure,Protection,Agency,Monthly,3287.86,2709000,3287.86,0.2724,10,Inforce,26,N,,Y,,N,,,,,159,N,,,,,,,,N,N,0.56,6,,,,,,AGT-01073,Deepak Bennett,MDRT,226,AU-10,Active,67.1,0.23,False,False,False,False,EXACT_DUPLICATE
RID-0043270,POLICY_ADMIN,29-05-2026 04:06,CUS-036076,Zhi Hao Bennett,Male,20-12-1989,37,Divorced,Foreigner,Manager,106655,100k-200k,D23,zhi.hao.bennett355@example.com,+65 96389245,POL-0043270,18-08-2023,05-09-2023,PRUSave Endowment,Savings & Wealth,Broker,Annual,38323.8,155000,38323.8,0.0469,25,Inforce,36,N,,Y,,N,,,,,0,N,CLM-0043270,12-11-2024,Hospitalisation,1698.28,Approved,,14,N,N,0.23,10,ASR-0042,10000,N,N,0.39,AGT-00543,Muhammad Ariff Low,New,4,AU-25,Active,60.4,0.229,False,False,False,False,EXACT_DUPLICATE
RID-0012767,CRM,17-07-2026 17:01,CUS-000081,Wan Ting Sharma,Female,04-09-1967,59,Married,Employment Pass,Retired,163745,100k-200k,D17,wan.ting.sharma5@example.com,+65 97039060,POL-0012767,15-12-2023,11-01-2024,PRUTerm Secure,Protection,Direct,Quarterly,4645.17,1629000,4645.17,0.338,5,Inforce,32,N,,Y,,N,,,,,145,N,,,,,,,,N,N,0.36,8,,,,,,,,,,,,,,False,False,False,False,EXACT_DUPLICATE
RID-0040289,CLAIMS_SYS,02-08-2026 11:44,CUS-032813,Kavitha Harper,Female,04-06-1991,35,Divorced,Permanent Resident,Manager,63575,50k-100k,D09,kavitha.harper110@example.com,+65 93299225,POL-0040289,15-01-2023,30-01-2023,PRUActive Term,Protection,Digital,Monthly,851.76,654000,851.76,0.2643,5,Lapsed,43,Y,30-10-2023,N,,N,,,,,113,N,CLM-0040289,21-02-2023,Disability,17142.8,Declined,Documentation incomplete,24,N,N,-0.06,10,ASR-0052,5000,N,N,0.028,,,,,,,,,False,False,False,False,EXACT_DUPLICATE
RID-0015145,AGENCY_MGMT,19-08-2026 06:02,CUS-012566,Meera Rahman,Female,10-03-1992,34,Widowed,Citizen,Retired,177251,100k-200k,D18,meera.rahman15@example.com,+65 93194509,POL-0015145,12-11-2023,09-12-2023,PRUShield A Plus,Health & IP,Bancassurance,Semi-Annual,5257.65,1257000,5257.65,0.1079,30,Inforce,33,N,,Y,Public B1-Ward,Y,2458.45,2458.45,0,1500,85,N,CLM-0015145,19-12-2024,Disability,7305.86,Approved,,22,N,N,-0.11,7,ASR-0055,5000,N,N,0.213,,,,,,,,,False,False,False,False,EXACT_DUPLICATE
RID-0009885,POLICY_ADMIN,05-03-2026 08:16,CUS-023989,Aravind Raj,Male,12-04-1999,27,Widowed,Citizen,Manager,175815,100k-200k,D19,aravind.raj140@example.com,+65 94007143,POL-0009885,30-09-2024,05-11-2024,PRUWealth Plus,Savings & Wealth,Agency,Annual,36956.33,470000,36956.33,0.0549,10,Inforce,22,N,,Y,,N,,,,,160,N,CLM-0009885,11-02-2026,Maternity,7267.81,Approved,,15,N,N,-0.05,6,ASR-0042,10000,N,N,0.373,AGT-00438,Denise Ong,Senior,102,AU-36,Active,49.2,0.077,False,False,False,False,EXACT_DUPLICATE
RID-0028137,AGENCY_MGMT,26-03-2026 13:42,CUS-023948,Samantha Chan,Female,05-11-1981,45,Married,Permanent Resident,Retired,127179,100k-200k,D24,samantha.chan4@example.com,+65 95086087,POL-0028137,11-12-2023,15-12-2023,PRUCritical Cover,Protection,Bancassurance,Annual,1118.69,1072000,1118.69,0.2804,30,Inforce,33,N,,Y,,N,,,,,56,N,CLM-0028137,08-07-2024,Maternity,2032.38,Approved,,38,N,N,0.25,8,ASR-0009,25000,N,N,0.085,,,,,,,,,False,False,False,False,EXACT_DUPLICATE
RID-0026428,AGENCY_MGMT,28-03-2026 18:01,CUS-032980,Samantha Mitchell,Female,07-01-1961,65,Divorced,Citizen,Civil Service,107482,100k-200k,D23,samantha.mitchell340@example.com,+65 97779148,POL-0026428,13-02-2023,03-03-2023,PRUFlexiCash,Savings & Wealth,Bancassurance,Monthly,23782.88,407000,23782.88,0.0505,5,Surrendered,42,Y,08-11-2025,Y,,N,,,,,88,N,,,,,,,,N,N,0.31,10,,,,,,,,,,,,,,False,False,False,False,EXACT_DUPLICATE
RID-0010452,AGENCY_MGMT,14-06-2026 01:20,CUS-002482,Siti Nadia Nair,Female,11-08-1954,72,Single,Employment Pass,Sales,58171,50k-100k,D20,siti.nadia.nair165@example.com,+65 85946651,POL-0010452,27-10-2023,06-12-2023,PRUCritical Cover,Protection,Agency,Annual,4549.47,2798000,4549.47,0.2771,99,Inforce,33,N,,Y,,N,,,,,26,N,CLM-0010452,08-02-2024,Death Benefit,8234,Approved,,16,N,Y,-0.97,2,ASR-0007,25000,N,N,0.022,AGT-00267,Valerie Mitchell,Established,73,AU-25,Active,53.8,0.228,False,False,False,False,EXACT_DUPLICATE
RID-0005414,CRM,29-03-2026 22:36,CUS-039672,Zarina Low,Female,06-03-1986,40,Widowed,Citizen,Self-Employed,47248,Below 50k,D02,zarina.low259@example.com,+65 96244220,POL-0005414,12-02-2023,27-03-2023,PRUShield Premier,Health & IP,Agency,Annual,6929.37,296000,6929.37,0.1384,25,Inforce,41,N,,Y,Public A-Ward,Y,3591.46,3591.46,0,2500,0,N,CLM-0005414,20-12-2023,Hospitalisation,2727.51,Approved,,29,N,N,0.75,6,ASR-0017,50000,N,N,0.211,AGT-00379,Edwin Ng,Established,38,AU-19,Active,39,0.322,False,False,False,False,EXACT_DUPLICATE
RID-0014767,AGENCY_MGMT,05-04-2026 08:45,CUS-000290,Faisal Menon,Male,22-03-1998,28,Married,Citizen,Retired,41551,Below 50k,D24,faisal.menon69@example.com,+65 81816157,POL-0014767,28-12-2023,02-01-2024,PRUShield Premier,Health & IP,Agency,Annual,3281.71,1101000,3281.71,0.1538,5,Inforce,32,N,,Y,Private Hospital,Y,1317.34,1317.34,0,2500,0,Y,CLM-0014767,21-12-2024,Maternity,2412.69,Approved,,2,N,N,0.41,9,ASR-0017,50000,N,N,0.153,AGT-00289,Edwin Menon,New,2,AU-20,Active,64.5,0.081,False,False,False,False,EXACT_DUPLICATE
RID-0031190,CRM,20-04-2026 12:34,CUS-037269,Arjun Low,Male,09-09-1986,40,Single,Citizen,Education,87880,50k-100k,D11,arjun.low342@example.com,+65 88718791,POL-0031190,28-03-2024,06-05-2024,PRULink Global Growth,Investment-Linked,Agency,Annual,42879.67,296000,42879.67,0.0966,20,Matured,28,N,,Y,,N,,,,,69,N,,,,,,,,N,N,0.28,5,,,,,,AGT-01106,Xin Yi Turner,Established,47,AU-03,Active,56.4,0.043,False,False,False,False,EXACT_DUPLICATE
RID-0019547,CRM,12-07-2026 12:10,CUS-007421,Terence Ng,Male,22-10-1974,52,Widowed,Permanent Resident,Self-Employed,275925,200k-400k,D17,terence.ng434@example.com,+65 93548425,POL-0019547,12-08-2025,03-09-2025,PRUShield Life,Protection,Agency,Quarterly,4483.23,1566000,4483.23,0.3288,5,Inforce,12,N,,Y,,N,,,,,67,N,,,,,,,,N,N,0.36,9,,,,,,AGT-00435,Zarina Ibrahim,Senior,53,AU-37,Active,26,0.373,False,False,False,False,EXACT_DUPLICATE
RID-0004877,CLAIMS_SYS,18-03-2026 09:17,CUS-002108,Edwin Yeo,Male,15-06-1967,59,Single,Citizen,Sales,134394,100k-200k,D17,edwin.yeo209@example.com,+65 95220908,POL-0004877,17-05-2025,20-06-2025,PRUShield Standard,Health & IP,Bancassurance,Annual,3824.47,504000,3824.47,0.1611,25,Lapsed,14,Y,26-01-2026,N,Private Hospital,N,,,,,4,Y,CLM-0004877,21-02-2026,Maternity,2866.93,Approved,,40,N,N,0.42,8,ASR-0012,100000,N,N,0.234,,,,,,,,,False,False,False,False,EXACT_DUPLICATE
RID-0031007,AGENCY_MGMT,22-05-2026 17:46,CUS-008308,Kavitha Rahman,Female,02-03-1997,29,Divorced,Citizen,Self-Employed,66753,50k-100k,D15,kavitha.rahman42@example.com,+65 98679248,POL-0031007,27-03-2024,03-05-2024,PRUShield Life,Protection,Agency,Quarterly,6704.34,1088000,6704.34,0.3216,30,Surrendered,28,Y,10-08-2024,N,,N,,,,,93,N,,,,,,,,N,N,0.25,8,,,,,,AGT-00155,Daniel Turner,Established,92,AU-17,Active,99.9,0.436,False,False,False,False,EXACT_DUPLICATE
RID-0000075,AGENCY_MGMT,25-03-2026 03:54,CUS-036196,Daniel Aziz,Male,13-10-1970,56,Married,Citizen,Manager,102051,100k-200k,D03,daniel.aziz217@example.com,+65 88454740,POL-0000075,27-06-2025,27-07-2025,PRUActive Term,Protection,Bancassurance,Monthly,2654.73,646000,2654.73,0.2403,10,Inforce,13,N,,Y,,N,,,,,17,Y,CLM-0000075,03-08-2026,Critical Illness,534.11,Approved,,30,N,N,0.75,9,ASR-0006,25000,N,N,0.337,,,,,,,,,False,False,False,False,EXACT_DUPLICATE
RID-0041586,POLICY_ADMIN,05-08-2026 16:50,CUS-010979,Siti Nadia Yeo,Female,07-09-1974,52,Widowed,Permanent Resident,Manager,69016,50k-100k,D20,siti.nadia.yeo387@example.com,+65 87109721,POL-0041586,25-08-2024,29-08-2024,PRUSave Endowment,Savings & Wealth,Direct,Quarterly,35376.79,360000,35376.79,0.0373,99,Inforce,24,N,,Y,,N,,,,,0,Y,CLM-0041586,10-04-2025,Maternity,1294.8,Approved,,16,N,N,0.73,8,ASR-0048,25000,N,N,0.226,,,,,,,,,False,False,False,False,EXACT_DUPLICATE
RID-0010973,CRM,02-07-2026 14:33,CUS-023494,Samantha Nair,Female,16-06-1974,52,Divorced,Citizen,Civil Service,92763,50k-100k,D14,samantha.nair408@example.com,+65 96506432,POL-0010973,22-05-2026,07-06-2026,PRUSave Endowment,Savings & Wealth,Agency,Annual,29858.78,264000,29858.78,0.0556,99,Inforce,2,N,,Y,,N,,,,,175,Y,CLM-0010973,16-06-2026,Day Surgery,5021.82,Approved,,18,N,N,0.83,6,ASR-0022,25000,N,N,0.389,AGT-00976,Daniel Ong,Established,31,AU-05,Active,32.5,0.531,False,False,False,False,EXACT_DUPLICATE
RID-0005659,CRM,23-07-2026 17:24,CUS-039567,Hui Ling Toh,Female,27-07-1964,62,Widowed,Employment Pass,Self-Employed,150847,100k-200k,D26,hui.ling.toh313@example.com,+65 87908980,POL-0005659,29-07-2024,04-09-2024,PRUVantage Legacy,Savings & Wealth,Bancassurance,Annual,6012.18,296000,6012.18,0.0823,99,Inforce,24,N,,Y,,N,,,,,0,Y,CLM-0005659,04-01-2025,Critical Illness,4544.98,Approved,,22,N,N,0.3,7,ASR-0041,5000,N,N,0.193,,,,,,,,,False,False,False,False,EXACT_DUPLICATE
RID-0035611,POLICY_ADMIN,02-07-2026 12:52,CUS-020636,Chee Keong Harper,Male,21-10-1982,44,Single,Foreigner,Civil Service,49164,Below 50k,D07,chee.keong.harper234@example.com,+65 86984681,POL-0035611,26-09-2024,29-10-2024,PRUWealth Plus,Savings & Wealth,Agency,Monthly,41993.28,281000,41993.28,0.0464,5,Inforce,22,N,,Y,,N,,,,,296,Y,CLM-0035611,12-01-2026,Hospitalisation,23352.92,Approved,,21,N,N,-0.13,9,ASR-0003,10000,N,N,0.171,AGT-00498,Daniel Foo,Established,37,AU-25,Active,83.8,0.445,False,False,False,False,EXACT_DUPLICATE
RID-0008936,CLAIMS_SYS,13-07-2026 19:56,CUS-024620,Xin Yi Raj,Female,25-01-1971,55,Divorced,Citizen,Education,60730,50k-100k,D20,xin.yi.raj357@example.com,+65 98812256,POL-0008936,11-03-2026,04-04-2026,PRUTerm Secure,Protection,Agency,Annual,8574.23,248000,8574.23,0.2273,10,Inforce,5,N,,Y,,N,,,,,50,N,CLM-0008936,29-04-2026,Day Surgery,9596.19,Declined,Pre-existing condition,7,Y,Y,-0.64,5,ASR-0037,50000,N,N,0.397,AGT-01188,Aravind Menon,New,5,AU-01,Active,94.9,0.445,False,False,False,False,EXACT_DUPLICATE
RID-0029045,CLAIMS_SYS,03-05-2026 05:20,CUS-035836,Farah Neo,Female,20-11-1988,38,Married,Citizen,Self-Employed,81519,50k-100k,D27,farah.neo289@example.com,+65 81510926,POL-0029045,05-07-2024,09-07-2024,PRUVantage Legacy,Savings & Wealth,Agency,Annual,30980.51,349000,30980.51,0.0802,15,Inforce,26,N,,Y,,N,,,,,0,Y,,,,,,,,N,N,0.03,6,,,,,,AGT-00292,Jun Hao Reddy,New,10,AU-19,Active,95,0.382,False,False,False,False,EXACT_DUPLICATE
RID-0042037,CLAIMS_SYS,12-08-2026 14:45,CUS-006354,Iskandar Osman,Male,17-03-1975,51,Married,Citizen,Civil Service,60271,50k-100k,D08,iskandar.osman348@example.com,+65 89072189,POL-0042037,28-09-2023,28-10-2023,PRUTerm Secure,Protection,Agency,Monthly,1942.99,2719000,1942.99,0.2424,5,Inforce,34,N,,Y,,N,,,,,0,N,CLM-0042037,01-12-2025,Critical Illness,9491.93,Partially Approved,,12,N,N,0.49,6,ASR-0002,25000,N,N,0.117,AGT-01002,Arjun Nair,New,4,AU-34,Active,48.7,0.381,False,False,False,False,EXACT_DUPLICATE
RID-0026529,AGENCY_MGMT,24-05-2026 02:21,CUS-020858,Muhammad Ariff Harper,Male,07-11-2001,25,Married,Citizen,Healthcare,105577,100k-200k,D18,muhammad.ariff.harper187@example.com,+65 99888872,POL-0026529,28-12-2023,06-02-2024,PRUCritical Cover,Protection,Agency,Semi-Annual,7070.44,693000,7070.44,0.2401,15,Inforce,31,N,,Y,,N,,,,,74,N,CLM-0026529,22-10-2024,Outpatient Specialist,14940.28,Approved,,16,N,N,-0.03,7,ASR-0034,100000,N,N,0.384,AGT-00922,Nurul Aisyah Chong,Established,75,AU-08,Active,72.6,0.776,False,False,False,False,EXACT_DUPLICATE
RID-0042309,CLAIMS_SYS,27-05-2026 05:43,CUS-030828,Yong Sheng Chua,Male,23-03-1986,40,Divorced,Foreigner,Education,98264,50k-100k,D06,yong.sheng.chua277@example.com,+65 86271833,POL-0042309,23-05-2025,03-07-2025,PRUShield Premier,Health & IP,Bancassurance,Annual,2160.42,1139000,2160.42,0.1323,10,Inforce,14,N,,Y,Private Hospital,Y,864.23,864.23,0,0,9,N,CLM-0042309,05-03-2026,Maternity,24644.46,Approved,,24,N,N,0.79,6,ASR-0052,5000,N,N,0.299,,,,,,,,,False,False,False,False,EXACT_DUPLICATE
RID-0040314,AGENCY_MGMT,29-07-2026 17:47,CUS-011311,Denise Goh,Female,06-06-1995,31,Divorced,Citizen,Executive,42212,Below 50k,D21,denise.goh194@example.com,+65 93587308,POL-0040314,27-05-2026,05-07-2026,PRUWealth Plus,Savings & Wealth,Agency,Monthly,4999.04,341000,4999.04,0.0571,30,Inforce,1,N,,Y,,N,,,,,164,N,CLM-0040314,23-08-2026,Accident,1946,Partially Approved,,9,N,N,0.56,10,ASR-0009,25000,N,N,0.321,AGT-00512,Deepak Kumar,Established,67,AU-01,Active,51.5,0.092,False,False,False,False,EXACT_DUPLICATE
RID-0028151,CLAIMS_SYS,14-08-2026 10:36,CUS-022774,Meera Bennett,Female,27-10-1985,41,Married,Citizen,Education,126471,100k-200k,D18,meera.bennett201@example.com,+65 85834883,POL-0028151,26-07-2023,02-09-2023,PRUSave Endowment,Savings & Wealth,Bancassurance,Monthly,8089.05,47000,8089.05,0.0646,25,Surrendered,36,Y,25-07-2024,N,,N,,,,,0,Y,CLM-0028151,07-05-2025,Hospitalisation,2370.83,Declined,Waiting period not served,17,N,N,0.7,8,ASR-0036,25000,N,N,0.086,,,,,,,,,False,False,False,False,EXACT_DUPLICATE
RID-0010984,CRM,08-03-2026 12:54,CUS-040424,Jun Hao Ng,Male,17-12-1981,45,Widowed,Employment Pass,Healthcare,30000,Below 50k,D01,jun.hao.ng42@example.com,+65 92577296,POL-0010984,31-10-2024,10-11-2024,PRUExtra Care,Health & IP,Agency,Monthly,4866.8,1307000,4866.8,0.1339,20,Inforce,22,N,,Y,Public A-Ward,Y,1671.12,1671.12,0,2500,19,N,CLM-0010984,19-11-2025,Day Surgery,6285.45,Approved,,19,N,N,0.82,7,ASR-0012,100000,N,N,0.013,AGT-00087,Valerie Ho,Established,45,AU-19,Active,23.5,0.386,False,False,False,False,EXACT_DUPLICATE
RID-0045876,CRM,29-08-2026 12:46,CUS-023363,Wei Ming Sharma,Male,13-08-1978,48,Divorced,Employment Pass,Education,56508,50k-100k,D24,wei.ming.sharma480@example.com,+65 82225364,POL-0045876,05-08-2025,02-09-2025,PRUSelect Vantage,Investment-Linked,Agency,Annual,3248.05,797000,3248.05,0.1207,15,Inforce,12,N,,Y,,N,,,,,37,N,CLM-0045876,08-05-2026,Critical Illness,1104.75,Approved,,25,N,N,-0.02,10,ASR-0001,50000,N,N,0.151,AGT-00009,Nicholas Sharma,Established,76,AU-22,Resigned,24,0.191,False,False,False,False,EXACT_DUPLICATE
RID-0047022,AGENCY_MGMT,16-06-2026 06:39,CUS-001918,Zarina Hassan,Female,18-01-1998,28,Married,Citizen,Healthcare,170373,100k-200k,D20,zarina.hassan253@example.com,+65 98238215,POL-0047022,09-08-2025,05-09-2025,PRUShield Premier,Health & IP,Agency,Monthly,3041.27,550000,3041.27,0.1368,99,Inforce,12,N,,Y,Private Hospital,N,,,,,143,Y,CLM-0047022,04-04-2026,Accident,5189.05,Partially Approved,,16,N,N,0.24,9,ASR-0018,25000,N,N,0.264,AGT-00754,Divya Chua,Senior,130,AU-06,Active,92.7,0.656,False,False,False,False,EXACT_DUPLICATE
RID-0036872,CRM,31-03-2026 18:27,CUS-002721,Anjali Low,Female,27-04-1989,37,Widowed,Permanent Resident,Self-Employed,212816,200k-400k,D04,anjali.low278@example.com,+65 81253219,POL-0036872,24-11-2023,27-12-2023,PRUWealth Plus,Savings & Wealth,Direct,Monthly,38902.79,84000,38902.79,0.0395,15,Inforce,32,N,,Y,,N,,,,,50,N,,,,,,,,N,N,0.52,10,,,,,,,,,,,,,,False,False,False,False,EXACT_DUPLICATE
RID-0019243,AGENCY_MGMT,15-04-2026 21:57,CUS-039638,Iskandar Sharma,Male,09-11-1969,57,Married,Citizen,Civil Service,92422,50k-100k,D16,iskandar.sharma341@example.com,+65 84320299,POL-0019243,05-02-2023,19-02-2023,PRUVantage Legacy,Savings & Wealth,Agency,Monthly,58083.05,312000,58083.05,0.0581,10,Inforce,43,N,,Y,,N,,,,,0,N,CLM-0019243,20-03-2023,Disability,3087.89,Partially Approved,,15,N,N,0.13,6,ASR-0014,5000,N,N,0.165,AGT-00285,Rohan Sim,Established,21,AU-12,On Notice,42.4,0.262,False,False,False,False,EXACT_DUPLICATE
RID-0032616,POLICY_ADMIN,20-03-2026 10:51,CUS-033558,Faisal Nair,Male,25-07-1955,71,Single,Citizen,Retired,65150,50k-100k,D04,faisal.nair186@example.com,+65 94874586,POL-0032616,05-05-2025,31-05-2025,PRULink Assurance,Investment-Linked,Digital,Semi-Annual,38929.93,577000,38929.93,0.1671,5,Surrendered,15,Y,17-06-2026,N,,N,,,,,94,Y,CLM-0032616,25-02-2026,Disability,2586.28,Pending,,35,N,N,0.13,10,ASR-0037,50000,N,N,0.094,,,,,,,,,False,False,False,False,EXACT_DUPLICATE
RID-0026125,CLAIMS_SYS,05-08-2026 04:31,CUS-031216,Aravind Reddy,Male,19-01-1960,66,Widowed,Citizen,Healthcare,32927,Below 50k,D28,aravind.reddy337@example.com,+65 83093276,POL-0026125,28-04-2026,09-05-2026,PRUFlexiCash,Savings & Wealth,Agency,Monthly,35090.07,466000,35090.07,0.0769,99,Inforce,3,N,,Y,,N,,,,,0,Y,CLM-0026125,14-05-2026,Day Surgery,11661.56,Approved,,22,N,N,-0.15,10,ASR-0019,100000,N,N,0.194,AGT-00418,Iskandar Lee,New,3,AU-14,Resigned,58.8,0.372,False,False,False,False,EXACT_DUPLICATE
RID-0030813,CLAIMS_SYS,05-08-2026 13:07,CUS-037838,Vikram Raj,Male,15-03-1983,43,Widowed,Citizen,Healthcare,68875,50k-100k,D21,vikram.raj390@example.com,+65 93706343,POL-0030813,20-12-2025,01-01-2026,PRUActive Term,Protection,Agency,Monthly,2854.55,747000,2854.55,0.2804,15,Inforce,8,N,,Y,,N,,,,,50,N,CLM-0030813,13-01-2026,Hospitalisation,6723.31,Approved,,7,N,N,0.8,9,ASR-0026,10000,N,N,0.142,AGT-01200,Zhi Hao Chong,Established,31,AU-27,Active,76,0.21,False,False,False,False,EXACT_DUPLICATE
RID-0033500,CRM,30-07-2026 20:01,CUS-008521,Xin Yi Koh,Female,03-02-2001,25,Single,Foreigner,Retired,81146,50k-100k,D25,xin.yi.koh50@example.com,+65 92814161,POL-0033500,24-04-2026,08-05-2026,PRULink Global Growth,Investment-Linked,Agency,Annual,29944.76,869000,29944.76,0.1625,25,Inforce,3,N,,Y,,N,,,,,37,N,CLM-0033500,30-08-2026,Outpatient Specialist,3724.76,Approved,,15,N,N,0.39,8,ASR-0045,10000,N,N,0.31,AGT-00105,Kai Xuan Rahman,Established,69,AU-18,Active,48.8,0.271,False,False,False,False,EXACT_DUPLICATE
RID-0016745,POLICY_ADMIN,01-05-2026 10:57,CUS-008356,Suresh Wong,Male,20-03-1987,39,Married,Citizen,Sales,346467,200k-400k,D19,suresh.wong131@example.com,+65 86020693,POL-0016745,25-06-2024,19-07-2024,PRUExtra Care,Health & IP,Bancassurance,Semi-Annual,7170.29,516000,7170.29,0.1115,5,Inforce,25,N,,Y,Public A-Ward,Y,3332.97,3332.97,0,2500,0,Y,CLM-0016745,26-05-2025,Disability,2401.62,Approved,,29,N,N,0.77,9,ASR-0037,50000,N,N,0.267,,,,,,,,,False,False,False,False,EXACT_DUPLICATE
RID-0026013,AGENCY_MGMT,26-04-2026 03:12,CUS-018316,Kai Xuan Kumar,Male,08-10-1966,60,Single,Citizen,Self-Employed,57389,50k-100k,D11,kai.xuan.kumar472@example.com,+65 96781013,POL-0026013,05-02-2025,06-02-2025,PRUSelect Vantage,Investment-Linked,Agency,Quarterly,22793.26,684000,22793.26,0.1344,20,Inforce,19,N,,Y,,N,,,,,299,Y,CLM-0026013,23-11-2025,Accident,7177.2,Approved,,24,N,N,0.25,9,ASR-0022,25000,N,N,0.405,AGT-00501,Nicholas Yusof,Established,22,AU-04,Active,90.1,0.177,False,False,False,False,EXACT_DUPLICATE
RID-0020389,POLICY_ADMIN,16-08-2026 12:42,CUS-011464,Priya Teo,Female,02-07-1999,27,Married,Citizen,Retired,72071,50k-100k,D05,priya.teo233@example.com,+65 87682809,POL-0020389,02-12-2025,03-12-2025,PRUTerm Secure,Protection,Broker,Monthly,635.46,542000,635.46,0.3328,10,Inforce,9,N,,Y,,N,,,,,141,N,CLM-0020389,11-03-2026,Accident,4175.17,Approved,,32,N,N,0.69,6,ASR-0039,100000,N,N,0.362,AGT-00923,Terence Chong,Established,28,AU-25,Active,83,0.209,False,False,False,False,EXACT_DUPLICATE
RID-0017551,CLAIMS_SYS,06-05-2026 11:59,CUS-004243,Lakshmi Sharma,Female,16-01-1984,42,Single,Citizen,Manager,44540,Below 50k,D19,lakshmi.sharma356@example.com,+65 84723987,POL-0017551,07-04-2024,21-04-2024,PRUShield A Plus,Health & IP,Agency,Monthly,4742.02,227000,4742.02,0.1332,15,Inforce,28,N,,Y,Public B1-Ward,Y,1822.52,1822.52,0,1500,208,N,,,,,,,,N,N,0.42,8,,,,,,AGT-00540,Marcus Kumar,New,2,AU-34,Active,33,0.249,False,False,False,False,EXACT_DUPLICATE
RID-0031101,CLAIMS_SYS,06-05-2026 08:43,CUS-028639,Vikram Ho,Male,28-02-1993,33,Single,Citizen,Executive,36721,Below 50k,D10,vikram.ho136@example.com,+65 97359119,POL-0031101,29-05-2025,13-06-2025,PRUShield A Plus,Health & IP,Direct,Annual,1805.93,1470000,1805.93,0.1993,99,Inforce,14,N,,Y,Private Hospital,Y,679.86,679.86,0,0,5,N,CLM-0031101,27-01-2026,Death Benefit,1569.44,Approved,,7,N,N,0.84,9,ASR-0022,25000,N,N,0.215,,,,,,,,,False,False,False,False,EXACT_DUPLICATE
RID-0012516,POLICY_ADMIN,13-06-2026 09:36,CUS-022748,Siew Peng Mitchell,Female,08-07-1997,29,Married,Citizen,Self-Employed,33224,Below 50k,D17,siew.peng.mitchell271@example.com,+65 93543331,POL-0012516,15-07-2024,24-08-2024,PRUFlexiCash,Savings & Wealth,Bancassurance,Annual,17003.7,237000,17003.7,0.0587,15,Inforce,24,N,,Y,,N,,,,,42,N,CLM-0012516,12-06-2025,Disability,1874.87,Approved,,3,N,N,0.83,6,ASR-0050,5000,N,N,0.228,,,,,,,,,False,False,False,False,EXACT_DUPLICATE
RID-0000534,CLAIMS_SYS,03-08-2026 11:19,CUS-040059,Rachel Ho,Female,28-09-1958,68,Married,Permanent Resident,Self-Employed,30000,Below 50k,D02,rachel.ho386@example.com,+65 99727932,POL-0000534,10-07-2024,23-08-2024,PRUTerm Secure,Protection,Agency,Monthly,3938.25,1056000,3938.25,0.2236,15,Inforce,24,N,,Y,,N,,,,,10,N,CLM-0000534,01-09-2026,Maternity,18117.76,Approved,,26,N,N,0.38,9,ASR-0027,25000,N,N,0.201,AGT-00579,Zarina Ibrahim,Established,21,AU-14,Active,39.7,0.367,False,False,False,False,EXACT_DUPLICATE
RID-0036937,CLAIMS_SYS,18-08-2026 12:58,CUS-022440,Hakim Wong,Male,02-06-2005,21,Single,Citizen,Manager,50410,50k-100k,D22,hakim.wong48@example.com,+65 99504252,POL-0036937,04-01-2024,18-02-2024,PRUActive Term,Protection,Bancassurance,Monthly,2756.06,611000,2756.06,0.2649,25,Inforce,30,N,,Y,,N,,,,,0,N,,,,,,,,N,N,0.44,5,,,,,,,,,,,,,,False,False,False,False,EXACT_DUPLICATE
RID-0041637,CLAIMS_SYS,22-07-2026 23:22,CUS-027179,Xin Yi Chua,Female,14-11-1984,42,Widowed,Citizen,Technician,45916,Below 50k,D26,xin.yi.chua61@example.com,+65 94473310,POL-0041637,16-01-2025,06-02-2025,PRUShield Premier,Health & IP,Agency,Annual,1937.76,921000,1937.76,0.1728,25,Inforce,19,N,,Y,Public B1-Ward,Y,790.75,790.75,0,0,211,Y,,,,,,,,N,N,0.69,7,,,,,,AGT-00865,Anjali Turner,Established,23,AU-32,Active,34,0.114,False,False,False,False,EXACT_DUPLICATE
RID-0002578,POLICY_ADMIN,19-05-2026 04:38,CUS-031835,Terence Chan,Male,22-08-1951,75,Divorced,Citizen,Manager,36310,Below 50k,D24,terence.chan71@example.com,+65 89274206,POL-0002578,13-08-2025,23-09-2025,PRUFlexiCash,Savings & Wealth,Agency,Annual,54050.19,461000,54050.19,0.0749,5,Lapsed,11,Y,24-04-2026,N,,N,,,,,95,N,CLM-0002578,06-12-2025,Outpatient Specialist,6603.44,Withdrawn,,21,N,N,0.08,7,ASR-0059,50000,N,N,0.335,AGT-00057,Chee Keong Wong,Senior,159,AU-36,Active,30,0.348,False,False,False,False,EXACT_DUPLICATE
RID-0002389,CRM,06-07-2026 22:08,CUS-038506,Denise Wong,Female,19-02-1979,47,Married,Citizen,Healthcare,97874,50k-100k,D02,denise.wong383@example.com,+65 85191360,POL-0002389,04-02-2024,07-02-2024,PRUShield A Plus,Health & IP,Broker,Quarterly,1034.31,1206000,1034.31,0.1464,25,Inforce,31,N,,Y,Private Hospital,Y,432,432,0,0,0,Y,,,,,,,,N,N,0.93,8,,,,,,AGT-00011,Nurul Aisyah Aziz,Established,73,AU-13,Active,49.4,0.233,False,False,False,False,EXACT_DUPLICATE
RID-0015842,POLICY_ADMIN,24-04-2026 08:28,CUS-034438,Mei Yi Salleh,Female,11-04-1985,41,Widowed,Citizen,Technician,49698,Below 50k,D06,mei.yi.salleh100@example.com,+65 85084300,POL-0015842,27-04-2025,24-05-2025,PRUSelect Vantage,Investment-Linked,Digital,Annual,42217.97,742000,42217.97,0.1415,30,Cancelled,15,Y,27-07-2026,Y,,N,,,,,111,N,CLM-0015842,10-08-2026,Disability,2024.63,Approved,,10,N,N,0.91,8,ASR-0021,100000,N,N,0.381,,,,,,,,,False,False,False,False,EXACT_DUPLICATE
RID-0044378,CLAIMS_SYS,01-07-2026 12:35,CUS-018940,Vikram Koh,Male,08-05-1971,55,Widowed,Citizen,Healthcare,114966,100k-200k,D23,vikram.koh247@example.com,+65 93149413,POL-0044378,28-03-2025,16-04-2025,PRULink Assurance,Investment-Linked,Agency,Semi-Annual,19896.93,883000,19896.93,0.0984,15,Inforce,16,N,,Y,,N,,,,,111,N,CLM-0044378,29-05-2025,Death Benefit,16949.77,Declined,Waiting period not served,11,N,N,0.67,10,ASR-0049,100000,N,N,0.151,AGT-00536,Valerie Chong,Senior,101,AU-02,Active,56.6,0.125,False,False,False,False,EXACT_DUPLICATE
RID-0011826,CLAIMS_SYS,03-05-2026 08:37,CUS-038798,Farah Salleh,Female,26-04-1999,27,Widowed,Citizen,Education,69617,50k-100k,D13,farah.salleh415@example.com,+65 87546802,POL-0011826,15-11-2025,25-12-2025,PRUShield Premier,Health & IP,Bancassurance,Monthly,5936.77,1344000,5936.77,0.1465,5,Inforce,8,N,,Y,Public A-Ward,Y,1908.35,1908.35,0,0,45,N,CLM-0011826,29-12-2025,Outpatient Specialist,7368.3,Partially Approved,,23,N,N,0.8,10,ASR-0026,10000,N,N,0.108,,,,,,,,,False,False,False,False,EXACT_DUPLICATE
RID-0024347,CRM,17-04-2026 15:20,CUS-027107,Wei Ming Tan,Male,23-07-1969,57,Married,Citizen,Self-Employed,81301,50k-100k,D01,wei.ming.tan161@example.com,+65 95722368,POL-0024347,17-05-2025,23-05-2025,PRUFlexiCash,Savings & Wealth,Agency,Monthly,57298.41,94000,57298.41,0.0521,20,Inforce,15,N,,Y,,N,,,,,229,N,,,,,,,,N,N,0.64,10,,,,,,AGT-00765,Deepak Harper,Established,30,AU-24,Active,56.3,0.422,False,False,False,False,EXACT_DUPLICATE
RID-0005475,AGENCY_MGMT,22-04-2026 15:47,CUS-003278,Kai Xuan Chong,Male,14-09-1985,41,Married,Citizen,Retired,86844,50k-100k,D19,kai.xuan.chong473@example.com,+65 86234806,POL-0005475,19-07-2024,02-09-2024,PRUShield A Plus,Health & IP,Bancassurance,Annual,2342.04,380000,2342.04,0.1038,99,Inforce,24,N,,Y,Private Hospital,Y,936.72,936.72,0,0,0,N,,,,,,,,N,N,0.77,9,,,,,,,,,,,,,,False,False,False,False,EXACT_DUPLICATE
RID-0004166,CLAIMS_SYS,23-06-2026 03:46,CUS-002324,Zulkifli Lim,Male,15-05-1994,32,Single,Citizen,Technician,152666,100k-200k,D19,zulkifli.lim247@example.com,+65 89497142,POL-0004166,08-03-2025,09-03-2025,PRUShield Standard,Health & IP,Bancassurance,Annual,450.34,890000,450.34,0.1074,10,Inforce,18,N,,Y,Public A-Ward,Y,189.57,189.57,0,1500,73,N,CLM-0004166,30-07-2025,Outpatient Specialist,9881.85,Approved,,23,N,N,0.39,9,ASR-0017,50000,N,N,0.058,,,,,,,,,False,False,False,False,EXACT_DUPLICATE
RID-0044254,CRM,07-07-2026 09:26,CUS-030899,Zarina Fraser,Female,02-10-1996,30,Single,Employment Pass,Executive,126931,100k-200k,D01,zarina.fraser387@example.com,+65 88377895,POL-0044254,22-04-2026,23-04-2026,PRUExtra Care,Health & IP,Bancassurance,Semi-Annual,4876.56,365000,4876.56,0.1035,99,Inforce,4,N,,Y,Private Hospital,Y,1653.12,968.61,5,3500,89,Y,,,,,,,,N,N,0.54,9,,,,,,,,,,,,,,False,False,False,False,EXACT_DUPLICATE
RID-0017905,CLAIMS_SYS,27-07-2026 00:34,CUS-039491,Valerie Reddy,Female,12-03-1978,48,Married,Citizen,Manager,193237,100k-200k,D25,valerie.reddy84@example.com,+65 88104942,POL-0017905,02-03-2025,31-03-2025,PRUVantage Legacy,Savings & Wealth,Bancassurance,Monthly,44713.96,448000,44713.96,0.0761,20,Inforce,17,N,,Y,,N,,,,,144,N,,,,,,,,N,N,0.01,10,,,,,,,,,,,,,,False,False,False,False,EXACT_DUPLICATE
RID-0034484,AGENCY_MGMT,09-03-2026 10:53,CUS-037786,Chee Keong Raj,Male,12-08-1973,53,Single,Citizen,Sales,30000,Below 50k,D17,chee.keong.raj348@example.com,+65 97108344,POL-0034484,04-09-2024,09-10-2024,PRUTerm Secure,Protection,Bancassurance,Monthly,1381.34,232000,1381.34,0.1738,20,Inforce,23,N,,Y,,N,,,,,0,N,CLM-0034484,25-09-2025,Outpatient Specialist,6543.84,Approved,,19,N,N,0.74,6,ASR-0004,100000,N,N,0.044,,,,,,,,,False,False,False,False,EXACT_DUPLICATE
RID-0011242,CRM,03-08-2026 01:38,CUS-022952,Vikram Nair,Male,16-11-1991,35,Divorced,Citizen,Healthcare,68853,50k-100k,D11,vikram.nair374@example.com,+65 81149732,POL-0011242,12-08-2025,27-08-2025,PRUWealth Plus,Savings & Wealth,Bancassurance,Monthly,2930.47,231000,2930.47,0.0693,20,Inforce,12,N,,Y,,N,,,,,40,N,,,,,,,,N,N,0.26,7,,,,,,,,,,,,,,False,False,False,False,EXACT_DUPLICATE
RID-0002649,POLICY_ADMIN,09-04-2026 10:35,CUS-006871,Kavitha Turner,Female,20-06-2003,23,Divorced,Citizen,Healthcare,96101,50k-100k,D25,kavitha.turner126@example.com,+65 95851734,POL-0002649,23-11-2023,04-01-2024,PRUVantage Legacy,Savings & Wealth,Bancassurance,Semi-Annual,14057,188000,14057,0.0576,25,Inforce,32,N,,Y,,N,,,,,24,Y,,,,,,,,N,N,0.12,9,,,,,,,,,,,,,,False,False,False,False,EXACT_DUPLICATE
RID-0001366,POLICY_ADMIN,21-06-2026 18:47,CUS-012153,Aravind Nair,Male,01-07-1960,66,Widowed,Citizen,Executive,131876,100k-200k,D10,aravind.nair153@example.com,+65 86135919,POL-0001366,17-07-2023,19-08-2023,PRUCritical Cover,Protection,Bancassurance,Annual,8652.91,508000,8652.91,0.1893,20,Inforce,36,N,,Y,,N,,,,,187,N,CLM-0001366,23-11-2024,Disability,688.44,Partially Approved,,5,N,N,0.98,8,ASR-0008,10000,N,N,0.079,,,,,,,,,False,False,False,False,EXACT_DUPLICATE
RID-0001072,AGENCY_MGMT,18-05-2026 07:04,CUS-022361,Siti Nadia Aziz,Female,18-03-1979,47,Single,Permanent Resident,Civil Service,55369,50k-100k,D21,siti.nadia.aziz182@example.com,+65 92934464,POL-0001072,26-12-2024,12-01-2025,PRUVantage Legacy,Savings & Wealth,Bancassurance,Monthly,54569.26,273000,54569.26,0.0276,5,Matured,19,N,,Y,,N,,,,,351,N,CLM-0001072,24-01-2026,Disability,16407.66,Partially Approved,,21,N,N,0.17,6,ASR-0032,25000,N,N,0.325,,,,,,,,,False,False,False,False,EXACT_DUPLICATE
RID-0021093,AGENCY_MGMT,13-07-2026 12:17,CUS-010833,Mei Yi Raj,Female,17-11-1992,34,Divorced,Citizen,Retired,107849,100k-200k,D07,mei.yi.raj440@example.com,+65 92769430,POL-0021093,06-01-2026,23-01-2026,PRUVantage Legacy,Savings & Wealth,Agency,Semi-Annual,54778.86,86000,54778.86,0.0715,25,Inforce,7,N,,Y,,N,,,,,291,N,,,,,,,,N,N,0.86,10,,,,,,AGT-01114,Vikram Salleh,MDRT,165,AU-26,Active,74,0.348,False,False,False,False,EXACT_DUPLICATE
RID-0046789,CRM,06-07-2026 12:51,CUS-028778,Aminah Pillai,Female,24-02-2005,21,Widowed,Citizen,Healthcare,48387,Below 50k,D01,aminah.pillai208@example.com,+65 82507014,POL-0046789,15-05-2026,16-06-2026,PRUSelect Vantage,Investment-Linked,Bancassurance,Quarterly,18002.35,644000,18002.35,0.1199,5,Inforce,2,N,,Y,,N,,,,,29,N,,,,,,,,N,N,0.2,8,,,,,,,,,,,,,,False,False,False,False,EXACT_DUPLICATE
RID-0001830,CRM,12-03-2026 05:15,CUS-039473,Yong Sheng Tan,Male,22-10-1987,39,Divorced,Citizen,Executive,98658,50k-100k,D27,yong.sheng.tan81@example.com,+65 87680883,POL-0001830,19-04-2025,20-05-2025,PRUShield Life,Protection,Bancassurance,Annual,8963.12,1306000,8963.12,0.2826,25,Inforce,15,N,,Y,,N,,,,,16,N,CLM-0001830,22-03-2026,Day Surgery,1812.91,Approved,,17,N,Y,-0.27,2,ASR-0020,5000,N,N,0.004,,,,,,,,,False,False,False,False,EXACT_DUPLICATE
RID-0014469,POLICY_ADMIN,06-04-2026 23:08,CUS-024147,Aravind Osman,Male,02-12-1984,42,Divorced,Permanent Resident,Executive,45618,Below 50k,D02,aravind.osman104@example.com,+65 88816078,POL-0014469,27-03-2023,29-04-2023,PRUShield Premier,Health & IP,Agency,Annual,5564.44,907000,5564.44,0.1959,20,Inforce,40,N,,Y,Private Hospital,Y,2210.62,2210.62,0,0,0,N,CLM-0014469,21-08-2026,Accident,4957.58,Approved,,38,N,N,0.27,8,ASR-0053,25000,N,N,0.079,AGT-00896,Siti Nadia Menon,Senior,48,AU-10,Active,86.5,0.175,False,False,False,False,EXACT_DUPLICATE
RID-0033130,CRM,22-08-2026 11:52,CUS-001845,Farah Harper,Female,24-01-1988,38,Married,Employment Pass,Manager,151132,100k-200k,D27,farah.harper131@example.com,+65 94652120,POL-0033130,04-06-2024,18-07-2024,PRUTerm Secure,Protection,Agency,Monthly,1966.34,1442000,1966.34,0.2289,25,Surrendered,25,Y,14-02-2026,Y,,N,,,,,0,N,CLM-0033130,26-07-2025,Death Benefit,1760.43,Approved,,16,N,N,0.62,9,ASR-0001,50000,N,N,0.217,AGT-01066,Farah Turner,Senior,137,AU-05,Active,85.4,0.524,False,False,False,False,EXACT_DUPLICATE
RID-0042662,CRM,08-05-2026 17:51,CUS-005831,Edwin Koh,Male,15-05-1987,39,Single,Permanent Resident,Executive,100382,100k-200k,D02,edwin.koh205@example.com,+65 93875627,POL-0042662,28-01-2024,08-03-2024,PRUWealth Plus,Savings & Wealth,Bancassurance,Monthly,56397.59,134000,56397.59,0.0757,15,Inforce,30,N,,Y,,N,,,,,32,N,CLM-0042662,20-03-2026,Day Surgery,33720.6,Declined,Pre-existing condition,13,Y,N,0.79,7,ASR-0032,25000,N,N,0.275,,,,,,,,,False,False,False,False,EXACT_DUPLICATE
RID-0017695,CLAIMS_SYS,10-03-2026 16:45,CUS-005190,Nicholas Tan,Male,17-03-1977,49,Single,Employment Pass,Retired,105684,100k-200k,D05,nicholas.tan274@example.com,+65 82097882,POL-0017695,24-06-2024,10-07-2024,PRUShield Life,Protection,Broker,Quarterly,5820.99,2199000,5820.99,0.2749,5,Inforce,26,N,,Y,,N,,,,,105,Y,,,,,,,,N,N,0.88,5,,,,,,AGT-00740,Faisal Wright,New,6,AU-30,Active,54.3,0.113,False,False,False,False,EXACT_DUPLICATE
RID-0031887,CLAIMS_SYS,11-05-2026 04:54,CUS-010071,Daniel Nair,Male,10-05-1985,41,Single,Employment Pass,Civil Service,30000,Below 50k,D07,daniel.nair485@example.com,+65 98607447,POL-0031887,16-05-2024,02-06-2024,PRULink Assurance,Investment-Linked,Agency,Annual,35280.64,215000,35280.64,0.1302,15,Inforce,27,N,,Y,,N,,,,,35,N,,,,,,,,N,N,0.22,8,,,,,,AGT-00659,Siti Nadia Harper,New,1,AU-26,Active,46.4,0.099,False,False,False,False,EXACT_DUPLICATE
RID-0020863,CLAIMS_SYS,08-05-2026 03:48,CUS-010718,Siew Peng Koh,Female,03-12-1970,56,Widowed,Citizen,Healthcare,64201,50k-100k,D19,siew.peng.koh214@example.com,+65 99325544,POL-0020863,28-05-2024,21-06-2024,PRUExtra Care,Health & IP,Bancassurance,Annual,1699.67,1195000,1699.67,0.1002,15,Inforce,26,N,,Y,Private Hospital,Y,664.41,664.41,0,0,45,N,CLM-0020863,05-12-2025,Maternity,4090.72,Approved,,20,N,N,0.08,6,ASR-0047,5000,N,N,0.222,,,,,,,,,False,False,False,False,EXACT_DUPLICATE
RID-0021414,AGENCY_MGMT,16-08-2026 06:28,CUS-018119,Joanne Teo,Female,10-10-1988,38,Single,Citizen,Sales,117371,100k-200k,D08,joanne.teo382@example.com,+65 85614325,POL-0021414,20-10-2023,19-11-2023,PRUTerm Secure,Protection,Agency,Monthly,4032.69,756000,4032.69,0.2712,15,Inforce,33,N,,Y,,N,,,,,0,N,,,,,,,,N,N,-0.02,7,,,,,,AGT-00714,Nicholas Yusof,Established,25,AU-29,Active,80,0.207,False,False,False,False,EXACT_DUPLICATE
RID-0037387,CLAIMS_SYS,11-05-2026 00:26,CUS-012931,Jun Hao Mitchell,Male,21-10-1988,38,Single,Foreigner,Sales,110579,100k-200k,D18,jun.hao.mitchell41@example.com,+65 94515579,POL-0037387,01-06-2023,06-07-2023,PRUWealth Plus,Savings & Wealth,Agency,Semi-Annual,28434.87,344000,28434.87,0.077,15,Inforce,38,N,,Y,,N,,,,,77,N,,,,,,,,N,N,0.49,10,,,,,,AGT-00364,Chee Keong Menon,New,3,AU-05,Active,82,0.495,False,False,False,False,EXACT_DUPLICATE
RID-0036340,POLICY_ADMIN,03-06-2026 03:18,CUS-025035,Zhi Hao Fraser,Male,16-12-1985,41,Single,Citizen,Healthcare,176018,100k-200k,D19,zhi.hao.fraser69@example.com,+65 98492950,POL-0036340,31-07-2023,28-08-2023,PRULink Assurance,Investment-Linked,Agency,Monthly,38351.47,307000,38351.47,0.159,99,Inforce,36,N,,Y,,N,,,,,251,N,CLM-0036340,06-09-2023,Outpatient Specialist,5188.32,Approved,,10,N,N,0.68,8,ASR-0021,100000,N,N,0.388,AGT-00529,Suresh Neo,Established,82,AU-22,Active,37.3,0.113,False,False,False,False,EXACT_DUPLICATE
RID-0041211,POLICY_ADMIN,14-04-2026 10:24,CUS-000822,Priya Fraser,Female,16-03-1997,29,Divorced,Permanent Resident,Healthcare,30000,Below 50k,D22,priya.fraser82@example.com,+65 85229674,POL-0041211,06-12-2024,02-01-2025,PRUCritical Cover,Protection,Bancassurance,Semi-Annual,4184.52,782000,4184.52,0.2758,25,Inforce,20,N,,Y,,N,,,,,13,Y,CLM-0041211,14-08-2025,Disability,4017.04,Approved,,21,N,N,0.95,10,ASR-0053,25000,N,N,0.373,,,,,,,,,False,False,False,False,EXACT_DUPLICATE
RID-0035977,POLICY_ADMIN,27-06-2026 15:33,CUS-022639,Lakshmi Nair,Female,24-02-1994,32,Married,Citizen,Education,89989,50k-100k,D08,lakshmi.nair65@example.com,+65 98243289,POL-0035977,31-01-2023,03-03-2023,PRUShield Standard,Health & IP,Bancassurance,Annual,6461.57,1123000,6461.57,0.1289,5,Inforce,42,N,,Y,Private Hospital,Y,3326.42,3326.42,0,0,0,N,,,,,,,,N,N,-0.02,10,,,,,,,,,,,,,,False,False,False,False,EXACT_DUPLICATE
RID-0017995,AGENCY_MGMT,17-06-2026 11:04,CUS-029486,Denise Hassan,Female,18-12-1972,54,Single,Permanent Resident,Technician,125442,100k-200k,D11,denise.hassan469@example.com,+65 92975655,POL-0017995,31-03-2025,03-04-2025,PRUVantage Legacy,Savings & Wealth,Agency,Annual,20798.99,42000,20798.99,0.0716,20,Inforce,17,N,,Y,,N,,,,,167,Y,CLM-0017995,05-02-2026,Disability,1892.72,Approved,,22,N,N,0.78,10,ASR-0058,100000,N,N,0.026,AGT-00669,Suresh Iyer,Established,29,AU-33,Resigned,77,0.386,False,False,False,False,EXACT_DUPLICATE
RID-0005725,AGENCY_MGMT,13-08-2026 10:46,CUS-026542,Jonathan Rahman,Male,28-08-2005,21,Divorced,Permanent Resident,Education,55134,50k-100k,D04,jonathan.rahman499@example.com,+65 98725263,POL-0005725,28-09-2024,31-10-2024,PRUShield Life,Protection,Agency,Monthly,5375.52,1479000,5375.52,0.2277,30,Lapsed,22,Y,11-02-2026,Y,,N,,,,,209,Y,CLM-0005725,17-12-2024,Disability,24139.25,Approved,,21,N,N,0.74,7,ASR-0046,25000,N,N,0.112,AGT-00845,Lakshmi Aziz,Senior,146,AU-08,Active,42.8,0.8,False,False,False,False,EXACT_DUPLICATE
RID-0027782,POLICY_ADMIN,24-04-2026 04:57,CUS-009925,Arjun Raj,Male,14-10-1980,46,Single,Permanent Resident,Education,62939,50k-100k,D26,arjun.raj92@example.com,+65 82608071,POL-0027782,26-02-2024,02-03-2024,PRUSave Endowment,Savings & Wealth,Bancassurance,Monthly,32632.45,402000,32632.45,0.054,15,Inforce,30,N,,Y,,N,,,,,141,Y,,,,,,,,N,N,0.69,10,,,,,,,,,,,,,,False,False,False,False,EXACT_DUPLICATE
RID-0043380,POLICY_ADMIN,08-07-2026 16:28,CUS-017349,Siti Nadia Osman,Female,17-05-1963,63,Divorced,Employment Pass,Healthcare,35833,Below 50k,D06,siti.nadia.osman132@example.com,+65 95788849,POL-0043380,31-03-2026,07-05-2026,PRUShield Life,Protection,Bancassurance,Quarterly,5876.44,2204000,5876.44,0.2606,99,Inforce,3,N,,Y,,N,,,,,89,Y,,,,,,,,N,N,-0.08,8,,,,,,,,,,,,,,False,False,False,False,EXACT_DUPLICATE
RID-0040062,CLAIMS_SYS,24-07-2026 13:33,CUS-032900,Daniel Salleh,Male,08-11-1974,52,Married,Citizen,Executive,30847,Below 50k,D10,daniel.salleh325@example.com,+65 92737731,POL-0040062,23-12-2025,04-02-2026,PRUVantage Legacy,Savings & Wealth,Bancassurance,Annual,33138.91,103000,33138.91,0.0773,20,Inforce,6,N,,Y,,N,,,,,168,N,,,,,,,,N,N,0.35,10,,,,,,,,,,,,,,False,False,False,False,EXACT_DUPLICATE
RID-0039966,CRM,27-08-2026 22:45,CUS-021259,Cheryl Mitchell,Female,28-02-2005,21,Divorced,Permanent Resident,Education,154829,100k-200k,D16,cheryl.mitchell45@example.com,+65 91809335,POL-0039966,23-06-2026,04-08-2026,PRUFlexiCash,Savings & Wealth,Agency,Annual,27328.48,403000,27328.48,0.0609,20,Inforce,1,N,,Y,,N,,,,,72,N,CLM-0039966,07-08-2026,Accident,61356.73,Partially Approved,,6,N,N,0.76,10,ASR-0045,10000,N,N,0.154,AGT-01197,Lakshmi Osman,Established,52,AU-08,Active,96.7,0.717,False,False,False,False,EXACT_DUPLICATE
RID-0046807,POLICY_ADMIN,19-07-2026 13:33,CUS-022054,Siew Peng Sim,Female,12-12-2001,25,Single,Permanent Resident,Self-Employed,45920,Below 50k,D24,siew.peng.sim126@example.com,+65 84634222,POL-0046807,11-02-2025,14-03-2025,PRUSave Endowment,Savings & Wealth,Bancassurance,Annual,14490.67,438000,14490.67,0.0609,20,Inforce,17,N,,Y,,N,,,,,0,N,,,,,,,,N,N,0.92,5,,,,,,,,,,,,,,False,False,False,False,EXACT_DUPLICATE
RID-0022180,CRM,13-05-2026 06:33,CUS-029158,Wei Ming Ho,Male,23-09-1978,48,Widowed,Citizen,Education,37183,Below 50k,D01,wei.ming.ho24@example.com,+65 95579639,POL-0022180,10-10-2024,11-10-2024,PRUTerm Secure,Protection,Agency,Monthly,967.79,1688000,967.79,0.3121,5,Inforce,23,N,,Y,,N,,,,,50,Y,CLM-0022180,19-07-2025,Disability,9441.33,Approved,,21,N,N,0.02,9,ASR-0013,100000,N,N,0.788,AGT-00823,Samantha Hassan,Established,62,AU-18,Active,62.6,0.335,False,False,False,False,EXACT_DUPLICATE
RID-0034574,CLAIMS_SYS,11-08-2026 11:23,CUS-024073,Siti Nadia Koh,Female,08-10-1997,29,Widowed,Citizen,Retired,61402,50k-100k,D28,siti.nadia.koh130@example.com,+65 94222076,POL-0034574,25-02-2025,28-03-2025,PRUFlexiCash,Savings & Wealth,Bancassurance,Semi-Annual,32832.93,367000,32832.93,0.0562,25,Inforce,17,N,,Y,,N,,,,,11,N,,,,,,,,N,N,0.98,7,,,,,,,,,,,,,,False,False,False,False,EXACT_DUPLICATE
RID-0044519,CRM,10-08-2026 23:17,CUS-026346,Jonathan Sharma,Male,03-01-1982,44,Divorced,Citizen,Education,30431,Below 50k,D20,jonathan.sharma217@example.com,+65 87108083,POL-0044519,16-08-2024,22-08-2024,PRUActive Term,Protection,Digital,Annual,6852.21,2692000,6852.21,0.3017,15,Inforce,24,N,,Y,,N,,,,,57,N,,,,,,,,N,N,-0.07,8,,,,,,,,,,,,,,False,False,False,False,EXACT_DUPLICATE
RID-0029942,AGENCY_MGMT,02-07-2026 15:26,CUS-016954,Divya Wright,Female,21-11-1983,43,Widowed,Permanent Resident,Healthcare,107718,100k-200k,D20,divya.wright498@example.com,+65 92140690,POL-0029942,21-01-2024,01-03-2024,PRUShield Standard,Health & IP,Bancassurance,Annual,6838.22,427000,6838.22,0.1716,10,Lapsed,30,Y,24-04-2025,Y,Private Hospital,Y,2856.09,2856.09,0,1500,35,N,CLM-0029942,07-09-2024,Hospitalisation,3716.47,Approved,,15,N,N,0.87,7,ASR-0020,5000,N,N,0.271,,,,,,,,,False,False,False,False,EXACT_DUPLICATE
RID-0034397,CLAIMS_SYS,24-06-2026 08:22,CUS-001528,Lakshmi Koh,Female,15-04-1980,46,Widowed,Citizen,Civil Service,81326,50k-100k,D11,lakshmi.koh19@example.com,+65 83791580,POL-0034397,16-05-2024,26-06-2024,PRUExtra Care,Health & IP,Bancassurance,Monthly,6604.86,597000,6604.86,0.1483,10,Inforce,26,N,,Y,Private Hospital,N,,,,,346,Y,CLM-0034397,04-03-2026,Outpatient Specialist,2427.02,Approved,,5,N,N,0.14,8,ASR-0034,100000,N,N,0.399,,,,,,,,,False,False,False,False,EXACT_DUPLICATE
RID-0009953,CLAIMS_SYS,06-08-2026 23:35,CUS-028504,Samantha Ibrahim,Female,04-07-1997,29,Widowed,Employment Pass,Technician,134782,100k-200k,D25,samantha.ibrahim152@example.com,+65 91385698,POL-0009953,24-03-2025,07-04-2025,PRUExtra Care,Health & IP,Bancassurance,Quarterly,5940.32,151000,5940.32,0.1414,20,Lapsed,17,Y,03-08-2025,N,Public B1-Ward,Y,2493.48,2493.48,0,0,241,N,CLM-0009953,05-02-2026,Hospitalisation,10336.52,Approved,,4,N,N,0.67,7,ASR-0029,5000,N,N,0.263,,,,,,,,,False,False,False,False,EXACT_DUPLICATE
RID-0024761,CLAIMS_SYS,20-05-2026 01:53,CUS-019016,Wan Ting Kamal,Female,19-11-1991,35,Widowed,Citizen,Healthcare,44420,Below 50k,D27,wan.ting.kamal459@example.com,+65 91975091,POL-0024761,16-09-2025,27-09-2025,PRUShield Premier,Health & IP,Agency,Monthly,853.44,295000,853.44,0.1761,15,Inforce,11,N,,Y,Public B1-Ward,Y,379.7,379.7,0,1500,59,N,CLM-0024761,11-01-2026,Hospitalisation,26748.87,Partially Approved,,11,N,N,1,6,ASR-0058,100000,N,N,0.127,AGT-00587,Meera Wright,Established,83,AU-39,Active,99.6,0.031,False,False,False,False,EXACT_DUPLICATE
RID-0024391,POLICY_ADMIN,27-04-2026 10:40,CUS-004358,Kavitha Tan,Female,20-10-1985,41,Widowed,Citizen,Retired,30000,Below 50k,D19,kavitha.tan373@example.com,+65 87154987,POL-0024391,11-03-2024,28-03-2024,PRUCritical Cover,Protection,Digital,Quarterly,3053.51,1265000,3053.51,0.2855,15,Inforce,29,N,,Y,,N,,,,,52,N,CLM-0024391,26-03-2025,Death Benefit,2851.59,Approved,,41,N,N,0.7,10,ASR-0025,50000,N,N,0.413,,,,,,,,,False,False,False,False,EXACT_DUPLICATE
RID-0018747,CRM,22-04-2026 08:38,CUS-036815,Aminah Bennett,Female,20-08-1997,29,Divorced,Citizen,Manager,118010,100k-200k,D07,aminah.bennett115@example.com,+65 87497949,POL-0018747,27-05-2025,22-06-2025,PRUShield Premier,Health & IP,Direct,Annual,1918.61,1248000,1918.61,0.1464,99,Inforce,14,N,,Y,Public B1-Ward,Y,739.98,739.98,0,1500,27,Y,CLM-0018747,26-06-2025,Day Surgery,15326.8,Partially Approved,,13,N,N,0.55,8,ASR-0018,25000,N,N,0.296,,,,,,,,,False,False,False,False,EXACT_DUPLICATE
RID-0045490,CRM,01-09-2026 11:36,CUS-007773,Zhi Hao Chua,Male,28-09-1995,31,Widowed,Permanent Resident,Retired,94491,50k-100k,D10,zhi.hao.chua367@example.com,+65 92754134,POL-0045490,14-08-2024,22-08-2024,PRUSave Endowment,Savings & Wealth,Agency,Quarterly,11858.95,158000,11858.95,0.0896,15,Inforce,24,N,,Y,,N,,,,,100,N,CLM-0045490,16-05-2026,Hospitalisation,7263.5,Approved,,21,N,N,0.43,9,ASR-0031,100000,N,N,0.031,AGT-01157,Vikram Menon,New,4,AU-13,Active,47,0.1,False,False,False,False,EXACT_DUPLICATE
RID-0024272,POLICY_ADMIN,24-04-2026 22:34,CUS-033497,Kai Xuan Kamal,Male,04-09-1992,34,Divorced,Citizen,Healthcare,64584,50k-100k,D15,kai.xuan.kamal268@example.com,+65 97306715,POL-0024272,24-08-2023,08-09-2023,PRUVantage Legacy,Savings & Wealth,Agency,Annual,14603.41,472000,14603.41,0.07,99,Inforce,36,N,,Y,,N,,,,,249,N,CLM-0024272,19-09-2025,Outpatient Specialist,208925.43,Pending,,45,N,N,0.43,10,ASR-0001,50000,N,N,0.191,AGT-01180,Hui Ling Aziz,MDRT,77,AU-38,Active,61,0.1,False,False,False,False,EXACT_DUPLICATE
RID-0014452,POLICY_ADMIN,07-05-2026 07:00,CUS-015972,Kai Xuan Teo,Male,14-10-1988,38,Divorced,Citizen,Technician,55134,50k-100k,D16,kai.xuan.teo46@example.com,+65 91276241,POL-0014452,23-05-2023,21-06-2023,PRUFlexiCash,Savings & Wealth,Bancassurance,Annual,11621.49,242000,11621.49,0.0431,5,Inforce,38,N,,Y,,N,,,,,205,N,,,,,,,,N,N,0.74,6,,,,,,,,,,,,,,False,False,False,False,EXACT_DUPLICATE
RID-0045589,CRM,08-05-2026 15:09,CUS-027806,Hui Ling Nair,Female,16-09-1983,43,Married,Citizen,Civil Service,65141,50k-100k,D22,hui.ling.nair341@example.com,+65 89545225,POL-0045589,10-10-2024,24-11-2024,PRUVantage Legacy,Savings & Wealth,Agency,Monthly,52484.32,61000,52484.32,0.0358,10,Inforce,21,N,,Y,,N,,,,,29,N,CLM-0045589,31-03-2025,Accident,1166.94,Approved,,30,N,N,0.49,10,ASR-0018,25000,N,N,0.016,AGT-01197,Lakshmi Osman,Established,52,AU-08,Active,96.7,0.717,False,False,False,False,EXACT_DUPLICATE
RID-0029193,AGENCY_MGMT,14-03-2026 16:39,CUS-016288,Anjali Reddy,Female,11-03-1982,44,Widowed,Citizen,Executive,61542,50k-100k,D18,anjali.reddy334@example.com,+65 84352981,POL-0029193,07-06-2023,26-06-2023,PRUShield Standard,Health & IP,Agency,Monthly,5869.32,138000,5869.32,0.1946,10,Inforce,38,N,,Y,Public A-Ward,Y,2515.83,2515.83,0,2500,32,N,CLM-0029193,11-08-2025,Disability,1098.81,Approved,,18,N,N,0.82,9,ASR-0015,25000,Y,N,0.96,AGT-01118,Nurul Aisyah Sim,Established,70,AU-18,Active,23.2,0.276,False,False,False,False,EXACT_DUPLICATE
RID-0045362,POLICY_ADMIN,30-04-2026 23:58,CUS-026263,Wan Ting Bennett,Female,08-08-1978,48,Widowed,Citizen,Civil Service,82180,50k-100k,D14,wan.ting.bennett487@example.com,+65 94794230,POL-0045362,06-10-2024,25-10-2024,PRUExtra Care,Health & IP,Agency,Semi-Annual,3042.28,867000,3042.28,0.1872,5,Inforce,22,N,,Y,Public B1-Ward,N,,,,,20,N,CLM-0045362,11-05-2026,Critical Illness,2883.62,Approved,,33,N,N,0.17,7,ASR-0052,5000,N,N,0.304,AGT-01090,Zarina Seah,Established,67,AU-26,Active,81.1,0.393,False,False,False,False,EXACT_DUPLICATE
RID-0038190,CLAIMS_SYS,18-07-2026 21:10,CUS-028162,Daniel Chong,Male,09-10-2002,24,Widowed,Citizen,Civil Service,47758,Below 50k,D08,daniel.chong353@example.com,+65 92921880,POL-0038190,30-04-2023,21-05-2023,PRUFlexiCash,Savings & Wealth,Bancassurance,Annual,5582.8,325000,5582.8,0.0631,25,Inforce,39,N,,Y,,N,,,,,14,N,CLM-0038190,06-04-2024,Critical Illness,6973.31,Approved,,13,N,N,0.13,7,ASR-0012,100000,N,N,0.065,,,,,,,,,False,False,False,False,EXACT_DUPLICATE
RID-0046782,AGENCY_MGMT,17-03-2026 10:53,CUS-040351,Wei Ming Goh,Male,24-02-1999,27,Married,Citizen,Manager,50526,50k-100k,D13,wei.ming.goh277@example.com,+65 88570662,POL-0046782,19-07-2023,24-08-2023,PRUCritical Cover,Protection,Agency,Monthly,4046,708000,4046,0.267,5,Inforce,36,N,,Y,,N,,,,,163,N,CLM-0046782,29-07-2024,Critical Illness,1672.4,Approved,,25,N,N,0.06,8,ASR-0040,100000,N,N,0.396,AGT-00477,Faisal Turner,MDRT,73,AU-22,Active,75.2,0.252,False,False,False,False,EXACT_DUPLICATE
RID-0030274,CRM,04-06-2026 01:23,CUS-025728,Zarina Pillai,Female,15-06-1983,43,Divorced,Citizen,Executive,69443,50k-100k,D07,zarina.pillai480@example.com,+65 97291314,POL-0030274,08-08-2024,15-08-2024,PRUWealth Plus,Savings & Wealth,Agency,Quarterly,47612.78,277000,47612.78,0.0809,5,Inforce,24,N,,Y,,N,,,,,23,N,CLM-0030274,21-08-2026,Critical Illness,9531.18,Approved,,26,N,N,0.63,9,ASR-0052,5000,N,N,0.174,AGT-00330,Jun Hao Reddy,MDRT,145,AU-24,Active,21.1,0.062,False,False,False,False,EXACT_DUPLICATE
RID-0036987,CLAIMS_SYS,21-05-2026 02:29,CUS-030821,Muhammad Ariff Yeo,Male,04-05-1971,55,Married,Citizen,Civil Service,77087,50k-100k,D27,muhammad.ariff.yeo389@example.com,+65 87069121,POL-0036987,23-01-2026,18-02-2026,PRUFlexiCash,Savings & Wealth,Bancassurance,Semi-Annual,43059.07,173000,43059.07,0.0685,99,Inforce,6,N,,Y,,N,,,,,188,N,CLM-0036987,01-07-2026,Death Benefit,7514.75,Approved,,22,N,N,0.55,8,ASR-0024,50000,N,N,0.109,,,,,,,,,False,False,False,False,EXACT_DUPLICATE
RID-0029849,CRM,20-06-2026 14:35,CUS-006843,Priya Yeo,Female,08-12-1983,43,Widowed,Permanent Resident,Technician,110891,100k-200k,D03,priya.yeo193@example.com,+65 96539494,POL-0029849,18-05-2026,06-06-2026,PRUVantage Legacy,Savings & Wealth,Agency,Monthly,54368.98,177000,54368.98,0.0492,25,Inforce,2,N,,Y,,N,,,,,32,Y,CLM-0029849,20-07-2026,Maternity,5556.31,Approved,,24,N,Y,-0.43,4,ASR-0027,25000,N,N,0.309,AGT-01125,Valerie Pillai,Established,65,AU-05,Active,58.7,0.468,False,False,False,False,EXACT_DUPLICATE
RID-0018246,CLAIMS_SYS,01-08-2026 18:04,CUS-034688,Jun Hao Sim,Male,12-10-1996,30,Married,Permanent Resident,Self-Employed,86728,50k-100k,D22,jun.hao.sim283@example.com,+65 85205087,POL-0018246,03-07-2026,07-07-2026,PRUExtra Care,Health & IP,Agency,Monthly,2097.59,1214000,2097.59,0.1851,25,Inforce,1,N,,Y,Public B1-Ward,N,,,,,127,N,CLM-0018246,12-07-2026,Day Surgery,5665.54,Approved,,13,N,N,0.03,6,ASR-0033,25000,N,N,0.107,AGT-00004,Daniel Nair,Established,13,AU-12,Active,76.4,0.279,False,False,False,False,EXACT_DUPLICATE
RID-0014431,POLICY_ADMIN,11-04-2026 09:03,CUS-022414,Nicholas Seah,Male,23-10-2002,24,Married,Citizen,Sales,40623,Below 50k,D26,nicholas.seah52@example.com,+65 85873008,POL-0014431,07-06-2023,18-06-2023,PRUSave Endowment,Savings & Wealth,Bancassurance,Annual,23895.95,144000,23895.95,0.0552,5,Inforce,39,N,,Y,,N,,,,,151,N,,,,,,,,N,N,0.8,6,,,,,,,,,,,,,,False,False,False,False,EXACT_DUPLICATE
RID-0002798,CRM,21-05-2026 22:07,CUS-000520,Lakshmi Nair,Female,19-08-1982,44,Divorced,Citizen,Retired,136296,100k-200k,D28,lakshmi.nair475@example.com,+65 89576759,POL-0002798,07-04-2023,17-04-2023,PRUShield A Plus,Health & IP,Agency,Semi-Annual,6203.46,1495000,6203.46,0.1776,99,Inforce,41,N,,Y,Private Hospital,Y,2141.94,2141.94,0,1500,106,N,CLM-0002798,28-10-2023,Critical Illness,2865.51,Approved,,15,N,N,0.37,7,ASR-0006,25000,N,N,0.222,AGT-01095,Zarina Chong,Established,46,AU-34,Active,42.8,0.09,False,False,False,False,EXACT_DUPLICATE
RID-0028304,AGENCY_MGMT,22-08-2026 16:07,CUS-036227,Muhammad Ariff Ng,Male,23-08-1981,45,Single,Citizen,Manager,150466,100k-200k,D04,muhammad.ariff.ng351@example.com,+65 83172943,POL-0028304,09-10-2025,11-11-2025,PRUCritical Cover,Protection,Agency,Monthly,4344.54,1902000,4344.54,0.3314,25,Inforce,9,N,,Y,,N,,,,,102,Y,,,,,,,,N,N,0.7,8,,,,,,AGT-00631,Vikram Sharma,Established,76,AU-29,Active,59.5,0.37,False,False,False,False,EXACT_DUPLICATE
RID-0015566,AGENCY_MGMT,16-07-2026 15:03,CUS-027949,Farah Harper,Female,19-02-1987,39,Widowed,Permanent Resident,Technician,80639,50k-100k,D08,farah.harper6@example.com,+65 85360333,POL-0015566,09-05-2025,12-06-2025,PRUShield Life,Protection,Bancassurance,Monthly,4980.47,1727000,4980.47,0.1854,99,Matured,14,N,,Y,,N,,,,,33,Y,CLM-0015566,18-11-2025,Accident,24268.81,Partially Approved,,18,N,N,-0.07,8,ASR-0008,10000,N,N,0.287,,,,,,,,,False,False,False,False,EXACT_DUPLICATE
RID-0044084,AGENCY_MGMT,09-03-2026 21:51,CUS-005934,Cheryl Iyer,Female,02-07-1975,51,Widowed,Permanent Resident,Retired,52354,50k-100k,D21,cheryl.iyer150@example.com,+65 82168784,POL-0044084,11-06-2024,04-07-2024,PRUShield Premier,Health & IP,Agency,Semi-Annual,5066.4,443000,5066.4,0.1508,30,Lapsed,26,Y,12-09-2025,Y,Public A-Ward,Y,1426.57,1426.57,0,2500,0,N,,,,,,,,N,N,1,7,,,,,,AGT-00025,Anjali Low,Established,35,AU-28,Active,52.4,0.024,False,False,False,False,EXACT_DUPLICATE
RID-0032510,POLICY_ADMIN,09-08-2026 19:23,CUS-012508,Xin Yi Hassan,Female,11-08-1982,44,Married,Citizen,Education,123390,100k-200k,D10,xin.yi.hassan317@example.com,+65 82525794,POL-0032510,14-01-2023,29-01-2023,PRUFlexiCash,Savings & Wealth,Agency,Quarterly,25324.81,211000,25324.81,0.0615,15,Inforce,43,N,,Y,,N,,,,,223,N,CLM-0032510,13-07-2024,Disability,1074.05,Partially Approved,,4,N,N,0.95,10,ASR-0020,5000,N,N,0.187,AGT-01138,Edwin Chan,Established,54,AU-37,Active,84.1,0.33,False,False,False,False,EXACT_DUPLICATE
RID-0026894,POLICY_ADMIN,03-06-2026 04:21,CUS-039828,Kavitha Nair,Female,22-07-1996,30,Widowed,Citizen,Technician,56633,50k-100k,D02,kavitha.nair45@example.com,+65 84928684,POL-0026894,25-03-2023,24-04-2023,PRUShield Standard,Health & IP,Bancassurance,Annual,4577.47,142000,4577.47,0.1239,20,Inforce,40,N,,Y,Public A-Ward,N,,,,,62,N,,,,,,,,N,N,0.44,8,,,,,,,,,,,,,,False,False,False,False,EXACT_DUPLICATE
RID-0040221,AGENCY_MGMT,08-07-2026 22:02,CUS-027812,Anjali Turner,Female,20-05-1978,48,Married,Citizen,Manager,62450,50k-100k,D10,anjali.turner446@example.com,+65 84072925,POL-0040221,05-04-2025,10-04-2025,PRUSave Endowment,Savings & Wealth,Bancassurance,Quarterly,39419.44,83000,39419.44,0.0685,15,Inforce,16,N,,Y,,N,,,,,267,N,CLM-0040221,04-04-2026,Outpatient Specialist,1326.61,Approved,,10,N,N,0.26,9,ASR-0044,50000,N,N,0.145,,,,,,,,,False,False,False,False,EXACT_DUPLICATE
RID-0010111,CLAIMS_SYS,30-05-2026 07:54,CUS-005782,Joanne Tan,Female,08-04-1969,57,Widowed,Citizen,Retired,70496,50k-100k,D03,joanne.tan113@example.com,+65 92755239,POL-0010111,07-11-2025,16-12-2025,PRUFlexiCash,Savings & Wealth,Bancassurance,Annual,7003.94,276000,7003.94,0.0689,5,Inforce,8,N,,Y,,N,,,,,110,N,,,,,,,,N,N,0.7,5,,,,,,,,,,,,,,False,False,False,False,EXACT_DUPLICATE
RID-0020231,AGENCY_MGMT,16-08-2026 10:36,CUS-010016,Jun Hao Ng,Male,25-02-1970,56,Widowed,Permanent Resident,Manager,60325,50k-100k,D13,jun.hao.ng202@example.com,+65 88554135,POL-0020231,17-04-2023,18-04-2023,PRUShield Premier,Health & IP,Agency,Monthly,669.86,258000,669.86,0.2061,5,Inforce,41,N,,Y,Private Hospital,Y,225.84,225.84,0,1500,34,N,,,,,,,,N,N,0.28,5,,,,,,AGT-00502,Rachel Salleh,New,5,AU-08,Active,34.4,0.561,False,False,False,False,EXACT_DUPLICATE
RID-0006938,AGENCY_MGMT,10-05-2026 06:01,CUS-040193,Samantha Turner,Female,20-10-1970,56,Single,Citizen,Sales,91534,50k-100k,D21,samantha.turner250@example.com,+65 91489964,POL-0006938,08-10-2023,21-10-2023,PRUCritical Cover,Protection,Agency,Annual,3799.01,1248000,3799.01,0.3195,15,Lapsed,34,Y,25-03-2024,N,,N,,,,,240,N,CLM-0006938,20-03-2026,Disability,4994.19,Approved,,9,N,N,0.87,6,ASR-0046,25000,N,N,0.28,AGT-00501,Nicholas Yusof,Established,22,AU-04,Active,90.1,0.177,False,False,False,False,EXACT_DUPLICATE
RID-0016224,CRM,19-07-2026 13:22,CUS-012915,Jonathan Chong,Male,03-01-1995,31,Single,Foreigner,Executive,97856,50k-100k,D20,jonathan.chong345@example.com,+65 85013579,POL-0016224,27-04-2023,30-05-2023,PRUFlexiCash,Savings & Wealth,Agency,Annual,58149.19,38000,58149.19,0.0533,25,Inforce,39,N,,Y,,N,,,,,116,N,,,,,,,,N,N,0.54,10,,,,,,AGT-00033,Arjun Raj,Established,24,AU-01,Active,35.6,0.434,False,False,False,False,EXACT_DUPLICATE
RID-0027931,CLAIMS_SYS,01-04-2026 11:41,CUS-028621,Nicholas Chong,Male,08-01-1983,43,Divorced,Citizen,Self-Employed,53834,50k-100k,D06,nicholas.chong161@example.com,+65 99691296,POL-0027931,02-03-2025,04-04-2025,PRUTerm Secure,Protection,Agency,Semi-Annual,8053.55,1199000,8053.55,0.3137,5,Inforce,17,N,,Y,,N,,,,,77,N,,,,,,,,N,N,0.05,8,,,,,,AGT-00425,Chee Keong Neo,Established,38,AU-39,Active,95.6,0.311,False,False,False,False,EXACT_DUPLICATE
RID-0031162,AGENCY_MGMT,25-07-2026 02:15,CUS-026200,Siew Peng Yusof,Female,19-04-1979,47,Single,Citizen,Sales,74249,50k-100k,D20,siew.peng.yusof459@example.com,+65 93919236,POL-0031162,12-10-2025,29-10-2025,PRUExtra Care,Health & IP,Agency,Monthly,4058.23,1019000,4058.23,0.2088,25,Inforce,10,N,,Y,Private Hospital,Y,1148.09,1148.09,0,0,130,N,CLM-0031162,19-07-2026,Accident,14947.37,Approved,,31,N,N,-0.14,8,ASR-0059,50000,N,N,0.046,AGT-00225,Xin Yi Harper,Senior,179,AU-13,Active,99.3,0.03,False,False,False,False,EXACT_DUPLICATE
RID-0028126,AGENCY_MGMT,13-03-2026 05:47,CUS-024246,Mei Yi Lim,Female,10-02-1997,29,Single,Permanent Resident,Manager,86170,50k-100k,D26,mei.yi.lim116@example.com,+65 98271114,POL-0028126,26-06-2024,26-07-2024,PRUShield Standard,Health & IP,Bancassurance,Annual,3292.93,612000,3292.93,0.1513,99,Inforce,25,N,,Y,Public B1-Ward,Y,1023.4,1023.4,0,2500,14,Y,CLM-0028126,03-11-2025,Maternity,1155.47,Approved,,11,N,N,-0.01,8,ASR-0039,100000,N,N,0.398,,,,,,,,,False,False,False,False,EXACT_DUPLICATE
RID-0019416,CLAIMS_SYS,26-07-2026 04:15,CUS-024035,Rohan Low,Male,02-05-1977,49,Single,Citizen,Technician,197702,100k-200k,D22,rohan.low28@example.com,+65 87486501,POL-0019416,21-03-2024,31-03-2024,PRUShield Standard,Health & IP,Digital,Monthly,5810.35,675000,5810.35,0.1754,99,Inforce,29,N,,Y,Public A-Ward,Y,3018.64,3018.64,0,1500,23,N,CLM-0019416,11-11-2025,Day Surgery,3452.62,Approved,,15,N,N,0.79,8,ASR-0047,5000,N,N,0.27,,,,,,,,,False,False,False,False,EXACT_DUPLICATE
RID-0018596,POLICY_ADMIN,30-05-2026 17:25,CUS-003105,Farah Seah,Female,17-11-1981,45,Married,Citizen,Sales,49171,Below 50k,D04,farah.seah275@example.com,+65 96491446,POL-0018596,08-01-2026,21-02-2026,PRUFlexiCash,Savings & Wealth,Agency,Monthly,13201.97,306000,13201.97,0.0633,5,Inforce,6,N,,Y,,N,,,,,296,N,,,,,,,,N,N,0.6,8,,,,,,AGT-00464,Kai Xuan Neo,Established,53,AU-34,Active,28.9,0.163,False,False,False,False,EXACT_DUPLICATE
RID-0001456,POLICY_ADMIN,05-08-2026 18:20,CUS-040175,Siti Nadia Osman,Female,16-07-1983,43,Married,Permanent Resident,Executive,66123,50k-100k,D16,siti.nadia.osman407@example.com,+65 97108786,POL-0001456,30-03-2026,09-05-2026,PRUActive Term,Protection,Agency,Monthly,2575.17,2730000,2575.17,0.3169,25,Inforce,3,N,,Y,,N,,,,,73,N,,,,,,,,N,N,0.25,7,,,,,,AGT-01034,Muhammad Ariff Teo,New,1,AU-31,Active,22.8,0.819,False,False,False,False,EXACT_DUPLICATE
RID-0026060,CRM,30-04-2026 19:31,CUS-032059,Lakshmi Neo,Female,06-08-1972,54,Single,Permanent Resident,Civil Service,138175,100k-200k,D14,lakshmi.neo495@example.com,+65 82807336,POL-0026060,24-09-2024,04-10-2024,PRUFlexiCash,Savings & Wealth,Agency,Annual,31191.85,353000,31191.85,0.0815,15,Inforce,23,N,,Y,,N,,,,,0,N,,,,,,,,N,N,-0.08,5,,,,,,AGT-00415,Jia Hui Wright,New,9,AU-35,Active,72.7,0.531,False,False,False,False,EXACT_DUPLICATE
RID-0038857,POLICY_ADMIN,11-04-2026 17:07,CUS-019892,Nurul Aisyah Iyer,Female,03-02-1981,45,Divorced,Citizen,Executive,104732,100k-200k,D15,nurul.aisyah.iyer215@example.com,+65 93245396,POL-0038857,06-09-2025,19-09-2025,PRUSave Endowment,Savings & Wealth,Bancassurance,Annual,39928.34,177000,39928.34,0.0484,99,Inforce,11,N,,Y,,N,,,,,397,N,,,,,,,,N,N,0.34,5,,,,,,,,,,,,,,False,False,False,False,EXACT_DUPLICATE
RID-0004333,POLICY_ADMIN,10-04-2026 14:25,CUS-036012,Kavitha Tan,Female,03-03-1975,51,Married,Citizen,Education,109242,100k-200k,D20,kavitha.tan469@example.com,+65 83697684,POL-0004333,13-02-2023,17-03-2023,PRULink Global Growth,Investment-Linked,Agency,Monthly,15762.17,426000,15762.17,0.1495,25,Inforce,42,N,,Y,,N,,,,,161,N,,,,,,,,N,N,0.76,9,,,,,,AGT-00747,Kavitha Wong,MDRT,162,AU-14,Active,20.8,0.353,False,False,False,False,EXACT_DUPLICATE
RID-0043845,POLICY_ADMIN,15-07-2026 08:06,CUS-034863,Divya Tan,Female,06-02-1972,54,Single,Citizen,Civil Service,65554,50k-100k,D02,divya.tan221@example.com,+65 97002721,POL-0043845,08-04-2025,21-05-2025,PRUVantage Legacy,Savings & Wealth,Agency,Monthly,44340.24,434000,44340.24,0.0815,25,Inforce,15,N,,Y,,N,,,,,270,N,CLM-0043845,27-06-2025,Critical Illness,14315.07,Partially Approved,,15,N,N,0.17,8,ASR-0004,100000,N,N,0.383,AGT-00776,Terence Harper,Established,44,AU-23,Active,39.1,0.24,False,False,False,False,EXACT_DUPLICATE
RID-0003925,CRM,13-03-2026 19:21,CUS-017805,Suresh Goh,Male,13-08-1979,47,Married,Permanent Resident,Technician,198928,100k-200k,D12,suresh.goh288@example.com,+65 95070339,POL-0003925,07-02-2023,11-03-2023,PRUWealth Plus,Savings & Wealth,Agency,Monthly,57109.27,424000,57109.27,0.0858,25,Inforce,42,N,,Y,,N,,,,,0,N,CLM-0003925,31-08-2023,Accident,16587.63,Approved,,24,N,N,0.52,8,ASR-0028,10000,N,N,0.292,AGT-00110,Anjali Nair,Established,22,AU-21,Active,26.9,0.412,False,False,False,False,EXACT_DUPLICATE
RID-0008046,POLICY_ADMIN,06-08-2026 05:42,CUS-007232,Nicholas Lee,Male,12-03-1979,47,Divorced,Employment Pass,Healthcare,98809,50k-100k,D15,nicholas.lee204@example.com,+65 94595346,POL-0008046,02-01-2025,22-01-2025,PRUFlexiCash,Savings & Wealth,Bancassurance,Quarterly,7465.43,384000,7465.43,0.0629,25,Matured,19,N,,Y,,N,,,,,27,N,,,,,,,,N,N,0.63,10,,,,,,,,,,,,,,False,False,False,False,EXACT_DUPLICATE
RID-0047383,CRM,27-06-2026 18:12,CUS-037992,Deepak Iyer,Male,08-11-1992,34,Single,Citizen,Executive,70800,50k-100k,D04,deepak.iyer120@example.com,+65 91915691,POL-0047383,23-02-2026,25-03-2026,PRUFlexiCash,Savings & Wealth,Agency,Monthly,20782.43,470000,20782.43,0.0702,30,Inforce,5,N,,Y,,N,,,,,14,N,CLM-0047383,25-08-2026,Death Benefit,1351.91,Declined,Documentation incomplete,4,N,N,-0.2,6,ASR-0044,50000,N,N,0.187,AGT-00861,Suresh Chua,Established,76,AU-31,Active,99.8,0.703,False,False,False,False,EXACT_DUPLICATE
RID-0014471,CRM,03-04-2026 13:34,CUS-029174,Aminah Teo,Female,28-07-1985,41,Married,Citizen,Healthcare,109149,100k-200k,D16,aminah.teo401@example.com,+65 97667246,POL-0014471,03-11-2023,18-12-2023,PRUActive Term,Protection,Bancassurance,Monthly,3703.73,1577000,3703.73,0.2045,20,Inforce,32,N,,Y,,N,,,,,58,N,CLM-0014471,09-09-2025,Day Surgery,12542.88,Approved,,11,N,N,-0.14,8,ASR-0052,5000,Y,N,0.021,,,,,,,,,False,False,False,False,EXACT_DUPLICATE
RID-0042996,CLAIMS_SYS,21-04-2026 08:02,CUS-000072,Muhammad Ariff Raj,Male,02-06-2002,24,Divorced,Citizen,Manager,73280,50k-100k,D09,muhammad.ariff.raj322@example.com,+65 89320216,POL-0042996,21-04-2024,05-05-2024,PRUFlexiCash,Savings & Wealth,Agency,Monthly,44114.89,336000,44114.89,0.0643,10,Inforce,28,N,,Y,,N,,,,,56,N,CLM-0042996,27-10-2024,Maternity,692.69,Partially Approved,,24,N,N,0.15,9,ASR-0015,25000,Y,N,0.671,AGT-01049,Farah Iyer,Established,21,AU-01,Active,33.8,0.366,False,False,False,False,EXACT_DUPLICATE
RID-0026018,AGENCY_MGMT,25-08-2026 20:33,CUS-003654,Divya Aziz,Female,02-05-1986,40,Widowed,Citizen,Professional,86930,50k-100k,D01,divya.aziz172@example.com,+65 85866704,POL-0026018,18-12-2025,27-01-2026,PRUTerm Secure,Protection,Agency,Monthly,4288.99,1023000,4288.99,0.3226,15,Inforce,7,N,,Y,,N,,,,,108,N,CLM-0026018,23-03-2026,Outpatient Specialist,2589.94,Approved,,1,N,N,0.2,7,ASR-0023,50000,N,N,0.329,AGT-01172,Lakshmi Wong,Senior,38,AU-13,Active,23.4,0.243,False,False,False,False,EXACT_DUPLICATE
RID-0046126,AGENCY_MGMT,21-04-2026 01:16,CUS-032719,Suresh Nair,Male,18-04-1994,32,Married,Employment Pass,Technician,108399,100k-200k,D18,suresh.nair153@example.com,+65 93427856,POL-0046126,22-06-2025,06-08-2025,PRUShield Premier,Health & IP,Broker,Annual,2294.15,1329000,2294.15,0.1793,99,Inforce,13,N,,Y,Public A-Ward,N,,,,,14,Y,CLM-0046126,29-07-2026,Death Benefit,14473.26,Approved,,26,N,N,0.72,8,ASR-0008,10000,N,N,0.024,AGT-00909,Hui Ling Bennett,Senior,54,AU-04,Active,99.7,0.07,False,False,False,False,EXACT_DUPLICATE
RID-0006647,POLICY_ADMIN,16-05-2026 00:56,CUS-039096,Wan Ting Wright,Female,06-08-1980,46,Divorced,Citizen,Civil Service,157946,100k-200k,D11,wan.ting.wright446@example.com,+65 89853165,POL-0006647,18-04-2024,18-05-2024,PRUShield Life,Protection,Agency,Annual,3945.02,2534000,3945.02,0.2527,30,Inforce,27,N,,Y,,N,,,,,0,N,,,,,,,,N,N,-0.05,5,,,,,,AGT-00274,Wei Ming Low,Established,31,AU-01,Active,53.8,0.239,False,False,False,False,EXACT_DUPLICATE
RID-0045007,CLAIMS_SYS,10-08-2026 13:59,CUS-025174,Samantha Koh,Female,28-10-1983,43,Married,Citizen,Retired,90812,50k-100k,D23,samantha.koh190@example.com,+65 95334022,POL-0045007,06-08-2025,15-08-2025,PRUSave Endowment,Savings & Wealth,Direct,Annual,52110.34,82000,52110.34,0.0714,5,Inforce,12,N,,Y,,N,,,,,205,Y,,,,,,,,N,N,0.99,7,,,,,,,,,,,,,,False,False,False,False,EXACT_DUPLICATE
RID-0038110,AGENCY_MGMT,16-06-2026 03:32,CUS-020462,Joanne Teo,Female,19-02-1986,40,Single,Permanent Resident,Sales,124593,100k-200k,D17,joanne.teo206@example.com,+65 97000641,POL-0038110,16-03-2025,12-04-2025,PRUVantage Legacy,Savings & Wealth,Bancassurance,Monthly,20246.23,87000,20246.23,0.0554,20,Inforce,16,N,,Y,,N,,,,,79,N,,,,,,,,N,N,-0.03,10,,,,,,,,,,,,,,False,False,False,False,EXACT_DUPLICATE
RID-0008335,CRM,15-05-2026 03:10,CUS-028216,Siew Peng Chua,Female,01-03-1975,51,Divorced,Citizen,Technician,271249,200k-400k,D04,siew.peng.chua31@example.com,+65 95363448,POL-0008335,13-09-2025,12-10-2025,PRUVantage Legacy,Savings & Wealth,Agency,Monthly,21692.7,496000,21692.7,0.0602,25,Inforce,10,N,,Y,,N,,,,,0,N,CLM-0008335,02-11-2025,Outpatient Specialist,44564.22,Partially Approved,,14,N,N,-0.17,10,ASR-0054,5000,N,N,0.075,AGT-00319,Faisal Chong,Senior,51,AU-14,Active,49.3,0.271,False,False,False,False,EXACT_DUPLICATE
RID-0041305,CRM,15-06-2026 16:06,CUS-034079,Faisal Bennett,Male,14-12-1995,31,Married,Permanent Resident,Sales,108265,100k-200k,D18,faisal.bennett284@example.com,+65 86916097,POL-0041305,09-02-2026,09-03-2026,PRUExtra Care,Health & IP,Digital,Monthly,1320.93,572000,1320.93,0.1241,99,Inforce,5,N,,Y,Public B1-Ward,N,,,,,97,N,CLM-0041305,01-08-2026,Maternity,3190.23,Declined,Outside panel provider,31,N,N,0.03,7,ASR-0023,50000,N,N,0.368,,,,,,,,,False,False,False,False,EXACT_DUPLICATE
RID-0025316,CRM,03-08-2026 09:39,CUS-029048,Zulkifli Wright,Male,24-05-1976,50,Divorced,Permanent Resident,Civil Service,93580,50k-100k,D26,zulkifli.wright18@example.com,+65 96173483,POL-0025316,06-12-2025,11-01-2026,PRULink Assurance,Investment-Linked,Bancassurance,Monthly,42189.12,322000,42189.12,0.1252,25,Inforce,7,N,,Y,,N,,,,,12,N,CLM-0025316,10-05-2026,Critical Illness,1952.9,Declined,Outside panel provider,20,N,N,0.88,7,ASR-0051,5000,N,N,0.119,,,,,,,,,False,False,False,False,EXACT_DUPLICATE
RID-0004118,CLAIMS_SYS,28-06-2026 14:30,CUS-011424,Cheryl Mitchell,Female,03-04-1980,46,Single,Citizen,Self-Employed,90789,50k-100k,D16,cheryl.mitchell448@example.com,+65 94869530,POL-0004118,07-03-2023,15-04-2023,PRUFlexiCash,Savings & Wealth,Bancassurance,Monthly,19370.44,448000,19370.44,0.071,30,Inforce,41,N,,Y,,N,,,,,68,Y,,,,,,,,N,N,0.37,8,,,,,,,,,,,,,,False,False,False,False,EXACT_DUPLICATE
RID-0001058,AGENCY_MGMT,08-08-2026 09:05,CUS-006957,Edwin Iyer,Male,10-06-1982,44,Single,Foreigner,Technician,49066,Below 50k,D23,edwin.iyer257@example.com,+65 88327005,POL-0001058,22-02-2024,14-03-2024,PRUShield Life,Protection,Bancassurance,Monthly,1362.71,1159000,1362.71,0.1646,99,Inforce,30,N,,Y,,N,,,,,84,Y,CLM-0001058,08-12-2025,Disability,936.17,Approved,,15,N,N,0.42,6,ASR-0040,100000,N,Y,0.409,,,,,,,,,False,False,False,False,EXACT_DUPLICATE
RID-0047195,POLICY_ADMIN,16-07-2026 18:32,CUS-036574,Terence Aziz,Male,20-08-1984,42,Widowed,Permanent Resident,Executive,133043,100k-200k,D20,terence.aziz245@example.com,+65 86067160,POL-0047195,13-05-2026,12-06-2026,PRUFlexiCash,Savings & Wealth,Bancassurance,Monthly,2699.74,34000,2699.74,0.0374,20,Inforce,2,N,,Y,,N,,,,,36,N,CLM-0047195,27-06-2026,Death Benefit,7207.12,Approved,,31,N,N,0.36,7,ASR-0008,10000,N,N,0.4,,,,,,,,,False,False,False,False,EXACT_DUPLICATE
RID-0030291,CRM,26-08-2026 11:18,CUS-010268,Nurul Aisyah Sim,Female,06-09-2003,23,Single,Citizen,Retired,114491,100k-200k,D20,nurul.aisyah.sim289@example.com,+65 98845779,POL-0030291,08-08-2023,13-09-2023,PRUActive Term,Protection,Agency,Monthly,2962.08,281000,2962.08,0.2883,25,Inforce,36,N,,Y,,N,,,,,513,N,CLM-0030291,18-09-2024,Maternity,31936.75,Approved,,12,N,N,0.44,6,ASR-0048,25000,N,N,0.266,AGT-01091,Anjali Menon,Senior,107,AU-01,Active,45.6,0.378,False,False,False,False,EXACT_DUPLICATE
RID-0041224,CRM,06-05-2026 05:34,CUS-030316,Joanne Nair,Female,04-12-1978,48,Divorced,Citizen,Self-Employed,51893,50k-100k,D04,joanne.nair129@example.com,+65 86628206,POL-0041224,29-03-2026,03-04-2026,PRULink Assurance,Investment-Linked,Digital,Semi-Annual,35141.37,791000,35141.37,0.1306,15,Inforce,5,N,,Y,,N,,,,,64,Y,CLM-0041224,20-04-2026,Accident,5235.9,Pending,,21,N,N,0.35,6,ASR-0029,5000,N,N,0.154,,,,,,,,,False,False,False,False,EXACT_DUPLICATE
RID-0019252,CRM,28-04-2026 06:38,CUS-020473,Cheryl Ho,Female,13-07-1986,40,Single,Citizen,Retired,57291,50k-100k,D04,cheryl.ho130@example.com,+65 81361249,POL-0019252,22-11-2024,26-11-2024,PRUVantage Legacy,Savings & Wealth,Broker,Monthly,29464.68,247000,29464.68,0.0822,10,Inforce,21,N,,Y,,N,,,,,0,Y,,,,,,,,N,N,0.49,10,,,,,,AGT-00226,Siti Nadia Fraser,New,12,AU-07,Active,87.4,0.162,False,False,False,False,EXACT_DUPLICATE
RID-0033847,POLICY_ADMIN,01-05-2026 01:28,CUS-025972,Chee Keong Ng,Male,28-11-1983,43,Married,Foreigner,Executive,48485,Below 50k,D28,chee.keong.ng272@example.com,+65 92443181,POL-0033847,23-06-2025,22-07-2025,PRUTerm Secure,Protection,Agency,Annual,4069.15,2152000,4069.15,0.3004,15,Inforce,13,N,,Y,,N,,,,,69,Y,,,,,,,,N,N,0.1,9,,,,,,AGT-00308,Rachel Bennett,Established,92,AU-39,Active,43.2,0.161,False,False,False,False,EXACT_DUPLICATE
RID-0008572,POLICY_ADMIN,23-03-2026 05:35,CUS-009067,Siti Nadia Ng,Female,24-06-1985,41,Single,Citizen,Self-Employed,72862,50k-100k,D11,siti.nadia.ng95@example.com,+65 97169949,POL-0008572,13-11-2024,04-12-2024,PRUShield Life,Protection,Agency,Monthly,2180.72,1544000,2180.72,0.3186,10,Inforce,21,N,,Y,,N,,,,,0,N,,,,,,,,N,N,0.44,7,,,,,,AGT-01052,Yong Sheng Aziz,New,3,AU-15,Resigned,66.4,0.297,False,False,False,False,EXACT_DUPLICATE
RID-0005499,POLICY_ADMIN,09-04-2026 01:36,CUS-021119,Deepak Koh,Male,06-11-1990,36,Divorced,Permanent Resident,Healthcare,176771,100k-200k,D01,deepak.koh137@example.com,+65 93995865,POL-0005499,09-02-2025,14-02-2025,PRUExtra Care,Health & IP,Direct,Annual,4315.82,1401000,4315.82,0.2084,99,Inforce,18,N,,Y,Private Hospital,Y,1280.38,1280.38,0,2500,0,N,CLM-0005499,30-01-2026,Hospitalisation,17467.33,Approved,,33,N,N,0.86,9,ASR-0026,10000,N,N,0.379,,,,,,,,,False,False,False,False,EXACT_DUPLICATE
RID-0002420,POLICY_ADMIN,18-05-2026 14:45,CUS-034609,Zulkifli Chan,Male,08-07-1977,49,Widowed,Foreigner,Retired,75119,50k-100k,D15,zulkifli.chan194@example.com,+65 98334744,POL-0002420,25-07-2024,02-09-2024,PRUFlexiCash,Savings & Wealth,Broker,Semi-Annual,11640.26,275000,11640.26,0.066,25,Inforce,24,N,,Y,,N,,,,,169,Y,CLM-0002420,27-05-2026,Death Benefit,4732.22,Withdrawn,,9,N,N,0.17,8,ASR-0046,25000,N,N,0.044,AGT-00533,Suresh Ng,New,12,AU-35,Active,85.9,0.511,False,False,False,False,EXACT_DUPLICATE
RID-0040548,CRM,26-03-2026 09:06,CUS-002655,Faisal Kumar,Male,02-02-1980,46,Single,Citizen,Education,36345,Below 50k,D17,faisal.kumar54@example.com,+65 85482399,POL-0040548,05-10-2024,06-11-2024,PRUShield Standard,Health & IP,Agency,Monthly,5493,924000,5493,0.1889,10,Inforce,22,N,,Y,Public A-Ward,Y,2018.86,2018.86,0,1500,32,N,CLM-0040548,09-02-2025,Death Benefit,19203.31,Approved,,17,N,N,-0.15,10,ASR-0011,50000,N,N,0.127,AGT-00513,Rachel Chong,Senior,89,AU-31,Active,62,0.772,False,False,False,False,EXACT_DUPLICATE
RID-0033244,CLAIMS_SYS,04-05-2026 07:19,CUS-031504,Denise Bennett,Female,10-11-2000,26,Widowed,Citizen,Retired,77287,50k-100k,D15,denise.bennett144@example.com,+65 95953672,POL-0033244,12-05-2023,13-06-2023,PRUSave Endowment,Savings & Wealth,Agency,Annual,52867.4,389000,52867.4,0.0475,99,Inforce,39,N,,Y,,N,,,,,0,N,CLM-0033244,12-05-2026,Maternity,1003.59,Withdrawn,,14,N,N,0.24,10,ASR-0060,10000,N,N,0.248,AGT-00383,Xin Yi Yeo,Established,58,AU-07,Active,25.6,0.09,False,False,False,False,EXACT_DUPLICATE
RID-0018723,CRM,10-06-2026 17:55,CUS-012176,Jia Hui Toh,Female,10-09-1978,48,Single,Citizen,Sales,32286,Below 50k,D13,jia.hui.toh336@example.com,+65 95278928,POL-0018723,31-12-2024,05-01-2025,PRUShield A Plus,Health & IP,Agency,Annual,4256.97,1125000,4256.97,0.1715,25,Inforce,20,N,,Y,Public A-Ward,Y,2176.74,2176.74,0,1500,94,Y,,,,,,,,N,N,0.52,6,,,,,,AGT-00981,Kavitha Lim,New,7,AU-10,Active,23.9,0.259,False,False,False,False,EXACT_DUPLICATE
RID-0005777,AGENCY_MGMT,06-08-2026 10:05,CUS-004644,Kavitha Teo,Female,06-10-1989,37,Single,Citizen,Healthcare,88156,50k-100k,D08,kavitha.teo387@example.com,+65 83184414,POL-0005777,22-04-2026,05-06-2026,PRULink Assurance,Investment-Linked,Agency,Semi-Annual,16353.48,762000,16353.48,0.0961,5,Inforce,2,N,,Y,,N,,,,,285,N,CLM-0005777,31-08-2026,Death Benefit,3463.98,Approved,,30,N,N,0.91,7,ASR-0034,100000,N,N,0.215,AGT-00948,Marcus Ho,Senior,158,AU-05,Active,39.4,0.626,False,False,False,False,EXACT_DUPLICATE
RID-0004716,POLICY_ADMIN,25-07-2026 09:14,CUS-017122,Hakim Wong,Male,01-07-1984,42,Single,Citizen,Sales,105454,100k-200k,D24,hakim.wong400@example.com,+65 83243573,POL-0004716,07-02-2024,21-02-2024,PRULink Assurance,Investment-Linked,Agency,Quarterly,14327.3,453000,14327.3,0.1778,25,Inforce,30,N,,Y,,N,,,,,0,N,,,,,,,,N,N,0.16,8,,,,,,AGT-00542,Aminah Rahman,Established,51,AU-26,Active,42.3,0.322,False,False,False,False,EXACT_DUPLICATE
RID-0023169,AGENCY_MGMT,10-08-2026 23:05,CUS-021105,Marcus Salleh,Male,09-04-1984,42,Single,Citizen,Professional,115902,100k-200k,D20,marcus.salleh149@example.com,+65 92240063,POL-0023169,06-03-2023,16-04-2023,PRUWealth Plus,Savings & Wealth,Digital,Annual,56968.89,187000,56968.89,0.083,10,Lapsed,41,Y,21-01-2024,N,,N,,,,,41,N,,,,,,,,N,N,0.64,7,,,,,,,,,,,,,,False,False,False,False,EXACT_DUPLICATE
RID-0037659,POLICY_ADMIN,04-04-2026 09:08,CUS-026870,Edwin Lee,Male,21-07-1993,33,Single,Citizen,Civil Service,94096,50k-100k,D08,edwin.lee230@example.com,+65 96276197,POL-0037659,06-05-2023,17-05-2023,PRUShield Standard,Health & IP,Agency,Monthly,4440.12,740000,4440.12,0.1631,10,Lapsed,40,Y,05-05-2024,N,Private Hospital,N,,,,,24,N,,,,,,,,N,N,0.32,8,,,,,,AGT-00872,Iskandar Goh,MDRT,211,AU-05,Active,86.5,0.692,False,False,False,False,EXACT_DUPLICATE
RID-0045713,POLICY_ADMIN,15-07-2026 21:48,CUS-018365,Deepak Sim,Male,21-09-1979,47,Married,Citizen,Education,30000,Below 50k,D28,deepak.sim483@example.com,+65 87508504,POL-0045713,11-08-2023,15-08-2023,PRUActive Term,Protection,Bancassurance,Quarterly,8850.06,982000,8850.06,0.2246,5,Lapsed,37,Y,15-07-2025,Y,,N,,,,,75,N,CLM-0045713,03-09-2024,Death Benefit,7673.57,Approved,,16,N,N,-0.17,9,ASR-0016,100000,N,N,0.119,,,,,,,,,False,False,False,False,EXACT_DUPLICATE
RID-0042221,AGENCY_MGMT,14-06-2026 11:08,CUS-020998,Valerie Turner,Female,10-01-1976,50,Married,Citizen,Retired,66640,50k-100k,D28,valerie.turner488@example.com,+65 96157318,POL-0042221,06-04-2026,26-04-2026,PRULink Assurance,Investment-Linked,Digital,Monthly,32546.49,143000,32546.49,0.1115,20,Surrendered,4,Y,22-08-2026,N,,N,,,,,405,N,,,,,,,,N,N,0.53,10,,,,,,,,,,,,,,False,False,False,False,EXACT_DUPLICATE
RID-0021649,CLAIMS_SYS,06-04-2026 20:46,CUS-001634,Zulkifli Teo,Male,27-11-2001,25,Married,Citizen,Professional,149648,100k-200k,D14,zulkifli.teo360@example.com,+65 87041550,POL-0021649,18-12-2023,28-01-2024,PRUFlexiCash,Savings & Wealth,Bancassurance,Quarterly,10125.33,78000,10125.33,0.0535,10,Lapsed,31,Y,24-04-2025,Y,,N,,,,,56,N,CLM-0021649,15-03-2024,Accident,38691.73,Withdrawn,,18,N,N,0.21,10,ASR-0019,100000,N,N,0.289,,,,,,,,,False,False,False,False,EXACT_DUPLICATE
RID-0020736,POLICY_ADMIN,17-06-2026 08:09,CUS-016449,Zhi Hao Reddy,Male,04-08-2000,26,Divorced,Citizen,Professional,90300,50k-100k,D15,zhi.hao.reddy438@example.com,+65 87526269,POL-0020736,24-08-2024,29-09-2024,PRUShield Standard,Health & IP,Bancassurance,Annual,2840.75,998000,2840.75,0.1136,99,Inforce,23,N,,Y,Public B1-Ward,Y,1204.64,1204.64,0,1500,0,N,CLM-0020736,21-05-2025,Accident,1956.01,Pending,,46,N,N,0.51,7,ASR-0027,25000,N,N,0.265,,,,,,,,,False,False,False,False,EXACT_DUPLICATE
RID-0046603,CRM,17-07-2026 03:51,CUS-040351,Cheryl Chong,Female,18-06-1973,53,Married,Citizen,Executive,63983,50k-100k,D14,cheryl.chong284@example.com,+65 96579492,POL-0046603,11-12-2023,16-01-2024,PRUShield A Plus,Health & IP,Broker,Semi-Annual,7380.72,319000,7380.72,0.1627,30,Inforce,31,N,,Y,Public A-Ward,Y,2505.88,2505.88,0,1500,0,N,,,,,,,,N,N,0.37,8,,,,,,AGT-01127,Chee Keong Salleh,New,12,AU-09,Active,39.7,0.219,False,False,False,False,EXACT_DUPLICATE
RID-0030908,CLAIMS_SYS,31-07-2026 01:58,CUS-023441,Aravind Sharma,Male,06-03-1984,42,Married,Citizen,Education,56075,50k-100k,D08,aravind.sharma276@example.com,+65 91914408,POL-0030908,14-03-2025,22-04-2025,PRUFlexiCash,Savings & Wealth,Agency,Annual,40588.02,85000,40588.02,0.0478,15,Lapsed,16,Y,16-10-2025,N,,N,,,,,20,N,CLM-0030908,19-06-2025,Accident,23223.52,Approved,,15,N,N,0.15,9,ASR-0022,25000,N,N,0.145,AGT-00273,Lakshmi Lim,New,6,AU-14,Active,55.8,0.386,False,False,False,False,EXACT_DUPLICATE
RID-0008470,CRM,10-08-2026 11:42,CUS-005958,Farah Kumar,Female,05-07-1994,32,Widowed,Citizen,Healthcare,82735,50k-100k,D21,farah.kumar179@example.com,+65 88704444,POL-0008470,16-03-2023,28-04-2023,PRUSave Endowment,Savings & Wealth,Bancassurance,Monthly,28256.34,188000,28256.34,0.0716,10,Inforce,40,N,,Y,,N,,,,,22,N,CLM-0008470,08-07-2024,Hospitalisation,1548.8,Partially Approved,,19,N,N,0.18,7,ASR-0023,50000,N,N,0.302,,,,,,,,,False,False,False,False,EXACT_DUPLICATE
RID-0045384,CRM,08-06-2026 21:01,CUS-016161,Edwin Wong,Male,26-08-2005,21,Widowed,Citizen,Professional,231326,200k-400k,D03,edwin.wong14@example.com,+65 97467224,POL-0045384,24-04-2026,27-05-2026,PRUShield Standard,Health & IP,Bancassurance,Annual,655.94,1387000,655.94,0.1513,5,Inforce,3,N,,Y,Private Hospital,Y,215.29,104.84,10,1500,22,N,CLM-0045384,30-05-2026,Death Benefit,2665.75,Approved,,22,N,N,0.77,9,ASR-0036,25000,N,N,0.147,,,,,,,,,False,False,False,False,EXACT_DUPLICATE
RID-0039860,POLICY_ADMIN,16-06-2026 07:57,CUS-025585,Faisal Ibrahim,Male,23-10-1991,35,Married,Permanent Resident,Self-Employed,113489,100k-200k,D14,faisal.ibrahim105@example.com,+65 85016918,POL-0039860,14-09-2024,10-10-2024,PRUSelect Vantage,Investment-Linked,Digital,Monthly,7394.2,171000,7394.2,0.1232,5,Inforce,23,N,,Y,,N,,,,,66,N,CLM-0039860,14-03-2026,Day Surgery,9123.56,Approved,,12,N,N,0.8,7,ASR-0023,50000,N,Y,0.396,,,,,,,,,False,False,False,False,EXACT_DUPLICATE
RID-0012885,CRM,26-03-2026 00:18,CUS-034165,Jun Hao Mitchell,Male,13-07-1997,29,Single,Citizen,Professional,128423,100k-200k,D03,jun.hao.mitchell452@example.com,+65 95965603,POL-0012885,20-08-2025,14-09-2025,PRUActive Term,Protection,Agency,Annual,1365.49,2388000,1365.49,0.3363,30,Inforce,11,N,,Y,,N,,,,,91,N,CLM-0012885,03-01-2026,Outpatient Specialist,7872.95,Pending,,63,N,N,0.22,6,ASR-0058,100000,N,N,0.073,AGT-00720,Priya Lim,Senior,91,AU-29,Active,71.1,0.074,False,False,False,False,EXACT_DUPLICATE
RID-0046983,CRM,17-08-2026 08:47,CUS-009343,Nurul Aisyah Wong,Female,21-12-1983,43,Divorced,Citizen,Civil Service,74062,50k-100k,D28,nurul.aisyah.wong326@example.com,+65 88886890,POL-0046983,30-06-2024,06-08-2024,PRUExtra Care,Health & IP,Agency,Quarterly,6416.76,143000,6416.76,0.1791,15,Inforce,25,N,,Y,Private Hospital,Y,2613.84,2613.84,0,1500,0,N,,,,,,,,N,N,0.32,10,,,,,,AGT-00518,Suresh Tan,New,7,AU-14,Active,25.1,0.276,False,False,False,False,EXACT_DUPLICATE
RID-0008414,CRM,13-05-2026 05:24,CUS-022490,Joanne Kumar,Female,13-11-1991,35,Widowed,Citizen,Technician,30000,Below 50k,D27,joanne.kumar55@example.com,+65 87212115,POL-0008414,08-02-2024,20-03-2024,PRUVantage Legacy,Savings & Wealth,Agency,Semi-Annual,13724.73,202000,13724.73,0.0411,25,Inforce,29,N,,Y,,N,,,,,72,N,CLM-0008414,23-06-2024,Maternity,22223.36,Approved,,16,N,N,-0.02,6,ASR-0018,25000,N,N,0.083,AGT-00638,Kai Xuan Tan,Established,29,AU-40,Active,64.4,0.065,False,False,False,False,EXACT_DUPLICATE
RID-0003632,CLAIMS_SYS,27-05-2026 13:20,CUS-032469,Kavitha Sharma,Female,25-02-2003,23,Divorced,Permanent Resident,Technician,30000,Below 50k,D14,kavitha.sharma370@example.com,+65 88912821,POL-0003632,06-05-2024,29-05-2024,PRUActive Term,Protection,Digital,Annual,1880.02,2024000,1880.02,0.3118,30,Inforce,27,N,,Y,,N,,,,,14,N,CLM-0003632,20-11-2024,Maternity,8512.33,Approved,,37,N,N,0.01,9,ASR-0042,10000,N,N,0.241,,,,,,,,,False,False,False,False,EXACT_DUPLICATE
RID-0016391,CRM,31-03-2026 13:34,CUS-026923,Vikram Pillai,Male,15-03-1977,49,Divorced,Citizen,Manager,56653,50k-100k,D15,vikram.pillai382@example.com,+65 84627908,POL-0016391,30-10-2023,13-11-2023,PRUVantage Legacy,Savings & Wealth,Agency,Monthly,27467.59,139000,27467.59,0.058,15,Inforce,34,N,,Y,,N,,,,,35,N,,,,,,,,N,N,0.86,6,,,,,,AGT-00841,Faisal Chong,Senior,170,AU-01,Active,35.6,0.022,False,False,False,False,EXACT_DUPLICATE
RID-0017743,CRM,07-06-2026 15:14,CUS-021410,Joanne Ho,Female,03-06-1971,55,Married,Citizen,Retired,88279,50k-100k,D27,joanne.ho228@example.com,+65 81176019,POL-0017743,01-04-2023,23-04-2023,PRUSave Endowment,Savings & Wealth,Agency,Annual,30730.97,329000,30730.97,0.0682,25,Surrendered,40,Y,28-06-2026,Y,,N,,,,,102,N,CLM-0017743,02-01-2025,Outpatient Specialist,276.43,Approved,,14,N,N,0.34,8,ASR-0028,10000,N,N,0.255,AGT-00052,Wan Ting Koh,New,3,AU-17,Active,48.6,0.198,False,False,False,False,EXACT_DUPLICATE
RID-0005507,AGENCY_MGMT,13-05-2026 21:12,CUS-003731,Arjun Wright,Male,03-01-1982,44,Divorced,Permanent Resident,Manager,68857,50k-100k,D09,arjun.wright33@example.com,+65 86943234,POL-0005507,27-09-2024,08-10-2024,PRUExtra Care,Health & IP,Agency,Annual,6486.82,1236000,6486.82,0.1708,20,Inforce,23,N,,Y,Public A-Ward,N,,,,,0,N,CLM-0005507,13-01-2025,Critical Illness,1729.61,Approved,,6,N,N,0.69,8,ASR-0025,50000,N,N,0.109,AGT-00119,Jonathan Osman,Established,39,AU-36,Active,25.5,0.248,False,False,False,False,EXACT_DUPLICATE
RID-0045157,CLAIMS_SYS,24-06-2026 01:06,CUS-031166,Kavitha Toh,Female,05-08-1998,28,Widowed,Citizen,Technician,77131,50k-100k,D07,kavitha.toh127@example.com,+65 89236062,POL-0045157,16-01-2024,25-01-2024,PRUShield Life,Protection,Agency,Annual,6924.51,190000,6924.51,0.3296,25,Inforce,31,N,,Y,,N,,,,,136,N,CLM-0045157,26-11-2025,Accident,2216.83,Approved,,25,N,N,-0.02,6,ASR-0001,50000,N,N,0.179,AGT-00906,Jonathan Wong,Established,35,AU-22,On Notice,39.3,0.241,False,False,False,False,EXACT_DUPLICATE
RID-0012055,CRM,10-03-2026 23:46,CUS-032461,Iskandar Wong,Male,03-12-1964,62,Married,Citizen,Sales,226236,200k-400k,D18,iskandar.wong248@example.com,+65 94713707,POL-0012055,17-10-2023,26-11-2023,PRUExtra Care,Health & IP,Digital,Annual,5636.32,247000,5636.32,0.1282,25,Surrendered,33,Y,27-07-2026,Y,Public B1-Ward,N,,,,,63,N,CLM-0012055,15-08-2024,Maternity,756.26,Approved,,14,N,N,0.91,8,ASR-0056,50000,N,N,0.126,,,,,,,,,False,False,False,False,EXACT_DUPLICATE
RID-0034486,CLAIMS_SYS,03-06-2026 03:18,CUS-028804,Aminah Yusof,Female,10-07-1974,52,Divorced,Citizen,Technician,43319,Below 50k,D27,aminah.yusof279@example.com,+65 87797069,POL-0034486,05-05-2023,17-06-2023,PRUTerm Secure,Protection,Bancassurance,Annual,3360.33,2966000,3360.33,0.2474,30,Inforce,39,N,,Y,,N,,,,,0,N,CLM-0034486,06-06-2024,Outpatient Specialist,20984.15,Approved,,21,N,N,0.08,6,ASR-0052,5000,N,N,0.049,,,,,,,,,False,False,False,False,EXACT_DUPLICATE
RID-0047369,CRM,11-06-2026 05:11,CUS-019194,Rachel Hassan,Female,04-09-1986,40,Widowed,Permanent Resident,Healthcare,104375,100k-200k,D09,rachel.hassan100@example.com,+65 95936820,POL-0047369,20-07-2023,22-07-2023,PRUShield Standard,Health & IP,Direct,Quarterly,5104.13,373000,5104.13,0.1534,5,Inforce,37,N,,Y,Public A-Ward,Y,1525.28,1525.28,0,1500,191,N,CLM-0047369,27-05-2024,Hospitalisation,5163.63,Declined,Pre-existing condition,38,N,N,-0.05,7,ASR-0057,50000,N,N,0.396,,,,,,,,,False,False,False,False,EXACT_DUPLICATE
RID-0041544,CRM,30-03-2026 16:19,CUS-016465,Zarina Foo,Female,03-02-1981,45,Married,Citizen,Manager,69930,50k-100k,D10,zarina.foo16@example.com,+65 88408074,POL-0041544,04-11-2025,14-11-2025,PRUVantage Legacy,Savings & Wealth,Digital,Monthly,24293.95,63000,24293.95,0.0483,25,Inforce,9,N,,Y,,N,,,,,72,Y,,,,,,,,N,N,0.68,6,,,,,,,,,,,,,,False,False,False,False,EXACT_DUPLICATE
RID-0010099,CRM,04-05-2026 23:16,CUS-024124,Zulkifli Yeo,Male,04-09-1979,47,Divorced,Employment Pass,Healthcare,81329,50k-100k,D20,zulkifli.yeo269@example.com,+65 97644663,POL-0010099,18-11-2024,28-11-2024,PRUCritical Cover,Protection,Broker,Annual,8719.91,1886000,8719.91,0.3132,20,Cancelled,21,Y,12-05-2025,N,,N,,,,,232,N,CLM-0010099,07-02-2025,Accident,3316.63,Approved,,17,N,N,0.74,7,ASR-0060,10000,N,N,0.157,AGT-00541,Divya Foo,New,12,AU-34,Active,78.7,0.095,False,False,False,False,EXACT_DUPLICATE
RID-0025055,POLICY_ADMIN,23-08-2026 18:31,CUS-016485,Priya Koh,Female,05-05-1967,59,Widowed,Citizen,Sales,142466,100k-200k,D27,priya.koh428@example.com,+65 85241379,POL-0025055,20-02-2024,12-03-2024,PRUActive Term,Protection,Bancassurance,Monthly,3664.25,2561000,3664.25,0.2255,15,Inforce,30,N,,Y,,N,,,,,107,N,CLM-0025055,19-06-2025,Death Benefit,25913.6,Approved,,32,N,N,-0.13,9,ASR-0057,50000,N,N,0.268,,,,,,,,,False,False,False,False,EXACT_DUPLICATE
RID-0030553,POLICY_ADMIN,24-07-2026 05:33,CUS-000243,Muhammad Ariff Yeo,Male,23-06-1984,42,Married,Citizen,Technician,56825,50k-100k,D06,muhammad.ariff.yeo83@example.com,+65 82942986,POL-0030553,06-10-2024,17-11-2024,PRUVantage Legacy,Savings & Wealth,Bancassurance,Monthly,55995.59,466000,55995.59,0.0412,99,Inforce,21,N,,Y,,N,,,,,142,N,CLM-0030553,21-03-2025,Day Surgery,2335.25,Approved,,20,N,N,0.71,10,ASR-0030,25000,N,N,0.302,,,,,,,,,False,False,False,False,EXACT_DUPLICATE
RID-0030215,CLAIMS_SYS,21-04-2026 09:01,CUS-034240,Denise Menon,Female,20-02-1990,36,Widowed,Citizen,Professional,96696,50k-100k,D09,denise.menon171@example.com,+65 96611572,POL-0030215,14-01-2025,17-01-2025,PRUShield Life,Protection,Direct,Monthly,2075.12,2224000,2075.12,0.3142,99,Inforce,19,N,,Y,,N,,,,,19,N,CLM-0030215,14-02-2026,Hospitalisation,7649.97,Approved,,1,N,N,-0.06,10,ASR-0036,25000,N,N,0.396,,,,,,,,,False,False,False,False,EXACT_DUPLICATE
RID-0015933,CRM,07-05-2026 22:50,CUS-040544,Suresh Yeo,Male,16-12-1979,47,Married,Foreigner,Professional,43805,Below 50k,D22,suresh.yeo207@example.com,+65 98710468,POL-0015933,11-10-2024,18-10-2024,PRUActive Term,Protection,Agency,Semi-Annual,4929.43,341000,4929.43,0.2963,20,Inforce,22,N,,Y,,N,,,,,72,N,CLM-0015933,06-07-2025,Critical Illness,2778.7,Pending,,42,N,N,0.96,7,ASR-0034,100000,N,N,0.356,AGT-00274,Wei Ming Low,Established,31,AU-01,Active,53.8,0.239,False,False,False,False,EXACT_DUPLICATE
RID-0012190,CLAIMS_SYS,14-03-2026 05:57,CUS-016155,Cheryl Sim,Female,12-06-1995,31,Divorced,Citizen,Manager,48481,Below 50k,D26,cheryl.sim80@example.com,+65 84891769,POL-0012190,09-02-2024,11-02-2024,PRUVantage Legacy,Savings & Wealth,Agency,Annual,40430.85,146000,40430.85,0.0474,25,Inforce,31,N,,Y,,N,,,,,69,Y,CLM-0012190,04-08-2026,Day Surgery,20099.09,Approved,,33,N,N,0.89,10,ASR-0019,100000,N,N,0.311,AGT-00421,Joanne Fraser,New,6,AU-32,Active,42.5,0.38,False,False,False,False,EXACT_DUPLICATE
RID-0033953,CLAIMS_SYS,12-06-2026 17:26,CUS-038472,Denise Foo,Female,06-09-1980,46,Divorced,Permanent Resident,Self-Employed,78164,50k-100k,D24,denise.foo27@example.com,+65 89360277,POL-0033953,13-02-2025,01-03-2025,PRUSave Endowment,Savings & Wealth,Bancassurance,Monthly,11002.71,77000,11002.71,0.0397,15,Matured,18,N,,Y,,N,,,,,204,N,,,,,,,,N,N,-0.1,5,,,,,,,,,,,,,,False,False,False,False,EXACT_DUPLICATE
RID-0038788,POLICY_ADMIN,07-05-2026 21:03,CUS-040280,Hui Ling Harper,Female,19-12-1988,38,Widowed,Citizen,Retired,85453,50k-100k,D15,hui.ling.harper372@example.com,+65 84605246,POL-0038788,12-04-2024,05-05-2024,PRUSave Endowment,Savings & Wealth,Agency,Annual,46036.23,62000,46036.23,0.0597,20,Inforce,28,N,,Y,,N,,,,,100,N,,,,,,,,N,N,-0.03,6,,,,,,AGT-00428,Daniel Fraser,MDRT,143,AU-04,Active,28,0.346,False,False,False,False,EXACT_DUPLICATE
RID-0020603,CLAIMS_SYS,27-03-2026 18:36,CUS-009346,Nurul Aisyah Toh,Female,26-07-1999,27,Widowed,Citizen,Healthcare,78087,50k-100k,D21,nurul.aisyah.toh237@example.com,+65 96927156,POL-0020603,25-02-2025,28-02-2025,PRULink Assurance,Investment-Linked,Bancassurance,Annual,40630.48,480000,40630.48,0.1539,30,Inforce,18,N,,Y,,N,,,,,87,Y,,,,,,,,N,N,0.84,6,,,,,,,,,,,,,,False,False,False,False,EXACT_DUPLICATE
RID-0002550,AGENCY_MGMT,20-08-2026 09:04,CUS-032240,Nicholas Koh,Male,02-04-1980,46,Widowed,Citizen,Retired,124841,100k-200k,D03,nicholas.koh483@example.com,+65 91402518,POL-0002550,09-10-2025,17-10-2025,PRUExtra Care,Health & IP,Broker,Monthly,5456.48,318000,5456.48,0.168,20,Inforce,10,N,,Y,Public A-Ward,Y,2279.67,2279.67,0,0,0,Y,CLM-0002550,14-11-2025,Critical Illness,9603.79,Approved,,15,N,N,0.93,8,ASR-0026,10000,N,N,0.377,AGT-00343,Wei Ming Teo,Established,91,AU-23,On Notice,73.4,0.307,False,False,False,False,EXACT_DUPLICATE
RID-0004959,POLICY_ADMIN,18-03-2026 23:57,CUS-023092,Jun Hao Turner,Male,21-03-1973,53,Married,Citizen,Professional,30000,Below 50k,D02,jun.hao.turner5@example.com,+65 94926176,POL-0004959,27-11-2024,10-12-2024,PRULink Global Growth,Investment-Linked,Bancassurance,Quarterly,30376.97,117000,30376.97,0.1068,15,Inforce,21,N,,Y,,N,,,,,197,N,CLM-0004959,10-01-2025,Maternity,4399.31,Approved,,21,N,N,-0.03,8,ASR-0040,100000,N,N,0.216,,,,,,,,,False,False,False,False,EXACT_DUPLICATE
RID-0031261,CLAIMS_SYS,05-05-2026 19:31,CUS-011128,Zhi Hao Low,Male,03-08-1991,35,Married,Citizen,Self-Employed,87337,50k-100k,D10,zhi.hao.low352@example.com,+65 82423046,POL-0031261,04-03-2026,27-03-2026,PRUWealth Plus,Savings & Wealth,Bancassurance,Annual,16766.3,491000,16766.3,0.0413,99,Inforce,5,N,,Y,,N,,,,,129,N,CLM-0031261,24-05-2026,Maternity,1515.24,Approved,,27,N,N,0.14,8,ASR-0056,50000,N,N,0.294,,,,,,,,,False,False,False,False,EXACT_DUPLICATE
RID-0029507,CLAIMS_SYS,27-07-2026 11:49,CUS-031734,Jia Hui Aziz,Female,06-10-1986,40,Widowed,Citizen,Executive,109593,100k-200k,D24,jia.hui.aziz485@example.com,+65 87625783,POL-0029507,16-04-2025,06-05-2025,PRUWealth Plus,Savings & Wealth,Agency,Annual,19623.77,214000,19623.77,0.0478,10,Inforce,16,N,,Y,,N,,,,,54,N,CLM-0029507,11-01-2026,Critical Illness,3857.69,Approved,,23,N,N,0.72,6,ASR-0012,100000,N,N,0.306,AGT-01038,Marcus Goh,Established,27,AU-12,Active,21.5,0.418,False,False,False,False,EXACT_DUPLICATE
RID-0029238,CRM,02-04-2026 19:25,CUS-002188,Iskandar Seah,Male,27-04-1974,52,Divorced,Citizen,Retired,109310,100k-200k,D15,iskandar.seah384@example.com,+65 98887753,POL-0029238,02-03-2025,18-03-2025,PRUVantage Legacy,Savings & Wealth,Agency,Annual,38395.23,421000,38395.23,0.0778,30,Lapsed,17,Y,07-08-2025,N,,N,,,,,156,N,CLM-0029238,05-12-2025,Day Surgery,3413.89,Approved,,16,N,Y,-0.82,1,ASR-0014,5000,N,N,0.056,AGT-01098,Jonathan Hassan,Established,37,AU-38,Active,20.5,0.409,False,False,False,False,EXACT_DUPLICATE
RID-0029392,CLAIMS_SYS,15-03-2026 08:47,CUS-035000,Aravind Foo,Male,13-08-1974,52,Divorced,Foreigner,Healthcare,39786,Below 50k,D03,aravind.foo319@example.com,+65 87695251,POL-0029392,24-12-2025,15-01-2026,PRUVantage Legacy,Savings & Wealth,Agency,Annual,53954.25,447000,53954.25,0.0437,20,Inforce,7,N,,Y,,N,,,,,83,N,CLM-0029392,22-05-2026,Accident,9466.43,Approved,,13,N,N,-0.06,10,ASR-0014,5000,N,N,0.065,AGT-00939,Zhi Hao Wright,Established,41,AU-31,Active,92.4,0.364,False,False,False,False,EXACT_DUPLICATE
RID-0004667,CRM,11-06-2026 02:06,CUS-039067,Suresh Lim,Male,18-12-1996,30,Single,Employment Pass,Retired,31212,Below 50k,D19,suresh.lim51@example.com,+65 88478109,POL-0004667,21-08-2023,29-09-2023,PRUFlexiCash,Savings & Wealth,Agency,Quarterly,33909.8,423000,33909.8,0.0497,15,Inforce,35,N,,Y,,N,,,,,33,N,CLM-0004667,01-01-2024,Hospitalisation,23194.52,Approved,,23,N,N,-0.03,9,ASR-0003,10000,N,N,0.22,AGT-00861,Suresh Chua,Established,76,AU-31,Active,99.8,0.703,False,False,False,False,EXACT_DUPLICATE
RID-0024544,CLAIMS_SYS,08-05-2026 15:40,CUS-008576,Aravind Menon,Male,14-07-1993,33,Divorced,Employment Pass,Civil Service,60538,50k-100k,D06,aravind.menon413@example.com,+65 84117166,POL-0024544,22-12-2025,25-12-2025,PRUVantage Legacy,Savings & Wealth,Agency,Semi-Annual,5133.43,63000,5133.43,0.0589,15,Inforce,8,N,,Y,,N,,,,,0,N,,,,,,,,N,N,0.26,9,,,,,,AGT-00247,Rachel Foo,MDRT,132,AU-14,On Notice,24.8,0.244,False,False,False,False,EXACT_DUPLICATE
RID-0012128,CLAIMS_SYS,03-04-2026 20:14,CUS-038205,Wei Ming Reddy,Male,15-03-1971,55,Widowed,Citizen,Sales,38944,Below 50k,D21,wei.ming.reddy305@example.com,+65 91945612,POL-0012128,11-06-2024,14-06-2024,PRUFlexiCash,Savings & Wealth,Broker,Quarterly,20520.47,383000,20520.47,0.0646,15,Inforce,26,N,,Y,,N,,,,,0,Y,CLM-0012128,22-08-2025,Disability,5006.29,Approved,,15,N,N,0.15,6,ASR-0004,100000,N,N,0.027,AGT-00515,Nicholas Sharma,New,3,AU-25,Active,83.9,0.405,False,False,False,False,EXACT_DUPLICATE
RID-0043094,CLAIMS_SYS,14-06-2026 16:34,CUS-027218,Terence Osman,Male,02-04-1981,45,Single,Citizen,Sales,54348,50k-100k,D20,terence.osman197@example.com,+65 98336025,POL-0043094,25-01-2024,09-02-2024,PRUWealth Plus,Savings & Wealth,Agency,Annual,35727.13,71000,35727.13,0.0647,10,Inforce,31,N,,Y,,N,,,,,48,N,CLM-0043094,11-12-2025,Outpatient Specialist,1918.33,Approved,,15,N,N,0.62,9,ASR-0045,10000,N,N,0.098,AGT-00008,Wan Ting Pillai,Senior,37,AU-35,Active,59.6,0.454,False,False,False,False,EXACT_DUPLICATE
RID-0041071,POLICY_ADMIN,17-04-2026 05:12,CUS-017779,Farah Tan,Female,01-02-1961,65,Widowed,Citizen,Technician,69485,50k-100k,D12,farah.tan492@example.com,+65 84741047,POL-0041071,16-06-2024,30-07-2024,PRUCritical Cover,Protection,Bancassurance,Annual,4529.99,1913000,4529.99,0.2947,30,Lapsed,25,Y,08-10-2025,Y,,N,,,,,0,N,CLM-0041071,03-11-2024,Outpatient Specialist,20802.74,Approved,,1,N,Y,-0.73,5,ASR-0001,50000,N,N,0.06,,,,,,,,,False,False,False,False,EXACT_DUPLICATE
RID-0028695,AGENCY_MGMT,12-07-2026 16:30,CUS-007442,Lakshmi Bennett,Female,23-07-1969,57,Married,Employment Pass,Retired,30000,Below 50k,D17,lakshmi.bennett455@example.com,+65 97331327,POL-0028695,19-06-2023,15-07-2023,PRUVantage Legacy,Savings & Wealth,Broker,Quarterly,45953.64,446000,45953.64,0.0392,20,Inforce,38,N,,Y,,N,,,,,28,N,CLM-0028695,01-04-2025,Disability,38198.47,Approved,,15,N,N,0.5,7,ASR-0018,25000,N,N,0.045,AGT-00150,Cheryl Mitchell,New,7,AU-35,Active,36.7,0.376,False,False,False,False,EXACT_DUPLICATE
RID-0018758,AGENCY_MGMT,29-05-2026 10:10,CUS-037695,Valerie Neo,Female,06-09-1979,47,Widowed,Citizen,Executive,43090,Below 50k,D24,valerie.neo389@example.com,+65 97347220,POL-0018758,17-02-2024,31-03-2024,PRUTerm Secure,Protection,Agency,Annual,6285.88,2631000,6285.88,0.2657,20,Inforce,29,N,,Y,,N,,,,,0,N,CLM-0018758,22-07-2024,Critical Illness,2693.39,Declined,Premium in arrears,21,N,N,0.78,9,ASR-0022,25000,N,N,0.016,AGT-00999,Iskandar Chong,Established,36,AU-34,Active,20.9,0.225,False,False,False,False,EXACT_DUPLICATE
RID-0038450,CRM,16-08-2026 00:44,CUS-032350,Wan Ting Rahman,Female,08-09-1986,40,Widowed,Employment Pass,Education,108473,100k-200k,D22,wan.ting.rahman468@example.com,+65 85142224,POL-0038450,08-07-2024,25-07-2024,PRULink Global Growth,Investment-Linked,Bancassurance,Monthly,19130.81,676000,19130.81,0.0949,25,Inforce,25,N,,Y,,N,,,,,141,Y,,,,,,,,N,N,0.14,10,,,,,,,,,,,,,,False,False,False,False,EXACT_DUPLICATE
RID-0039955,AGENCY_MGMT,21-06-2026 16:10,CUS-008173,Divya Aziz,Female,05-09-1984,42,Widowed,Citizen,Retired,53244,50k-100k,D03,divya.aziz263@example.com,+65 81374820,POL-0039955,15-11-2024,20-12-2024,PRUSave Endowment,Savings & Wealth,Agency,Quarterly,54033.3,457000,54033.3,0.0464,30,Inforce,20,N,,Y,,N,,,,,85,N,,,,,,,,N,N,0.95,10,,,,,,AGT-00467,Nurul Aisyah Yusof,Senior,41,AU-22,Resigned,69.2,0.067,False,False,False,False,EXACT_DUPLICATE
RID-0016781,POLICY_ADMIN,28-03-2026 13:47,CUS-025169,Jun Hao Turner,Male,13-08-1985,41,Married,Permanent Resident,Technician,60341,50k-100k,D20,jun.hao.turner129@example.com,+65 82096066,POL-0016781,31-07-2025,25-08-2025,PRUSelect Vantage,Investment-Linked,Bancassurance,Monthly,32946.39,760000,32946.39,0.1253,10,Inforce,12,N,,Y,,N,,,,,102,N,CLM-0016781,04-02-2026,Disability,49494.63,Approved,,35,N,N,0.3,10,ASR-0040,100000,N,N,0.016,,,,,,,,,False,False,False,False,EXACT_DUPLICATE
RID-0047326,CRM,21-04-2026 05:55,CUS-015772,Meera Ibrahim,Female,13-05-1979,47,Widowed,Citizen,Self-Employed,49512,Below 50k,D21,meera.ibrahim121@example.com,+65 96909751,POL-0047326,22-11-2023,27-12-2023,PRUWealth Plus,Savings & Wealth,Bancassurance,Monthly,15345.47,457000,15345.47,0.0645,10,Inforce,32,N,,Y,,N,,,,,0,N,,,,,,,,N,N,0.39,7,,,,,,,,,,,,,,False,False,False,False,EXACT_DUPLICATE
RID-0046481,CRM,20-06-2026 15:57,CUS-018060,Nicholas Harper,Male,14-06-1953,73,Married,Permanent Resident,Education,108350,100k-200k,D08,nicholas.harper374@example.com,+65 97763022,POL-0046481,27-04-2023,14-05-2023,PRUSave Endowment,Savings & Wealth,Agency,Monthly,55951.9,346000,55951.9,0.0515,25,Inforce,40,N,,Y,,N,,,,,53,N,CLM-0046481,10-07-2026,Maternity,20796.87,Approved,,17,N,N,0.6,9,ASR-0019,100000,N,N,0.113,AGT-00644,Rachel Neo,Established,56,AU-29,Active,92.5,0.096,False,False,False,False,EXACT_DUPLICATE
RID-0013385,POLICY_ADMIN,14-03-2026 08:34,CUS-027409,Aravind Pillai,Male,04-03-1985,41,Married,Employment Pass,Executive,73348,50k-100k,D19,aravind.pillai38@example.com,+65 86915986,POL-0013385,11-11-2024,22-12-2024,PRUCritical Cover,Protection,Bancassurance,Quarterly,6880.72,1652000,6880.72,0.2057,25,Inforce,20,N,,Y,,N,,,,,13,N,CLM-0013385,18-07-2026,Maternity,8434.7,Partially Approved,,15,N,N,0.37,9,ASR-0001,50000,N,N,0.137,,,,,,,,,False,False,False,False,EXACT_DUPLICATE
RID-0018875,CRM,03-05-2026 09:54,CUS-024974,Rohan Hassan,Male,18-04-1979,47,Married,Citizen,Technician,121594,100k-200k,D02,rohan.hassan9@example.com,+65 95620657,POL-0018875,17-03-2023,11-04-2023,PRUShield A Plus,Health & IP,Agency,Annual,5656.05,116000,5656.05,0.1402,99,Inforce,41,N,,Y,Public B1-Ward,Y,2823.49,2823.49,0,0,16,N,CLM-0018875,21-12-2024,Maternity,13322.75,Partially Approved,,26,N,N,0.39,8,ASR-0017,50000,N,N,0.185,AGT-00921,Daniel Goh,Established,91,AU-20,Active,73.4,0.053,False,False,False,False,EXACT_DUPLICATE
RID-0005403,AGENCY_MGMT,14-07-2026 15:43,CUS-037789,Joanne Kumar,Female,18-12-1977,49,Single,Citizen,Technician,30000,Below 50k,D19,joanne.kumar410@example.com,+65 88756743,POL-0005403,24-01-2023,05-03-2023,PRUExtra Care,Health & IP,Agency,Quarterly,5795.47,215000,5795.47,0.1841,15,Inforce,42,N,,Y,Public A-Ward,Y,2499.4,2499.4,0,2500,48,N,CLM-0005403,01-12-2023,Critical Illness,19784.68,Approved,,17,N,N,0.35,7,ASR-0051,5000,N,N,0.243,AGT-00074,Lakshmi Yeo,New,7,AU-18,Active,32.6,0.2,False,False,False,False,EXACT_DUPLICATE
RID-0025788,CRM,23-04-2026 16:33,CUS-014174,Nicholas Bennett,Male,24-05-1983,43,Divorced,Permanent Resident,Manager,91973,50k-100k,D04,nicholas.bennett342@example.com,+65 88858502,POL-0025788,10-10-2023,24-10-2023,PRULink Assurance,Investment-Linked,Broker,Annual,33758.14,737000,33758.14,0.1664,25,Inforce,34,N,,Y,,N,,,,,47,Y,CLM-0025788,21-06-2025,Critical Illness,21739.98,Approved,,7,N,N,0.72,10,ASR-0042,10000,N,N,0.417,AGT-01020,Rachel Lim,Senior,109,AU-13,Active,62.4,0.276,False,False,False,False,EXACT_DUPLICATE
RID-0021268,AGENCY_MGMT,22-06-2026 00:17,CUS-029618,Zarina Nair,Female,25-02-1973,53,Married,Permanent Resident,Healthcare,73576,50k-100k,D12,zarina.nair61@example.com,+65 98491980,POL-0021268,11-08-2024,16-09-2024,PRUFlexiCash,Savings & Wealth,Bancassurance,Annual,8315.12,151000,8315.12,0.0392,30,Inforce,23,N,,Y,,N,,,,,0,Y,,,,,,,,N,N,0.18,8,,,,,,,,,,,,,,False,False,False,False,EXACT_DUPLICATE
RID-0020695,POLICY_ADMIN,22-04-2026 15:20,CUS-024029,Wei Ming Mitchell,Male,06-12-1999,27,Widowed,Citizen,Sales,69765,50k-100k,D20,wei.ming.mitchell176@example.com,+65 83941393,POL-0020695,27-09-2024,09-11-2024,PRUSave Endowment,Savings & Wealth,Agency,Monthly,15431.87,315000,15431.87,0.0777,15,Inforce,22,N,,Y,,N,,,,,20,N,,,,,,,,N,N,0.03,7,,,,,,AGT-00870,Terence Ong,MDRT,121,AU-21,Active,48.4,0.356,False,False,False,False,EXACT_DUPLICATE
RID-0008356,CRM,17-05-2026 16:49,CUS-022809,Deepak Chong,Male,06-09-1991,35,Single,Citizen,Executive,100281,100k-200k,D19,deepak.chong302@example.com,+65 99097404,POL-0008356,18-05-2025,22-06-2025,PRULink Assurance,Investment-Linked,Agency,Quarterly,31808.64,688000,31808.64,0.0971,10,Inforce,14,N,,Y,,N,,,,,84,N,CLM-0008356,24-04-2026,Outpatient Specialist,3199.92,Approved,,31,N,N,0.63,6,ASR-0053,25000,N,N,0.336,AGT-00808,Farah Rahman,Established,47,AU-06,Active,51.9,0.677,False,False,False,False,EXACT_DUPLICATE
RID-0032628,AGENCY_MGMT,29-06-2026 00:29,CUS-002157,Joanne Sim,Female,16-08-1967,59,Single,Citizen,Education,36337,Below 50k,D15,joanne.sim59@example.com,+65 92338003,POL-0032628,01-06-2026,07-06-2026,PRUWealth Plus,Savings & Wealth,Bancassurance,Monthly,9413.37,122000,9413.37,0.0402,30,Inforce,2,N,,Y,,N,,,,,4,N,CLM-0032628,15-06-2026,Critical Illness,49498.81,Approved,,14,N,N,0.07,10,ASR-0022,25000,N,N,0.111,,,,,,,,,False,False,False,False,EXACT_DUPLICATE
RID-0035202,CRM,11-06-2026 18:00,CUS-039928,Siti Nadia Foo,Female,12-05-1984,42,Married,Employment Pass,Civil Service,86159,50k-100k,D18,siti.nadia.foo270@example.com,+65 92553493,POL-0035202,06-02-2024,15-03-2024,PRULink Assurance,Investment-Linked,Bancassurance,Monthly,30130.06,812000,30130.06,0.1307,5,Lapsed,30,Y,30-08-2024,N,,N,,,,,7,N,,,,,,,,N,N,0.05,8,,,,,,,,,,,,,,False,False,False,False,EXACT_DUPLICATE
RID-0029402,CRM,31-03-2026 22:34,CUS-009597,Marcus Ho,Male,13-08-1979,47,Single,Employment Pass,Manager,128723,100k-200k,D07,marcus.ho210@example.com,+65 98501207,POL-0029402,08-03-2024,06-04-2024,PRUShield A Plus,Health & IP,Agency,Annual,6955.27,706000,6955.27,0.1693,30,Lapsed,29,Y,11-07-2025,Y,Public B1-Ward,Y,3248.68,3248.68,0,2500,23,Y,,,,,,,,N,N,0.3,7,,,,,,AGT-01108,Cheryl Ong,New,6,AU-26,Active,40.2,0.145,False,False,False,False,EXACT_DUPLICATE
RID-0041537,CRM,20-04-2026 00:23,CUS-002039,Hakim Teo,Male,26-02-1963,63,Widowed,Citizen,Sales,72249,50k-100k,D09,hakim.teo151@example.com,+65 95690661,POL-0041537,26-09-2023,03-11-2023,PRUVantage Legacy,Savings & Wealth,Agency,Annual,42325.43,163000,42325.43,0.0916,30,Inforce,34,N,,Y,,N,,,,,41,N,CLM-0041537,11-11-2024,Hospitalisation,4205.79,Declined,Premium in arrears,34,N,N,0.76,9,ASR-0010,50000,N,N,0.925,AGT-01031,Terence Chong,New,6,AU-30,Active,71.4,0.37,False,False,False,False,EXACT_DUPLICATE
RID-0007625,CRM,25-05-2026 09:27,CUS-039734,Aminah Turner,Female,26-06-1989,37,Single,Permanent Resident,Healthcare,75663,50k-100k,D19,aminah.turner376@example.com,+65 96969722,POL-0007625,27-10-2025,08-11-2025,PRUShield Standard,Health & IP,Broker,Annual,1307.14,126000,1307.14,0.2129,5,Inforce,9,N,,Y,Private Hospital,Y,624.16,624.16,0,2500,113,Y,CLM-0007625,04-12-2025,Outpatient Specialist,4928.61,Approved,,24,N,N,0.83,6,ASR-0049,100000,N,N,0.204,AGT-00841,Faisal Chong,Senior,170,AU-01,Active,35.6,0.022,False,False,False,False,EXACT_DUPLICATE
RID-0024652,AGENCY_MGMT,18-06-2026 09:17,CUS-000407,Zulkifli Ibrahim,Male,28-06-2005,21,Widowed,Citizen,Self-Employed,108419,100k-200k,D16,zulkifli.ibrahim143@example.com,+65 94820610,POL-0024652,24-08-2023,20-09-2023,PRUWealth Plus,Savings & Wealth,Bancassurance,Monthly,20319.61,54000,20319.61,0.0636,15,Inforce,35,N,,Y,,N,,,,,177,N,,,,,,,,N,N,0.57,5,,,,,,,,,,,,,,False,False,False,False,EXACT_DUPLICATE
RID-0026649,CLAIMS_SYS,19-04-2026 19:01,CUS-031934,Zulkifli Neo,Male,02-02-1977,49,Single,Permanent Resident,Self-Employed,37610,Below 50k,D01,zulkifli.neo443@example.com,+65 91148176,POL-0026649,21-04-2024,02-06-2024,PRUFlexiCash,Savings & Wealth,Bancassurance,Annual,9546.33,279000,9546.33,0.0556,15,Inforce,27,N,,Y,,N,,,,,0,N,CLM-0026649,16-02-2026,Hospitalisation,1040.97,Approved,,27,N,N,-0.1,7,ASR-0010,50000,N,N,0.793,,,,,,,,,False,False,False,False,EXACT_DUPLICATE
RID-0009984,AGENCY_MGMT,06-06-2026 10:13,CUS-030248,Meera Neo,Female,18-01-1967,59,Widowed,Citizen,Manager,101957,100k-200k,D16,meera.neo280@example.com,+65 96221016,POL-0009984,25-03-2023,26-03-2023,PRUVantage Legacy,Savings & Wealth,Agency,Semi-Annual,49322.72,396000,49322.72,0.0406,20,Inforce,41,N,,Y,,N,,,,,62,N,,,,,,,,N,N,0.77,5,,,,,,AGT-01076,Valerie Yusof,Established,41,AU-17,Active,94.8,0.118,False,False,False,False,EXACT_DUPLICATE
RID-0012068,AGENCY_MGMT,23-06-2026 01:26,CUS-025707,Lakshmi Mitchell,Female,11-12-1990,36,Divorced,Citizen,Technician,45269,Below 50k,D24,lakshmi.mitchell160@example.com,+65 88160369,POL-0012068,13-01-2026,27-02-2026,PRUShield Premier,Health & IP,Digital,Monthly,3457.15,1270000,3457.15,0.1653,25,Inforce,6,N,,Y,Private Hospital,N,,,,,0,N,CLM-0012068,11-08-2026,Critical Illness,459.92,Approved,,25,N,N,0.73,8,ASR-0015,25000,Y,N,0.637,,,,,,,,,False,False,False,False,EXACT_DUPLICATE
RID-0040987,CLAIMS_SYS,15-07-2026 17:46,CUS-015895,Jia Hui Foo,Female,18-03-1988,38,Divorced,Citizen,Executive,170901,100k-200k,D02,jia.hui.foo425@example.com,+65 89698977,POL-0040987,04-12-2023,19-12-2023,PRULink Assurance,Investment-Linked,Bancassurance,Annual,33466.73,584000,33466.73,0.1065,10,Inforce,32,N,,Y,,N,,,,,599,N,CLM-0040987,21-01-2024,Disability,4856.09,Approved,,22,N,N,0.49,6,ASR-0003,10000,N,N,0.234,,,,,,,,,False,False,False,False,EXACT_DUPLICATE
RID-0005259,CLAIMS_SYS,23-06-2026 21:29,CUS-026193,Joanne Nair,Female,20-05-1974,52,Widowed,Citizen,Technician,35391,Below 50k,D21,joanne.nair41@example.com,+65 94996110,POL-0005259,17-04-2024,16-05-2024,PRUWealth Plus,Savings & Wealth,Bancassurance,Annual,33151.15,266000,33151.15,0.0327,15,Inforce,27,N,,Y,,N,,,,,210,N,CLM-0005259,30-06-2026,Disability,3600.03,Partially Approved,,31,N,N,0.06,9,ASR-0036,25000,N,N,0.154,,,,,,,,,False,False,False,False,EXACT_DUPLICATE
RID-0030425,CLAIMS_SYS,20-05-2026 01:14,CUS-004129,Siew Peng Lee,Female,01-10-1985,41,Widowed,Citizen,Sales,89608,50k-100k,D08,siew.peng.lee55@example.com,+65 95147466,POL-0030425,19-05-2024,31-05-2024,PRUSave Endowment,Savings & Wealth,Agency,Monthly,20369.47,406000,20369.47,0.0887,15,Inforce,27,N,,Y,,N,,,,,22,N,CLM-0030425,06-01-2026,Maternity,3056.34,Approved,,19,N,N,0.12,10,ASR-0009,25000,N,N,0.16,AGT-00715,Deepak Chong,Established,44,AU-01,Active,84.5,0.38,False,False,False,False,EXACT_DUPLICATE
RID-0025555,CLAIMS_SYS,30-07-2026 05:35,CUS-017614,Meera Salleh,Female,15-05-1979,47,Divorced,Citizen,Manager,197638,100k-200k,D22,meera.salleh104@example.com,+65 99896838,POL-0025555,04-04-2024,14-04-2024,PRUCritical Cover,Protection,Broker,Monthly,7737.14,2287000,7737.14,0.2267,10,Inforce,29,N,,Y,,N,,,,,95,N,,,,,,,,N,N,0.38,7,,,,,,AGT-00992,Anjali Goh,Senior,72,AU-12,Active,74.7,0.066,False,False,False,False,EXACT_DUPLICATE
RID-0044044,POLICY_ADMIN,06-04-2026 16:39,CUS-028733,Nicholas Menon,Male,24-12-1997,29,Single,Citizen,Manager,117873,100k-200k,D25,nicholas.menon192@example.com,+65 89465320,POL-0044044,29-01-2025,12-03-2025,PRUTerm Secure,Protection,Bancassurance,Semi-Annual,3793.18,2010000,3793.18,0.1794,10,Lapsed,17,Y,15-05-2026,Y,,N,,,,,38,N,,,,,,,,N,N,0.58,7,,,,,,,,,,,,,,False,False,False,False,EXACT_DUPLICATE
RID-0021872,CLAIMS_SYS,30-07-2026 20:48,CUS-001753,Daniel Lee,Male,28-10-2000,26,Divorced,Citizen,Professional,55476,50k-100k,D16,daniel.lee66@example.com,+65 98822959,POL-0021872,19-09-2023,03-11-2023,PRUWealth Plus,Savings & Wealth,Digital,Monthly,47263.03,498000,47263.03,0.0815,99,Inforce,34,N,,Y,,N,,,,,0,N,CLM-0021872,11-09-2025,Disability,1158.93,Partially Approved,,5,N,N,0.22,10,ASR-0023,50000,N,N,0.109,,,,,,,,,False,False,False,False,EXACT_DUPLICATE
RID-0038174,POLICY_ADMIN,06-08-2026 00:58,CUS-001236,Cheryl Turner,Female,13-07-1975,51,Single,Citizen,Sales,60486,50k-100k,D24,cheryl.turner283@example.com,+65 82213898,POL-0038174,31-01-2023,17-02-2023,PRULink Global Growth,Investment-Linked,Agency,Monthly,26330.01,83000,26330.01,0.1149,20,Inforce,43,N,,Y,,N,,,,,117,Y,,,,,,,,N,N,0.49,10,,,,,,AGT-00451,Zulkifli Lim,Established,92,AU-07,Active,36.5,0.299,False,False,False,False,EXACT_DUPLICATE
RID-0013076,CRM,27-04-2026 13:57,CUS-018806,Kavitha Sharma,Female,01-06-1964,62,Single,Citizen,Sales,55509,50k-100k,D08,kavitha.sharma12@example.com,+65 89981815,POL-0013076,29-10-2023,09-11-2023,PRUExtra Care,Health & IP,Agency,Quarterly,1794.41,190000,1794.41,0.1813,25,Inforce,34,N,,Y,Private Hospital,Y,578.95,578.95,0,2500,95,N,,,,,,,,N,N,0.2,8,,,,,,AGT-00689,Siew Peng Nair,Established,72,AU-31,Active,77.6,0.539,False,False,False,False,EXACT_DUPLICATE
RID-0014792,AGENCY_MGMT,14-04-2026 07:56,CUS-038420,Wan Ting Harper,Female,14-03-1989,37,Widowed,Permanent Resident,Civil Service,84144,50k-100k,D17,wan.ting.harper187@example.com,+65 83638132,POL-0014792,10-10-2023,11-11-2023,PRUCritical Cover,Protection,Agency,Monthly,8087.47,372000,8087.47,0.2787,30,Inforce,34,N,,Y,,N,,,,,28,Y,CLM-0014792,08-01-2025,Maternity,13008.83,Partially Approved,,16,N,N,-0.1,8,ASR-0027,25000,N,N,0.231,AGT-00936,Wei Ming Turner,Senior,115,AU-09,Active,90.4,0.397,False,False,False,False,EXACT_DUPLICATE
RID-0042278,POLICY_ADMIN,17-07-2026 12:29,CUS-002985,Nicholas Chua,Male,05-03-1983,43,Married,Citizen,Sales,59380,50k-100k,D03,nicholas.chua436@example.com,+65 87169017,POL-0042278,06-06-2025,08-07-2025,PRUShield Premier,Health & IP,Agency,Semi-Annual,5169.32,722000,5169.32,0.1351,99,Inforce,14,N,,Y,Private Hospital,Y,2209.82,2209.82,0,0,51,N,,,,,,,,N,N,0.48,5,,,,,,AGT-00703,Aravind Tan,Established,26,AU-35,Active,82.9,0.563,False,False,False,False,EXACT_DUPLICATE
RID-0007649,CRM,16-07-2026 06:00,CUS-025306,Zarina Sharma,Female,07-04-2005,21,Divorced,Citizen,Retired,30000,Below 50k,D05,zarina.sharma191@example.com,+65 91285289,POL-0007649,10-05-2024,23-05-2024,PRUShield Premier,Health & IP,Bancassurance,Monthly,5901.62,1083000,5901.62,0.1031,20,Inforce,27,N,,Y,Public A-Ward,Y,2992.57,2992.57,0,2500,101,N,,,,,,,,N,N,0.3,10,,,,,,,,,,,,,,False,False,False,False,EXACT_DUPLICATE
RID-0042398,CLAIMS_SYS,03-05-2026 14:38,CUS-035591,Nurul Aisyah Lim,Female,02-10-1994,32,Widowed,Citizen,Healthcare,115265,100k-200k,D12,nurul.aisyah.lim404@example.com,+65 86438649,POL-0042398,26-02-2024,01-04-2024,PRUActive Term,Protection,Digital,Annual,2698.29,228000,2698.29,0.2597,25,Inforce,29,N,,Y,,N,,,,,159,Y,CLM-0042398,05-02-2026,Accident,3072.41,Approved,,12,N,N,0.78,6,ASR-0013,100000,N,N,0.868,,,,,,,,,False,False,False,False,EXACT_DUPLICATE
RID-0033828,CLAIMS_SYS,09-06-2026 06:02,CUS-028009,Lakshmi Chan,Female,21-09-1982,44,Single,Permanent Resident,Technician,128879,100k-200k,D05,lakshmi.chan352@example.com,+65 83863424,POL-0033828,16-03-2023,18-04-2023,PRUExtra Care,Health & IP,Agency,Annual,4386.64,1161000,4386.64,0.1838,15,Inforce,41,N,,Y,Private Hospital,N,,,,,181,N,,,,,,,,N,N,0.31,9,,,,,,AGT-00020,Kavitha Chan,Established,94,AU-29,Active,47.6,0.444,False,False,False,False,EXACT_DUPLICATE
RID-0005960,POLICY_ADMIN,08-08-2026 16:03,CUS-006640,Nurul Aisyah Lim,Female,22-01-1982,44,Married,Permanent Resident,Retired,315185,200k-400k,D02,nurul.aisyah.lim461@example.com,+65 99735437,POL-0005960,24-12-2025,07-02-2026,PRUCritical Cover,Protection,Bancassurance,Quarterly,3441.19,2606000,3441.19,0.24,5,Inforce,6,N,,Y,,N,,,,,78,N,CLM-0005960,20-05-2026,Death Benefit,1390.42,Approved,,18,N,N,-0.09,8,ASR-0008,10000,N,N,0.173,,,,,,,,,False,False,False,False,EXACT_DUPLICATE
RID-0019865,CRM,05-08-2026 16:25,CUS-015962,Jun Hao Wright,Male,17-02-1995,31,Divorced,Citizen,Technician,76239,50k-100k,D17,jun.hao.wright402@example.com,+65 85053135,POL-0019865,15-06-2026,24-07-2026,PRUShield Premier,Health & IP,Digital,Annual,6008.23,1014000,6008.23,0.1879,15,Inforce,1,N,,Y,Private Hospital,N,,,,,65,N,,,,,,,,N,N,0.01,10,,,,,,,,,,,,,,False,False,False,False,EXACT_DUPLICATE
RID-0044429,CRM,16-04-2026 15:36,CUS-025858,Rachel Lim,Female,09-03-1999,27,Divorced,Employment Pass,Self-Employed,127843,100k-200k,D20,rachel.lim118@example.com,+65 86246076,POL-0044429,04-09-2024,06-09-2024,PRUVantage Legacy,Savings & Wealth,Agency,Quarterly,28147.68,386000,28147.68,0.0734,25,Inforce,24,N,,Y,,N,,,,,118,N,CLM-0044429,20-07-2026,Critical Illness,2838.56,Withdrawn,,22,N,N,-0.11,7,ASR-0002,25000,N,Y,0.343,AGT-01133,Xin Yi Sim,Established,28,AU-19,Active,36.4,0.157,False,False,False,False,EXACT_DUPLICATE
RID-0030867,CLAIMS_SYS,26-08-2026 09:25,CUS-004703,Daniel Fraser,Male,20-11-1990,36,Divorced,Permanent Resident,Manager,375469,200k-400k,D15,daniel.fraser186@example.com,+65 94063905,POL-0030867,18-06-2026,30-06-2026,PRUFlexiCash,Savings & Wealth,Bancassurance,Semi-Annual,18524.65,267000,18524.65,0.035,30,Inforce,2,N,,Y,,N,,,,,28,N,,,,,,,,N,N,0.88,5,,,,,,,,,,,,,,False,False,False,False,EXACT_DUPLICATE
RID-0035425,CLAIMS_SYS,24-05-2026 10:27,CUS-005247,Divya Nair,Female,17-08-1973,53,Married,Permanent Resident,Retired,152325,100k-200k,D03,divya.nair133@example.com,+65 83289326,POL-0035425,28-12-2025,07-02-2026,PRUShield Premier,Health & IP,Agency,Annual,6453.05,163000,6453.05,0.2108,30,Lapsed,6,Y,02-08-2026,N,Private Hospital,Y,1894.37,1894.37,0,2500,241,N,,,,,,,,N,N,0.04,10,,,,,,AGT-00466,Arjun Toh,Established,69,AU-37,Active,84.5,0.085,False,False,False,False,EXACT_DUPLICATE
RID-0022096,CRM,11-07-2026 09:52,CUS-021301,Yong Sheng Fraser,Male,22-02-1977,49,Divorced,Citizen,Professional,42808,Below 50k,D03,yong.sheng.fraser438@example.com,+65 96910557,POL-0022096,25-02-2025,28-03-2025,PRULink Global Growth,Investment-Linked,Bancassurance,Semi-Annual,1972.34,736000,1972.34,0.1289,30,Inforce,17,N,,Y,,N,,,,,23,N,CLM-0022096,30-06-2026,Accident,2713.56,Partially Approved,,16,N,N,0.17,10,ASR-0032,25000,N,N,0.132,,,,,,,,,False,False,False,False,EXACT_DUPLICATE
RID-0023413,CRM,18-05-2026 12:30,CUS-038732,Samantha Mitchell,Female,19-06-1978,48,Divorced,Citizen,Executive,128293,100k-200k,D05,samantha.mitchell4@example.com,+65 85783792,POL-0023413,14-11-2024,27-12-2024,PRUFlexiCash,Savings & Wealth,Bancassurance,Annual,57252.96,197000,57252.96,0.0341,30,Inforce,20,N,,Y,,N,,,,,72,N,CLM-0023413,30-04-2025,Critical Illness,25704.18,Declined,Non-disclosure at underwriting,11,N,N,0.65,8,ASR-0037,50000,N,N,0.038,,,,,,,,,False,False,False,False,EXACT_DUPLICATE
RID-0005435,AGENCY_MGMT,04-07-2026 21:10,CUS-009678,Rohan Teo,Male,24-12-1989,37,Single,Foreigner,Healthcare,64564,50k-100k,D26,rohan.teo248@example.com,+65 88633268,POL-0005435,25-05-2023,28-05-2023,PRUFlexiCash,Savings & Wealth,Bancassurance,Monthly,28945.55,220000,28945.55,0.0752,10,Inforce,39,N,,Y,,N,,,,,173,N,CLM-0005435,16-05-2024,Maternity,9503.79,Approved,,24,N,N,0.19,7,ASR-0010,50000,Y,N,0.767,,,,,,,,,False,False,False,False,EXACT_DUPLICATE
RID-0046563,AGENCY_MGMT,24-03-2026 15:03,CUS-017064,Iskandar Reddy,Male,26-10-2005,21,Widowed,Citizen,Civil Service,76868,50k-100k,D13,iskandar.reddy83@example.com,+65 93800058,POL-0046563,24-07-2024,31-07-2024,PRUExtra Care,Health & IP,Broker,Quarterly,6465.94,1047000,6465.94,0.1729,30,Inforce,25,N,,Y,Public A-Ward,Y,3250.65,3250.65,0,0,183,N,,,,,,,,N,N,0.26,10,,,,,,AGT-00119,Jonathan Osman,Established,39,AU-36,Active,25.5,0.248,False,False,False,False,EXACT_DUPLICATE
RID-0032467,CLAIMS_SYS,15-08-2026 01:12,CUS-013609,Farah Kumar,Female,02-02-1977,49,Married,Permanent Resident,Self-Employed,113849,100k-200k,D18,farah.kumar498@example.com,+65 98809935,POL-0032467,28-01-2023,22-02-2023,PRUActive Term,Protection,Digital,Annual,681.1,1757000,681.1,0.2418,10,Inforce,42,N,,Y,,N,,,,,156,N,,,,,,,,N,N,0.69,7,,,,,,,,,,,,,,False,False,False,False,EXACT_DUPLICATE
RID-0017939,POLICY_ADMIN,02-07-2026 06:37,CUS-010482,Vikram Salleh,Male,21-09-1981,45,Divorced,Citizen,Manager,30000,Below 50k,D19,vikram.salleh89@example.com,+65 96909929,POL-0017939,30-03-2026,27-04-2026,PRUShield Life,Protection,Agency,Monthly,6361.64,1850000,6361.64,0.3139,10,Inforce,4,N,,Y,,N,,,,,240,N,,,,,,,,N,N,0.56,9,,,,,,AGT-00757,Lakshmi Salleh,New,5,AU-26,Active,50.9,0.426,False,False,False,False,EXACT_DUPLICATE
RID-0028453,CLAIMS_SYS,18-08-2026 15:51,CUS-038495,Denise Iyer,Female,09-09-1998,28,Divorced,Employment Pass,Sales,60685,50k-100k,D18,denise.iyer334@example.com,+65 88446333,POL-0028453,27-11-2023,29-12-2023,PRUActive Term,Protection,Agency,Annual,2716.9,1183000,2716.9,0.2655,99,Inforce,32,N,,Y,,N,,,,,146,N,CLM-0028453,15-09-2025,Day Surgery,8897.83,Approved,,18,N,N,0.19,7,ASR-0059,50000,N,N,0.092,AGT-00958,Wan Ting Raj,Senior,64,AU-25,Active,25.7,0.326,False,False,False,False,EXACT_DUPLICATE
RID-0027434,AGENCY_MGMT,25-05-2026 15:40,CUS-029291,Zulkifli Seah,Male,16-04-1978,48,Widowed,Citizen,Healthcare,144444,100k-200k,D09,zulkifli.seah112@example.com,+65 97278572,POL-0027434,02-02-2024,06-03-2024,PRUWealth Plus,Savings & Wealth,Bancassurance,Annual,17439.37,435000,17439.37,0.0717,30,Inforce,30,N,,Y,,N,,,,,42,N,,,,,,,,N,N,0.7,8,,,,,,,,,,,,,,False,False,False,False,EXACT_DUPLICATE
RID-0032248,CLAIMS_SYS,12-03-2026 03:42,CUS-007334,Muhammad Ariff Nair,Male,25-10-1996,30,Single,Citizen,Sales,102579,100k-200k,D14,muhammad.ariff.nair250@example.com,+65 96975192,POL-0032248,04-06-2025,20-06-2025,PRUShield Life,Protection,Agency,Monthly,3095.37,1992000,3095.37,0.3175,30,Inforce,14,N,,Y,,N,,,,,0,N,CLM-0032248,06-02-2026,Day Surgery,10725.38,Declined,Outside panel provider,14,N,N,0.75,7,ASR-0028,10000,N,N,0.244,AGT-00448,Iskandar Kumar,Established,22,AU-14,Active,56.5,0.087,False,False,False,False,EXACT_DUPLICATE
RID-0011038,CRM,28-08-2026 17:14,CUS-023471,Zulkifli Yeo,Male,05-04-1973,53,Single,Citizen,Retired,56333,50k-100k,D16,zulkifli.yeo326@example.com,+65 81807381,POL-0011038,01-05-2026,04-05-2026,PRUWealth Plus,Savings & Wealth,Agency,Semi-Annual,22390.15,122000,22390.15,0.0891,99,Inforce,4,N,,Y,,N,,,,,91,Y,CLM-0011038,06-06-2026,Maternity,6013.41,Approved,,23,N,N,0.43,6,ASR-0005,10000,N,N,0.318,AGT-00267,Valerie Mitchell,Established,73,AU-25,Active,53.8,0.228,False,False,False,False,EXACT_DUPLICATE
RID-0005363,CLAIMS_SYS,25-05-2026 06:30,CUS-029066,Meera Toh,Female,25-04-1982,44,Single,Citizen,Sales,119949,100k-200k,D08,meera.toh341@example.com,+65 84174388,POL-0005363,05-02-2026,22-03-2026,PRUSave Endowment,Savings & Wealth,Agency,Monthly,24230.98,240000,24230.98,0.0385,30,Inforce,5,N,,Y,,N,,,,,0,N,,,,,,,,N,N,0.77,7,,,,,,AGT-00583,Chee Keong Hassan,Established,29,AU-32,Active,63.5,0.321,False,False,False,False,EXACT_DUPLICATE
RID-0020793,CRM,05-07-2026 07:29,CUS-021822,Rachel Koh,Female,22-11-1970,56,Widowed,Citizen,Self-Employed,155833,100k-200k,D18,rachel.koh356@example.com,+65 95007867,POL-0020793,28-01-2025,14-02-2025,PRUShield Standard,Health & IP,Direct,Annual,4102.98,910000,4102.98,0.1914,10,Inforce,18,N,,Y,Public A-Ward,N,,,,,73,Y,,,,,,,,N,N,0.91,6,,,,,,,,,,,,,,False,False,False,False,EXACT_DUPLICATE
RID-0033058,AGENCY_MGMT,19-04-2026 10:11,CUS-026356,Muhammad Ariff Salleh,Male,14-03-1978,48,Divorced,Permanent Resident,Technician,73338,50k-100k,D11,muhammad.ariff.salleh107@example.com,+65 99636520,POL-0033058,03-05-2025,03-06-2025,PRUShield Premier,Health & IP,Bancassurance,Monthly,5246.64,1113000,5246.64,0.1369,30,Inforce,15,N,,Y,Public B1-Ward,Y,2742.8,2742.8,0,2500,60,N,,,,,,,,N,N,0.39,9,,,,,,,,,,,,,,False,False,False,False,EXACT_DUPLICATE
RID-0035042,AGENCY_MGMT,21-04-2026 10:09,CUS-024709,Rachel Nair,Female,16-03-1989,37,Married,Citizen,Self-Employed,75053,50k-100k,D13,rachel.nair328@example.com,+65 97964008,POL-0035042,14-05-2023,13-06-2023,PRUShield Standard,Health & IP,Agency,Monthly,898.1,604000,898.1,0.1738,25,Inforce,39,N,,Y,Public B1-Ward,Y,457.72,457.72,0,1500,125,Y,CLM-0035042,14-01-2026,Disability,22885.26,Approved,,23,N,N,0.97,10,ASR-0020,5000,N,N,0.372,AGT-00314,Deepak Goh,Senior,179,AU-27,Active,81,0.43,False,False,False,False,EXACT_DUPLICATE
RID-0033323,AGENCY_MGMT,05-07-2026 20:03,CUS-016290,Farah Teo,Female,09-09-2004,22,Married,Permanent Resident,Executive,78416,50k-100k,D12,farah.teo473@example.com,+65 98191132,POL-0033323,15-08-2023,21-09-2023,PRUWealth Plus,Savings & Wealth,Broker,Monthly,51780.86,43000,51780.86,0.0814,25,Inforce,35,N,,Y,,N,,,,,0,N,CLM-0033323,19-06-2024,Disability,7067.7,Pending,,34,N,N,0.67,8,ASR-0019,100000,N,N,0.267,AGT-00152,Jonathan Chan,Senior,54,AU-25,Active,63.8,0.305,False,False,False,False,EXACT_DUPLICATE
RID-0018661,CRM,21-06-2026 08:31,CUS-036567,Daniel Chan,Male,14-07-1960,66,Widowed,Citizen,Technician,102327,100k-200k,D24,daniel.chan42@example.com,+65 83486607,POL-0018661,03-01-2026,10-01-2026,PRUSave Endowment,Savings & Wealth,Digital,Annual,21258.28,226000,21258.28,0.0661,20,Inforce,7,N,,Y,,N,,,,,170,N,,,,,,,,N,N,0.26,5,,,,,,,,,,,,,,False,False,False,False,EXACT_DUPLICATE
RID-0034314,CLAIMS_SYS,25-07-2026 10:35,CUS-025353,Denise Lee,Female,10-09-1976,50,Single,Citizen,Professional,76549,50k-100k,D10,denise.lee53@example.com,+65 91151972,POL-0034314,11-11-2023,16-12-2023,PRUShield Standard,Health & IP,Bancassurance,Monthly,493.21,855000,493.21,0.118,20,Inforce,33,N,,Y,Public A-Ward,Y,192.42,192.42,0,1500,259,N,,,,,,,,N,N,0.28,9,,,,,,,,,,,,,,False,False,False,False,EXACT_DUPLICATE
RID-0036960,CRM,07-04-2026 04:15,CUS-037118,Jia Hui Pillai,Female,09-07-1965,61,Divorced,Foreigner,Self-Employed,57528,50k-100k,D12,jia.hui.pillai344@example.com,+65 81361075,POL-0036960,17-02-2024,20-02-2024,PRUWealth Plus,Savings & Wealth,Broker,Monthly,50524.57,348000,50524.57,0.0827,20,Inforce,30,N,,Y,,N,,,,,669,N,,,,,,,,N,N,0.62,5,,,,,,AGT-00590,Deepak Wong,New,1,AU-04,Active,87.7,0.117,False,False,False,False,EXACT_DUPLICATE
RID-0015072,CLAIMS_SYS,05-08-2026 09:44,CUS-033535,Valerie Tan,Female,15-02-1982,44,Widowed,Citizen,Civil Service,104855,100k-200k,D24,valerie.tan362@example.com,+65 95656472,POL-0015072,16-06-2026,19-06-2026,PRUShield Premier,Health & IP,Bancassurance,Monthly,2660.65,1020000,2660.65,0.1057,20,Inforce,2,N,,Y,Public A-Ward,N,,,,,155,Y,CLM-0015072,12-08-2026,Hospitalisation,8079.11,Approved,,15,N,N,0.1,9,ASR-0026,10000,N,N,0.085,,,,,,,,,False,False,False,False,EXACT_DUPLICATE
RID-0047453,CRM,11-08-2026 20:25,CUS-033438,Nicholas Ho,Male,22-05-1983,43,Divorced,Citizen,Professional,56886,50k-100k,D06,nicholas.ho435@example.com,+65 91000568,POL-0047453,20-03-2025,02-05-2025,PRUWealth Plus,Savings & Wealth,Digital,Monthly,12391.84,205000,12391.84,0.0831,30,Lapsed,16,Y,23-07-2026,Y,,N,,,,,29,N,CLM-0047453,22-06-2026,Outpatient Specialist,16244.03,Approved,,9,N,N,0.49,6,ASR-0026,10000,N,N,0.263,,,,,,,,,False,False,False,False,EXACT_DUPLICATE
RID-0034210,CRM,14-08-2026 11:01,CUS-021893,Hui Ling Nair,Female,03-08-1974,52,Divorced,Citizen,Sales,130638,100k-200k,D25,hui.ling.nair151@example.com,+65 94140948,POL-0034210,15-10-2025,04-11-2025,PRUExtra Care,Health & IP,Agency,Annual,6219.86,474000,6219.86,0.1402,5,Inforce,10,N,,Y,Public B1-Ward,Y,2770.4,2770.4,0,2500,92,N,CLM-0034210,18-11-2025,Maternity,501.4,Approved,,5,N,N,0.16,10,ASR-0042,10000,N,N,0.095,AGT-00337,Marcus Rahman,Senior,91,AU-40,Active,21.2,0.18,False,False,False,False,EXACT_DUPLICATE
RID-0045193,POLICY_ADMIN,13-04-2026 15:38,CUS-024061,Aminah Kamal,Female,24-03-1983,43,Divorced,Citizen,Healthcare,199550,100k-200k,D13,aminah.kamal320@example.com,+65 81353148,POL-0045193,17-01-2024,29-01-2024,PRUWealth Plus,Savings & Wealth,Bancassurance,Semi-Annual,49915.37,354000,49915.37,0.0778,20,Inforce,31,N,,Y,,N,,,,,75,Y,CLM-0045193,07-08-2024,Hospitalisation,2263.35,Approved,,9,N,N,0.84,7,ASR-0002,25000,N,N,0.277,,,,,,,,,False,False,False,False,EXACT_DUPLICATE
RID-0000529,POLICY_ADMIN,14-03-2026 11:43,CUS-006436,Zarina Chan,Female,21-05-1983,43,Divorced,Citizen,Retired,152384,100k-200k,D24,zarina.chan257@example.com,+65 88692419,POL-0000529,30-06-2023,12-07-2023,PRUShield Life,Protection,Agency,Monthly,7601.62,2282000,7601.62,0.2636,5,Inforce,38,N,,Y,,N,,,,,0,N,,,,,,,,N,N,-0.02,7,,,,,,AGT-00313,Jun Hao Wong,Senior,64,AU-06,Active,46.7,0.532,False,False,False,False,EXACT_DUPLICATE
RID-0044510,CRM,05-04-2026 04:20,CUS-002228,Rohan Fraser,Male,09-06-1999,27,Married,Citizen,Healthcare,72844,50k-100k,D03,rohan.fraser228@example.com,+65 86843845,POL-0044510,26-02-2023,06-03-2023,PRUActive Term,Protection,Agency,Quarterly,8893.38,2488000,8893.38,0.2868,30,Inforce,42,N,,Y,,N,,,,,38,N,CLM-0044510,10-08-2024,Death Benefit,1519.17,Declined,Premium in arrears,23,N,N,0.96,7,ASR-0010,50000,N,N,0.962,AGT-00519,Xin Yi Chan,New,2,AU-19,Active,54.4,0.365,False,False,False,False,EXACT_DUPLICATE
RID-0041953,AGENCY_MGMT,21-08-2026 21:56,CUS-025347,Kavitha Tan,Female,21-11-1991,35,Married,Citizen,Retired,43821,Below 50k,D25,kavitha.tan106@example.com,+65 91436156,POL-0041953,11-05-2026,24-05-2026,PRULink Assurance,Investment-Linked,Digital,Monthly,12689.17,565000,12689.17,0.1163,25,Inforce,3,N,,Y,,N,,,,,0,N,CLM-0041953,28-06-2026,Hospitalisation,2402.42,Approved,,26,N,N,0.04,6,ASR-0006,25000,N,N,0.095,,,,,,,,,False,False,False,False,EXACT_DUPLICATE
RID-0011418,POLICY_ADMIN,18-08-2026 23:52,CUS-026746,Wan Ting Yeo,Female,27-01-1997,29,Widowed,Citizen,Professional,48225,Below 50k,D15,wan.ting.yeo271@example.com,+65 84319736,POL-0011418,16-06-2026,13-07-2026,PRUVantage Legacy,Savings & Wealth,Agency,Annual,16078.26,352000,16078.26,0.0798,30,Inforce,1,N,,Y,,N,,,,,0,N,CLM-0011418,16-07-2026,Day Surgery,7244.33,Approved,,32,N,N,0.61,10,ASR-0057,50000,N,N,0.222,AGT-00146,Hui Ling Wright,Established,24,AU-18,Active,34.8,0.144,False,False,False,False,EXACT_DUPLICATE
RID-0044258,CLAIMS_SYS,15-06-2026 20:44,CUS-035811,Kai Xuan Hassan,Male,08-06-1972,54,Widowed,Citizen,Technician,30000,Below 50k,D16,kai.xuan.hassan360@example.com,+65 96582894,POL-0044258,13-05-2023,15-06-2023,PRUShield Standard,Health & IP,Bancassurance,Monthly,2393.19,100000,2393.19,0.1321,20,Inforce,39,N,,Y,Public A-Ward,Y,1086.18,1086.18,0,1500,95,N,CLM-0044258,30-10-2023,Death Benefit,13398.41,Approved,,6,N,N,0.93,8,ASR-0004,100000,N,N,0.377,,,,,,,,,False,False,False,False,EXACT_DUPLICATE
RID-0028943,CRM,10-06-2026 09:39,CUS-001139,Vikram Chua,Male,22-01-2005,21,Married,Permanent Resident,Executive,83792,50k-100k,D09,vikram.chua496@example.com,+65 89017309,POL-0028943,15-06-2025,09-07-2025,PRUCritical Cover,Protection,Agency,Semi-Annual,4494.23,1519000,4494.23,0.2934,10,Inforce,13,N,,Y,,N,,,,,17,Y,CLM-0028943,29-07-2026,Day Surgery,3010.7,Approved,,27,N,N,0.07,9,ASR-0025,50000,N,N,0.215,AGT-00810,Siti Nadia Ng,Established,51,AU-12,Active,29.9,0.41,False,False,False,False,EXACT_DUPLICATE
RID-0030579,CRM,08-08-2026 18:41,CUS-017523,Arjun Osman,Male,10-07-1983,43,Single,Permanent Resident,Technician,59069,50k-100k,D07,arjun.osman53@example.com,+65 96747995,POL-0030579,13-07-2024,14-07-2024,PRUSave Endowment,Savings & Wealth,Bancassurance,Annual,3217.65,397000,3217.65,0.0517,25,Inforce,25,N,,Y,,N,,,,,167,N,CLM-0030579,05-11-2024,Accident,9995.13,Approved,,22,N,N,-0.04,6,ASR-0045,10000,N,N,0.312,,,,,,,,,False,False,False,False,EXACT_DUPLICATE
RID-0014002,AGENCY_MGMT,01-07-2026 16:38,CUS-021738,Jonathan Ong,Male,19-02-1992,34,Married,Citizen,Manager,76842,50k-100k,D20,jonathan.ong24@example.com,+65 87377211,POL-0014002,19-11-2024,25-12-2024,PRUSave Endowment,Savings & Wealth,Agency,Quarterly,38148.75,270000,38148.75,0.0805,10,Lapsed,20,Y,22-08-2025,N,,N,,,,,149,N,CLM-0014002,06-11-2025,Critical Illness,3319.16,Partially Approved,,10,N,N,0.24,10,ASR-0001,50000,N,N,0.163,AGT-00506,Daniel Aziz,Established,44,AU-09,Active,50.4,0.298,False,False,False,False,EXACT_DUPLICATE
RID-0006657,AGENCY_MGMT,23-07-2026 01:13,CUS-016060,Samantha Goh,Female,19-10-1970,56,Single,Citizen,Civil Service,129863,100k-200k,D05,samantha.goh405@example.com,+65 93688417,POL-0006657,07-05-2026,10-06-2026,PRUFlexiCash,Savings & Wealth,Digital,Monthly,17031.92,54000,17031.92,0.0828,25,Inforce,2,N,,Y,,N,,,,,0,N,,,,,,,,N,N,0.07,8,,,,,,,,,,,,,,False,False,False,False,EXACT_DUPLICATE
RID-0013626,AGENCY_MGMT,13-06-2026 02:33,CUS-008792,Lakshmi Lim,Female,15-10-2005,21,Divorced,Citizen,Sales,38038,Below 50k,D19,lakshmi.lim339@example.com,+65 97216209,POL-0013626,22-03-2024,10-04-2024,PRUSave Endowment,Savings & Wealth,Digital,Annual,39077.69,186000,39077.69,0.0851,10,Matured,29,N,,Y,,N,,,,,28,N,CLM-0013626,01-09-2026,Maternity,2989.9,Declined,Pre-existing condition,18,N,N,0.52,9,ASR-0011,50000,N,N,0.086,,,,,,,,,False,False,False,False,EXACT_DUPLICATE
RID-0003123,CRM,26-05-2026 12:06,CUS-003545,Nicholas Hassan,Male,28-07-1954,72,Married,Permanent Resident,Retired,88216,50k-100k,D24,nicholas.hassan447@example.com,+65 93850841,POL-0003123,10-06-2024,24-07-2024,PRUShield Premier,Health & IP,Agency,Quarterly,1517.58,1265000,1517.58,0.1856,10,Matured,25,N,,Y,Public A-Ward,Y,528.72,528.72,0,2500,164,N,CLM-0003123,08-08-2025,Maternity,3047.34,Approved,,24,N,N,0.49,7,ASR-0051,5000,N,N,0.187,AGT-00244,Jonathan Pillai,Senior,71,AU-36,Active,63.5,0.187,False,False,False,False,EXACT_DUPLICATE
RID-0010605,POLICY_ADMIN,26-04-2026 05:14,CUS-015468,Samantha Sim,Female,06-03-2000,26,Divorced,Citizen,Healthcare,109374,100k-200k,D25,samantha.sim200@example.com,+65 94319457,POL-0010605,16-03-2024,10-04-2024,PRUShield Standard,Health & IP,Agency,Semi-Annual,6001.7,446000,6001.7,0.1853,10,Inforce,29,N,,Y,Public B1-Ward,Y,3297.72,3297.72,0,1500,10,N,CLM-0010605,19-12-2025,Maternity,1639.43,Withdrawn,,14,N,N,0.51,9,ASR-0018,25000,N,N,0.298,AGT-01095,Zarina Chong,Established,46,AU-34,Active,42.8,0.09,False,False,False,False,EXACT_DUPLICATE
RID-0045018,POLICY_ADMIN,18-06-2026 21:06,CUS-004753,Wei Ming Bennett,Male,26-06-1981,45,Widowed,Citizen,Professional,122659,100k-200k,D21,wei.ming.bennett387@example.com,+65 96526198,POL-0045018,21-09-2024,26-10-2024,PRUSelect Vantage,Investment-Linked,Bancassurance,Quarterly,17844.83,764000,17844.83,0.1278,5,Inforce,22,N,,Y,,N,,,,,70,N,CLM-0045018,07-03-2026,Disability,7060.78,Approved,,11,N,N,-0.18,10,ASR-0043,5000,N,N,0.171,,,,,,,,,False,False,False,False,EXACT_DUPLICATE
RID-0011158,CLAIMS_SYS,02-08-2026 20:44,CUS-020599,Jonathan Seah,Male,07-12-1966,60,Widowed,Citizen,Self-Employed,33432,Below 50k,D23,jonathan.seah164@example.com,+65 89977693,POL-0011158,09-06-2026,23-07-2026,PRUFlexiCash,Savings & Wealth,Agency,Quarterly,26522.61,486000,26522.61,0.0809,99,Inforce,1,N,,Y,,N,,,,,6,N,CLM-0011158,23-08-2026,Critical Illness,1574.91,Approved,,36,N,N,-0.12,10,ASR-0022,25000,N,N,0.335,AGT-00138,Kavitha Iyer,New,1,AU-17,Active,48,0.425,False,False,False,False,EXACT_DUPLICATE
RID-0029680,CRM,08-07-2026 04:55,CUS-026039,Deepak Wright,Male,09-05-1979,47,Divorced,Citizen,Technician,123681,100k-200k,D13,deepak.wright138@example.com,+65 89721738,POL-0029680,15-07-2024,09-08-2024,PRUSave Endowment,Savings & Wealth,Agency,Annual,47290.32,219000,47290.32,0.0758,25,Inforce,25,N,,Y,,N,,,,,148,N,,,,,,,,N,N,0.43,8,,,,,,AGT-00769,Zulkifli Chan,Established,55,AU-26,Active,24,0.348,False,False,False,False,EXACT_DUPLICATE
RID-0010665,POLICY_ADMIN,11-04-2026 16:44,CUS-019238,Iskandar Kamal,Male,17-12-1956,70,Widowed,Citizen,Education,64310,50k-100k,D21,iskandar.kamal387@example.com,+65 88553878,POL-0010665,11-07-2024,05-08-2024,PRUCritical Cover,Protection,Bancassurance,Annual,4229.58,1749000,4229.58,0.2162,20,Lapsed,25,Y,06-05-2025,N,,N,,,,,128,Y,,,,,,,,N,N,0.57,9,,,,,,,,,,,,,,False,False,False,False,EXACT_DUPLICATE
RID-0022626,CRM,19-08-2026 21:23,CUS-030643,Hakim Ong,Male,15-11-2005,21,Single,Employment Pass,Professional,236052,200k-400k,D24,hakim.ong445@example.com,+65 85434225,POL-0022626,03-04-2024,11-05-2024,PRUWealth Plus,Savings & Wealth,Bancassurance,Quarterly,29979.14,211000,29979.14,0.0617,99,Inforce,28,N,,Y,,N,,,,,44,Y,CLM-0022626,23-06-2024,Maternity,549.67,Declined,Waiting period not served,18,N,N,-0.09,10,ASR-0010,50000,N,Y,0.713,,,,,,,,,False,False,False,False,EXACT_DUPLICATE
RID-0001429,CLAIMS_SYS,04-08-2026 13:55,CUS-027712,Rachel Fraser,Female,27-05-1994,32,Divorced,Citizen,Civil Service,113053,100k-200k,D22,rachel.fraser390@example.com,+65 87716469,POL-0001429,26-06-2024,10-08-2024,PRUShield A Plus,Health & IP,Agency,Semi-Annual,6281,925000,6281,0.1785,15,Inforce,25,N,,Y,Private Hospital,Y,2757.96,2757.96,0,0,238,Y,CLM-0001429,03-10-2024,Maternity,10628.38,Approved,,28,N,N,-0.05,7,ASR-0015,25000,Y,N,0.809,AGT-00055,Chee Keong Rahman,New,11,AU-29,Resigned,92.2,0.279,False,False,False,False,EXACT_DUPLICATE
RID-0033509,POLICY_ADMIN,14-06-2026 09:00,CUS-032850,Marcus Teo,Male,27-11-1969,57,Divorced,Citizen,Technician,89272,50k-100k,D02,marcus.teo304@example.com,+65 87139974,POL-0033509,09-08-2025,11-09-2025,PRUWealth Plus,Savings & Wealth,Bancassurance,Quarterly,29048.31,242000,29048.31,0.0643,5,Inforce,11,N,,Y,,N,,,,,11,N,,,,,,,,N,N,0.64,8,,,,,,,,,,,,,,False,False,False,False,EXACT_DUPLICATE
RID-0001717,CRM,28-08-2026 01:37,CUS-009005,Denise Iyer,Female,12-09-1978,48,Single,Citizen,Sales,106737,100k-200k,D15,denise.iyer223@example.com,+65 89208923,POL-0001717,08-05-2024,19-06-2024,PRUShield A Plus,Health & IP,Agency,Annual,1223.47,608000,1223.47,0.152,30,Inforce,26,N,,Y,Private Hospital,Y,440.14,440.14,0,2500,71,N,CLM-0001717,23-09-2024,Hospitalisation,13106.05,Approved,,18,N,N,0.56,7,ASR-0006,25000,N,N,0.295,AGT-00246,Suresh Sharma,New,10,AU-02,Active,27.8,0.408,False,False,False,False,EXACT_DUPLICATE
RID-0003910,AGENCY_MGMT,29-07-2026 21:14,CUS-004994,Siew Peng Tan,Female,17-10-1966,60,Married,Permanent Resident,Professional,37641,Below 50k,D24,siew.peng.tan491@example.com,+65 85983633,POL-0003910,11-03-2026,28-03-2026,PRUCritical Cover,Protection,Bancassurance,Annual,4671.74,325000,4671.74,0.2132,20,Inforce,5,N,,Y,,N,,,,,60,N,CLM-0003910,04-04-2026,Hospitalisation,1516.22,Approved,,25,N,N,0.98,8,ASR-0028,10000,N,N,0.395,,,,,,,,,False,False,False,False,EXACT_DUPLICATE
RID-0024997,CLAIMS_SYS,24-04-2026 11:55,CUS-039151,Divya Turner,Female,05-07-1987,39,Divorced,Foreigner,Manager,102725,100k-200k,D14,divya.turner404@example.com,+65 87553022,POL-0024997,18-12-2023,15-01-2024,PRUShield Standard,Health & IP,Bancassurance,Annual,4159.26,379000,4159.26,0.1693,30,Inforce,32,N,,Y,Private Hospital,N,,,,,75,N,,,,,,,,N,N,0.72,8,,,,,,,,,,,,,,False,False,False,False,EXACT_DUPLICATE
RID-0012479,POLICY_ADMIN,14-04-2026 05:55,CUS-009421,Vikram Chan,Male,03-09-1988,38,Married,Citizen,Civil Service,87178,50k-100k,D15,vikram.chan65@example.com,+65 95155788,POL-0012479,27-03-2025,04-05-2025,PRUVantage Legacy,Savings & Wealth,Agency,Monthly,44814.61,356000,44814.61,0.0392,99,Inforce,16,N,,Y,,N,,,,,0,Y,CLM-0012479,30-05-2026,Critical Illness,2426.53,Approved,,6,N,N,0.91,10,ASR-0031,100000,N,N,0.117,AGT-00627,Xin Yi Yeo,New,9,AU-06,Active,27.2,0.695,False,False,False,False,EXACT_DUPLICATE
RID-0005780,AGENCY_MGMT,26-07-2026 02:36,CUS-003459,Edwin Chua,Male,19-01-1978,48,Single,Citizen,Retired,163030,100k-200k,D11,edwin.chua349@example.com,+65 82654512,POL-0005780,07-08-2024,06-09-2024,PRUFlexiCash,Savings & Wealth,Digital,Monthly,48252.25,34000,48252.25,0.0524,30,Inforce,24,N,,Y,,N,,,,,0,N,CLM-0005780,29-04-2025,Hospitalisation,3857.62,Approved,,7,N,N,0.52,10,ASR-0032,25000,N,N,0.409,,,,,,,,,False,False,False,False,EXACT_DUPLICATE
RID-0035635,CRM,07-08-2026 20:10,CUS-027693,Wei Ming Osman,Male,08-11-1978,48,Married,Citizen,Executive,100306,100k-200k,D08,wei.ming.osman94@example.com,+65 86971009,POL-0035635,17-07-2023,05-08-2023,PRUFlexiCash,Savings & Wealth,Digital,Monthly,20848.95,186000,20848.95,0.0368,15,Inforce,37,N,,Y,,N,,,,,0,N,,,,,,,,N,N,0.18,9,,,,,,,,,,,,,,False,False,False,False,EXACT_DUPLICATE
RID-0030591,AGENCY_MGMT,28-03-2026 09:09,CUS-028637,Nicholas Wong,Male,01-01-1983,43,Widowed,Permanent Resident,Self-Employed,32673,Below 50k,D24,nicholas.wong244@example.com,+65 94770181,POL-0030591,15-03-2024,24-03-2024,PRUShield Standard,Health & IP,Agency,Monthly,1025.66,929000,1025.66,0.1401,25,Inforce,29,N,,Y,Public B1-Ward,N,,,,,201,N,CLM-0030591,11-01-2025,Critical Illness,1122.8,Pending,,37,N,N,-0.06,7,ASR-0019,100000,N,N,0.03,AGT-00073,Wan Ting Osman,Established,43,AU-30,Active,95.8,0.25,False,False,False,False,EXACT_DUPLICATE
RID-0021688,CRM,24-06-2026 01:57,CUS-020918,Divya Fraser,Female,01-03-1959,67,Married,Citizen,Executive,72099,50k-100k,D06,divya.fraser223@example.com,+65 85708770,POL-0021688,03-05-2023,11-05-2023,PRUShield Standard,Health & IP,Agency,Semi-Annual,3030.58,1281000,3030.58,0.2147,5,Inforce,40,N,,Y,Public A-Ward,N,,,,,0,N,,,,,,,,N,N,0.38,5,,,,,,AGT-00047,Zarina Lee,Established,88,AU-07,Active,76.5,0.224,False,False,False,False,EXACT_DUPLICATE
RID-0017479,CLAIMS_SYS,27-08-2026 20:36,CUS-037211,Nurul Aisyah Nair,Female,01-10-1992,34,Widowed,Employment Pass,Retired,94661,50k-100k,D08,nurul.aisyah.nair195@example.com,+65 94534337,POL-0017479,17-05-2026,25-06-2026,PRUVantage Legacy,Savings & Wealth,Direct,Annual,58737.95,100000,58737.95,0.0746,30,Inforce,2,N,,Y,,N,,,,,74,N,CLM-0017479,22-07-2026,Outpatient Specialist,31636.89,Approved,,24,N,N,0.07,10,ASR-0008,10000,N,N,0.299,,,,,,,,,False,False,False,False,EXACT_DUPLICATE
RID-0039408,AGENCY_MGMT,11-08-2026 21:16,CUS-028074,Vikram Ibrahim,Male,04-01-1972,54,Divorced,Citizen,Healthcare,57450,50k-100k,D28,vikram.ibrahim482@example.com,+65 81966226,POL-0039408,01-09-2024,28-09-2024,PRUFlexiCash,Savings & Wealth,Agency,Monthly,10082.6,458000,10082.6,0.0719,10,Inforce,23,N,,Y,,N,,,,,49,N,CLM-0039408,03-05-2026,Maternity,19207.3,Approved,,32,N,N,-0.1,6,ASR-0048,25000,N,N,0.172,AGT-00237,Zulkifli Nair,Established,30,AU-25,Active,68.8,0.176,False,False,False,False,EXACT_DUPLICATE
RID-0029467,POLICY_ADMIN,28-07-2026 06:07,CUS-035583,Aminah Turner,Female,25-07-1974,52,Widowed,Citizen,Executive,121849,100k-200k,D19,aminah.turner464@example.com,+65 91789797,POL-0029467,18-02-2024,13-03-2024,PRUTerm Secure,Protection,Bancassurance,Annual,6098.38,1452000,6098.38,0.254,20,Inforce,30,N,,Y,,N,,,,,0,N,,,,,,,,N,N,0.5,6,,,,,,,,,,,,,,False,False,False,False,EXACT_DUPLICATE
RID-0002122,AGENCY_MGMT,04-05-2026 15:34,CUS-003044,Mei Yi Lim,Female,18-04-1984,42,Widowed,Citizen,Executive,48003,Below 50k,D03,mei.yi.lim266@example.com,+65 99432683,POL-0002122,07-07-2023,18-08-2023,PRUFlexiCash,Savings & Wealth,Agency,Monthly,17001.54,490000,17001.54,0.0411,15,Inforce,37,N,,Y,,N,,,,,81,N,CLM-0002122,24-08-2023,Outpatient Specialist,6777.15,Approved,,14,N,N,0.48,10,ASR-0039,100000,N,N,0.291,AGT-01194,Suresh Sim,New,7,AU-20,Active,30.6,0.22,False,False,False,False,EXACT_DUPLICATE
RID-0047418,CRM,09-06-2026 16:26,CUS-039683,Denise Lee,Female,10-05-1961,65,Divorced,Citizen,Technician,77428,50k-100k,D24,denise.lee5@example.com,+65 91328243,POL-0047418,11-01-2026,23-02-2026,PRUVantage Legacy,Savings & Wealth,Direct,Semi-Annual,42676.65,85000,42676.65,0.0679,10,Inforce,6,N,,Y,,N,,,,,0,N,,,,,,,,N,N,0.58,7,,,,,,,,,,,,,,False,False,False,False,EXACT_DUPLICATE
RID-0027494,POLICY_ADMIN,04-08-2026 14:30,CUS-015121,Anjali Salleh,Female,21-05-1987,39,Divorced,Foreigner,Executive,110530,100k-200k,D10,anjali.salleh70@example.com,+65 91811505,POL-0027494,12-03-2026,09-04-2026,PRUShield A Plus,Health & IP,Agency,Semi-Annual,2557.6,654000,2557.6,0.1507,25,Inforce,4,N,,Y,Public B1-Ward,Y,910.89,485.71,10,3500,0,N,,,,,,,,N,N,0.69,9,,,,,,AGT-00644,Rachel Neo,Established,56,AU-29,Active,92.5,0.096,False,False,False,False,EXACT_DUPLICATE
RID-0047062,CLAIMS_SYS,12-07-2026 15:56,CUS-040110,Kai Xuan Ibrahim,Male,17-04-1983,43,Married,Foreigner,Professional,51726,50k-100k,D17,kai.xuan.ibrahim140@example.com,+65 98150875,POL-0047062,23-04-2025,11-05-2025,PRUCritical Cover,Protection,Bancassurance,Annual,6861.13,1897000,6861.13,0.2121,99,Inforce,15,N,,Y,,N,,,,,138,N,CLM-0047062,15-05-2026,Critical Illness,2766.65,Partially Approved,,6,N,N,0.07,10,ASR-0021,100000,N,N,0.056,,,,,,,,,False,False,False,False,EXACT_DUPLICATE
RID-0034432,AGENCY_MGMT,10-06-2026 13:14,CUS-035237,Edwin Chong,Male,24-01-1981,45,Divorced,Permanent Resident,Technician,52712,50k-100k,D11,edwin.chong333@example.com,+65 81340066,POL-0034432,02-11-2024,12-11-2024,PRUVantage Legacy,Savings & Wealth,Bancassurance,Annual,48030.03,35000,48030.03,0.0735,30,Inforce,21,N,,Y,,N,,,,,173,N,CLM-0034432,23-01-2026,Outpatient Specialist,1858,Approved,,19,N,N,0,10,ASR-0053,25000,N,N,0.267,,,,,,,,,False,False,False,False,EXACT_DUPLICATE
RID-0010134,AGENCY_MGMT,02-07-2026 05:08,CUS-037016,Nurul Aisyah Osman,Female,19-12-1959,67,Divorced,Citizen,Healthcare,30000,Below 50k,D22,nurul.aisyah.osman231@example.com,+65 93561599,POL-0010134,04-02-2025,14-03-2025,PRUFlexiCash,Savings & Wealth,Bancassurance,Annual,26496.81,420000,26496.81,0.067,25,Inforce,17,N,,Y,,N,,,,,68,N,,,,,,,,N,N,-0.05,6,,,,,,,,,,,,,,False,False,False,False,EXACT_DUPLICATE
RID-0036094,CRM,09-08-2026 23:23,CUS-031309,Terence Ho,Male,10-11-1980,46,Single,Employment Pass,Education,157643,100k-200k,D24,terence.ho271@example.com,+65 97420010,POL-0036094,29-02-2024,31-03-2024,PRUFlexiCash,Savings & Wealth,Agency,Semi-Annual,16874.5,443000,16874.5,0.0548,25,Inforce,29,N,,Y,,N,,,,,185,Y,CLM-0036094,06-01-2025,Death Benefit,4152.32,Approved,,12,N,N,0.92,7,ASR-0055,5000,N,N,0.167,AGT-00795,Nurul Aisyah Yeo,Established,13,AU-19,Active,80.8,0.318,False,False,False,False,EXACT_DUPLICATE
RID-0009867,AGENCY_MGMT,03-07-2026 08:48,CUS-039938,Siti Nadia Harper,Female,14-09-1983,43,Single,Citizen,Education,42014,Below 50k,D06,siti.nadia.harper304@example.com,+65 81074934,POL-0009867,21-10-2025,21-11-2025,PRUSave Endowment,Savings & Wealth,Agency,Quarterly,17614.92,75000,17614.92,0.0754,30,Inforce,9,N,,Y,,N,,,,,123,N,,,,,,,,N,N,0.04,9,,,,,,AGT-00414,Nicholas Kamal,Established,17,AU-15,Active,30.4,0.327,False,False,False,False,EXACT_DUPLICATE
RID-0006722,CLAIMS_SYS,05-03-2026 11:36,CUS-005593,Zhi Hao Iyer,Male,26-01-1979,47,Married,Citizen,Manager,45452,Below 50k,D12,zhi.hao.iyer372@example.com,+65 96955385,POL-0006722,15-01-2024,27-01-2024,PRUSave Endowment,Savings & Wealth,Bancassurance,Annual,52395.05,62000,52395.05,0.0302,20,Inforce,31,N,,Y,,N,,,,,55,N,CLM-0006722,07-07-2024,Outpatient Specialist,49644.94,Approved,,11,N,N,0.92,8,ASR-0046,25000,N,N,0.253,,,,,,,,,False,False,False,False,EXACT_DUPLICATE
RID-0034323,AGENCY_MGMT,08-04-2026 11:54,CUS-029192,Arjun Hassan,Male,11-09-1978,48,Single,Citizen,Executive,36916,Below 50k,D03,arjun.hassan471@example.com,+65 95940951,POL-0034323,04-09-2023,08-10-2023,PRUWealth Plus,Savings & Wealth,Bancassurance,Monthly,17982.34,299000,17982.34,0.0554,5,Inforce,35,N,,Y,,N,,,,,233,Y,CLM-0034323,26-04-2025,Hospitalisation,17512.41,Approved,,18,N,N,-0.18,9,ASR-0004,100000,N,N,0.16,,,,,,,,,False,False,False,False,EXACT_DUPLICATE
RID-0007031,CRM,22-05-2026 04:06,CUS-002181,Muhammad Ariff Ibrahim,Male,16-07-1976,50,Single,Permanent Resident,Executive,99236,50k-100k,D07,muhammad.ariff.ibrahim368@example.com,+65 93420547,POL-0007031,25-04-2023,27-04-2023,PRUFlexiCash,Savings & Wealth,Agency,Annual,31543.06,381000,31543.06,0.0827,15,Inforce,40,N,,Y,,N,,,,,60,N,,,,,,,,N,N,0.44,5,,,,,,AGT-00565,Zulkifli Ho,New,12,AU-19,Active,23.9,0.094,False,False,False,False,EXACT_DUPLICATE
RID-0017752,CLAIMS_SYS,26-05-2026 02:32,CUS-013717,Kai Xuan Harper,Male,23-06-1990,36,Married,Citizen,Technician,180635,100k-200k,D03,kai.xuan.harper334@example.com,+65 85572329,POL-0017752,04-04-2026,21-04-2026,PRUVantage Legacy,Savings & Wealth,Bancassurance,Quarterly,42682.32,337000,42682.32,0.0585,99,Inforce,4,N,,Y,,N,,,,,104,N,,,,,,,,N,N,0.8,6,,,,,,,,,,,,,,False,False,False,False,EXACT_DUPLICATE
RID-0005090,POLICY_ADMIN,17-08-2026 17:41,CUS-018162,Jun Hao Menon,Male,07-06-1978,48,Widowed,Employment Pass,Manager,40995,Below 50k,D22,jun.hao.menon412@example.com,+65 84223121,POL-0005090,10-08-2025,13-09-2025,PRUWealth Plus,Savings & Wealth,Bancassurance,Semi-Annual,9284.73,81000,9284.73,0.0695,20,Inforce,11,N,,Y,,N,,,,,41,N,,,,,,,,N,N,0.47,10,,,,,,,,,,,,,,False,False,False,False,EXACT_DUPLICATE
RID-0035598,POLICY_ADMIN,09-04-2026 16:31,CUS-023536,Chee Keong Lee,Male,23-02-1975,51,Single,Citizen,Self-Employed,95139,50k-100k,D02,chee.keong.lee153@example.com,+65 96748599,POL-0035598,21-02-2025,04-04-2025,PRUSave Endowment,Savings & Wealth,Bancassurance,Monthly,54734.06,499000,54734.06,0.0629,25,Inforce,17,N,,Y,,N,,,,,168,Y,,,,,,,,N,N,0.45,7,,,,,,,,,,,,,,False,False,False,False,EXACT_DUPLICATE
RID-0016527,CRM,25-07-2026 09:17,CUS-006976,Chee Keong Raj,Male,19-12-1984,42,Single,Citizen,Healthcare,80961,50k-100k,D15,chee.keong.raj2@example.com,+65 82667141,POL-0016527,02-04-2025,17-04-2025,PRUShield A Plus,Health & IP,Agency,Annual,2239.79,1180000,2239.79,0.1431,10,Lapsed,16,Y,15-01-2026,N,Public A-Ward,N,,,,,0,N,CLM-0016527,22-07-2026,Critical Illness,9164.71,Approved,,20,N,N,0.25,9,ASR-0033,25000,N,N,0.406,AGT-00775,Divya Raj,New,5,AU-39,Active,66.9,0.06,False,False,False,False,EXACT_DUPLICATE
RID-0011919,AGENCY_MGMT,27-04-2026 09:43,CUS-019289,Kai Xuan Hassan,Male,11-05-1987,39,Divorced,Citizen,Education,84734,50k-100k,D21,kai.xuan.hassan36@example.com,+65 91220024,POL-0011919,01-10-2024,04-10-2024,PRUVantage Legacy,Savings & Wealth,Bancassurance,Monthly,49711.94,492000,49711.94,0.0727,99,Inforce,23,N,,Y,,N,,,,,174,N,CLM-0011919,01-12-2024,Day Surgery,3642.73,Approved,,11,N,N,0.19,8,ASR-0010,50000,Y,N,0.752,,,,,,,,,False,False,False,False,EXACT_DUPLICATE
RID-0037893,CRM,06-08-2026 17:06,CUS-038985,Aravind Rahman,Male,05-04-1983,43,Married,Citizen,Professional,139121,100k-200k,D07,aravind.rahman282@example.com,+65 97357739,POL-0037893,20-03-2024,24-03-2024,PRUShield Premier,Health & IP,Agency,Quarterly,2311.89,209000,2311.89,0.1285,20,Lapsed,29,Y,13-10-2024,N,Public A-Ward,Y,889.89,889.89,0,1500,0,N,CLM-0037893,08-07-2024,Death Benefit,4825.17,Approved,,12,N,N,0.36,8,ASR-0032,25000,N,N,0.302,AGT-01144,Edwin Sim,Senior,86,AU-05,On Notice,52.2,0.702,False,False,False,False,EXACT_DUPLICATE
RID-0027777,CRM,27-03-2026 12:20,CUS-023218,Anjali Raj,Female,26-01-1980,46,Single,Citizen,Professional,42446,Below 50k,D06,anjali.raj445@example.com,+65 96849976,POL-0027777,01-10-2024,29-10-2024,PRULink Assurance,Investment-Linked,Agency,Annual,27879.17,799000,27879.17,0.1521,25,Inforce,22,N,,Y,,N,,,,,0,N,CLM-0027777,14-09-2025,Accident,2530.4,Approved,,9,N,N,0.46,8,ASR-0059,50000,N,N,0.324,AGT-01179,Nicholas Chong,Senior,54,AU-30,Resigned,87.5,0.216,False,False,False,False,EXACT_DUPLICATE
RID-0017442,CRM,16-07-2026 13:47,CUS-010832,Hakim Lim,Male,18-12-1980,46,Married,Foreigner,Self-Employed,240575,200k-400k,D16,hakim.lim384@example.com,+65 88157781,POL-0017442,13-01-2025,29-01-2025,PRUShield A Plus,Health & IP,Bancassurance,Semi-Annual,2860.4,1282000,2860.4,0.1099,30,Inforce,19,N,,Y,Public A-Ward,Y,995.17,995.17,0,0,109,Y,CLM-0017442,21-11-2025,Death Benefit,6819.76,Approved,,18,N,N,0.16,10,ASR-0039,100000,N,N,0.399,,,,,,,,,False,False,False,False,EXACT_DUPLICATE
RID-0031671,CRM,04-05-2026 13:09,CUS-014901,Daniel Chan,Male,04-06-1975,51,Divorced,Citizen,Manager,41702,Below 50k,D11,daniel.chan283@example.com,+65 92676774,POL-0031671,10-12-2023,16-01-2024,PRUShield Premier,Health & IP,Bancassurance,Monthly,1346.85,1400000,1346.85,0.1459,5,Inforce,31,N,,Y,Private Hospital,Y,448.98,448.98,0,1500,158,N,CLM-0031671,07-04-2024,Day Surgery,22286.91,Approved,,9,N,N,0.69,6,ASR-0039,100000,N,N,0.191,,,,,,,,,False,False,False,False,EXACT_DUPLICATE
RID-0012047,AGENCY_MGMT,13-03-2026 09:19,CUS-040972,Muhammad Ariff Aziz,Male,04-05-1986,40,Widowed,Citizen,Self-Employed,66352,50k-100k,D26,muhammad.ariff.aziz52@example.com,+65 84957248,POL-0012047,10-06-2024,28-06-2024,PRUShield Premier,Health & IP,Agency,Annual,7208.05,369000,7208.05,0.1739,99,Inforce,26,N,,Y,Private Hospital,Y,2288.12,2288.12,0,0,11,N,CLM-0012047,25-02-2026,Accident,2557,Approved,,2,N,N,-0.17,10,ASR-0042,10000,N,N,0.317,AGT-00736,Priya Ng,Established,42,AU-09,Active,46.7,0.112,False,False,False,False,EXACT_DUPLICATE
RID-0038136,CRM,08-05-2026 05:22,CUS-025668,Terence Lim,Male,02-03-1985,41,Widowed,Citizen,Professional,59812,50k-100k,D16,terence.lim332@example.com,+65 81848792,POL-0038136,05-04-2023,02-05-2023,PRULink Assurance,Investment-Linked,Digital,Annual,13570.53,498000,13570.53,0.1584,15,Lapsed,40,Y,23-04-2025,Y,,N,,,,,69,N,,,,,,,,N,N,0.52,5,,,,,,,,,,,,,,False,False,False,False,EXACT_DUPLICATE
RID-0025328,CRM,27-04-2026 21:01,CUS-027852,Siti Nadia Chong,Female,07-05-1985,41,Divorced,Citizen,Retired,65654,50k-100k,D04,siti.nadia.chong324@example.com,+65 93514815,POL-0025328,06-04-2023,14-05-2023,PRUSave Endowment,Savings & Wealth,Agency,Annual,28565.5,31000,28565.5,0.0911,99,Inforce,40,N,,Y,,N,,,,,221,N,,,,,,,,N,N,0.61,10,,,,,,AGT-01088,Rachel Ong,Senior,177,AU-38,Active,96.4,0.09,False,False,False,False,EXACT_DUPLICATE
RID-0034600,CRM,25-04-2026 16:33,CUS-030551,Faisal Bennett,Male,07-01-1998,28,Widowed,Citizen,Manager,51053,50k-100k,D03,faisal.bennett18@example.com,+65 82444301,POL-0034600,14-04-2024,22-05-2024,PRUFlexiCash,Savings & Wealth,Bancassurance,Semi-Annual,28085.48,114000,28085.48,0.0773,20,Surrendered,27,Y,07-10-2024,N,,N,,,,,0,N,CLM-0034600,08-04-2025,Day Surgery,3585.75,Declined,Waiting period not served,20,N,Y,-0.84,0,ASR-0036,25000,N,N,0.238,,,,,,,,,False,False,False,False,EXACT_DUPLICATE
RID-0021971,POLICY_ADMIN,11-04-2026 16:09,CUS-004899,Yong Sheng Chan,Male,11-01-1973,53,Divorced,Citizen,Technician,122689,100k-200k,D15,yong.sheng.chan344@example.com,+65 83191418,POL-0021971,16-09-2024,13-10-2024,PRUSave Endowment,Savings & Wealth,Agency,Annual,14913.74,424000,14913.74,0.0934,10,Inforce,22,N,,Y,,N,,,,,144,N,,,,,,,,N,N,0.31,7,,,,,,AGT-00462,Yong Sheng Sim,Established,62,AU-10,Active,64.7,0.355,False,False,False,False,EXACT_DUPLICATE
RID-0030979,CRM,15-03-2026 08:49,CUS-018413,Arjun Sim,Male,08-04-1994,32,Widowed,Permanent Resident,Manager,52276,50k-100k,D18,arjun.sim241@example.com,+65 98323416,POL-0030979,12-01-2026,25-01-2026,PRUWealth Plus,Savings & Wealth,Bancassurance,Monthly,58935.76,49000,58935.76,0.045,30,Inforce,7,N,,Y,,N,,,,,150,N,CLM-0030979,01-03-2026,Disability,2849.67,Approved,,22,N,N,0.13,9,ASR-0022,25000,N,N,0.14,,,,,,,,,False,False,False,False,EXACT_DUPLICATE
RID-0006789,POLICY_ADMIN,20-03-2026 12:40,CUS-017470,Mei Yi Ong,Female,06-10-1989,37,Single,Foreigner,Healthcare,96989,50k-100k,D20,mei.yi.ong91@example.com,+65 83151298,POL-0006789,13-08-2025,07-09-2025,PRUTerm Secure,Protection,Agency,Annual,4319.71,1571000,4319.71,0.2427,15,Inforce,11,N,,Y,,N,,,,,97,N,,,,,,,,N,N,0.47,7,,,,,,AGT-00997,Suresh Wong,Senior,83,AU-36,On Notice,65.4,0.092,False,False,False,False,EXACT_DUPLICATE
RID-0009664,AGENCY_MGMT,04-07-2026 23:43,CUS-031863,Nicholas Osman,Male,06-08-1982,44,Single,Citizen,Self-Employed,53596,50k-100k,D25,nicholas.osman150@example.com,+65 99296429,POL-0009664,31-01-2023,11-02-2023,PRUCritical Cover,Protection,Bancassurance,Annual,4402.88,2149000,4402.88,0.239,5,Inforce,43,N,,Y,,N,,,,,21,N,CLM-0009664,12-02-2024,Hospitalisation,1966.8,Approved,,10,N,N,0.71,10,ASR-0024,50000,N,N,0.005,,,,,,,,,False,False,False,False,EXACT_DUPLICATE
RID-0001578,AGENCY_MGMT,16-04-2026 23:00,CUS-011668,Wan Ting Wright,Female,24-05-2005,21,Divorced,Citizen,Manager,30000,Below 50k,D28,wan.ting.wright2@example.com,+65 96698970,POL-0001578,07-08-2023,02-09-2023,PRUFlexiCash,Savings & Wealth,Bancassurance,Monthly,48758.57,335000,48758.57,0.0598,30,Inforce,36,N,,Y,,N,,,,,23,N,,,,,,,,N,N,-0.01,10,,,,,,,,,,,,,,False,False,False,False,EXACT_DUPLICATE
RID-0010617,CRM,14-03-2026 07:05,CUS-014441,Valerie Toh,Female,16-08-1978,48,Single,Permanent Resident,Manager,159307,100k-200k,D25,valerie.toh174@example.com,+65 96263810,POL-0010617,26-11-2025,04-12-2025,PRUWealth Plus,Savings & Wealth,Agency,Monthly,41010.35,252000,41010.35,0.0906,99,Lapsed,9,Y,02-04-2026,N,,N,,,,,152,N,CLM-0010617,27-12-2025,Hospitalisation,3193.73,Declined,Waiting period not served,14,N,N,0.79,9,ASR-0060,10000,N,N,0.239,AGT-00500,Deepak Chan,New,11,AU-34,Active,57.3,0.307,False,False,False,False,EXACT_DUPLICATE
RID-0000949,POLICY_ADMIN,14-06-2026 02:53,CUS-008931,Chee Keong Wright,Male,06-09-1997,29,Single,Permanent Resident,Self-Employed,79773,50k-100k,D14,chee.keong.wright392@example.com,+65 93395788,POL-0000949,18-11-2025,11-12-2025,PRUTerm Secure,Protection,Bancassurance,Monthly,7846.62,1511000,7846.62,0.1946,30,Matured,8,N,,Y,,N,,,,,0,N,CLM-0000949,29-05-2026,Outpatient Specialist,3379.32,Approved,,18,N,N,0.21,10,ASR-0026,10000,N,N,0.11,,,,,,,,,False,False,False,False,EXACT_DUPLICATE
RID-0033624,CRM,25-03-2026 08:59,CUS-005633,Hakim Kamal,Male,02-01-1975,51,Single,Citizen,Professional,33245,Below 50k,D26,hakim.kamal440@example.com,+65 87770201,POL-0033624,05-09-2024,17-09-2024,PRUSave Endowment,Savings & Wealth,Agency,Annual,3553.6,237000,3553.6,0.089,99,Inforce,23,N,,Y,,N,,,,,85,N,,,,,,,,N,N,0.13,6,,,,,,AGT-00971,Suresh Ibrahim,Established,56,AU-30,Active,91.2,0.323,False,False,False,False,EXACT_DUPLICATE
RID-0025572,CLAIMS_SYS,01-06-2026 07:36,CUS-010412,Lakshmi Lim,Female,28-03-1991,35,Widowed,Citizen,Self-Employed,58263,50k-100k,D02,lakshmi.lim300@example.com,+65 83051741,POL-0025572,28-01-2025,18-02-2025,PRUFlexiCash,Savings & Wealth,Bancassurance,Monthly,22709.71,426000,22709.71,0.0353,10,Inforce,18,N,,Y,,N,,,,,82,N,CLM-0025572,08-11-2025,Maternity,21823.07,Partially Approved,,23,N,N,0.89,7,ASR-0033,25000,N,N,0.048,,,,,,,,,False,False,False,False,EXACT_DUPLICATE
RID-0040397,CLAIMS_SYS,18-04-2026 02:14,CUS-010201,Yong Sheng Ho,Male,18-06-1957,69,Divorced,Citizen,Sales,124939,100k-200k,D05,yong.sheng.ho375@example.com,+65 94067055,POL-0040397,07-05-2025,07-06-2025,PRUShield A Plus,Health & IP,Bancassurance,Annual,5688.42,1369000,5688.42,0.1485,25,Inforce,15,N,,Y,Public A-Ward,N,,,,,55,N,CLM-0040397,13-02-2026,Disability,4562.48,Approved,,6,N,Y,-0.73,5,ASR-0029,5000,N,N,0.099,,,,,,,,,False,False,False,False,EXACT_DUPLICATE
RID-0023611,CRM,07-03-2026 05:10,CUS-003657,Edwin Lee,Male,25-03-1984,42,Single,Citizen,Manager,152724,100k-200k,D02,edwin.lee379@example.com,+65 95872921,POL-0023611,01-02-2025,16-02-2025,PRUFlexiCash,Savings & Wealth,Bancassurance,Monthly,43109.83,143000,43109.83,0.0353,15,Matured,18,N,,Y,,N,,,,,38,N,,,,,,,,N,N,-0.06,5,,,,,,,,,,,,,,False,False,False,False,EXACT_DUPLICATE
RID-0013301,POLICY_ADMIN,21-06-2026 04:08,CUS-018425,Divya Yusof,Female,21-03-1997,29,Single,Employment Pass,Retired,206212,200k-400k,D06,divya.yusof377@example.com,+65 88804432,POL-0013301,03-11-2025,14-11-2025,PRUActive Term,Protection,Bancassurance,Monthly,3465,721000,3465,0.2381,30,Inforce,9,N,,Y,,N,,,,,0,N,,,,,,,,N,N,0.34,8,,,,,,,,,,,,,,False,False,False,False,EXACT_DUPLICATE
RID-0015739,CRM,25-07-2026 02:44,CUS-023750,Meera Osman,Female,15-10-1973,53,Single,Permanent Resident,Self-Employed,37712,Below 50k,D13,meera.osman147@example.com,+65 82076402,POL-0015739,24-08-2024,02-10-2024,PRUCritical Cover,Protection,Agency,Annual,5309.5,886000,5309.5,0.2973,20,Inforce,23,N,,Y,,N,,,,,166,N,CLM-0015739,03-02-2026,Death Benefit,18749.06,Partially Approved,,24,N,N,0.97,10,ASR-0050,5000,N,N,0.21,AGT-00684,Faisal Yusof,New,7,AU-38,Resigned,67.6,0.178,False,False,False,False,EXACT_DUPLICATE
RID-0031040,AGENCY_MGMT,15-06-2026 11:04,CUS-027084,Deepak Chua,Male,19-06-1977,49,Divorced,Employment Pass,Technician,91032,50k-100k,D03,deepak.chua323@example.com,+65 89281128,POL-0031040,22-04-2025,20-05-2025,PRULink Assurance,Investment-Linked,Bancassurance,Annual,26551.59,544000,26551.59,0.1201,30,Inforce,15,N,,Y,,N,,,,,35,N,CLM-0031040,18-06-2026,Day Surgery,3663.96,Partially Approved,,24,N,N,0.91,9,ASR-0028,10000,N,N,0.109,,,,,,,,,False,False,False,False,EXACT_DUPLICATE
RID-0010495,CRM,09-05-2026 08:40,CUS-022156,Zulkifli Chua,Male,20-07-1991,35,Single,Citizen,Education,107807,100k-200k,D03,zulkifli.chua164@example.com,+65 91400150,POL-0010495,23-09-2023,12-10-2023,PRUWealth Plus,Savings & Wealth,Agency,Annual,35070.39,45000,35070.39,0.0424,25,Inforce,35,N,,Y,,N,,,,,237,N,CLM-0010495,17-08-2024,Day Surgery,10631.01,Approved,,15,N,N,-0.14,8,ASR-0001,50000,N,N,0.411,AGT-00697,Kai Xuan Ong,Established,84,AU-12,Active,83.2,0.046,False,False,False,False,EXACT_DUPLICATE
RID-0022015,CLAIMS_SYS,03-07-2026 20:46,CUS-033009,Suresh Koh,Male,12-09-1982,44,Single,Citizen,Executive,79117,50k-100k,D13,suresh.koh13@example.com,+65 95212258,POL-0022015,29-01-2023,18-02-2023,PRUWealth Plus,Savings & Wealth,Bancassurance,Annual,27399.7,396000,27399.7,0.0651,15,Inforce,43,N,,Y,,N,,,,,116,N,,,,,,,,N,N,0.55,8,,,,,,,,,,,,,,False,False,False,False,EXACT_DUPLICATE
RID-0004010,POLICY_ADMIN,01-09-2026 18:33,CUS-009072,Zarina Aziz,Female,20-04-1989,37,Widowed,Citizen,Education,30000,Below 50k,D15,zarina.aziz315@example.com,+65 92056786,POL-0004010,03-09-2023,10-09-2023,PRUWealth Plus,Savings & Wealth,Agency,Annual,27631.17,236000,27631.17,0.0913,25,Inforce,36,N,,Y,,N,,,,,121,N,CLM-0004010,03-12-2024,Critical Illness,6654.33,Approved,,20,N,N,0.44,7,ASR-0056,50000,N,N,0.226,AGT-00727,Meera Kamal,Established,25,AU-04,Active,93.6,0.267,False,False,False,False,EXACT_DUPLICATE
RID-0019113,POLICY_ADMIN,21-08-2026 13:05,CUS-019502,Suresh Yeo,Male,28-10-1985,41,Widowed,Foreigner,Self-Employed,215873,200k-400k,D23,suresh.yeo463@example.com,+65 99580288,POL-0019113,21-01-2024,18-02-2024,PRUFlexiCash,Savings & Wealth,Bancassurance,Monthly,54850.92,364000,54850.92,0.0704,25,Inforce,30,N,,Y,,N,,,,,0,N,,,,,,,,N,N,0.8,6,,,,,,,,,,,,,,False,False,False,False,EXACT_DUPLICATE
RID-0037996,POLICY_ADMIN,14-03-2026 13:22,CUS-012156,Zarina Goh,Female,20-03-1972,54,Widowed,Citizen,Sales,114828,100k-200k,D28,zarina.goh48@example.com,+65 89571896,POL-0037996,02-06-2023,01-07-2023,PRUFlexiCash,Savings & Wealth,Agency,Semi-Annual,37374.84,99000,37374.84,0.0473,15,Inforce,38,N,,Y,,N,,,,,188,N,CLM-0037996,13-12-2024,Maternity,15147.47,Partially Approved,,7,N,N,0.03,7,ASR-0037,50000,N,N,0.315,AGT-00990,Samantha Reddy,Established,86,AU-36,Active,89.5,0.303,False,False,False,False,EXACT_DUPLICATE
RID-0012501,POLICY_ADMIN,21-05-2026 05:02,CUS-011517,Kai Xuan Iyer,Male,21-01-1975,51,Married,Employment Pass,Civil Service,30000,Below 50k,D28,kai.xuan.iyer31@example.com,+65 86003397,POL-0012501,09-10-2023,23-10-2023,PRUSave Endowment,Savings & Wealth,Bancassurance,Semi-Annual,38764.48,130000,38764.48,0.0275,5,Inforce,34,N,,Y,,N,,,,,64,Y,CLM-0012501,12-01-2024,Outpatient Specialist,11839.87,Pending,,36,N,N,0.28,7,ASR-0008,10000,N,N,0.394,,,,,,,,,False,False,False,False,EXACT_DUPLICATE
RID-0017421,CLAIMS_SYS,17-07-2026 22:23,CUS-033238,Nurul Aisyah Menon,Female,23-06-2000,26,Widowed,Citizen,Executive,107607,100k-200k,D14,nurul.aisyah.menon414@example.com,+65 94174658,POL-0017421,21-05-2026,27-06-2026,PRULink Global Growth,Investment-Linked,Digital,Semi-Annual,6580.94,529000,6580.94,0.1761,20,Inforce,2,N,,Y,,N,,,,,32,Y,,,,,,,,N,N,0.36,5,,,,,,,,,,,,,,False,False,False,False,EXACT_DUPLICATE
RID-0009472,CRM,19-03-2026 01:59,CUS-000955,Nicholas Yeo,Male,27-03-1997,29,Married,Employment Pass,Healthcare,71570,50k-100k,D09,nicholas.yeo102@example.com,+65 83814463,POL-0009472,20-02-2025,22-03-2025,PRULink Assurance,Investment-Linked,Bancassurance,Monthly,8585.06,269000,8585.06,0.1532,25,Inforce,17,N,,Y,,N,,,,,129,N,CLM-0009472,09-04-2025,Disability,3114.73,Partially Approved,,5,N,N,0.38,9,ASR-0059,50000,N,N,0.142,,,,,,,,,False,False,False,False,EXACT_DUPLICATE
RID-0030160,CLAIMS_SYS,31-07-2026 09:06,CUS-000288,Faisal Raj,Male,18-07-1972,54,Single,Citizen,Sales,99592,50k-100k,D22,faisal.raj247@example.com,+65 92661055,POL-0030160,15-01-2023,24-02-2023,PRULink Assurance,Investment-Linked,Bancassurance,Annual,3269.98,738000,3269.98,0.0706,10,Inforce,42,N,,Y,,N,,,,,45,N,CLM-0030160,25-08-2023,Outpatient Specialist,15897.19,Partially Approved,,22,N,N,0.68,7,ASR-0058,100000,N,N,0.267,,,,,,,,,False,False,False,False,EXACT_DUPLICATE
RID-0022389,CLAIMS_SYS,18-05-2026 13:40,CUS-034532,Valerie Pillai,Female,03-02-1978,48,Widowed,Citizen,Education,116783,100k-200k,D28,valerie.pillai256@example.com,+65 94354787,POL-0022389,27-04-2025,10-05-2025,PRUTerm Secure,Protection,Agency,Monthly,7222.42,2537000,7222.42,0.3111,99,Inforce,15,N,,Y,,N,,,,,0,Y,CLM-0022389,07-12-2025,Hospitalisation,1095.22,Approved,,19,N,N,-0.08,6,ASR-0019,100000,N,N,0.217,AGT-00495,Nicholas Ho,New,6,AU-22,Active,84.9,0.193,False,False,False,False,EXACT_DUPLICATE
RID-0011308,POLICY_ADMIN,14-03-2026 11:20,CUS-000220,Nicholas Tan,Male,03-07-2005,21,Married,Employment Pass,Self-Employed,91278,50k-100k,D20,nicholas.tan450@example.com,+65 92419613,POL-0011308,16-09-2025,25-10-2025,PRUWealth Plus,Savings & Wealth,Bancassurance,Annual,39167.7,276000,39167.7,0.0731,5,Inforce,10,N,,Y,,N,,,,,167,N,CLM-0011308,23-12-2025,Disability,10972.36,Withdrawn,,18,N,N,0.52,10,ASR-0012,100000,N,N,0.235,,,,,,,,,False,False,False,False,EXACT_DUPLICATE
RID-0010348,CRM,25-03-2026 11:36,CUS-012975,Nurul Aisyah Reddy,Female,28-03-1972,54,Widowed,Citizen,Healthcare,95088,50k-100k,D10,nurul.aisyah.reddy175@example.com,+65 95340849,POL-0010348,21-09-2024,28-10-2024,PRUSelect Vantage,Investment-Linked,Agency,Semi-Annual,16522.43,677000,16522.43,0.1559,25,Inforce,22,N,,Y,,N,,,,,113,Y,CLM-0010348,19-12-2025,Day Surgery,2055.84,Approved,,15,N,N,0.71,10,ASR-0028,10000,N,N,0.376,AGT-00169,Kavitha Yeo,Established,67,AU-06,Active,32,0.636,False,False,False,False,EXACT_DUPLICATE
RID-0035109,POLICY_ADMIN,14-03-2026 21:42,CUS-003420,Nicholas Mitchell,Male,19-08-1981,45,Single,Citizen,Executive,62852,50k-100k,D11,nicholas.mitchell172@example.com,+65 95391877,POL-0035109,31-12-2023,19-01-2024,PRUWealth Plus,Savings & Wealth,Bancassurance,Annual,44525.88,164000,44525.88,0.035,10,Lapsed,31,Y,30-05-2026,Y,,N,,,,,30,N,,,,,,,,N,N,0.76,6,,,,,,,,,,,,,,False,False,False,False,EXACT_DUPLICATE
RID-0033143,POLICY_ADMIN,12-03-2026 14:21,CUS-003646,Chee Keong Goh,Male,12-11-1985,41,Divorced,Citizen,Civil Service,81049,50k-100k,D05,chee.keong.goh117@example.com,+65 82300804,POL-0033143,23-05-2023,10-06-2023,PRUVantage Legacy,Savings & Wealth,Digital,Monthly,39701.39,179000,39701.39,0.058,15,Inforce,39,N,,Y,,N,,,,,0,Y,CLM-0033143,23-01-2025,Death Benefit,5383.03,Partially Approved,,10,N,N,-0.02,8,ASR-0050,5000,N,N,0.346,,,,,,,,,False,False,False,False,EXACT_DUPLICATE
RID-0006603,AGENCY_MGMT,24-03-2026 01:37,CUS-010427,Deepak Tan,Male,05-09-2000,26,Widowed,Citizen,Executive,243646,200k-400k,D12,deepak.tan314@example.com,+65 98581773,POL-0006603,14-08-2024,05-09-2024,PRULink Assurance,Investment-Linked,Bancassurance,Annual,33870.97,604000,33870.97,0.1258,15,Inforce,24,N,,Y,,N,,,,,41,N,,,,,,,,N,N,-0.09,7,,,,,,,,,,,,,,False,False,False,False,EXACT_DUPLICATE
RID-0045096,CLAIMS_SYS,17-06-2026 15:35,CUS-029524,Arjun Bennett,Male,27-11-1986,40,Married,Citizen,Manager,76595,50k-100k,D21,arjun.bennett466@example.com,+65 98502506,POL-0045096,22-03-2026,04-05-2026,PRUSelect Vantage,Investment-Linked,Bancassurance,Annual,4839.59,890000,4839.59,0.1034,15,Inforce,4,N,,Y,,N,,,,,73,Y,,,,,,,,N,N,0.29,7,,,,,,,,,,,,,,False,False,False,False,EXACT_DUPLICATE
RID-0040758,CRM,01-07-2026 06:20,CUS-031839,Valerie Osman,Female,06-10-1986,40,Widowed,Citizen,Education,171179,100k-200k,D01,valerie.osman434@example.com,+65 91968209,POL-0040758,22-03-2026,01-05-2026,PRUShield Premier,Health & IP,Bancassurance,Monthly,6473.28,287000,6473.28,0.1207,15,Inforce,4,N,,Y,Public B1-Ward,Y,2070.42,1264.65,5,5000,0,N,CLM-0040758,29-06-2026,Maternity,20356.08,Approved,,11,N,N,0.99,7,ASR-0030,25000,N,N,0.303,,,,,,,,,False,False,False,False,EXACT_DUPLICATE
RID-0020228,CLAIMS_SYS,04-04-2026 09:03,CUS-019646,Jun Hao Kumar,Male,09-05-1966,60,Single,Employment Pass,Retired,134025,100k-200k,D15,jun.hao.kumar247@example.com,+65 91805036,POL-0020228,22-04-2023,14-05-2023,PRUShield A Plus,Health & IP,Agency,Monthly,7479.47,404000,7479.47,0.1264,25,Inforce,40,N,,Y,Public B1-Ward,Y,3661.12,3661.12,0,1500,43,N,CLM-0020228,28-08-2023,Hospitalisation,4595.7,Declined,Waiting period not served,43,N,N,-0.19,10,ASR-0008,10000,N,N,0.343,AGT-00872,Iskandar Goh,MDRT,211,AU-05,Active,86.5,0.692,False,False,False,False,EXACT_DUPLICATE
RID-0003117,CRM,06-03-2026 03:28,CUS-016902,Nicholas Kumar,Male,17-01-2004,22,Single,Permanent Resident,Technician,50532,50k-100k,D25,nicholas.kumar249@example.com,+65 87986356,POL-0003117,20-02-2023,22-03-2023,PRUFlexiCash,Savings & Wealth,Agency,Monthly,27112.49,347000,27112.49,0.0396,5,Inforce,41,N,,Y,,N,,,,,19,N,,,,,,,,N,N,0.91,10,,,,,,AGT-00367,Xin Yi Fraser,MDRT,67,AU-04,Active,60.9,0.044,False,False,False,False,EXACT_DUPLICATE
RID-0036431,POLICY_ADMIN,16-06-2026 22:12,CUS-032033,Hui Ling Ong,Female,16-03-1980,46,Married,Citizen,Manager,143895,100k-200k,D08,hui.ling.ong53@example.com,+65 88326908,POL-0036431,18-07-2023,07-08-2023,PRUTerm Secure,Protection,Agency,Annual,8667.55,231000,8667.55,0.2809,10,Inforce,37,N,,Y,,N,,,,,77,N,CLM-0036431,20-02-2024,Day Surgery,1733.5,Pending,,27,N,N,0.44,7,ASR-0010,50000,N,Y,0.724,AGT-00101,Deepak Low,Established,54,AU-03,Active,91.1,0.309,False,False,False,False,EXACT_DUPLICATE
RID-0007426,AGENCY_MGMT,07-08-2026 04:33,CUS-010455,Marcus Wright,Male,19-10-1983,43,Single,Citizen,Healthcare,37102,Below 50k,D10,marcus.wright371@example.com,+65 92621535,POL-0007426,03-11-2025,04-12-2025,PRUCritical Cover,Protection,Direct,Monthly,2957.27,966000,2957.27,0.2629,10,Inforce,9,N,,Y,,N,,,,,0,Y,,,,,,,,N,N,0.37,6,,,,,,,,,,,,,,False,False,False,False,EXACT_DUPLICATE
RID-0018288,CRM,20-07-2026 23:46,CUS-002397,Suresh Wright,Male,21-03-1988,38,Married,Citizen,Self-Employed,180842,100k-200k,D21,suresh.wright14@example.com,+65 99331407,POL-0018288,28-07-2023,02-09-2023,PRUFlexiCash,Savings & Wealth,Agency,Monthly,58865.36,109000,58865.36,0.0939,25,Inforce,36,N,,Y,,N,,,,,384,N,,,,,,,,N,N,0.74,10,,,,,,AGT-00676,Marcus Low,New,12,AU-18,Active,47.6,0.417,False,False,False,False,EXACT_DUPLICATE
RID-0022696,POLICY_ADMIN,06-03-2026 18:09,CUS-024751,Wan Ting Raj,Female,07-09-1980,46,Married,Citizen,Education,159583,100k-200k,D14,wan.ting.raj80@example.com,+65 84790202,POL-0022696,05-08-2024,24-08-2024,PRUFlexiCash,Savings & Wealth,Direct,Monthly,29471.17,298000,29471.17,0.0943,30,Lapsed,24,Y,03-06-2026,Y,,N,,,,,118,N,CLM-0022696,19-06-2025,Accident,4191.74,Approved,,22,N,N,0.44,9,ASR-0015,25000,N,N,0.949,,,,,,,,,False,False,False,False,EXACT_DUPLICATE
RID-0046394,CRM,16-04-2026 18:52,CUS-018285,Nurul Aisyah Teo,Female,06-05-1959,67,Single,Permanent Resident,Retired,46457,Below 50k,D21,nurul.aisyah.teo424@example.com,+65 95338489,POL-0046394,29-05-2024,26-06-2024,PRUSelect Vantage,Investment-Linked,Bancassurance,Monthly,15347.15,262000,15347.15,0.085,30,Inforce,26,N,,Y,,N,,,,,67,N,,,,,,,,N,N,0.34,7,,,,,,,,,,,,,,False,False,False,False,EXACT_DUPLICATE
RID-0044961,AGENCY_MGMT,26-07-2026 14:52,CUS-022600,Terence Nair,Male,14-10-1993,33,Married,Permanent Resident,Education,114261,100k-200k,D03,terence.nair436@example.com,+65 96870358,POL-0044961,20-10-2024,27-10-2024,PRUFlexiCash,Savings & Wealth,Agency,Annual,12044.47,141000,12044.47,0.0636,20,Cancelled,22,Y,17-04-2025,N,,N,,,,,82,N,CLM-0044961,21-12-2024,Maternity,6039.97,Approved,,29,N,N,0.44,8,ASR-0019,100000,N,N,0.396,AGT-00251,Aravind Pillai,Established,48,AU-01,Active,65.1,0.45,False,False,False,False,EXACT_DUPLICATE
RID-0014571,CRM,12-04-2026 00:55,CUS-033766,Zulkifli Raj,Male,14-05-1977,49,Single,Citizen,Manager,91863,50k-100k,D09,zulkifli.raj76@example.com,+65 87499624,POL-0014571,26-06-2023,03-08-2023,PRULink Global Growth,Investment-Linked,Digital,Annual,39515.13,250000,39515.13,0.1319,5,Inforce,37,N,,Y,,N,,,,,148,Y,,,,,,,,N,N,0.55,10,,,,,,,,,,,,,,False,False,False,False,EXACT_DUPLICATE
RID-0042751,CLAIMS_SYS,15-05-2026 11:52,CUS-013403,Daniel Tan,Male,01-06-1995,31,Divorced,Citizen,Healthcare,92661,50k-100k,D21,daniel.tan172@example.com,+65 85719055,POL-0042751,06-03-2026,30-03-2026,PRUSave Endowment,Savings & Wealth,Broker,Monthly,53259.99,303000,53259.99,0.0605,15,Inforce,5,N,,Y,,N,,,,,50,N,CLM-0042751,04-08-2026,Day Surgery,3182.76,Pending,,20,N,N,0.23,6,ASR-0038,100000,N,N,0.398,AGT-00395,Hui Ling Pillai,Senior,152,AU-28,Active,83.1,0.282,False,False,False,False,EXACT_DUPLICATE
RID-0003383,POLICY_ADMIN,09-03-2026 20:52,CUS-025489,Meera Ho,Female,26-08-1975,51,Widowed,Citizen,Civil Service,127254,100k-200k,D11,meera.ho141@example.com,+65 83748091,POL-0003383,13-09-2024,20-09-2024,PRUWealth Plus,Savings & Wealth,Broker,Annual,20773.66,263000,20773.66,0.0413,99,Inforce,23,N,,Y,,N,,,,,0,N,,,,,,,,N,N,0.66,10,,,,,,AGT-00778,Jun Hao Iyer,Established,39,AU-13,Resigned,60.7,0.407,False,False,False,False,EXACT_DUPLICATE
RID-0003078,POLICY_ADMIN,27-05-2026 19:04,CUS-029315,Lakshmi Reddy,Female,13-05-1952,74,Married,Citizen,Healthcare,117989,100k-200k,D07,lakshmi.reddy113@example.com,+65 97430191,POL-0003078,01-11-2024,04-11-2024,PRULink Global Growth,Investment-Linked,Agency,Quarterly,20423.14,784000,20423.14,0.1705,20,Inforce,22,N,,Y,,N,,,,,133,N,CLM-0003078,28-05-2025,Disability,4837.84,Approved,,13,N,N,0.91,6,ASR-0038,100000,N,N,0.404,AGT-01040,Hakim Osman,MDRT,148,AU-31,Resigned,39.5,0.502,False,False,False,False,EXACT_DUPLICATE
RID-0017035,CRM,17-04-2026 17:29,CUS-026200,Edwin Kumar,Male,07-03-1987,39,Widowed,Permanent Resident,Civil Service,33885,Below 50k,D19,edwin.kumar290@example.com,+65 98009360,POL-0017035,13-01-2025,10-02-2025,PRUTerm Secure,Protection,Agency,Monthly,1404.68,2527000,1404.68,0.3303,25,Inforce,18,N,,Y,,N,,,,,0,Y,,,,,,,,N,N,0.45,9,,,,,,AGT-01187,Meera Pillai,Established,41,AU-33,Active,62.2,0.178,False,False,False,False,EXACT_DUPLICATE
RID-0024971,CRM,11-07-2026 05:36,CUS-015347,Hakim Lee,Male,28-12-1971,55,Single,Employment Pass,Civil Service,44067,Below 50k,D26,hakim.lee186@example.com,+65 93298910,POL-0024971,20-04-2023,20-05-2023,PRUWealth Plus,Savings & Wealth,Agency,Annual,32022.42,422000,32022.42,0.092,5,Inforce,40,N,,Y,,N,,,,,12,N,CLM-0024971,14-09-2023,Maternity,1838.02,Partially Approved,,8,N,N,0.57,10,ASR-0051,5000,N,N,0.354,AGT-00537,Yong Sheng Toh,Established,79,AU-12,Active,45,0.394,False,False,False,False,EXACT_DUPLICATE
RID-0027899,CLAIMS_SYS,08-05-2026 15:52,CUS-002528,Aravind Rahman,Male,09-11-1989,37,Widowed,Permanent Resident,Executive,77541,50k-100k,D04,aravind.rahman148@example.com,+65 95890962,POL-0027899,07-04-2024,16-05-2024,PRUExtra Care,Health & IP,Broker,Monthly,7216.69,159000,7216.69,0.1726,20,Inforce,27,N,,Y,Public A-Ward,N,,,,,65,N,CLM-0027899,15-09-2025,Hospitalisation,3130.84,Pending,,61,N,N,0.95,10,ASR-0002,25000,N,N,0.219,AGT-00198,Valerie Chan,Established,90,AU-14,Active,79,0.269,False,False,False,False,EXACT_DUPLICATE
RID-0044409,AGENCY_MGMT,01-05-2026 20:33,CUS-032300,Samantha Ong,Female,02-06-1967,59,Widowed,Citizen,Professional,102292,100k-200k,D11,samantha.ong117@example.com,+65 81780346,POL-0044409,28-04-2024,12-05-2024,PRUShield Life,Protection,Agency,Monthly,2204.19,1090000,2204.19,0.2812,25,Inforce,28,N,,Y,,N,,,,,0,N,CLM-0044409,06-08-2025,Critical Illness,828.21,Partially Approved,,13,N,N,-0.17,9,ASR-0009,25000,N,N,0.386,AGT-01121,Edwin Sim,Senior,131,AU-39,Active,82.6,0.194,False,False,False,False,EXACT_DUPLICATE
RID-0035686,CRM,30-06-2026 06:51,CUS-024377,Jia Hui Reddy,Female,21-10-1968,58,Divorced,Employment Pass,Education,62851,50k-100k,D26,jia.hui.reddy15@example.com,+65 91154862,POL-0035686,18-07-2024,19-08-2024,PRUVantage Legacy,Savings & Wealth,Bancassurance,Annual,16376.63,434000,16376.63,0.0853,20,Inforce,24,N,,Y,,N,,,,,25,N,,,,,,,,N,N,0.5,10,,,,,,,,,,,,,,False,False,False,False,EXACT_DUPLICATE
RID-0034873,CRM,12-04-2026 19:29,CUS-031076,Zhi Hao Iyer,Male,28-03-1966,60,Divorced,Foreigner,Professional,108425,100k-200k,D26,zhi.hao.iyer186@example.com,+65 95163794,POL-0034873,08-12-2024,11-12-2024,PRUShield Standard,Health & IP,Bancassurance,Quarterly,6079.04,1234000,6079.04,0.097,99,Inforce,20,N,,Y,Public B1-Ward,N,,,,,32,N,,,,,,,,N,N,0.46,5,,,,,,,,,,,,,,False,False,False,False,EXACT_DUPLICATE
RID-0022243,CLAIMS_SYS,25-08-2026 14:50,CUS-003460,Xin Yi Kumar,Female,28-08-1973,53,Single,Foreigner,Self-Employed,59570,50k-100k,D06,xin.yi.kumar73@example.com,+65 88165390,POL-0022243,16-09-2023,29-09-2023,PRUSave Endowment,Savings & Wealth,Digital,Annual,46543.45,396000,46543.45,0.0511,20,Inforce,35,N,,Y,,N,,,,,0,Y,CLM-0022243,09-05-2024,Critical Illness,8457.27,Approved,,19,N,N,0.26,7,ASR-0049,100000,N,N,0.306,,,,,,,,,False,False,False,False,EXACT_DUPLICATE
RID-0002581,CRM,09-08-2026 03:42,CUS-022074,Jia Hui Turner,Female,07-12-1983,43,Widowed,Citizen,Technician,30000,Below 50k,D20,jia.hui.turner298@example.com,+65 83623068,POL-0002581,28-06-2026,09-08-2026,PRUVantage Legacy,Savings & Wealth,Bancassurance,Monthly,51240.7,375000,51240.7,0.0591,99,Inforce,1,N,,Y,,N,,,,,122,Y,,,,,,,,N,N,0.55,9,,,,,,,,,,,,,,False,False,False,False,EXACT_DUPLICATE
RID-0014992,CLAIMS_SYS,13-07-2026 19:29,CUS-001374,Zhi Hao Raj,Male,04-03-1974,52,Widowed,Citizen,Manager,59524,50k-100k,D26,zhi.hao.raj359@example.com,+65 87252424,POL-0014992,24-07-2024,13-08-2024,PRUShield Premier,Health & IP,Bancassurance,Monthly,4000.91,217000,4000.91,0.1353,15,Inforce,24,N,,Y,Public A-Ward,Y,1656.74,1656.74,0,1500,225,N,CLM-0014992,11-11-2024,Disability,6709.78,Approved,,24,N,N,0.07,9,ASR-0026,10000,N,N,0.314,,,,,,,,,False,False,False,False,EXACT_DUPLICATE
RID-0024650,AGENCY_MGMT,17-07-2026 15:26,CUS-010785,Yong Sheng Harper,Male,12-08-1998,28,Divorced,Citizen,Executive,55548,50k-100k,D28,yong.sheng.harper309@example.com,+65 84829241,POL-0024650,27-05-2026,09-06-2026,PRUExtra Care,Health & IP,Direct,Annual,4469.11,161000,4469.11,0.1774,30,Inforce,2,N,,Y,Private Hospital,Y,1846.56,1124.79,15,1500,111,N,,,,,,,,N,N,0.88,5,,,,,,,,,,,,,,False,False,False,False,EXACT_DUPLICATE
RID-0013853,AGENCY_MGMT,14-08-2026 21:27,CUS-005638,Divya Salleh,Female,02-07-1961,65,Married,Citizen,Retired,46742,Below 50k,D26,divya.salleh130@example.com,+65 99537566,POL-0013853,19-01-2026,24-02-2026,PRULink Assurance,Investment-Linked,Agency,Monthly,42357.14,598000,42357.14,0.1775,15,Inforce,6,N,,Y,,N,,,,,203,N,CLM-0013853,05-08-2026,Death Benefit,3759.59,Approved,,17,N,N,0.47,7,ASR-0042,10000,N,N,0.306,AGT-00854,Hakim Pillai,New,9,AU-33,Resigned,71.5,0.126,False,False,False,False,EXACT_DUPLICATE
RID-0037751,CLAIMS_SYS,06-07-2026 03:01,CUS-036463,Aminah Low,Female,22-03-1989,37,Married,Citizen,Retired,67703,50k-100k,D17,aminah.low407@example.com,+65 88527246,POL-0037751,03-04-2023,02-05-2023,PRUSave Endowment,Savings & Wealth,Bancassurance,Annual,30395.64,223000,30395.64,0.0631,10,Inforce,40,N,,Y,,N,,,,,27,Y,CLM-0037751,25-11-2024,Disability,773.96,Approved,,23,N,N,0.38,9,ASR-0040,100000,N,N,0.082,,,,,,,,,False,False,False,False,EXACT_DUPLICATE
RID-0023361,AGENCY_MGMT,16-03-2026 13:08,CUS-003121,Rohan Koh,Male,22-04-1994,32,Divorced,Citizen,Education,106828,100k-200k,D07,rohan.koh73@example.com,+65 83557493,POL-0023361,24-11-2023,11-12-2023,PRUFlexiCash,Savings & Wealth,Bancassurance,Quarterly,47673.96,380000,47673.96,0.0587,20,Inforce,33,N,,Y,,N,,,,,88,Y,CLM-0023361,18-04-2024,Day Surgery,15632.25,Declined,Non-disclosure at underwriting,20,Y,Y,-0.74,2,ASR-0045,10000,N,N,0.403,,,,,,,,,False,False,False,False,EXACT_DUPLICATE
RID-0043422,AGENCY_MGMT,02-04-2026 14:38,CUS-033692,Mei Yi Kumar,Female,16-05-1981,45,Married,Citizen,Healthcare,42507,Below 50k,D18,mei.yi.kumar25@example.com,+65 89929840,POL-0043422,18-02-2025,04-04-2025,PRUVantage Legacy,Savings & Wealth,Bancassurance,Annual,56118.57,437000,56118.57,0.0381,99,Inforce,17,N,,Y,,N,,,,,12,N,CLM-0043422,01-07-2026,Outpatient Specialist,6858.43,Pending,,56,N,N,0.07,10,ASR-0018,25000,N,N,0.385,,,,,,,,,False,False,False,False,EXACT_DUPLICATE
RID-0008294,CLAIMS_SYS,26-06-2026 13:15,CUS-008377,Jonathan Chan,Male,02-09-1984,42,Single,Permanent Resident,Education,109090,100k-200k,D07,jonathan.chan297@example.com,+65 93119352,POL-0008294,26-02-2024,08-04-2024,PRUWealth Plus,Savings & Wealth,Bancassurance,Semi-Annual,46465.02,281000,46465.02,0.0388,30,Inforce,29,N,,Y,,N,,,,,26,N,CLM-0008294,27-04-2024,Outpatient Specialist,12061.19,Approved,,16,N,N,0.98,7,ASR-0049,100000,N,N,0.003,,,,,,,,,False,False,False,False,EXACT_DUPLICATE
RID-0029881,CRM,16-04-2026 21:03,CUS-026815,Denise Kumar,Female,06-12-1984,42,Divorced,Citizen,Self-Employed,137515,100k-200k,D15,denise.kumar340@example.com,+65 83569952,POL-0029881,21-08-2025,25-09-2025,PRUWealth Plus,Savings & Wealth,Agency,Annual,38236.03,437000,38236.03,0.0922,5,Inforce,11,N,,Y,,N,,,,,238,N,,,,,,,,N,N,0.73,7,,,,,,AGT-00030,Divya Chan,New,5,AU-12,Active,27.6,0.215,False,False,False,False,EXACT_DUPLICATE
RID-0039304,CLAIMS_SYS,10-05-2026 04:22,CUS-004872,Yong Sheng Toh,Male,24-09-1971,55,Married,Citizen,Retired,95070,50k-100k,D13,yong.sheng.toh36@example.com,+65 82135381,POL-0039304,17-09-2023,06-10-2023,PRUActive Term,Protection,Bancassurance,Monthly,928.37,2166000,928.37,0.2591,99,Inforce,35,N,,Y,,N,,,,,322,N,CLM-0039304,25-03-2025,Critical Illness,6870.55,Approved,,15,N,N,0.63,7,ASR-0021,100000,N,N,0.319,,,,,,,,,False,False,False,False,EXACT_DUPLICATE
RID-0004597,CRM,19-07-2026 00:42,CUS-026699,Meera Wong,Female,05-08-1993,33,Divorced,Citizen,Sales,111855,100k-200k,D12,meera.wong305@example.com,+65 87225942,POL-0004597,20-08-2023,30-08-2023,PRUVantage Legacy,Savings & Wealth,Bancassurance,Monthly,39393.43,428000,39393.43,0.077,15,Inforce,36,N,,Y,,N,,,,,45,N,CLM-0004597,16-12-2024,Day Surgery,8970.64,Approved,,14,N,N,0.39,10,ASR-0048,25000,N,N,0.378,,,,,,,,,False,False,False,False,EXACT_DUPLICATE
RID-0017486,CLAIMS_SYS,07-05-2026 21:45,CUS-001626,Meera Hassan,Female,15-07-1972,54,Single,Citizen,Manager,292284,200k-400k,D15,meera.hassan104@example.com,+65 99506024,POL-0017486,28-10-2025,10-11-2025,PRUShield Premier,Health & IP,Agency,Monthly,1508.18,1469000,1508.18,0.2106,99,Inforce,9,N,,Y,Private Hospital,Y,636.05,636.05,0,2500,0,N,CLM-0017486,04-04-2026,Critical Illness,16867.85,Pending,,35,N,N,0.33,7,ASR-0026,10000,N,N,0.339,AGT-00021,Hakim Sim,Senior,73,AU-22,Active,61.8,0.194,False,False,False,False,EXACT_DUPLICATE
RID-0017078,POLICY_ADMIN,28-03-2026 06:53,CUS-018077,Jonathan Kumar,Male,09-03-1970,56,Widowed,Employment Pass,Sales,142740,100k-200k,D26,jonathan.kumar295@example.com,+65 87083437,POL-0017078,20-03-2024,07-04-2024,PRUExtra Care,Health & IP,Agency,Annual,4067.84,1028000,4067.84,0.2078,25,Inforce,29,N,,Y,Private Hospital,N,,,,,43,N,,,,,,,,N,N,0.65,5,,,,,,AGT-01123,Zarina Yusof,Established,73,AU-27,Active,49.5,0.151,False,False,False,False,EXACT_DUPLICATE
RID-0019241,CRM,19-05-2026 20:39,CUS-025559,Xin Yi Salleh,Female,26-02-1971,55,Married,Permanent Resident,Professional,93681,50k-100k,D24,xin.yi.salleh15@example.com,+65 89340652,POL-0019241,06-03-2026,17-03-2026,PRUWealth Plus,Savings & Wealth,Digital,Monthly,14446.67,72000,14446.67,0.0736,25,Inforce,5,N,,Y,,N,,,,,23,N,,,,,,,,N,N,0.97,8,,,,,,,,,,,,,,False,False,False,False,EXACT_DUPLICATE
RID-0001142,CLAIMS_SYS,23-03-2026 17:38,CUS-010304,Hakim Yeo,Male,14-11-1982,44,Married,Citizen,Healthcare,89409,50k-100k,D21,hakim.yeo224@example.com,+65 97425161,POL-0001142,30-06-2024,12-08-2024,PRUFlexiCash,Savings & Wealth,Bancassurance,Annual,3094.47,453000,3094.47,0.0618,20,Inforce,25,N,,Y,,N,,,,,235,Y,CLM-0001142,07-12-2024,Disability,2587.15,Partially Approved,,17,N,N,0.33,7,ASR-0042,10000,N,N,0.291,,,,,,,,,False,False,False,False,EXACT_DUPLICATE
RID-0042667,CRM,15-08-2026 23:09,CUS-019136,Divya Koh,Female,18-09-1965,61,Widowed,Citizen,Professional,118811,100k-200k,D24,divya.koh454@example.com,+65 99686027,POL-0042667,09-11-2025,12-11-2025,PRUSelect Vantage,Investment-Linked,Agency,Monthly,38073.61,596000,38073.61,0.1735,5,Inforce,9,N,,Y,,N,,,,,0,N,CLM-0042667,05-03-2026,Accident,4601.52,Approved,,7,N,N,-0.19,8,ASR-0009,25000,N,N,0.001,AGT-00248,Yong Sheng Rahman,Established,42,AU-31,Active,87,0.587,False,False,False,False,EXACT_DUPLICATE
RID-0007525,AGENCY_MGMT,10-07-2026 11:51,CUS-010568,Denise Aziz,Female,18-10-1977,49,Single,Citizen,Professional,44896,Below 50k,D21,denise.aziz432@example.com,+65 81096997,POL-0007525,07-09-2023,17-10-2023,PRUTerm Secure,Protection,Digital,Monthly,8697.73,328000,8697.73,0.2899,25,Inforce,35,N,,Y,,N,,,,,0,Y,,,,,,,,N,N,0.81,8,,,,,,,,,,,,,,False,False,False,False,EXACT_DUPLICATE
RID-0042463,CRM,16-08-2026 08:32,CUS-039164,Aravind Iyer,Male,06-08-1987,39,Single,Permanent Resident,Healthcare,124950,100k-200k,D17,aravind.iyer270@example.com,+65 87386166,POL-0042463,22-08-2023,10-09-2023,PRUFlexiCash,Savings & Wealth,Direct,Monthly,45494.77,312000,45494.77,0.06,30,Inforce,36,N,,Y,,N,,,,,44,N,CLM-0042463,08-06-2026,Disability,17501.31,Approved,,19,N,N,-0.17,7,ASR-0041,5000,N,N,0.237,,,,,,,,,False,False,False,False,EXACT_DUPLICATE
RID-0032749,POLICY_ADMIN,29-08-2026 16:55,CUS-025326,Siti Nadia Low,Female,26-06-1985,41,Married,Citizen,Education,134817,100k-200k,D12,siti.nadia.low359@example.com,+65 87969923,POL-0032749,18-01-2023,23-02-2023,PRULink Global Growth,Investment-Linked,Digital,Monthly,35525.21,812000,35525.21,0.1504,25,Inforce,42,N,,Y,,N,,,,,79,N,,,,,,,,N,N,0.46,6,,,,,,,,,,,,,,False,False,False,False,EXACT_DUPLICATE
RID-0038053,CLAIMS_SYS,13-08-2026 20:11,CUS-010715,Valerie Osman,Female,15-06-1981,45,Widowed,Citizen,Technician,106708,100k-200k,D09,valerie.osman123@example.com,+65 86215911,POL-0038053,03-05-2025,20-05-2025,PRUTerm Secure,Protection,Digital,Monthly,6674.6,582000,6674.6,0.2733,5,Inforce,15,N,,Y,,N,,,,,33,N,CLM-0038053,08-06-2025,Outpatient Specialist,3813.96,Approved,,33,N,N,0.94,10,ASR-0037,50000,N,N,0.344,,,,,,,,,False,False,False,False,EXACT_DUPLICATE
RID-0032481,CLAIMS_SYS,18-06-2026 15:18,CUS-031676,Edwin Koh,Male,20-02-1966,60,Divorced,Citizen,Healthcare,67749,50k-100k,D06,edwin.koh463@example.com,+65 96739385,POL-0032481,10-05-2026,12-06-2026,PRUVantage Legacy,Savings & Wealth,Bancassurance,Annual,36423.5,429000,36423.5,0.0376,25,Inforce,2,N,,Y,,N,,,,,34,Y,,,,,,,,N,N,0.15,8,,,,,,,,,,,,,,False,False,False,False,EXACT_DUPLICATE
RID-0006160,AGENCY_MGMT,14-05-2026 09:59,CUS-014052,Rohan Reddy,Male,12-05-2005,21,Single,Employment Pass,Education,100741,100k-200k,D18,rohan.reddy282@example.com,+65 91215586,POL-0006160,14-06-2024,11-07-2024,PRUExtra Care,Health & IP,Bancassurance,Annual,2520.72,430000,2520.72,0.1888,20,Surrendered,26,Y,11-08-2026,Y,Private Hospital,Y,1204.68,1204.68,0,0,38,N,CLM-0006160,13-09-2025,Maternity,6175.68,Approved,,25,N,N,-0.11,10,ASR-0032,25000,N,N,0.219,,,,,,,,,False,False,False,False,EXACT_DUPLICATE
RID-0007499,CRM,05-07-2026 11:02,CUS-014530,Valerie Ibrahim,Female,22-04-1971,55,Divorced,Citizen,Technician,146763,100k-200k,D02,valerie.ibrahim55@example.com,+65 89808485,POL-0007499,05-06-2024,20-06-2024,PRUWealth Plus,Savings & Wealth,Agency,Monthly,18046.15,274000,18046.15,0.0918,15,Inforce,26,N,,Y,,N,,,,,93,Y,CLM-0007499,09-07-2024,Hospitalisation,7352.32,Approved,,12,N,N,0.52,10,ASR-0010,50000,Y,N,0.579,AGT-01040,Hakim Osman,MDRT,148,AU-31,Resigned,39.5,0.502,False,False,False,False,EXACT_DUPLICATE
RID-0010593,AGENCY_MGMT,05-04-2026 23:55,CUS-015330,Daniel Wong,Male,21-07-1996,30,Divorced,Permanent Resident,Manager,54366,50k-100k,D24,daniel.wong495@example.com,+65 87361620,POL-0010593,17-11-2025,24-12-2025,PRUShield Life,Protection,Broker,Annual,7323.32,2500000,7323.32,0.2341,15,Inforce,8,N,,Y,,N,,,,,23,Y,CLM-0010593,06-03-2026,Day Surgery,26956.05,Approved,,23,N,N,0.45,10,ASR-0012,100000,N,N,0.25,AGT-00022,Aminah Koh,New,8,AU-40,Active,44.3,0.162,False,False,False,False,EXACT_DUPLICATE
RID-0031259,AGENCY_MGMT,22-07-2026 15:03,CUS-007006,Xin Yi Teo,Female,15-07-1971,55,Married,Permanent Resident,Healthcare,91032,50k-100k,D22,xin.yi.teo105@example.com,+65 92767284,POL-0031259,11-06-2026,15-06-2026,PRUShield Standard,Health & IP,Bancassurance,Annual,4633.58,1229000,4633.58,0.1341,5,Inforce,2,N,,Y,Private Hospital,Y,1749.32,1000.39,10,3500,190,N,CLM-0031259,01-09-2026,Death Benefit,20536.03,Approved,,19,N,Y,-0.27,0,ASR-0001,50000,N,N,0.143,,,,,,,,,False,False,False,False,EXACT_DUPLICATE
RID-0008043,CRM,24-08-2026 22:29,CUS-031272,Faisal Wright,Male,15-04-1984,42,Married,Citizen,Education,104267,100k-200k,D18,faisal.wright229@example.com,+65 99262064,POL-0008043,25-09-2024,19-10-2024,PRUSelect Vantage,Investment-Linked,Agency,Annual,22508.91,691000,22508.91,0.1729,30,Inforce,22,N,,Y,,N,,,,,0,N,CLM-0008043,23-07-2026,Hospitalisation,1429.17,Approved,,18,N,N,0.52,10,ASR-0023,50000,N,N,0.36,AGT-00135,Siti Nadia Lim,New,6,AU-32,Active,80.6,0.043,False,False,False,False,EXACT_DUPLICATE
RID-0028073,POLICY_ADMIN,07-07-2026 07:53,CUS-039270,Edwin Lee,Male,06-10-1992,34,Married,Foreigner,Civil Service,49622,Below 50k,D19,edwin.lee64@example.com,+65 93538262,POL-0028073,13-10-2023,22-10-2023,PRUVantage Legacy,Savings & Wealth,Bancassurance,Quarterly,27905.34,146000,27905.34,0.0597,30,Inforce,34,N,,Y,,N,,,,,66,N,,,,,,,,N,N,0.78,5,,,,,,,,,,,,,,False,False,False,False,EXACT_DUPLICATE
RID-0015264,CRM,09-07-2026 16:21,CUS-021888,Samantha Turner,Female,09-08-1983,43,Single,Citizen,Healthcare,48737,Below 50k,D03,samantha.turner438@example.com,+65 92796649,POL-0015264,22-07-2024,17-08-2024,PRUExtra Care,Health & IP,Agency,Monthly,4109.7,621000,4109.7,0.2065,15,Inforce,24,N,,Y,Public B1-Ward,Y,1767.88,1767.88,0,2500,0,N,CLM-0015264,25-02-2026,Critical Illness,4981.39,Approved,,19,N,N,-0.19,6,ASR-0014,5000,N,N,0.095,AGT-01162,Lakshmi Pillai,Established,31,AU-21,Active,45.7,0.213,False,False,False,False,EXACT_DUPLICATE
RID-0006925,AGENCY_MGMT,31-08-2026 19:59,CUS-006534,Kai Xuan Toh,Male,24-06-1975,51,Single,Employment Pass,Technician,135116,100k-200k,D14,kai.xuan.toh338@example.com,+65 83828663,POL-0006925,19-03-2024,24-04-2024,PRUExtra Care,Health & IP,Digital,Quarterly,2099.32,585000,2099.32,0.182,99,Inforce,28,N,,Y,Public B1-Ward,Y,961.12,961.12,0,1500,0,N,,,,,,,,N,N,0.44,5,,,,,,,,,,,,,,False,False,False,False,EXACT_DUPLICATE
RID-0046776,CRM,26-08-2026 08:44,CUS-021057,Muhammad Ariff Menon,Male,18-06-1975,51,Widowed,Citizen,Retired,61929,50k-100k,D25,muhammad.ariff.menon44@example.com,+65 87154502,POL-0046776,04-06-2026,18-06-2026,PRUWealth Plus,Savings & Wealth,Agency,Monthly,47064.41,242000,47064.41,0.0642,15,Inforce,2,N,,Y,,N,,,,,0,Y,CLM-0046776,21-07-2026,Critical Illness,1047.68,Partially Approved,,1,N,N,0.89,10,ASR-0018,25000,N,N,0.34,AGT-00836,Siew Peng Pillai,Senior,124,AU-19,Resigned,92.3,0.407,False,False,False,False,EXACT_DUPLICATE
RID-0035221,CLAIMS_SYS,22-04-2026 16:23,CUS-024148,Iskandar Chong,Male,24-10-1996,30,Widowed,Citizen,Self-Employed,30000,Below 50k,D23,iskandar.chong329@example.com,+65 87432263,POL-0035221,23-02-2023,07-03-2023,PRUActive Term,Protection,Bancassurance,Quarterly,3482.4,816000,3482.4,0.1921,30,Inforce,42,N,,Y,,N,,,,,8,Y,,,,,,,,N,N,-0.04,8,,,,,,,,,,,,,,False,False,False,False,EXACT_DUPLICATE
RID-0042268,AGENCY_MGMT,25-05-2026 10:33,CUS-007950,Valerie Ho,Female,06-04-1976,50,Single,Permanent Resident,Self-Employed,82504,50k-100k,D05,valerie.ho61@example.com,+65 95084231,POL-0042268,05-02-2024,07-02-2024,PRUVantage Legacy,Savings & Wealth,Digital,Monthly,15603.42,484000,15603.42,0.0493,15,Inforce,31,N,,Y,,N,,,,,0,N,CLM-0042268,13-03-2026,Critical Illness,8250.11,Approved,,26,N,N,0.27,7,ASR-0020,5000,N,N,0.007,,,,,,,,,False,False,False,False,EXACT_DUPLICATE
RID-0041597,CRM,15-03-2026 04:39,CUS-028733,Faisal Wright,Male,02-08-1970,56,Married,Citizen,Professional,62441,50k-100k,D21,faisal.wright244@example.com,+65 89726362,POL-0041597,19-10-2024,25-10-2024,PRUShield A Plus,Health & IP,Bancassurance,Monthly,6830.84,704000,6830.84,0.1282,25,Inforce,22,N,,Y,Public A-Ward,Y,3273.04,3273.04,0,0,209,N,,,,,,,,N,N,-0.08,8,,,,,,,,,,,,,,False,False,False,False,EXACT_DUPLICATE
RID-0047365,POLICY_ADMIN,02-07-2026 11:05,CUS-025621,Zhi Hao Bennett,Male,28-09-2001,25,Single,Citizen,Self-Employed,61640,50k-100k,D12,zhi.hao.bennett358@example.com,+65 89716159,POL-0047365,24-03-2024,28-04-2024,PRUTerm Secure,Protection,Digital,Annual,4483.1,1557000,4483.1,0.3,99,Inforce,28,N,,Y,,N,,,,,111,N,CLM-0047365,10-08-2024,Critical Illness,5236.39,Approved,,30,N,N,0.94,8,ASR-0013,100000,N,N,0.66,,,,,,,,,False,False,False,False,EXACT_DUPLICATE
RID-0016055,CLAIMS_SYS,17-06-2026 20:27,CUS-025120,Jonathan Ibrahim,Male,01-12-1973,53,Divorced,Permanent Resident,Education,95195,50k-100k,D14,jonathan.ibrahim474@example.com,+65 86946460,POL-0016055,20-02-2024,11-03-2024,PRUWealth Plus,Savings & Wealth,Broker,Annual,5957.76,484000,5957.76,0.0677,15,Surrendered,30,Y,07-09-2025,Y,,N,,,,,588,N,CLM-0016055,21-04-2025,Disability,8564.74,Approved,,20,N,N,0.68,10,ASR-0006,25000,N,N,0.101,AGT-00267,Valerie Mitchell,Established,73,AU-25,Active,53.8,0.228,False,False,False,False,EXACT_DUPLICATE
RID-0019265,CRM,29-05-2026 12:53,CUS-007685,Faisal Teo,Male,26-02-1979,47,Single,Citizen,Self-Employed,156651,100k-200k,D12,faisal.teo70@example.com,+65 88727753,POL-0019265,09-04-2024,15-04-2024,PRUTerm Secure,Protection,Agency,Monthly,3212.25,459000,3212.25,0.2714,99,Matured,28,N,,Y,,N,,,,,4,N,CLM-0019265,20-03-2025,Critical Illness,4885.52,Approved,,12,N,N,0.88,8,ASR-0001,50000,N,N,0.235,AGT-00616,Wei Ming Tan,Established,13,AU-38,Active,68,0.328,False,False,False,False,EXACT_DUPLICATE
RID-0028472,CRM,05-08-2026 21:12,CUS-025360,Mei Yi Fraser,Female,03-06-1987,39,Widowed,Foreigner,Manager,30000,Below 50k,D07,mei.yi.fraser418@example.com,+65 91687282,POL-0028472,12-06-2026,15-07-2026,PRUFlexiCash,Savings & Wealth,Bancassurance,Monthly,6263.32,410000,6263.32,0.0661,25,Inforce,1,N,,Y,,N,,,,,116,N,CLM-0028472,31-08-2026,Death Benefit,35064.11,Approved,,16,N,N,0.26,7,ASR-0018,25000,N,N,0.058,,,,,,,,,False,False,False,False,EXACT_DUPLICATE
RID-0001056,POLICY_ADMIN,19-05-2026 17:28,CUS-035903,Jia Hui Foo,Female,02-09-1955,71,Widowed,Citizen,Retired,91060,50k-100k,D02,jia.hui.foo490@example.com,+65 96542015,POL-0001056,16-10-2023,16-11-2023,PRUTerm Secure,Protection,Bancassurance,Semi-Annual,1469.3,1491000,1469.3,0.2048,30,Inforce,34,N,,Y,,N,,,,,66,N,CLM-0001056,18-05-2025,Disability,2984.47,Pending,,28,N,N,0.34,9,ASR-0044,50000,N,N,0.003,,,,,,,,,False,False,False,False,EXACT_DUPLICATE
RID-0026273,POLICY_ADMIN,28-04-2026 13:44,CUS-018890,Marcus Iyer,Male,16-05-1980,46,Married,Citizen,Manager,51746,50k-100k,D17,marcus.iyer427@example.com,+65 93667579,POL-0026273,07-01-2023,11-02-2023,PRUFlexiCash,Savings & Wealth,Direct,Semi-Annual,6771.2,405000,6771.2,0.0771,25,Inforce,43,N,,Y,,N,,,,,2,N,CLM-0026273,21-11-2023,Outpatient Specialist,3066.46,Approved,,15,N,N,-0.15,9,ASR-0031,100000,N,N,0.273,,,,,,,,,False,False,False,False,EXACT_DUPLICATE
RID-0039562,POLICY_ADMIN,27-04-2026 12:43,CUS-015287,Faisal Ong,Male,10-06-1998,28,Single,Employment Pass,Technician,110720,100k-200k,D11,faisal.ong495@example.com,+65 94819959,POL-0039562,30-05-2023,07-06-2023,PRUVantage Legacy,Savings & Wealth,Agency,Annual,19870.88,490000,19870.88,0.0636,5,Inforce,39,N,,Y,,N,,,,,12,N,CLM-0039562,23-06-2023,Maternity,32157.45,Partially Approved,,16,N,N,0.02,8,ASR-0023,50000,N,N,0.287,AGT-00128,Priya Ho,Senior,37,AU-38,Active,38.4,0.337,False,False,False,False,EXACT_DUPLICATE
RID-0004840,POLICY_ADMIN,11-06-2026 00:30,CUS-015780,Lakshmi Neo,Female,28-12-1989,37,Married,Citizen,Education,70730,50k-100k,D03,lakshmi.neo419@example.com,+65 83719727,POL-0004840,24-11-2023,27-12-2023,PRUWealth Plus,Savings & Wealth,Bancassurance,Semi-Annual,56064.04,381000,56064.04,0.0681,25,Cancelled,32,Y,18-07-2025,Y,,N,,,,,51,N,,,,,,,,N,N,0.64,9,,,,,,,,,,,,,,False,False,False,False,EXACT_DUPLICATE
RID-0022898,POLICY_ADMIN,01-06-2026 10:30,CUS-005612,Nicholas Ibrahim,Male,04-11-1959,67,Single,Citizen,Healthcare,142587,100k-200k,D14,nicholas.ibrahim351@example.com,+65 87266097,POL-0022898,24-12-2025,02-02-2026,PRUCritical Cover,Protection,Agency,Quarterly,2652.39,633000,2652.39,0.2232,5,Inforce,7,N,,Y,,N,,,,,237,N,,,,,,,,N,N,0.11,6,,,,,,AGT-00989,Farah Pillai,Senior,70,AU-37,Active,81.6,0.227,False,False,False,False,EXACT_DUPLICATE
RID-0002440,CLAIMS_SYS,23-07-2026 21:10,CUS-011007,Divya Goh,Female,09-01-1983,43,Divorced,Citizen,Healthcare,113355,100k-200k,D01,divya.goh320@example.com,+65 87806174,POL-0002440,20-02-2024,27-03-2024,PRUShield Standard,Health & IP,Bancassurance,Monthly,3148.01,1283000,3148.01,0.1071,25,Inforce,29,N,,Y,Private Hospital,Y,951.97,951.97,0,0,188,Y,CLM-0002440,10-11-2025,Maternity,6200.42,Approved,,31,N,N,-0.09,8,ASR-0021,100000,N,N,0.312,,,,,,,,,False,False,False,False,EXACT_DUPLICATE
RID-0004378,AGENCY_MGMT,06-08-2026 07:07,CUS-022306,Rachel Wong,Female,24-09-1974,52,Married,Citizen,Technician,53202,50k-100k,D02,rachel.wong187@example.com,+65 85778705,POL-0004378,03-04-2024,04-04-2024,PRUFlexiCash,Savings & Wealth,Agency,Quarterly,41145.23,155000,41145.23,0.0583,99,Inforce,29,N,,Y,,N,,,,,146,N,,,,,,,,N,N,0.57,10,,,,,,AGT-00947,Denise Teo,Established,33,AU-15,Active,38.3,0.092,False,False,False,False,EXACT_DUPLICATE
RID-0020347,CRM,11-03-2026 05:36,CUS-005190,Faisal Hassan,Male,24-06-2004,22,Divorced,Citizen,Manager,125497,100k-200k,D21,faisal.hassan62@example.com,+65 91329940,POL-0020347,03-09-2023,07-10-2023,PRULink Assurance,Investment-Linked,Agency,Quarterly,14191.67,815000,14191.67,0.17,25,Inforce,35,N,,Y,,N,,,,,0,N,CLM-0020347,25-04-2026,Day Surgery,690.06,Approved,,1,N,N,0.38,7,ASR-0029,5000,N,Y,0.333,AGT-00574,Wan Ting Sharma,Senior,174,AU-13,Active,82,0.178,False,False,False,False,EXACT_DUPLICATE
RID-0020628,POLICY_ADMIN,05-06-2026 05:05,CUS-032801,Hakim Yusof,Male,06-02-1999,27,Married,Citizen,Civil Service,160101,100k-200k,D27,hakim.yusof17@example.com,+65 97747150,POL-0020628,27-02-2023,26-03-2023,PRUShield A Plus,Health & IP,Agency,Annual,1681.89,105000,1681.89,0.121,99,Inforce,41,N,,Y,Public B1-Ward,N,,,,,393,Y,,,,,,,,N,N,0.07,9,,,,,,AGT-00084,Marcus Ho,Senior,114,AU-39,Active,34,0.383,False,False,False,False,EXACT_DUPLICATE
RID-0028708,CLAIMS_SYS,17-06-2026 19:36,CUS-023588,Jonathan Harper,Male,12-01-1971,55,Married,Citizen,Executive,114592,100k-200k,D10,jonathan.harper28@example.com,+65 87456893,POL-0028708,28-06-2025,25-07-2025,PRUWealth Plus,Savings & Wealth,Bancassurance,Monthly,16472.86,195000,16472.86,0.0525,10,Inforce,13,N,,Y,,N,,,,,20,N,CLM-0028708,28-04-2026,Death Benefit,969.7,Approved,,6,N,N,0.4,10,ASR-0028,10000,N,N,0.004,,,,,,,,,False,False,False,False,EXACT_DUPLICATE
RID-0032635,CRM,31-07-2026 04:23,CUS-027829,Suresh Chan,Male,26-11-1979,47,Divorced,Employment Pass,Technician,116573,100k-200k,D03,suresh.chan290@example.com,+65 91711803,POL-0032635,09-04-2023,17-05-2023,PRUExtra Care,Health & IP,Bancassurance,Monthly,4229.71,100000,4229.71,0.1797,15,Inforce,40,N,,Y,Private Hospital,N,,,,,0,N,CLM-0032635,10-06-2026,Accident,2493.43,Partially Approved,,8,N,N,0.55,10,ASR-0045,10000,N,N,0.229,,,,,,,,,False,False,False,False,EXACT_DUPLICATE
RID-0039922,CLAIMS_SYS,31-03-2026 03:42,CUS-011373,Siti Nadia Iyer,Female,21-03-1948,78,Widowed,Employment Pass,Self-Employed,35067,Below 50k,D19,siti.nadia.iyer241@example.com,+65 87654211,POL-0039922,22-07-2023,23-07-2023,PRUFlexiCash,Savings & Wealth,Digital,Annual,5452.18,393000,5452.18,0.0621,5,Inforce,37,N,,Y,,N,,,,,0,N,,,,,,,,N,N,0.81,6,,,,,,,,,,,,,,False,False,False,False,EXACT_DUPLICATE
RID-0018910,AGENCY_MGMT,02-04-2026 22:30,CUS-020237,Meera Salleh,Female,05-11-1985,41,Single,Citizen,Sales,75527,50k-100k,D10,meera.salleh485@example.com,+65 95938142,POL-0018910,20-07-2024,29-07-2024,PRUFlexiCash,Savings & Wealth,Bancassurance,Semi-Annual,9912.23,467000,9912.23,0.0681,99,Inforce,25,N,,Y,,N,,,,,16,N,CLM-0018910,28-03-2025,Day Surgery,17808.56,Pending,,32,N,N,0,8,ASR-0046,25000,N,N,0.052,,,,,,,,,False,False,False,False,EXACT_DUPLICATE
RID-0012444,CLAIMS_SYS,10-04-2026 20:55,CUS-030034,Nurul Aisyah Aziz,Female,27-03-2002,24,Divorced,Employment Pass,Civil Service,131972,100k-200k,D06,nurul.aisyah.aziz133@example.com,+65 81279626,POL-0012444,07-07-2023,27-07-2023,PRUCritical Cover,Protection,Agency,Semi-Annual,7392.83,165000,7392.83,0.2276,25,Surrendered,37,Y,18-10-2024,Y,,N,,,,,108,N,CLM-0012444,28-03-2025,Disability,59984.97,Partially Approved,,19,N,N,0.39,8,ASR-0030,25000,N,N,0.408,AGT-00991,Meera Iyer,Established,81,AU-08,Active,84.3,0.576,False,False,False,False,EXACT_DUPLICATE
RID-0000955,POLICY_ADMIN,08-03-2026 10:35,CUS-039393,Jun Hao Ong,Male,20-10-1980,46,Single,Permanent Resident,Civil Service,331752,200k-400k,D01,jun.hao.ong280@example.com,+65 82877829,POL-0000955,21-09-2024,23-09-2024,PRUExtra Care,Health & IP,Agency,Monthly,6795.96,1148000,6795.96,0.1203,25,Inforce,23,N,,Y,Public A-Ward,N,,,,,44,N,,,,,,,,N,N,0.78,8,,,,,,AGT-00437,Siti Nadia Sim,Senior,133,AU-09,Active,40.8,0.276,False,False,False,False,EXACT_DUPLICATE
RID-0020200,CLAIMS_SYS,03-04-2026 02:39,CUS-018126,Aravind Nair,Male,05-10-1979,47,Divorced,Citizen,Civil Service,47406,Below 50k,D20,aravind.nair447@example.com,+65 88088532,POL-0020200,12-08-2025,25-09-2025,PRUShield A Plus,Health & IP,Bancassurance,Annual,1829.54,1200000,1829.54,0.1128,99,Matured,11,N,,Y,Private Hospital,Y,798.78,798.78,0,2500,88,N,CLM-0020200,02-08-2026,Day Surgery,6710.51,Partially Approved,,13,N,N,0.02,6,ASR-0010,50000,Y,Y,0.561,,,,,,,,,False,False,False,False,EXACT_DUPLICATE
RID-0010274,AGENCY_MGMT,22-06-2026 10:03,CUS-029569,Wei Ming Wong,Male,11-03-1978,48,Single,Citizen,Manager,74296,50k-100k,D01,wei.ming.wong433@example.com,+65 84661192,POL-0010274,05-07-2024,08-07-2024,PRUExtra Care,Health & IP,Broker,Monthly,529.65,812000,529.65,0.189,25,Inforce,26,N,,Y,Private Hospital,N,,,,,200,N,CLM-0010274,13-01-2026,Death Benefit,5088.05,Approved,,27,N,N,1,9,ASR-0056,50000,N,N,0.326,AGT-00833,Hui Ling Aziz,Senior,118,AU-27,Active,78.5,0.114,False,False,False,False,EXACT_DUPLICATE
RID-0023099,AGENCY_MGMT,21-05-2026 01:08,CUS-039240,Nicholas Ng,Male,02-07-1973,53,Married,Citizen,Retired,54648,50k-100k,D14,nicholas.ng267@example.com,+65 89852856,POL-0023099,11-11-2023,13-11-2023,PRUVantage Legacy,Savings & Wealth,Bancassurance,Annual,53077.69,294000,53077.69,0.0413,25,Inforce,34,N,,Y,,N,,,,,115,N,,,,,,,,N,N,0.8,9,,,,,,,,,,,,,,False,False,False,False,EXACT_DUPLICATE
RID-0000720,AGENCY_MGMT,19-05-2026 17:42,CUS-005342,Siti Nadia Ng,Female,11-09-2000,26,Widowed,Citizen,Retired,30000,Below 50k,D09,siti.nadia.ng307@example.com,+65 99052710,POL-0000720,30-01-2025,10-02-2025,PRUShield Premier,Health & IP,Broker,Annual,5341.35,619000,5341.35,0.1455,10,Lapsed,18,Y,02-04-2026,Y,Public B1-Ward,Y,1696.52,1696.52,0,2500,25,N,,,,,,,,N,N,0.12,10,,,,,,AGT-00198,Valerie Chan,Established,90,AU-14,Active,79,0.269,False,False,False,False,EXACT_DUPLICATE
RID-0014603,CRM,08-06-2026 05:45,CUS-029526,Yong Sheng Harper,Male,11-03-1985,41,Divorced,Citizen,Executive,124013,100k-200k,D18,yong.sheng.harper252@example.com,+65 88398664,POL-0014603,22-04-2026,29-04-2026,PRUShield Standard,Health & IP,Bancassurance,Annual,3436.83,678000,3436.83,0.1007,20,Inforce,4,N,,Y,Public B1-Ward,Y,1207.45,610.7,10,1500,0,Y,CLM-0014603,28-07-2026,Disability,3227.9,Declined,Outside panel provider,15,N,N,0.1,10,ASR-0028,10000,N,N,0.233,,,,,,,,,False,False,False,False,EXACT_DUPLICATE
RID-0047424,POLICY_ADMIN,30-03-2026 09:44,CUS-024456,Terence Lee,Male,12-07-1981,45,Married,Citizen,Education,48817,Below 50k,D19,terence.lee355@example.com,+65 84536080,POL-0047424,04-01-2026,30-01-2026,PRULink Global Growth,Investment-Linked,Agency,Monthly,11497.69,785000,11497.69,0.1303,20,Inforce,7,N,,Y,,N,,,,,15,Y,,,,,,,,N,N,0.32,7,,,,,,AGT-00420,Cheryl Yeo,Senior,162,AU-10,Active,34.5,0.426,False,False,False,False,EXACT_DUPLICATE
RID-0021361,POLICY_ADMIN,26-07-2026 08:00,CUS-020351,Daniel Wong,Male,04-02-1987,39,Widowed,Permanent Resident,Education,40046,Below 50k,D14,daniel.wong118@example.com,+65 95766291,POL-0021361,27-12-2025,06-01-2026,PRUShield Standard,Health & IP,Agency,Quarterly,6144.71,887000,6144.71,0.1764,15,Inforce,7,N,,Y,Private Hospital,Y,2279.91,2279.91,0,1500,0,N,,,,,,,,N,N,0.34,10,,,,,,AGT-01148,Nicholas Ong,Established,33,AU-37,Active,97.5,0.272,False,False,False,False,EXACT_DUPLICATE
RID-0023376,POLICY_ADMIN,05-08-2026 16:04,CUS-016159,Yong Sheng Bennett,Male,21-04-1983,43,Widowed,Citizen,Professional,72967,50k-100k,D02,yong.sheng.bennett336@example.com,+65 95515683,POL-0023376,09-03-2025,04-04-2025,PRUFlexiCash,Savings & Wealth,Agency,Quarterly,59857.38,318000,59857.38,0.072,5,Inforce,17,N,,Y,,N,,,,,0,N,CLM-0023376,09-03-2026,Death Benefit,12806.02,Approved,,28,N,Y,-0.7,5,ASR-0049,100000,N,N,0.353,AGT-00948,Marcus Ho,Senior,158,AU-05,Active,39.4,0.626,False,False,False,False,EXACT_DUPLICATE
RID-0000553,CLAIMS_SYS,17-08-2026 10:20,CUS-030862,Divya Hassan,Female,22-11-1983,43,Divorced,Citizen,Healthcare,30000,Below 50k,D17,divya.hassan53@example.com,+65 89798355,POL-0000553,12-11-2025,25-12-2025,PRUWealth Plus,Savings & Wealth,Bancassurance,Quarterly,59286.41,225000,59286.41,0.082,5,Inforce,8,N,,Y,,N,,,,,24,N,CLM-0000553,24-02-2026,Disability,3214.6,Approved,,4,N,N,0.21,7,ASR-0056,50000,N,N,0.41,,,,,,,,,False,False,False,False,EXACT_DUPLICATE
RID-0010785,AGENCY_MGMT,24-05-2026 00:34,CUS-014050,Jonathan Fraser,Male,07-08-1993,33,Widowed,Permanent Resident,Sales,50007,50k-100k,D03,jonathan.fraser32@example.com,+65 91198806,POL-0010785,26-06-2025,15-07-2025,PRUCritical Cover,Protection,Agency,Annual,5455.94,2297000,5455.94,0.2436,5,Inforce,13,N,,Y,,N,,,,,69,N,,,,,,,,N,N,0.58,6,,,,,,AGT-00129,Hui Ling Harper,Established,24,AU-15,Active,46.3,0.398,False,False,False,False,EXACT_DUPLICATE
RID-0007050,POLICY_ADMIN,11-05-2026 15:03,CUS-013690,Joanne Aziz,Female,12-08-1961,65,Widowed,Citizen,Education,43068,Below 50k,D11,joanne.aziz175@example.com,+65 87827807,POL-0007050,07-03-2024,14-04-2024,PRUShield Standard,Health & IP,Agency,Annual,4891.66,1034000,4891.66,0.2142,5,Inforce,29,N,,Y,Public A-Ward,N,,,,,139,N,CLM-0007050,27-01-2026,Outpatient Specialist,1393.34,Approved,,23,N,N,0.32,8,ASR-0058,100000,N,N,0.005,AGT-01199,Nicholas Kamal,Established,53,AU-18,Active,48.6,0.303,False,False,False,False,EXACT_DUPLICATE
RID-0008272,AGENCY_MGMT,10-03-2026 12:45,CUS-005609,Rohan Reddy,Male,08-12-1993,33,Divorced,Citizen,Sales,77268,50k-100k,D17,rohan.reddy304@example.com,+65 99138445,POL-0008272,13-10-2023,06-11-2023,PRUFlexiCash,Savings & Wealth,Agency,Monthly,48874.9,228000,48874.9,0.0711,10,Inforce,34,N,,Y,,N,,,,,88,N,,,,,,,,N,N,0.7,9,,,,,,AGT-00964,Joanne Ng,Senior,73,AU-09,Resigned,38.3,0.252,False,False,False,False,EXACT_DUPLICATE
RID-0035328,CLAIMS_SYS,07-06-2026 10:27,CUS-018175,Marcus Koh,Male,21-12-2005,21,Single,Citizen,Civil Service,100854,100k-200k,D26,marcus.koh118@example.com,+65 88085177,POL-0035328,03-11-2025,10-12-2025,PRUCritical Cover,Protection,Bancassurance,Monthly,7774.85,2333000,7774.85,0.293,5,Inforce,8,N,,Y,,N,,,,,269,N,,,,,,,,N,N,0.29,6,,,,,,,,,,,,,,False,False,False,False,EXACT_DUPLICATE
RID-0037864,AGENCY_MGMT,29-06-2026 00:54,CUS-021019,Vikram Nair,Male,02-09-1979,47,Married,Permanent Resident,Education,81349,50k-100k,D14,vikram.nair359@example.com,+65 93564764,POL-0037864,24-10-2023,08-12-2023,PRULink Assurance,Investment-Linked,Direct,Quarterly,32094.52,240000,32094.52,0.107,5,Inforce,33,N,,Y,,N,,,,,48,N,CLM-0037864,11-12-2023,Day Surgery,10779.82,Partially Approved,,24,N,N,-0.02,8,ASR-0049,100000,N,N,0.141,,,,,,,,,False,False,False,False,EXACT_DUPLICATE
RID-0038202,CLAIMS_SYS,29-03-2026 04:36,CUS-036043,Meera Teo,Female,27-12-1971,55,Single,Citizen,Self-Employed,115825,100k-200k,D23,meera.teo460@example.com,+65 82202206,POL-0038202,17-04-2025,25-05-2025,PRULink Assurance,Investment-Linked,Digital,Monthly,3072.01,885000,3072.01,0.1485,10,Inforce,15,N,,Y,,N,,,,,328,N,CLM-0038202,29-10-2025,Accident,7923.3,Pending,,40,N,N,0.7,10,ASR-0016,100000,N,N,0.049,,,,,,,,,False,False,False,False,EXACT_DUPLICATE
RID-0006855,AGENCY_MGMT,21-05-2026 10:28,CUS-028694,Siti Nadia Reddy,Female,08-11-1986,40,Widowed,Citizen,Education,54856,50k-100k,D07,siti.nadia.reddy21@example.com,+65 87431999,POL-0006855,02-03-2026,31-03-2026,PRULink Assurance,Investment-Linked,Agency,Monthly,5877.23,878000,5877.23,0.1426,10,Inforce,5,N,,Y,,N,,,,,31,N,,,,,,,,N,N,0.93,7,,,,,,AGT-00856,Farah Rahman,MDRT,137,AU-22,Active,24.7,0.348,False,False,False,False,EXACT_DUPLICATE
RID-0026213,POLICY_ADMIN,24-06-2026 17:39,CUS-006667,Daniel Hassan,Male,06-11-1995,31,Divorced,Citizen,Retired,48298,Below 50k,D08,daniel.hassan304@example.com,+65 83149687,POL-0026213,03-04-2026,22-04-2026,PRUShield Life,Protection,Agency,Semi-Annual,7711.52,1632000,7711.52,0.256,25,Inforce,4,N,,Y,,N,,,,,160,Y,CLM-0026213,24-04-2026,Accident,11287.13,Partially Approved,,22,N,N,0.68,9,ASR-0044,50000,N,N,0.19,AGT-01120,Nurul Aisyah Toh,Established,53,AU-23,Resigned,51.6,0.337,False,False,False,False,EXACT_DUPLICATE
RID-0033813,POLICY_ADMIN,08-07-2026 07:53,CUS-000325,Nicholas Pillai,Male,23-07-1991,35,Divorced,Permanent Resident,Civil Service,83891,50k-100k,D08,nicholas.pillai347@example.com,+65 98453293,POL-0033813,05-03-2026,08-04-2026,PRUShield Premier,Health & IP,Direct,Monthly,2846.8,800000,2846.8,0.1529,25,Inforce,4,N,,Y,Public A-Ward,Y,942.83,472.83,10,2500,0,N,CLM-0033813,26-05-2026,Death Benefit,12270.56,Approved,,18,N,N,0.64,6,ASR-0046,25000,N,N,0.407,,,,,,,,,False,False,False,False,EXACT_DUPLICATE
RID-0033685,AGENCY_MGMT,23-07-2026 17:41,CUS-040564,Nurul Aisyah Ho,Female,10-01-2004,22,Married,Citizen,Technician,74186,50k-100k,D19,nurul.aisyah.ho182@example.com,+65 87419384,POL-0033685,16-07-2023,10-08-2023,PRUShield Life,Protection,Agency,Quarterly,2923.21,2064000,2923.21,0.2446,10,Inforce,37,N,,Y,,N,,,,,57,N,CLM-0033685,29-08-2024,Critical Illness,2872.64,Approved,,38,N,N,0.44,7,ASR-0011,50000,N,N,0.29,AGT-01065,Farah Ong,New,2,AU-03,Resigned,58.1,0.063,False,False,False,False,EXACT_DUPLICATE
RID-0024517,AGENCY_MGMT,12-06-2026 00:59,CUS-016017,Cheryl Reddy,Female,24-12-1983,43,Single,Citizen,Sales,165145,100k-200k,D06,cheryl.reddy241@example.com,+65 96781363,POL-0024517,04-06-2023,10-07-2023,PRUTerm Secure,Protection,Agency,Monthly,1873.16,2685000,1873.16,0.3207,10,Inforce,38,N,,Y,,N,,,,,51,Y,,,,,,,,N,N,0.53,5,,,,,,AGT-00186,Suresh Ho,Established,55,AU-38,Active,58.6,0.178,False,False,False,False,EXACT_DUPLICATE
RID-0006452,CLAIMS_SYS,22-03-2026 08:54,CUS-008979,Siti Nadia Foo,Female,25-01-1997,29,Married,Citizen,Executive,65607,50k-100k,D20,siti.nadia.foo84@example.com,+65 91773384,POL-0006452,14-09-2023,24-10-2023,PRUVantage Legacy,Savings & Wealth,Digital,Annual,51271.39,231000,51271.39,0.0578,30,Inforce,34,N,,Y,,N,,,,,51,Y,CLM-0006452,23-12-2024,Maternity,3907,Approved,,15,N,N,0.65,7,ASR-0045,10000,N,N,0.245,,,,,,,,,False,False,False,False,EXACT_DUPLICATE
RID-0043326,CRM,30-06-2026 03:01,CUS-031227,Jia Hui Kamal,Female,11-02-1990,36,Widowed,Citizen,Self-Employed,48867,Below 50k,D27,jia.hui.kamal208@example.com,+65 88454281,POL-0043326,03-12-2024,26-12-2024,PRULink Global Growth,Investment-Linked,Digital,Quarterly,18945.97,870000,18945.97,0.1135,20,Inforce,20,N,,Y,,N,,,,,181,N,CLM-0043326,29-01-2026,Outpatient Specialist,13498.27,Partially Approved,,24,N,N,0.87,8,ASR-0052,5000,N,N,0.287,,,,,,,,,False,False,False,False,EXACT_DUPLICATE
RID-0025503,CLAIMS_SYS,03-08-2026 17:35,CUS-006922,Farah Aziz,Female,16-12-1965,61,Married,Citizen,Self-Employed,90597,50k-100k,D28,farah.aziz472@example.com,+65 93434254,POL-0025503,14-04-2024,27-04-2024,PRULink Assurance,Investment-Linked,Digital,Monthly,23084.84,409000,23084.84,0.0951,99,Inforce,28,N,,Y,,N,,,,,294,Y,CLM-0025503,11-02-2025,Disability,23272.42,Approved,,16,N,N,0.57,8,ASR-0039,100000,N,N,0.03,,,,,,,,,False,False,False,False,EXACT_DUPLICATE
RID-0011879,AGENCY_MGMT,27-05-2026 16:48,CUS-019006,Kai Xuan Salleh,Male,15-12-1977,49,Divorced,Employment Pass,Education,144009,100k-200k,D06,kai.xuan.salleh186@example.com,+65 91387632,POL-0011879,14-06-2025,27-06-2025,PRUExtra Care,Health & IP,Agency,Monthly,2858.92,577000,2858.92,0.1328,25,Inforce,14,N,,Y,Public A-Ward,Y,1457.77,1457.77,0,1500,277,N,CLM-0011879,28-08-2026,Maternity,11280.74,Partially Approved,,17,N,N,0.72,6,ASR-0037,50000,N,Y,0.25,AGT-00402,Deepak Kamal,Senior,58,AU-40,Active,44.1,0.062,False,False,False,False,EXACT_DUPLICATE
RID-0019671,CRM,29-05-2026 11:33,CUS-031202,Meera Turner,Female,26-01-1966,60,Divorced,Citizen,Retired,57466,50k-100k,D10,meera.turner1@example.com,+65 97271278,POL-0019671,02-11-2023,25-11-2023,PRUVantage Legacy,Savings & Wealth,Direct,Annual,34318.47,231000,34318.47,0.0356,30,Inforce,33,N,,Y,,N,,,,,24,Y,CLM-0019671,05-08-2024,Hospitalisation,26124.01,Approved,,19,N,N,0.24,10,ASR-0014,5000,N,N,0.362,,,,,,,,,False,False,False,False,EXACT_DUPLICATE
RID-0011063,POLICY_ADMIN,31-05-2026 01:18,CUS-007943,Zulkifli Lee,Male,22-10-1990,36,Divorced,Foreigner,Self-Employed,47956,Below 50k,D25,zulkifli.lee438@example.com,+65 94278835,POL-0011063,12-02-2025,10-03-2025,PRUSelect Vantage,Investment-Linked,Bancassurance,Annual,7572.4,347000,7572.4,0.1268,20,Inforce,18,N,,Y,,N,,,,,111,N,,,,,,,,N,N,0.65,9,,,,,,,,,,,,,,False,False,False,False,EXACT_DUPLICATE
RID-0017116,AGENCY_MGMT,02-04-2026 14:49,CUS-032323,Priya Harper,Female,28-05-1975,51,Divorced,Citizen,Professional,286518,200k-400k,D19,priya.harper475@example.com,+65 92568322,POL-0017116,30-05-2025,15-06-2025,PRUSave Endowment,Savings & Wealth,Agency,Monthly,27429.19,182000,27429.19,0.0854,30,Inforce,14,N,,Y,,N,,,,,92,N,,,,,,,,N,N,0.46,7,,,,,,AGT-00034,Vikram Raj,New,12,AU-28,Active,72.2,0.059,False,False,False,False,EXACT_DUPLICATE
RID-0002654,AGENCY_MGMT,06-06-2026 06:51,CUS-036466,Nurul Aisyah Lim,Female,06-07-1978,48,Married,Permanent Resident,Professional,58557,50k-100k,D13,nurul.aisyah.lim199@example.com,+65 93729362,POL-0002654,07-04-2023,09-05-2023,PRUFlexiCash,Savings & Wealth,Digital,Monthly,44300.16,347000,44300.16,0.0612,15,Inforce,40,N,,Y,,N,,,,,0,Y,CLM-0002654,28-03-2025,Day Surgery,4807.99,Approved,,8,N,N,0.04,9,ASR-0044,50000,N,N,0.255,,,,,,,,,False,False,False,False,EXACT_DUPLICATE
RID-0002494,CRM,03-04-2026 13:31,CUS-022571,Aravind Koh,Male,24-02-1990,36,Divorced,Citizen,Civil Service,243499,200k-400k,D04,aravind.koh346@example.com,+65 99951020,POL-0002494,20-07-2024,08-08-2024,PRUFlexiCash,Savings & Wealth,Agency,Semi-Annual,22820.86,427000,22820.86,0.0544,10,Inforce,25,N,,Y,,N,,,,,151,Y,,,,,,,,N,N,0.05,7,,,,,,AGT-00024,Joanne Low,Senior,68,AU-13,Active,75.4,0.146,False,False,False,False,EXACT_DUPLICATE
RID-0003158,POLICY_ADMIN,19-04-2026 10:52,CUS-033089,Priya Foo,Female,20-08-1984,42,Single,Employment Pass,Self-Employed,213084,200k-400k,D18,priya.foo334@example.com,+65 85651377,POL-0003158,07-02-2026,22-03-2026,PRUTerm Secure,Protection,Agency,Annual,5112.32,2418000,5112.32,0.2685,10,Inforce,5,N,,Y,,N,,,,,0,Y,,,,,,,,N,N,0.25,6,,,,,,AGT-00104,Daniel Fraser,Established,93,AU-05,Active,21.9,0.437,False,False,False,False,EXACT_DUPLICATE
RID-0015233,POLICY_ADMIN,31-08-2026 02:56,CUS-015836,Chee Keong Hassan,Male,03-05-1980,46,Single,Citizen,Technician,99862,50k-100k,D17,chee.keong.hassan319@example.com,+65 86609962,POL-0015233,12-06-2023,25-06-2023,PRULink Global Growth,Investment-Linked,Agency,Monthly,43458.4,644000,43458.4,0.1326,5,Inforce,38,N,,Y,,N,,,,,0,N,CLM-0015233,12-12-2023,Critical Illness,13090.38,Approved,,12,N,N,0.73,7,ASR-0003,10000,Y,N,0.086,AGT-01080,Joanne Kumar,Senior,47,AU-09,Resigned,79.8,0.259,False,False,False,False,EXACT_DUPLICATE
RID-0018672,POLICY_ADMIN,04-07-2026 09:05,CUS-010307,Aravind Ng,Male,07-06-1984,42,Widowed,Citizen,Civil Service,103193,100k-200k,D22,aravind.ng194@example.com,+65 86799517,POL-0018672,21-04-2026,12-05-2026,PRUVantage Legacy,Savings & Wealth,Agency,Annual,6737.38,157000,6737.38,0.0821,20,Inforce,3,N,,Y,,N,,,,,130,Y,,,,,,,,N,N,0.79,6,,,,,,AGT-00460,Samantha Menon,New,6,AU-23,Resigned,50.1,0.237,False,False,False,False,EXACT_DUPLICATE
RID-0017919,CLAIMS_SYS,27-04-2026 00:11,CUS-011345,Wan Ting Sim,Female,21-11-1994,32,Widowed,Permanent Resident,Self-Employed,88546,50k-100k,D27,wan.ting.sim285@example.com,+65 95596962,POL-0017919,20-12-2025,26-12-2025,PRUShield Life,Protection,Bancassurance,Monthly,7647.62,1857000,7647.62,0.2624,99,Inforce,8,N,,Y,,N,,,,,90,N,CLM-0017919,31-05-2026,Outpatient Specialist,5040.38,Partially Approved,,14,N,N,0.36,7,ASR-0035,25000,N,N,0.247,,,,,,,,,False,False,False,False,EXACT_DUPLICATE
RID-0028968,CLAIMS_SYS,28-05-2026 16:27,CUS-027186,Edwin Kamal,Male,26-06-1988,38,Married,Citizen,Sales,87400,50k-100k,D18,edwin.kamal478@example.com,+65 86632924,POL-0028968,12-12-2025,04-01-2026,PRUShield Premier,Health & IP,Agency,Quarterly,2922.25,1098000,2922.25,0.1407,5,Inforce,8,N,,Y,Private Hospital,Y,1210.38,1210.38,0,2500,76,N,,,,,,,,N,N,0.76,10,,,,,,AGT-00075,Kavitha Chan,Established,51,AU-07,Active,99.4,0.092,False,False,False,False,EXACT_DUPLICATE
RID-0026157,CRM,28-05-2026 12:38,CUS-021803,Jun Hao Turner,Male,28-11-1972,54,Single,Citizen,Civil Service,152475,100k-200k,D20,jun.hao.turner356@example.com,+65 89778592,POL-0026157,30-11-2023,21-12-2023,PRUSelect Vantage,Investment-Linked,Digital,Monthly,30643.93,540000,30643.93,0.1386,15,Inforce,32,N,,Y,,N,,,,,0,Y,,,,,,,,N,N,0.14,6,,,,,,,,,,,,,,False,False,False,False,EXACT_DUPLICATE
RID-0024459,CLAIMS_SYS,01-08-2026 04:17,CUS-027044,Samantha Pillai,Female,06-10-1992,34,Widowed,Employment Pass,Civil Service,99570,50k-100k,D17,samantha.pillai329@example.com,+65 87894577,POL-0024459,21-04-2024,04-06-2024,PRUCritical Cover,Protection,Agency,Annual,3068.18,2829000,3068.18,0.3011,25,Inforce,27,N,,Y,,N,,,,,7,N,CLM-0024459,27-01-2025,Critical Illness,3342.78,Partially Approved,,12,N,Y,-0.3,2,ASR-0008,10000,N,N,0.334,AGT-00590,Deepak Wong,New,1,AU-04,Active,87.7,0.117,False,False,False,False,EXACT_DUPLICATE
RID-0041618,CLAIMS_SYS,17-07-2026 12:30,CUS-013443,Siti Nadia Menon,Female,07-03-1979,47,Divorced,Citizen,Education,78677,50k-100k,D10,siti.nadia.menon404@example.com,+65 87874178,POL-0041618,09-01-2025,18-02-2025,PRUShield Standard,Health & IP,Agency,Semi-Annual,1089.06,1285000,1089.06,0.2012,15,Inforce,18,N,,Y,Private Hospital,Y,475.45,475.45,0,1500,0,N,CLM-0041618,30-07-2026,Maternity,1282.16,Partially Approved,,13,N,N,0.48,8,ASR-0060,10000,N,N,0.225,AGT-00370,Aminah Sharma,New,8,AU-37,Active,64.9,0.159,False,False,False,False,EXACT_DUPLICATE
RID-0043172,POLICY_ADMIN,22-08-2026 17:23,CUS-001142,Faisal Chong,Male,20-10-1986,40,Divorced,Permanent Resident,Education,110412,100k-200k,D20,faisal.chong70@example.com,+65 99600277,POL-0043172,17-01-2026,02-03-2026,PRUWealth Plus,Savings & Wealth,Bancassurance,Quarterly,5348.1,78000,5348.1,0.0662,25,Inforce,6,N,,Y,,N,,,,,32,Y,,,,,,,,N,N,0.96,6,,,,,,,,,,,,,,False,False,False,False,EXACT_DUPLICATE
RID-0034096,CLAIMS_SYS,22-05-2026 18:55,CUS-028924,Siti Nadia Nair,Female,01-04-1994,32,Single,Permanent Resident,Technician,109081,100k-200k,D23,siti.nadia.nair346@example.com,+65 93294960,POL-0034096,13-02-2026,29-03-2026,PRULink Assurance,Investment-Linked,Agency,Annual,9374.27,739000,9374.27,0.1192,10,Inforce,5,N,,Y,,N,,,,,106,N,,,,,,,,N,N,0.48,6,,,,,,AGT-01188,Aravind Menon,New,5,AU-01,Active,94.9,0.445,False,False,False,False,EXACT_DUPLICATE
RID-0018920,CRM,27-08-2026 14:07,CUS-035485,Terence Osman,Male,26-02-1986,40,Divorced,Employment Pass,Self-Employed,84360,50k-100k,D24,terence.osman242@example.com,+65 97465997,POL-0018920,10-04-2024,27-04-2024,PRUCritical Cover,Protection,Bancassurance,Semi-Annual,6817.64,814000,6817.64,0.1662,10,Inforce,28,N,,Y,,N,,,,,0,N,,,,,,,,N,N,0.27,8,,,,,,,,,,,,,,False,False,False,False,EXACT_DUPLICATE
RID-0020642,CLAIMS_SYS,01-08-2026 08:27,CUS-025983,Iskandar Chua,Male,15-08-1979,47,Married,Citizen,Civil Service,47708,Below 50k,D17,iskandar.chua340@example.com,+65 92428915,POL-0020642,12-03-2026,21-04-2026,PRUCritical Cover,Protection,Agency,Monthly,6621.3,1149000,6621.3,0.2496,99,Inforce,4,N,,Y,,N,,,,,45,N,CLM-0020642,01-08-2026,Outpatient Specialist,4757.64,Approved,,7,N,N,0.76,8,ASR-0059,50000,N,N,0.195,AGT-00913,Vikram Teo,MDRT,115,AU-02,Active,68.6,0.144,False,False,False,False,EXACT_DUPLICATE
RID-0046729,AGENCY_MGMT,22-03-2026 18:09,CUS-032860,Kai Xuan Reddy,Male,14-01-1996,30,Divorced,Permanent Resident,Self-Employed,69518,50k-100k,D23,kai.xuan.reddy397@example.com,+65 85607771,POL-0046729,18-11-2023,15-12-2023,PRULink Assurance,Investment-Linked,Digital,Monthly,41475.11,233000,41475.11,0.1402,10,Inforce,33,N,,Y,,N,,,,,361,N,,,,,,,,N,N,0.06,8,,,,,,,,,,,,,,False,False,False,False,EXACT_DUPLICATE
RID-0046985,AGENCY_MGMT,07-05-2026 17:55,CUS-038117,Jonathan Tan,Male,28-04-1981,45,Widowed,Citizen,Civil Service,127960,100k-200k,D05,jonathan.tan53@example.com,+65 91520582,POL-0046985,05-07-2023,13-07-2023,PRUFlexiCash,Savings & Wealth,Bancassurance,Annual,48118.49,248000,48118.49,0.0316,20,Inforce,38,N,,Y,,N,,,,,0,N,CLM-0046985,22-11-2024,Hospitalisation,3413.47,Approved,,32,N,N,0.58,6,ASR-0002,25000,N,N,0.187,,,,,,,,,False,False,False,False,EXACT_DUPLICATE
RID-0039451,POLICY_ADMIN,20-08-2026 08:53,CUS-035990,Zarina Bennett,Female,09-04-1961,65,Single,Citizen,Education,118535,100k-200k,D21,zarina.bennett497@example.com,+65 81568337,POL-0039451,02-10-2025,10-10-2025,PRUSave Endowment,Savings & Wealth,Digital,Monthly,11133.97,297000,11133.97,0.0463,10,Inforce,10,N,,Y,,N,,,,,67,N,,,,,,,,N,N,0.63,5,,,,,,,,,,,,,,False,False,False,False,EXACT_DUPLICATE
RID-0005927,CRM,13-08-2026 16:02,CUS-038329,Lakshmi Aziz,Female,13-05-1969,57,Widowed,Citizen,Manager,95450,50k-100k,D07,lakshmi.aziz63@example.com,+65 86568364,POL-0005927,22-07-2025,31-08-2025,PRUShield Life,Protection,Agency,Monthly,2350.42,1257000,2350.42,0.2286,15,Inforce,12,N,,Y,,N,,,,,91,N,CLM-0005927,06-06-2026,Accident,927.22,Approved,,18,N,N,0.16,7,ASR-0044,50000,N,N,0.002,AGT-00375,Zulkifli Ng,Established,12,AU-20,Active,70,0.444,False,False,False,False,EXACT_DUPLICATE
RID-0037747,POLICY_ADMIN,11-06-2026 10:18,CUS-023928,Aravind Koh,Male,08-03-1982,44,Single,Citizen,Executive,32117,Below 50k,D25,aravind.koh362@example.com,+65 92902013,POL-0037747,29-11-2025,31-12-2025,PRULink Assurance,Investment-Linked,Agency,Monthly,29927.19,682000,29927.19,0.1689,99,Inforce,8,N,,Y,,N,,,,,60,N,,,,,,,,N,N,0.27,10,,,,,,AGT-00948,Marcus Ho,Senior,158,AU-05,Active,39.4,0.626,False,False,False,False,EXACT_DUPLICATE
RID-0029068,CRM,18-06-2026 18:46,CUS-040098,Nicholas Toh,Male,28-10-1962,64,Single,Citizen,Healthcare,72283,50k-100k,D12,nicholas.toh345@example.com,+65 92694852,POL-0029068,17-03-2026,27-04-2026,PRUActive Term,Protection,Bancassurance,Semi-Annual,7865.26,1655000,7865.26,0.2088,5,Inforce,4,N,,Y,,N,,,,,62,N,CLM-0029068,28-05-2026,Accident,1810.49,Approved,,2,N,N,0.15,7,ASR-0039,100000,N,N,0.092,,,,,,,,,False,False,False,False,EXACT_DUPLICATE
RID-0043345,AGENCY_MGMT,22-07-2026 03:11,CUS-020377,Aminah Koh,Female,20-12-1982,44,Single,Citizen,Self-Employed,87859,50k-100k,D07,aminah.koh431@example.com,+65 85846983,POL-0043345,17-05-2026,28-06-2026,PRUTerm Secure,Protection,Bancassurance,Annual,4011.38,2616000,4011.38,0.195,5,Inforce,2,N,,Y,,N,,,,,201,Y,CLM-0043345,20-08-2026,Hospitalisation,14735.19,Approved,,23,N,N,0.37,7,ASR-0030,25000,N,N,0.247,,,,,,,,,False,False,False,False,EXACT_DUPLICATE
RID-0037200,POLICY_ADMIN,24-05-2026 12:56,CUS-040920,Vikram Rahman,Male,10-07-1993,33,Married,Citizen,Self-Employed,56222,50k-100k,D08,vikram.rahman112@example.com,+65 93847929,POL-0037200,18-03-2023,28-03-2023,PRUShield A Plus,Health & IP,Agency,Semi-Annual,5033.21,550000,5033.21,0.1965,30,Inforce,41,N,,Y,Public B1-Ward,Y,2275.44,2275.44,0,1500,272,N,CLM-0037200,03-04-2026,Death Benefit,3333.95,Approved,,20,N,N,0.67,7,ASR-0060,10000,N,N,0.29,AGT-00189,Yong Sheng Kumar,Established,93,AU-10,Active,26.5,0.04,False,False,False,False,EXACT_DUPLICATE
RID-0045804,AGENCY_MGMT,30-05-2026 02:41,CUS-030827,Zhi Hao Rahman,Male,07-05-1987,39,Widowed,Citizen,Executive,166823,100k-200k,D16,zhi.hao.rahman430@example.com,+65 83494502,POL-0045804,22-02-2026,03-03-2026,PRULink Global Growth,Investment-Linked,Bancassurance,Monthly,42632.95,131000,42632.95,0.0988,99,Inforce,6,N,,Y,,N,,,,,206,N,,,,,,,,N,N,0.95,9,,,,,,,,,,,,,,False,False,False,False,EXACT_DUPLICATE
RID-0038259,AGENCY_MGMT,29-07-2026 08:55,CUS-030490,Jia Hui Rahman,Female,24-01-1996,30,Married,Permanent Resident,Self-Employed,155578,100k-200k,D25,jia.hui.rahman58@example.com,+65 93808916,POL-0038259,25-07-2025,22-08-2025,PRUFlexiCash,Savings & Wealth,Agency,Quarterly,9085.43,454000,9085.43,0.0855,15,Inforce,12,N,,Y,,N,,,,,371,N,,,,,,,,N,N,0.26,6,,,,,,AGT-00467,Nurul Aisyah Yusof,Senior,41,AU-22,Resigned,69.2,0.067,False,False,False,False,EXACT_DUPLICATE
RID-0045776,AGENCY_MGMT,25-04-2026 12:25,CUS-008976,Edwin Fraser,Male,06-01-1981,45,Married,Citizen,Education,128872,100k-200k,D03,edwin.fraser27@example.com,+65 94250039,POL-0045776,04-03-2026,31-03-2026,PRUShield Life,Protection,Agency,Annual,5199.58,826000,5199.58,0.2646,30,Inforce,5,N,,Y,,N,,,,,88,N,CLM-0045776,29-06-2026,Accident,4601.91,Approved,,17,N,Y,-0.98,5,ASR-0024,50000,N,N,0.186,AGT-00553,Nurul Aisyah Chong,Established,13,AU-26,Active,51.1,0.174,False,False,False,False,EXACT_DUPLICATE
RID-0025098,CRM,25-07-2026 15:43,CUS-008361,Xin Yi Lim,Female,21-06-1964,62,Married,Employment Pass,Education,60020,50k-100k,D24,xin.yi.lim116@example.com,+65 97735329,POL-0025098,21-09-2023,09-10-2023,PRUActive Term,Protection,Bancassurance,Monthly,659.72,1589000,659.72,0.1904,99,Inforce,35,N,,Y,,N,,,,,43,N,CLM-0025098,29-11-2025,Accident,20097.37,Partially Approved,,13,N,N,0.12,6,ASR-0017,50000,N,N,0.153,,,,,,,,,False,False,False,False,EXACT_DUPLICATE
RID-0006296,CRM,30-07-2026 18:36,CUS-009536,Chee Keong Koh,Male,11-09-1993,33,Widowed,Citizen,Self-Employed,143034,100k-200k,D08,chee.keong.koh471@example.com,+65 88558297,POL-0006296,09-08-2023,14-08-2023,PRUCritical Cover,Protection,Digital,Monthly,4330.24,1143000,4330.24,0.2286,30,Inforce,37,N,,Y,,N,,,,,69,Y,CLM-0006296,04-11-2025,Maternity,11831.38,Approved,,31,N,N,0.27,7,ASR-0010,50000,Y,Y,0.734,,,,,,,,,False,False,False,False,EXACT_DUPLICATE
RID-0020687,CLAIMS_SYS,03-08-2026 07:07,CUS-012808,Jonathan Neo,Male,09-10-1977,49,Married,Citizen,Healthcare,63644,50k-100k,D04,jonathan.neo148@example.com,+65 88187251,POL-0020687,30-05-2023,06-06-2023,PRUTerm Secure,Protection,Bancassurance,Monthly,7537.93,568000,7537.93,0.2435,20,Lapsed,39,Y,10-04-2025,Y,,N,,,,,0,N,CLM-0020687,26-04-2025,Death Benefit,14517.35,Approved,,17,N,N,-0.02,6,ASR-0041,5000,N,N,0.142,,,,,,,,,False,False,False,False,EXACT_DUPLICATE
RID-0002060,AGENCY_MGMT,08-07-2026 16:43,CUS-038381,Aravind Teo,Male,07-11-1994,32,Married,Citizen,Healthcare,79561,50k-100k,D05,aravind.teo347@example.com,+65 99032958,POL-0002060,22-11-2024,23-11-2024,PRUShield A Plus,Health & IP,Broker,Annual,5880.02,158000,5880.02,0.1882,5,Inforce,21,N,,Y,Public A-Ward,Y,2443.48,2443.48,0,1500,39,N,CLM-0002060,18-10-2025,Day Surgery,5781.76,Approved,,8,N,N,0.04,6,ASR-0024,50000,N,N,0.131,AGT-00430,Mei Yi Ng,New,5,AU-40,Active,58.7,0.091,False,False,False,False,EXACT_DUPLICATE
RID-0026037,POLICY_ADMIN,01-09-2026 17:15,CUS-012100,Valerie Fraser,Female,28-01-2005,21,Divorced,Citizen,Executive,85629,50k-100k,D14,valerie.fraser140@example.com,+65 95106638,POL-0026037,21-05-2026,03-07-2026,PRUActive Term,Protection,Agency,Monthly,3955.28,1073000,3955.28,0.3013,25,Inforce,2,N,,Y,,N,,,,,62,N,,,,,,,,N,N,0.84,5,,,,,,AGT-01183,Vikram Bennett,Senior,165,AU-21,Active,38.1,0.173,False,False,False,False,EXACT_DUPLICATE
RID-0006054,CLAIMS_SYS,22-03-2026 02:32,CUS-039195,Farah Kumar,Female,05-06-1966,60,Married,Citizen,Education,38599,Below 50k,D15,farah.kumar148@example.com,+65 89919185,POL-0006054,03-02-2026,17-03-2026,PRULink Global Growth,Investment-Linked,Agency,Annual,3859.42,199000,3859.42,0.1715,30,Inforce,5,N,,Y,,N,,,,,206,N,CLM-0006054,12-05-2026,Accident,8865.22,Approved,,15,N,N,0.22,10,ASR-0028,10000,N,N,0.412,AGT-00276,Zulkifli Turner,Established,83,AU-10,Active,43.8,0.357,False,False,False,False,EXACT_DUPLICATE
RID-0032112,AGENCY_MGMT,02-05-2026 22:57,CUS-035285,Zhi Hao Lee,Male,06-11-1993,33,Divorced,Citizen,Education,111741,100k-200k,D13,zhi.hao.lee306@example.com,+65 82407762,POL-0032112,14-04-2025,22-05-2025,PRUShield A Plus,Health & IP,Agency,Annual,2849.54,1126000,2849.54,0.1399,15,Inforce,15,N,,Y,Public B1-Ward,Y,902.3,902.3,0,0,6,N,CLM-0032112,23-12-2025,Critical Illness,11329.53,Approved,,24,N,N,0.27,7,ASR-0060,10000,N,N,0.093,AGT-00553,Nurul Aisyah Chong,Established,13,AU-26,Active,51.1,0.174,False,False,False,False,EXACT_DUPLICATE
RID-0026680,CRM,05-05-2026 20:04,CUS-038254,Rohan Goh,Male,09-06-1976,50,Single,Citizen,Education,48107,Below 50k,D11,rohan.goh183@example.com,+65 92020468,POL-0026680,24-01-2026,13-02-2026,PRUShield Life,Protection,Agency,Monthly,6884.97,1237000,6884.97,0.2227,30,Inforce,6,N,,Y,,N,,,,,160,N,,,,,,,,N,N,0.89,8,,,,,,AGT-00666,Deepak Mitchell,Established,47,AU-36,Active,79.5,0.023,False,False,False,False,EXACT_DUPLICATE
RID-0036745,AGENCY_MGMT,06-08-2026 05:31,CUS-004018,Vikram Tan,Male,02-07-1999,27,Married,Citizen,Executive,102452,100k-200k,D10,vikram.tan196@example.com,+65 84452375,POL-0036745,17-11-2023,28-12-2023,PRULink Global Growth,Investment-Linked,Digital,Semi-Annual,18036.36,573000,18036.36,0.1315,25,Inforce,32,N,,Y,,N,,,,,0,Y,CLM-0036745,03-04-2026,Accident,994.58,Pending,,88,N,N,0.88,10,ASR-0026,10000,N,N,0.186,,,,,,,,,False,False,False,False,EXACT_DUPLICATE
RID-0041695,CRM,14-08-2026 06:52,CUS-031766,Xin Yi Seah,Female,24-09-1993,33,Single,Citizen,Executive,146597,100k-200k,D14,xin.yi.seah45@example.com,+65 92278097,POL-0041695,23-03-2026,25-03-2026,PRUVantage Legacy,Savings & Wealth,Broker,Semi-Annual,36349.52,340000,36349.52,0.0537,99,Inforce,5,N,,Y,,N,,,,,0,N,CLM-0041695,13-07-2026,Disability,6428.72,Approved,,17,N,N,0.88,6,ASR-0048,25000,N,N,0.018,AGT-00919,Marcus Kumar,New,11,AU-38,Active,93.3,0.114,False,False,False,False,EXACT_DUPLICATE
RID-0046597,CRM,29-06-2026 00:06,CUS-037038,Aravind Ong,Male,22-10-1988,38,Single,Employment Pass,Self-Employed,30000,Below 50k,D20,aravind.ong325@example.com,+65 83174034,POL-0046597,14-12-2023,26-01-2024,PRUVantage Legacy,Savings & Wealth,Agency,Annual,48305.43,331000,48305.43,0.0846,99,Inforce,31,N,,Y,,N,,,,,0,N,CLM-0046597,05-06-2025,Disability,1534.82,Approved,,16,N,N,0.14,7,ASR-0022,25000,N,N,0.415,AGT-00443,Suresh Low,New,8,AU-30,Active,69.5,0.173,False,False,False,False,EXACT_DUPLICATE
RID-0030562,AGENCY_MGMT,06-05-2026 15:28,CUS-039367,Jun Hao Ho,Male,15-03-1981,45,Widowed,Permanent Resident,Executive,63329,50k-100k,D22,jun.hao.ho360@example.com,+65 91639893,POL-0030562,05-06-2024,14-07-2024,PRUSave Endowment,Savings & Wealth,Bancassurance,Monthly,3021.32,127000,3021.32,0.0535,20,Inforce,25,N,,Y,,N,,,,,0,N,CLM-0030562,12-10-2024,Outpatient Specialist,3724.53,Partially Approved,,13,N,N,0.31,7,ASR-0004,100000,N,N,0.004,,,,,,,,,False,False,False,False,EXACT_DUPLICATE
RID-0013382,AGENCY_MGMT,06-05-2026 00:23,CUS-012730,Kavitha Chan,Female,28-04-1985,41,Widowed,Permanent Resident,Retired,61535,50k-100k,D09,kavitha.chan397@example.com,+65 96883808,POL-0013382,12-04-2025,16-04-2025,PRULink Assurance,Investment-Linked,Agency,Semi-Annual,35848.94,575000,35848.94,0.1414,15,Inforce,16,N,,Y,,N,,,,,145,N,CLM-0013382,31-12-2025,Day Surgery,1747.09,Approved,,11,N,N,-0.1,6,ASR-0060,10000,N,N,0.062,AGT-00637,Daniel Foo,New,12,AU-13,Active,67,0.415,False,False,False,False,EXACT_DUPLICATE
RID-0031378,CRM,11-04-2026 05:34,CUS-033288,Divya Toh,Female,18-08-1959,67,Divorced,Citizen,Executive,115722,100k-200k,D08,divya.toh341@example.com,+65 86847308,POL-0031378,09-09-2025,20-10-2025,PRUShield Premier,Health & IP,Digital,Semi-Annual,4522.66,943000,4522.66,0.1988,99,Inforce,10,N,,Y,Public B1-Ward,Y,1982.51,1982.51,0,2500,53,Y,,,,,,,,N,N,-0.08,6,,,,,,,,,,,,,,False,False,False,False,EXACT_DUPLICATE
RID-0009725,AGENCY_MGMT,17-06-2026 19:23,CUS-024834,Edwin Fraser,Male,19-12-1987,39,Widowed,Employment Pass,Manager,61061,50k-100k,D15,edwin.fraser77@example.com,+65 91430894,POL-0009725,18-06-2023,25-07-2023,PRUSave Endowment,Savings & Wealth,Direct,Semi-Annual,32656.92,107000,32656.92,0.0947,25,Inforce,37,N,,Y,,N,,,,,0,N,,,,,,,,N,N,0.09,6,,,,,,,,,,,,,,False,False,False,False,EXACT_DUPLICATE
RID-0034087,CRM,16-07-2026 21:36,CUS-008131,Farah Ibrahim,Female,04-12-1997,29,Widowed,Permanent Resident,Professional,73404,50k-100k,D28,farah.ibrahim136@example.com,+65 97955344,POL-0034087,29-07-2023,01-08-2023,PRUShield Life,Protection,Bancassurance,Monthly,2015.95,1346000,2015.95,0.2816,20,Inforce,37,N,,Y,,N,,,,,215,Y,CLM-0034087,03-08-2023,Critical Illness,770.13,Withdrawn,,18,N,N,0.6,10,ASR-0044,50000,N,N,0.409,,,,,,,,,False,False,False,False,EXACT_DUPLICATE
RID-0043765,POLICY_ADMIN,12-05-2026 19:59,CUS-000531,Lakshmi Yusof,Female,21-04-2002,24,Divorced,Permanent Resident,Sales,63594,50k-100k,D23,lakshmi.yusof408@example.com,+65 89052694,POL-0043765,15-05-2023,17-05-2023,PRUVantage Legacy,Savings & Wealth,Agency,Annual,19327.29,389000,19327.29,0.0819,30,Inforce,40,N,,Y,,N,,,,,54,N,,,,,,,,N,N,0.59,7,,,,,,AGT-00688,Lakshmi Nair,Senior,172,AU-02,On Notice,92.5,0.403,False,False,False,False,EXACT_DUPLICATE
RID-0003825,CRM,18-06-2026 13:37,CUS-035761,Divya Ong,Female,25-04-1982,44,Divorced,Permanent Resident,Self-Employed,129192,100k-200k,D22,divya.ong103@example.com,+65 81968675,POL-0003825,04-07-2024,20-07-2024,PRUSelect Vantage,Investment-Linked,Broker,Semi-Annual,29408.78,715000,29408.78,0.109,99,Inforce,25,N,,Y,,N,,,,,64,N,CLM-0003825,28-06-2025,Critical Illness,279.29,Approved,,29,N,N,0.52,6,ASR-0032,25000,N,N,0.384,AGT-00620,Valerie Toh,Established,73,AU-20,Active,28.4,0.267,False,False,False,False,EXACT_DUPLICATE
RID-0015036,CLAIMS_SYS,01-07-2026 01:29,CUS-033882,Zarina Turner,Female,21-04-1978,48,Single,Citizen,Manager,69080,50k-100k,D11,zarina.turner41@example.com,+65 85422694,POL-0015036,22-01-2023,22-02-2023,PRULink Assurance,Investment-Linked,Agency,Semi-Annual,23730.07,477000,23730.07,0.1075,25,Inforce,42,N,,Y,,N,,,,,294,Y,,,,,,,,N,N,0.45,10,,,,,,AGT-00505,Aminah Seah,New,4,AU-18,Active,32.3,0.221,False,False,False,False,EXACT_DUPLICATE
RID-0019796,CLAIMS_SYS,26-04-2026 19:24,CUS-007947,Faisal Iyer,Male,18-12-2001,25,Widowed,Permanent Resident,Healthcare,65802,50k-100k,D26,faisal.iyer476@example.com,+65 84134622,POL-0019796,27-09-2025,29-10-2025,PRUFlexiCash,Savings & Wealth,Bancassurance,Annual,55290.96,156000,55290.96,0.0403,20,Inforce,10,N,,Y,,N,,,,,44,N,CLM-0019796,12-04-2026,Outpatient Specialist,4467.78,Approved,,9,N,N,0.24,8,ASR-0043,5000,N,N,0.06,,,,,,,,,False,False,False,False,EXACT_DUPLICATE
RID-0030985,CLAIMS_SYS,24-07-2026 11:41,CUS-016329,Vikram Ng,Male,26-12-1970,56,Married,Permanent Resident,Professional,113851,100k-200k,D07,vikram.ng180@example.com,+65 88561204,POL-0030985,14-08-2023,27-08-2023,PRUWealth Plus,Savings & Wealth,Agency,Monthly,17161.67,196000,17161.67,0.0382,5,Lapsed,36,Y,13-02-2024,N,,N,,,,,56,N,,,,,,,,N,N,0.98,7,,,,,,AGT-01172,Lakshmi Wong,Senior,38,AU-13,Active,23.4,0.243,False,False,False,False,EXACT_DUPLICATE
RID-0040655,AGENCY_MGMT,11-05-2026 07:25,CUS-006469,Nurul Aisyah Mitchell,Female,24-03-1983,43,Widowed,Citizen,Manager,36712,Below 50k,D15,nurul.aisyah.mitchell96@example.com,+65 87816879,POL-0040655,15-03-2025,28-03-2025,PRUShield Life,Protection,Bancassurance,Monthly,3383.33,2801000,3383.33,0.2928,25,Inforce,17,N,,Y,,N,,,,,73,N,CLM-0040655,17-02-2026,Day Surgery,6713.47,Approved,,17,N,N,0.61,7,ASR-0022,25000,N,N,0.033,,,,,,,,,False,False,False,False,EXACT_DUPLICATE
RID-0001636,CRM,27-06-2026 05:17,CUS-015889,Samantha Kumar,Female,28-11-1985,41,Divorced,Citizen,Civil Service,110263,100k-200k,D09,samantha.kumar24@example.com,+65 89970550,POL-0001636,24-01-2025,09-03-2025,PRUFlexiCash,Savings & Wealth,Bancassurance,Monthly,38803.7,73000,38803.7,0.0757,99,Matured,18,N,,Y,,N,,,,,153,N,CLM-0001636,14-02-2026,Critical Illness,3744.83,Approved,,5,N,N,0.4,6,ASR-0050,5000,N,N,0.218,,,,,,,,,False,False,False,False,EXACT_DUPLICATE
RID-0034854,CRM,24-08-2026 20:07,CUS-030354,Aravind Fraser,Male,26-09-1980,46,Divorced,Foreigner,Professional,41049,Below 50k,D12,aravind.fraser24@example.com,+65 87830835,POL-0034854,23-09-2025,06-11-2025,PRUActive Term,Protection,Digital,Annual,1342.09,1790000,1342.09,0.3203,5,Inforce,9,N,,Y,,N,,,,,82,N,CLM-0034854,04-05-2026,Outpatient Specialist,1778.13,Approved,,23,N,N,0.05,9,ASR-0026,10000,N,N,0.238,,,,,,,,,False,False,False,False,EXACT_DUPLICATE
RID-0021802,CLAIMS_SYS,30-04-2026 15:00,CUS-018177,Hui Ling Neo,Female,22-07-1978,48,Married,Citizen,Healthcare,129992,100k-200k,D09,hui.ling.neo374@example.com,+65 82944511,POL-0021802,27-10-2024,07-12-2024,PRUShield Life,Protection,Agency,Monthly,3849.02,1370000,3849.02,0.291,30,Inforce,21,N,,Y,,N,,,,,213,N,CLM-0021802,17-09-2025,Outpatient Specialist,2631.15,Approved,,18,N,N,0.26,7,ASR-0044,50000,N,N,0.359,AGT-00945,Edwin Hassan,Established,14,AU-30,Active,93.9,0.147,False,False,False,False,EXACT_DUPLICATE
RID-0047320,AGENCY_MGMT,02-04-2026 18:04,CUS-004855,Deepak Nair,Male,16-07-1982,44,Divorced,Citizen,Education,87085,50k-100k,D13,deepak.nair129@example.com,+65 91808630,POL-0047320,10-08-2024,13-09-2024,PRUWealth Plus,Savings & Wealth,Agency,Monthly,20885.46,168000,20885.46,0.0591,30,Inforce,23,N,,Y,,N,,,,,33,Y,CLM-0047320,11-06-2026,Critical Illness,1870.33,Partially Approved,,27,N,N,0.81,6,ASR-0012,100000,N,N,0.395,AGT-01167,Divya Fraser,MDRT,173,AU-30,Active,97.6,0.047,False,False,False,False,EXACT_DUPLICATE
RID-0001685,AGENCY_MGMT,20-08-2026 14:38,CUS-006988,Denise Sim,Female,23-08-1975,51,Widowed,Citizen,Healthcare,90467,50k-100k,D03,denise.sim209@example.com,+65 89365085,POL-0001685,13-03-2026,05-04-2026,PRUShield Life,Protection,Agency,Annual,3480.24,2652000,3480.24,0.2451,20,Matured,4,N,,Y,,N,,,,,378,N,CLM-0001685,21-06-2026,Disability,10925.01,Declined,Outside panel provider,6,N,N,0.5,6,ASR-0025,50000,N,N,0.086,AGT-01137,Daniel Tan,Senior,170,AU-28,Active,62.7,0.195,False,False,False,False,EXACT_DUPLICATE
RID-0005934,CLAIMS_SYS,24-06-2026 07:27,CUS-039954,Chee Keong Chong,Male,04-09-1979,47,Married,Citizen,Self-Employed,56713,50k-100k,D16,chee.keong.chong353@example.com,+65 96097335,POL-0005934,03-04-2025,28-04-2025,PRUShield Life,Protection,Broker,Annual,8393.73,275000,8393.73,0.2746,15,Inforce,16,N,,Y,,N,,,,,59,N,CLM-0005934,26-07-2026,Maternity,795.98,Approved,,20,N,N,0.11,9,ASR-0056,50000,N,N,0.38,AGT-00316,Wei Ming Chua,New,12,AU-14,Active,95.1,0.158,False,False,False,False,EXACT_DUPLICATE
RID-0015764,AGENCY_MGMT,20-06-2026 20:45,CUS-025657,Arjun Menon,Male,02-09-1980,46,Divorced,Citizen,Civil Service,30085,Below 50k,D16,arjun.menon188@example.com,+65 95367360,POL-0015764,26-05-2024,04-07-2024,PRULink Global Growth,Investment-Linked,Agency,Monthly,34227.55,264000,34227.55,0.1649,10,Inforce,26,N,,Y,,N,,,,,72,N,CLM-0015764,18-04-2026,Death Benefit,3570.36,Pending,,69,N,N,0.47,7,ASR-0029,5000,N,N,0.046,AGT-00896,Siti Nadia Menon,Senior,48,AU-10,Active,86.5,0.175,False,False,False,False,EXACT_DUPLICATE
RID-0025871,CRM,30-04-2026 14:33,CUS-010284,Valerie Yusof,Female,20-07-1974,52,Widowed,Citizen,Healthcare,47977,Below 50k,D08,valerie.yusof443@example.com,+65 91206481,POL-0025871,05-07-2023,31-07-2023,PRUSave Endowment,Savings & Wealth,Bancassurance,Monthly,13288.76,88000,13288.76,0.0438,10,Lapsed,37,Y,31-08-2025,Y,,N,,,,,61,N,,,,,,,,N,N,0.55,8,,,,,,,,,,,,,,False,False,False,False,EXACT_DUPLICATE
RID-0042628,CRM,23-07-2026 01:26,CUS-023024,Aminah Osman,Female,11-06-1976,50,Married,Citizen,Technician,64653,50k-100k,D25,aminah.osman194@example.com,+65 98978445,POL-0042628,17-11-2023,10-12-2023,PRUFlexiCash,Savings & Wealth,Agency,Quarterly,6729.09,192000,6729.09,0.0641,30,Inforce,33,N,,Y,,N,,,,,24,N,CLM-0042628,26-04-2026,Disability,1435.18,Approved,,17,N,N,0.8,9,ASR-0004,100000,N,N,0.075,AGT-00685,Deepak Menon,New,9,AU-02,Active,54.1,0.025,False,False,False,False,EXACT_DUPLICATE
RID-0004375,AGENCY_MGMT,18-05-2026 15:38,CUS-035541,Zhi Hao Raj,Male,22-09-1972,54,Single,Citizen,Executive,148473,100k-200k,D13,zhi.hao.raj41@example.com,+65 87951664,POL-0004375,25-07-2023,26-07-2023,PRUShield Standard,Health & IP,Bancassurance,Annual,903.31,1271000,903.31,0.1083,25,Inforce,37,N,,Y,Public A-Ward,Y,314.98,314.98,0,2500,0,N,CLM-0004375,22-08-2023,Hospitalisation,5208.69,Approved,,15,N,N,0.62,10,ASR-0051,5000,N,N,0.024,,,,,,,,,False,False,False,False,EXACT_DUPLICATE
RID-0020648,CRM,18-04-2026 09:10,CUS-025341,Aravind Neo,Male,16-11-1979,47,Single,Citizen,Professional,84249,50k-100k,D06,aravind.neo241@example.com,+65 83336933,POL-0020648,17-01-2026,25-01-2026,PRUWealth Plus,Savings & Wealth,Direct,Annual,17515.01,430000,17515.01,0.0697,5,Inforce,7,N,,Y,,N,,,,,54,N,,,,,,,,N,N,0.97,8,,,,,,,,,,,,,,False,False,False,False,EXACT_DUPLICATE
RID-0037978,POLICY_ADMIN,07-04-2026 11:37,CUS-026768,Kavitha Sharma,Female,01-09-1990,36,Widowed,Permanent Resident,Executive,30000,Below 50k,D04,kavitha.sharma8@example.com,+65 95464606,POL-0037978,03-05-2023,29-05-2023,PRUTerm Secure,Protection,Bancassurance,Quarterly,5715.34,1865000,5715.34,0.2092,30,Cancelled,39,Y,19-02-2024,N,,N,,,,,108,Y,CLM-0037978,11-01-2024,Hospitalisation,7477.78,Approved,,19,N,Y,-0.65,3,ASR-0005,10000,N,N,0.209,,,,,,,,,False,False,False,False,EXACT_DUPLICATE
RID-0047295,POLICY_ADMIN,26-05-2026 22:06,CUS-028518,Marcus Neo,Male,15-11-1973,53,Divorced,Citizen,Self-Employed,56134,50k-100k,D12,marcus.neo50@example.com,+65 88684901,POL-0047295,30-12-2025,30-01-2026,PRUExtra Care,Health & IP,Agency,Semi-Annual,1062.89,647000,1062.89,0.1372,15,Inforce,7,N,,Y,Public B1-Ward,N,,,,,274,N,CLM-0047295,19-04-2026,Hospitalisation,2380.41,Approved,,20,N,N,0.72,6,ASR-0047,5000,N,N,0.178,AGT-00672,Cheryl Mitchell,Established,48,AU-36,Resigned,35.4,0.122,False,False,False,False,EXACT_DUPLICATE
RID-0007047,CRM,20-06-2026 01:16,CUS-000169,Joanne Salleh,Female,25-01-1994,32,Widowed,Citizen,Education,75590,50k-100k,D28,joanne.salleh343@example.com,+65 81032451,POL-0007047,31-07-2024,25-08-2024,PRUShield Standard,Health & IP,Agency,Monthly,5542.62,789000,5542.62,0.1224,99,Inforce,24,N,,Y,Public B1-Ward,Y,2353.1,2353.1,0,0,57,N,,,,,,,,N,N,0.95,10,,,,,,AGT-00109,Siew Peng Lim,Established,96,AU-02,Active,48.7,0.331,False,False,False,False,EXACT_DUPLICATE
RID-0005723,POLICY_ADMIN,28-06-2026 08:38,CUS-025892,Zhi Hao Lim,Male,14-07-1976,50,Single,Permanent Resident,Manager,142069,100k-200k,D05,zhi.hao.lim203@example.com,+65 91697936,POL-0005723,08-06-2023,14-06-2023,PRUCritical Cover,Protection,Agency,Monthly,2619.99,780000,2619.99,0.2358,5,Inforce,39,N,,Y,,N,,,,,25,N,,,,,,,,N,N,0.26,9,,,,,,AGT-01115,Anjali Harper,Senior,126,AU-10,Resigned,77.3,0.17,False,False,False,False,EXACT_DUPLICATE
RID-0033356,CRM,08-05-2026 19:33,CUS-000894,Deepak Ng,Male,21-03-1987,39,Widowed,Permanent Resident,Healthcare,45606,Below 50k,D23,deepak.ng5@example.com,+65 94613607,POL-0033356,11-07-2023,08-08-2023,PRUVantage Legacy,Savings & Wealth,Agency,Annual,7621.64,67000,7621.64,0.0728,25,Inforce,37,N,,Y,,N,,,,,171,N,CLM-0033356,08-06-2025,Hospitalisation,13314.51,Declined,Premium in arrears,14,N,N,-0.2,9,ASR-0019,100000,N,N,0.061,AGT-00217,Jia Hui Yeo,Senior,72,AU-26,Active,42.1,0.397,False,False,False,False,EXACT_DUPLICATE
RID-0020234,CRM,04-04-2026 13:41,CUS-010997,Marcus Lim,Male,10-10-1958,68,Single,Citizen,Education,84414,50k-100k,D19,marcus.lim323@example.com,+65 91204147,POL-0020234,05-02-2024,15-03-2024,PRUActive Term,Protection,Digital,Monthly,7076.48,494000,7076.48,0.2766,30,Inforce,30,N,,Y,,N,,,,,278,N,,,,,,,,N,N,0.86,8,,,,,,,,,,,,,,False,False,False,False,EXACT_DUPLICATE
RID-0007975,CLAIMS_SYS,04-07-2026 19:19,CUS-040222,Jonathan Wong,Male,26-05-1987,39,Married,Citizen,Healthcare,64477,50k-100k,D11,jonathan.wong126@example.com,+65 91392223,POL-0007975,11-04-2023,27-04-2023,PRUSelect Vantage,Investment-Linked,Agency,Monthly,32473.67,827000,32473.67,0.0998,25,Inforce,40,N,,Y,,N,,,,,87,N,CLM-0007975,13-05-2025,Maternity,10514.8,Partially Approved,,26,N,N,0.26,7,ASR-0012,100000,N,N,0.073,AGT-01133,Xin Yi Sim,Established,28,AU-19,Active,36.4,0.157,False,False,False,False,EXACT_DUPLICATE
RID-0029013,CLAIMS_SYS,27-08-2026 15:20,CUS-034892,Jonathan Ibrahim,Male,07-04-1977,49,Divorced,Citizen,Education,157113,100k-200k,D14,jonathan.ibrahim55@example.com,+65 82373585,POL-0029013,21-12-2025,15-01-2026,PRUWealth Plus,Savings & Wealth,Digital,Annual,5608.09,136000,5608.09,0.0716,30,Inforce,7,N,,Y,,N,,,,,27,N,CLM-0029013,18-08-2026,Critical Illness,3232.05,Pending,,45,N,N,-0.04,8,ASR-0002,25000,N,N,0.13,,,,,,,,,False,False,False,False,EXACT_DUPLICATE
RID-0036893,AGENCY_MGMT,22-08-2026 02:57,CUS-007777,Hakim Kumar,Male,08-12-1977,49,Widowed,Citizen,Healthcare,83944,50k-100k,D22,hakim.kumar431@example.com,+65 92447232,POL-0036893,24-09-2025,19-10-2025,PRUShield Life,Protection,Agency,Semi-Annual,2650.14,2894000,2650.14,0.309,30,Inforce,10,N,,Y,,N,,,,,64,N,,,,,,,,N,N,0.24,5,,,,,,AGT-00508,Denise Ng,Senior,84,AU-10,Resigned,69.7,0.249,False,False,False,False,EXACT_DUPLICATE
RID-0004499,CRM,15-05-2026 04:12,CUS-027724,Kavitha Hassan,Female,19-02-1963,63,Married,Permanent Resident,Retired,78176,50k-100k,D25,kavitha.hassan329@example.com,+65 84870531,POL-0004499,02-12-2024,14-01-2025,PRUSelect Vantage,Investment-Linked,Agency,Quarterly,31031.77,421000,31031.77,0.0986,30,Inforce,19,N,,Y,,N,,,,,77,N,CLM-0004499,21-05-2025,Day Surgery,6666.48,Approved,,24,N,N,0.1,9,ASR-0055,5000,N,N,0.07,AGT-00537,Yong Sheng Toh,Established,79,AU-12,Active,45,0.394,False,False,False,False,EXACT_DUPLICATE
RID-0004088,CLAIMS_SYS,24-05-2026 14:26,CUS-010492,Nurul Aisyah Chan,Female,23-04-1980,46,Widowed,Citizen,Civil Service,96396,50k-100k,D25,nurul.aisyah.chan241@example.com,+65 84317101,POL-0004088,27-12-2024,22-01-2025,PRUActive Term,Protection,Agency,Monthly,8321.76,2658000,8321.76,0.2705,5,Inforce,19,N,,Y,,N,,,,,0,N,CLM-0004088,13-04-2025,Critical Illness,1511.93,Approved,,17,N,N,0.46,7,ASR-0004,100000,N,N,0.32,AGT-01091,Anjali Menon,Senior,107,AU-01,Active,45.6,0.378,False,False,False,False,EXACT_DUPLICATE
RID-0018243,CLAIMS_SYS,10-04-2026 16:38,CUS-005262,Xin Yi Raj,Female,04-07-1985,41,Widowed,Citizen,Manager,160064,100k-200k,D10,xin.yi.raj345@example.com,+65 97457331,POL-0018243,30-01-2024,22-02-2024,PRUExtra Care,Health & IP,Bancassurance,Annual,6403.31,350000,6403.31,0.1028,10,Inforce,30,N,,Y,Private Hospital,Y,2729.17,2729.17,0,0,0,N,,,,,,,,N,N,0.43,7,,,,,,,,,,,,,,False,False,False,False,EXACT_DUPLICATE
RID-0012877,POLICY_ADMIN,17-06-2026 04:17,CUS-034007,Priya Raj,Female,12-01-1993,33,Widowed,Citizen,Healthcare,91154,50k-100k,D08,priya.raj497@example.com,+65 95863844,POL-0012877,28-12-2023,06-02-2024,PRUVantage Legacy,Savings & Wealth,Bancassurance,Monthly,48577.46,423000,48577.46,0.0724,20,Inforce,31,N,,Y,,N,,,,,156,N,CLM-0012877,27-12-2024,Accident,2443.47,Approved,,9,N,N,0.14,7,ASR-0031,100000,N,N,0.026,,,,,,,,,False,False,False,False,EXACT_DUPLICATE
RID-0022278,CLAIMS_SYS,12-08-2026 21:19,CUS-006931,Kavitha Hassan,Female,23-01-1986,40,Widowed,Citizen,Self-Employed,136371,100k-200k,D27,kavitha.hassan22@example.com,+65 97241144,POL-0022278,12-12-2024,10-01-2025,PRUVantage Legacy,Savings & Wealth,Agency,Monthly,54921.73,86000,54921.73,0.0928,5,Inforce,19,N,,Y,,N,,,,,54,Y,,,,,,,,N,N,0.29,9,,,,,,AGT-00628,Jun Hao Osman,Established,57,AU-27,Active,84.5,0.074,False,False,False,False,EXACT_DUPLICATE
RID-0027263,CLAIMS_SYS,26-03-2026 22:52,CUS-030610,Yong Sheng Hassan,Male,02-02-1974,52,Married,Citizen,Manager,67079,50k-100k,D10,yong.sheng.hassan230@example.com,+65 81072760,POL-0027263,14-09-2023,27-09-2023,PRUTerm Secure,Protection,Agency,Annual,4492.38,339000,4492.38,0.2937,20,Inforce,35,N,,Y,,N,,,,,85,N,CLM-0027263,05-10-2025,Disability,13928.4,Withdrawn,,22,N,N,0.83,9,ASR-0042,10000,N,N,0.21,AGT-01119,Zhi Hao Kumar,Established,73,AU-18,Active,74.8,0.314,False,False,False,False,EXACT_DUPLICATE
RID-0040676,CLAIMS_SYS,18-06-2026 17:14,CUS-032143,Daniel Fraser,Male,03-07-1967,59,Single,Citizen,Professional,79942,50k-100k,D09,daniel.fraser134@example.com,+65 95109882,POL-0040676,15-04-2023,26-05-2023,PRUWealth Plus,Savings & Wealth,Agency,Annual,37314.16,475000,37314.16,0.0696,5,Inforce,39,N,,Y,,N,,,,,236,N,CLM-0040676,29-10-2024,Disability,2550.53,Approved,,21,N,N,0.56,6,ASR-0023,50000,N,N,0.196,AGT-00617,Cheryl Neo,Senior,62,AU-16,Active,38.9,0.148,False,False,False,False,EXACT_DUPLICATE
RID-0005219,AGENCY_MGMT,28-07-2026 20:51,CUS-014500,Samantha Foo,Female,07-04-1984,42,Divorced,Citizen,Professional,31089,Below 50k,D12,samantha.foo362@example.com,+65 83963338,POL-0005219,02-06-2025,09-06-2025,PRUFlexiCash,Savings & Wealth,Agency,Quarterly,30398.36,66000,30398.36,0.0609,25,Surrendered,14,Y,23-01-2026,N,,N,,,,,0,N,CLM-0005219,10-08-2026,Accident,5621.36,Approved,,28,N,N,0.32,8,ASR-0003,10000,N,N,0.211,AGT-00681,Nicholas Ng,Established,50,AU-27,Resigned,48.9,0.321,False,False,False,False,EXACT_DUPLICATE
RID-0019994,CRM,01-09-2026 00:50,CUS-000057,Wei Ming Chong,Male,03-07-1965,61,Divorced,Citizen,Professional,60917,50k-100k,D21,wei.ming.chong3@example.com,+65 98568945,POL-0019994,10-01-2025,29-01-2025,PRUShield Premier,Health & IP,Agency,Monthly,1749.09,1246000,1749.09,0.1757,5,Inforce,19,N,,Y,Private Hospital,Y,857.94,857.94,0,1500,130,N,,,,,,,,N,N,0.75,10,,,,,,AGT-00740,Faisal Wright,New,6,AU-30,Active,54.3,0.113,False,False,False,False,EXACT_DUPLICATE
RID-0038206,CLAIMS_SYS,28-08-2026 20:56,CUS-037051,Hakim Menon,Male,03-03-1983,43,Married,Citizen,Education,241309,200k-400k,D14,hakim.menon169@example.com,+65 97690503,POL-0038206,25-06-2024,12-07-2024,PRUShield Standard,Health & IP,Direct,Semi-Annual,5435.07,832000,5435.07,0.1401,25,Inforce,26,N,,Y,Private Hospital,Y,2264.49,2264.49,0,1500,114,N,,,,,,,,N,N,0.43,10,,,,,,,,,,,,,,False,False,False,False,EXACT_DUPLICATE
RID-0004015,AGENCY_MGMT,26-03-2026 01:49,CUS-025354,Denise Chong,Female,02-07-1975,51,Divorced,Employment Pass,Education,61635,50k-100k,D14,denise.chong152@example.com,+65 89353176,POL-0004015,02-01-2026,04-02-2026,PRUVantage Legacy,Savings & Wealth,Agency,Annual,15520.69,110000,15520.69,0.0564,99,Inforce,6,N,,Y,,N,,,,,136,N,CLM-0004015,26-03-2026,Death Benefit,9319.22,Approved,,14,N,N,-0.18,7,ASR-0007,25000,N,N,0.028,AGT-00060,Aravind Bennett,Senior,44,AU-13,On Notice,43,0.197,False,False,False,False,EXACT_DUPLICATE
RID-0021421,AGENCY_MGMT,27-04-2026 08:26,CUS-039608,Daniel Foo,Male,08-09-1985,41,Widowed,Citizen,Education,41454,Below 50k,D07,daniel.foo381@example.com,+65 82715465,POL-0021421,25-01-2023,31-01-2023,PRUWealth Plus,Savings & Wealth,Agency,Annual,38607.93,209000,38607.93,0.0749,10,Inforce,43,N,,Y,,N,,,,,67,N,,,,,,,,N,N,0.46,5,,,,,,AGT-01192,Anjali Reddy,MDRT,236,AU-13,Active,63.5,0.081,False,False,False,False,EXACT_DUPLICATE
RID-0028798,POLICY_ADMIN,03-04-2026 08:48,CUS-006836,Samantha Sim,Female,01-05-1958,68,Married,Citizen,Manager,142401,100k-200k,D19,samantha.sim180@example.com,+65 82968941,POL-0028798,18-03-2025,06-04-2025,PRUSave Endowment,Savings & Wealth,Agency,Semi-Annual,33101.76,52000,33101.76,0.0517,10,Lapsed,17,Y,18-05-2026,Y,,N,,,,,200,N,CLM-0028798,14-08-2025,Day Surgery,2060.89,Approved,,10,N,N,0.12,9,ASR-0006,25000,N,N,0.077,AGT-01135,Suresh Nair,Established,43,AU-21,Active,30,0.235,False,False,False,False,EXACT_DUPLICATE
RID-0035024,AGENCY_MGMT,22-06-2026 11:22,CUS-035302,Suresh Chua,Male,26-07-1967,59,Widowed,Citizen,Education,125238,100k-200k,D24,suresh.chua123@example.com,+65 81412465,POL-0035024,22-04-2023,24-05-2023,PRULink Assurance,Investment-Linked,Digital,Monthly,44404.1,102000,44404.1,0.1525,20,Inforce,39,N,,Y,,N,,,,,13,N,,,,,,,,N,N,0.69,5,,,,,,,,,,,,,,False,False,False,False,EXACT_DUPLICATE
RID-0022362,CLAIMS_SYS,19-07-2026 01:55,CUS-031418,Jonathan Bennett,Male,18-04-1972,54,Single,Citizen,Technician,88317,50k-100k,D10,jonathan.bennett94@example.com,+65 82918977,POL-0022362,13-08-2023,17-08-2023,PRUVantage Legacy,Savings & Wealth,Digital,Monthly,25535.91,430000,25535.91,0.0659,20,Inforce,37,N,,Y,,N,,,,,0,N,CLM-0022362,29-01-2024,Accident,4256.61,Approved,,21,N,N,0.81,9,ASR-0036,25000,N,N,0.085,,,,,,,,,False,False,False,False,EXACT_DUPLICATE
RID-0038981,CRM,13-07-2026 03:21,CUS-038750,Aravind Fraser,Male,28-03-1982,44,Widowed,Citizen,Self-Employed,57516,50k-100k,D22,aravind.fraser19@example.com,+65 96382689,POL-0038981,30-05-2026,25-06-2026,PRUShield Premier,Health & IP,Bancassurance,Quarterly,3450.86,931000,3450.86,0.1277,20,Inforce,2,N,,Y,Private Hospital,Y,1232.73,719.86,5,3500,19,N,,,,,,,,N,N,0.04,8,,,,,,,,,,,,,,False,False,False,False,EXACT_DUPLICATE
RID-0033444,POLICY_ADMIN,22-06-2026 09:46,CUS-002373,Hakim Nair,Male,05-01-1973,53,Widowed,Permanent Resident,Retired,138412,100k-200k,D04,hakim.nair489@example.com,+65 95217649,POL-0033444,18-08-2024,30-08-2024,PRUWealth Plus,Savings & Wealth,Bancassurance,Annual,32849.07,322000,32849.07,0.0286,99,Inforce,24,N,,Y,,N,,,,,10,N,,,,,,,,N,N,0.23,6,,,,,,,,,,,,,,False,False,False,False,EXACT_DUPLICATE
RID-0018829,CRM,15-04-2026 18:37,CUS-010813,Zulkifli Iyer,Male,14-08-1997,29,Single,Permanent Resident,Retired,82355,50k-100k,D13,zulkifli.iyer464@example.com,+65 92657592,POL-0018829,18-11-2024,29-11-2024,PRUSelect Vantage,Investment-Linked,Bancassurance,Monthly,24614.7,491000,24614.7,0.0868,25,Inforce,21,N,,Y,,N,,,,,51,N,CLM-0018829,17-01-2026,Day Surgery,19180.83,Approved,,25,N,N,0.57,7,ASR-0022,25000,N,N,0.41,,,,,,,,,False,False,False,False,EXACT_DUPLICATE
RID-0010631,CLAIMS_SYS,24-06-2026 03:44,CUS-030063,Jonathan Sharma,Male,22-11-1980,46,Single,Permanent Resident,Manager,102681,100k-200k,D04,jonathan.sharma19@example.com,+65 86611972,POL-0010631,09-02-2026,13-02-2026,PRUSave Endowment,Savings & Wealth,Broker,Annual,46377.14,153000,46377.14,0.0705,5,Inforce,6,N,,Y,,N,,,,,80,N,CLM-0010631,12-07-2026,Accident,27140.5,Approved,,14,N,N,0.07,8,ASR-0055,5000,N,N,0.203,AGT-00643,Divya Ho,Senior,143,AU-28,Active,76.1,0.265,False,False,False,False,EXACT_DUPLICATE
RID-0045784,POLICY_ADMIN,09-08-2026 04:52,CUS-036157,Priya Kumar,Female,19-10-1985,41,Married,Citizen,Self-Employed,94027,50k-100k,D28,priya.kumar326@example.com,+65 81431467,POL-0045784,02-06-2025,21-06-2025,PRUSave Endowment,Savings & Wealth,Agency,Monthly,17622.06,318000,17622.06,0.0872,15,Inforce,14,N,,Y,,N,,,,,20,N,,,,,,,,N,N,0.6,6,,,,,,AGT-01089,Siew Peng Seah,Established,70,AU-19,Active,27.6,0.174,False,False,False,False,EXACT_DUPLICATE
RID-0000819,POLICY_ADMIN,21-04-2026 02:29,CUS-021191,Hui Ling Salleh,Female,15-02-1975,51,Married,Citizen,Retired,63151,50k-100k,D17,hui.ling.salleh8@example.com,+65 99565333,POL-0000819,17-07-2025,21-08-2025,PRUShield Life,Protection,Bancassurance,Monthly,1384.92,2249000,1384.92,0.224,30,Inforce,12,N,,Y,,N,,,,,97,N,CLM-0000819,15-12-2025,Death Benefit,4028.24,Approved,,15,N,Y,-0.3,0,ASR-0059,50000,N,N,0.094,,,,,,,,,False,False,False,False,EXACT_DUPLICATE
RID-0003415,CLAIMS_SYS,22-04-2026 03:01,CUS-020330,Nicholas Ong,Male,23-06-1988,38,Married,Citizen,Manager,47746,Below 50k,D23,nicholas.ong144@example.com,+65 93862265,POL-0003415,18-12-2025,03-01-2026,PRUTerm Secure,Protection,Digital,Monthly,5334.23,2121000,5334.23,0.3366,30,Inforce,8,N,,Y,,N,,,,,294,N,CLM-0003415,11-08-2026,Critical Illness,4405.25,Partially Approved,,25,N,N,0.04,10,ASR-0014,5000,N,N,0.173,,,,,,,,,False,False,False,False,EXACT_DUPLICATE
RID-0002906,CLAIMS_SYS,30-07-2026 13:58,CUS-011564,Mei Yi Kumar,Female,07-07-1975,51,Divorced,Citizen,Retired,137918,100k-200k,D23,mei.yi.kumar242@example.com,+65 89525951,POL-0002906,09-06-2023,16-07-2023,PRUWealth Plus,Savings & Wealth,Bancassurance,Annual,55683.14,129000,55683.14,0.0508,25,Inforce,38,N,,Y,,N,,,,,205,Y,,,,,,,,N,N,0.13,6,,,,,,,,,,,,,,False,False,False,False,EXACT_DUPLICATE
RID-0025777,POLICY_ADMIN,27-04-2026 18:39,CUS-027417,Yong Sheng Kumar,Male,28-11-1975,51,Single,Citizen,Executive,68209,50k-100k,D06,yong.sheng.kumar115@example.com,+65 93236551,POL-0025777,17-12-2023,24-12-2023,PRUWealth Plus,Savings & Wealth,Broker,Semi-Annual,25256.21,149000,25256.21,0.0509,10,Inforce,32,N,,Y,,N,,,,,192,Y,CLM-0025777,30-11-2025,Maternity,1572.66,Approved,,23,N,N,0.04,8,ASR-0030,25000,N,N,0.389,AGT-00885,Hui Ling Fraser,New,3,AU-15,Active,53.8,0.041,False,False,False,False,EXACT_DUPLICATE
RID-0005158,CRM,09-08-2026 22:38,CUS-024807,Kavitha Teo,Female,14-09-1964,62,Widowed,Citizen,Manager,30000,Below 50k,D22,kavitha.teo458@example.com,+65 97113852,POL-0005158,10-06-2026,16-07-2026,PRUActive Term,Protection,Digital,Monthly,5778.61,519000,5778.61,0.2304,15,Inforce,1,N,,Y,,N,,,,,0,Y,,,,,,,,N,N,0.45,10,,,,,,,,,,,,,,False,False,False,False,EXACT_DUPLICATE
RID-0001913,AGENCY_MGMT,28-03-2026 07:30,CUS-023683,Faisal Lee,Male,24-12-2005,21,Divorced,Citizen,Sales,49851,Below 50k,D11,faisal.lee180@example.com,+65 99485047,POL-0001913,02-01-2025,16-02-2025,PRUSave Endowment,Savings & Wealth,Bancassurance,Monthly,44396.11,238000,44396.11,0.0755,5,Inforce,18,N,,Y,,N,,,,,44,N,CLM-0001913,01-06-2026,Death Benefit,10705.41,Partially Approved,,20,N,N,0.01,10,ASR-0004,100000,N,N,0.379,,,,,,,,,False,False,False,False,EXACT_DUPLICATE
RID-0022634,CLAIMS_SYS,19-06-2026 00:24,CUS-019980,Farah Bennett,Female,18-08-2005,21,Single,Permanent Resident,Manager,50640,50k-100k,D22,farah.bennett423@example.com,+65 87372474,POL-0022634,19-01-2023,02-02-2023,PRUSave Endowment,Savings & Wealth,Agency,Monthly,59751.76,283000,59751.76,0.0595,25,Inforce,43,N,,Y,,N,,,,,77,Y,CLM-0022634,12-04-2025,Death Benefit,8111.99,Approved,,19,N,N,0.13,9,ASR-0045,10000,N,N,0.116,AGT-00886,Siew Peng Iyer,Established,90,AU-31,Active,39,0.397,False,False,False,False,EXACT_DUPLICATE
RID-0001662,AGENCY_MGMT,27-06-2026 01:32,CUS-024849,Cheryl Pillai,Female,11-10-1993,33,Married,Employment Pass,Executive,253998,200k-400k,D20,cheryl.pillai291@example.com,+65 84202533,POL-0001662,09-09-2025,24-10-2025,PRUShield Life,Protection,Bancassurance,Monthly,6126.91,2208000,6126.91,0.2812,15,Inforce,10,N,,Y,,N,,,,,38,N,CLM-0001662,11-12-2025,Outpatient Specialist,3632.65,Declined,Documentation incomplete,11,N,N,0.47,7,ASR-0047,5000,N,N,0.296,,,,,,,,,False,False,False,False,EXACT_DUPLICATE
RID-0013194,CRM,12-07-2026 16:48,CUS-004370,Divya Iyer,Female,12-07-1991,35,Divorced,Citizen,Sales,134591,100k-200k,D04,divya.iyer139@example.com,+65 87555274,POL-0013194,14-05-2026,13-06-2026,PRUShield Life,Protection,Agency,Monthly,743.21,1404000,743.21,0.2388,5,Inforce,2,N,,Y,,N,,,,,69,N,CLM-0013194,15-07-2026,Maternity,2252.38,Approved,,23,N,N,0.79,9,ASR-0050,5000,N,N,0.094,AGT-00714,Nicholas Yusof,Established,25,AU-29,Active,80,0.207,False,False,False,False,EXACT_DUPLICATE
RID-0042703,CRM,30-03-2026 20:13,CUS-012546,Edwin Goh,Male,26-05-1979,47,Divorced,Citizen,Technician,145484,100k-200k,D14,edwin.goh426@example.com,+65 88957099,POL-0042703,20-10-2025,28-10-2025,PRUVantage Legacy,Savings & Wealth,Digital,Quarterly,52413.02,293000,52413.02,0.0698,30,Inforce,10,N,,Y,,N,,,,,0,N,,,,,,,,N,N,0.39,10,,,,,,,,,,,,,,False,False,False,False,EXACT_DUPLICATE
RID-0012579,POLICY_ADMIN,15-05-2026 03:46,CUS-011177,Jonathan Teo,Male,09-01-1988,38,Divorced,Citizen,Education,70476,50k-100k,D17,jonathan.teo446@example.com,+65 84341693,POL-0012579,09-02-2024,24-02-2024,PRULink Global Growth,Investment-Linked,Agency,Annual,2053.92,614000,2053.92,0.1674,20,Inforce,30,N,,Y,,N,,,,,76,Y,,,,,,,,N,N,0.35,9,,,,,,AGT-01166,Muhammad Ariff Aziz,Senior,171,AU-01,Active,67.1,0.048,False,False,False,False,EXACT_DUPLICATE
RID-0028542,CRM,06-06-2026 18:39,CUS-034687,Hakim Reddy,Male,04-03-1989,37,Divorced,Permanent Resident,Professional,62746,50k-100k,D15,hakim.reddy38@example.com,+65 95936009,POL-0028542,27-08-2024,30-09-2024,PRULink Global Growth,Investment-Linked,Agency,Semi-Annual,42949.67,766000,42949.67,0.1635,30,Inforce,23,N,,Y,,N,,,,,193,N,,,,,,,,N,N,0.61,6,,,,,,AGT-00152,Jonathan Chan,Senior,54,AU-25,Active,63.8,0.305,False,False,False,False,EXACT_DUPLICATE
RID-0044329,POLICY_ADMIN,01-09-2026 05:42,CUS-011894,Marcus Bennett,Male,20-11-1984,42,Divorced,Permanent Resident,Technician,43640,Below 50k,D28,marcus.bennett38@example.com,+65 94563102,POL-0044329,18-03-2026,14-04-2026,PRUActive Term,Protection,Agency,Monthly,6532.83,887000,6532.83,0.2224,15,Inforce,4,N,,Y,,N,,,,,16,N,CLM-0044329,20-04-2026,Disability,1284.87,Approved,,19,N,N,0.48,9,ASR-0007,25000,N,N,0.41,AGT-01196,Xin Yi Neo,Established,84,AU-15,Resigned,67.4,0.291,False,False,False,False,EXACT_DUPLICATE
RID-0003506,CRM,19-07-2026 07:35,CUS-002986,Daniel Salleh,Male,21-01-1968,58,Divorced,Citizen,Sales,137088,100k-200k,D20,daniel.salleh103@example.com,+65 81098997,POL-0003506,19-01-2024,09-02-2024,PRUVantage Legacy,Savings & Wealth,Digital,Monthly,28049.06,424000,28049.06,0.0749,99,Inforce,31,N,,Y,,N,,,,,104,N,CLM-0003506,01-05-2026,Accident,5731.34,Approved,,8,N,N,-0.18,9,ASR-0050,5000,N,N,0.192,,,,,,,,,False,False,False,False,EXACT_DUPLICATE
RID-0032137,AGENCY_MGMT,15-06-2026 05:26,CUS-023902,Aravind Seah,Male,10-05-1994,32,Divorced,Citizen,Healthcare,126593,100k-200k,D06,aravind.seah440@example.com,+65 89715829,POL-0032137,14-04-2025,24-05-2025,PRUActive Term,Protection,Agency,Monthly,8249.97,1401000,8249.97,0.2853,5,Inforce,15,N,,Y,,N,,,,,6,N,CLM-0032137,08-02-2026,Critical Illness,2909.23,Partially Approved,,26,N,N,0.12,8,ASR-0002,25000,N,N,0.253,AGT-00912,Faisal Yusof,Established,70,AU-23,Active,81.4,0.446,False,False,False,False,EXACT_DUPLICATE
RID-0031497,AGENCY_MGMT,01-06-2026 05:35,CUS-003705,Aminah Salleh,Female,27-02-1969,57,Widowed,Citizen,Education,175332,100k-200k,D14,aminah.salleh389@example.com,+65 92597586,POL-0031497,15-06-2023,25-07-2023,PRUShield Standard,Health & IP,Agency,Annual,6068.95,1165000,6068.95,0.1586,99,Inforce,37,N,,Y,Public A-Ward,N,,,,,52,Y,CLM-0031497,16-04-2025,Day Surgery,2097.19,Approved,,27,N,N,0.16,8,ASR-0039,100000,N,N,0.013,AGT-00799,Zarina Nair,Established,47,AU-10,Active,52,0.433,False,False,False,False,EXACT_DUPLICATE
RID-0031843,AGENCY_MGMT,30-05-2026 18:39,CUS-003990,Denise Aziz,Female,01-09-1952,74,Married,Permanent Resident,Manager,101142,100k-200k,D17,denise.aziz188@example.com,+65 81061297,POL-0031843,26-05-2024,09-07-2024,PRUActive Term,Protection,Agency,Annual,5821.81,1336000,5821.81,0.2383,25,Inforce,26,N,,Y,,N,,,,,53,N,,,,,,,,N,N,0.65,7,,,,,,AGT-00090,Hui Ling Toh,Senior,157,AU-31,Active,62.5,0.377,False,False,False,False,EXACT_DUPLICATE
RID-0033478,AGENCY_MGMT,16-07-2026 02:25,CUS-009311,Siti Nadia Chan,Female,07-05-1996,30,Divorced,Citizen,Healthcare,148373,100k-200k,D17,siti.nadia.chan332@example.com,+65 86316242,POL-0033478,15-04-2026,19-04-2026,PRUShield Life,Protection,Bancassurance,Semi-Annual,6137.64,2574000,6137.64,0.2643,20,Inforce,4,N,,Y,,N,,,,,0,Y,,,,,,,,N,N,0.61,10,,,,,,,,,,,,,,False,False,False,False,EXACT_DUPLICATE
RID-0001808,POLICY_ADMIN,16-08-2026 02:23,CUS-020167,Xin Yi Sharma,Female,25-04-1989,37,Married,Citizen,Sales,95586,50k-100k,D06,xin.yi.sharma184@example.com,+65 89255125,POL-0001808,26-04-2026,04-05-2026,PRUCritical Cover,Protection,Bancassurance,Annual,3578.19,2932000,3578.19,0.2791,25,Inforce,4,N,,Y,,N,,,,,7,N,,,,,,,,N,N,0.21,6,,,,,,,,,,,,,,False,False,False,False,EXACT_DUPLICATE
RID-0021213,CRM,26-08-2026 21:45,CUS-022328,Siti Nadia Lee,Female,28-08-1981,45,Divorced,Permanent Resident,Education,100632,100k-200k,D04,siti.nadia.lee216@example.com,+65 85257780,POL-0021213,04-08-2024,16-09-2024,PRUVantage Legacy,Savings & Wealth,Agency,Monthly,51030.88,394000,51030.88,0.0926,20,Inforce,23,N,,Y,,N,,,,,22,N,CLM-0021213,28-11-2024,Outpatient Specialist,5161.17,Declined,Policy exclusion clause,1,N,N,0.1,10,ASR-0019,100000,N,N,0.105,AGT-00547,Kavitha Low,Senior,75,AU-17,Active,83.3,0.149,False,False,False,False,EXACT_DUPLICATE
RID-0007874,CRM,19-07-2026 23:02,CUS-033194,Rachel Neo,Female,13-04-2004,22,Single,Employment Pass,Civil Service,82786,50k-100k,D13,rachel.neo367@example.com,+65 87900746,POL-0007874,29-12-2025,01-02-2026,PRUFlexiCash,Savings & Wealth,Bancassurance,Semi-Annual,29883.48,455000,29883.48,0.0312,25,Inforce,7,N,,Y,,N,,,,,22,N,CLM-0007874,02-03-2026,Critical Illness,4319.3,Withdrawn,,22,N,N,0.55,10,ASR-0039,100000,N,N,0.005,,,,,,,,,False,False,False,False,EXACT_DUPLICATE
RID-0036643,AGENCY_MGMT,08-07-2026 05:13,CUS-015000,Vikram Neo,Male,23-12-1998,28,Divorced,Citizen,Sales,64769,50k-100k,D18,vikram.neo229@example.com,+65 85047579,POL-0036643,24-03-2025,26-04-2025,PRUSave Endowment,Savings & Wealth,Digital,Annual,15386.31,132000,15386.31,0.0551,20,Matured,16,N,,Y,,N,,,,,23,N,,,,,,,,N,N,0.86,10,,,,,,,,,,,,,,False,False,False,False,EXACT_DUPLICATE
RID-0024230,CLAIMS_SYS,01-07-2026 20:05,CUS-021299,Marcus Yusof,Male,18-12-1977,49,Divorced,Employment Pass,Professional,86604,50k-100k,D04,marcus.yusof51@example.com,+65 96295587,POL-0024230,17-09-2024,09-10-2024,PRUSave Endowment,Savings & Wealth,Digital,Annual,52424.32,212000,52424.32,0.0549,30,Inforce,23,N,,Y,,N,,,,,35,N,,,,,,,,N,N,0.2,10,,,,,,,,,,,,,,False,False,False,False,EXACT_DUPLICATE
RID-0040055,CRM,28-06-2026 13:07,CUS-015673,Zulkifli Reddy,Male,01-02-1994,32,Single,Citizen,Self-Employed,61772,50k-100k,D04,zulkifli.reddy347@example.com,+65 85650714,POL-0040055,30-09-2024,15-10-2024,PRUShield A Plus,Health & IP,Digital,Annual,3800.99,218000,3800.99,0.173,25,Inforce,22,N,,Y,Private Hospital,Y,1750.91,1750.91,0,0,33,N,,,,,,,,N,N,0.48,8,,,,,,,,,,,,,,False,False,False,False,EXACT_DUPLICATE
RID-0036066,AGENCY_MGMT,29-05-2026 12:36,CUS-036931,Nicholas Chua,Male,06-05-1980,46,Single,Citizen,Retired,114933,100k-200k,D25,nicholas.chua485@example.com,+65 85687342,POL-0036066,21-12-2024,17-01-2025,PRUTerm Secure,Protection,Direct,Semi-Annual,3365.12,1694000,3365.12,0.2319,25,Inforce,19,N,,Y,,N,,,,,11,Y,CLM-0036066,28-07-2026,Critical Illness,5646.38,Declined,Treatment not medically necessary,26,N,N,-0.19,9,ASR-0049,100000,N,N,0.134,,,,,,,,,False,False,False,False,EXACT_DUPLICATE
RID-0028946,POLICY_ADMIN,03-07-2026 05:06,CUS-028925,Zulkifli Goh,Male,10-11-1959,67,Single,Citizen,Sales,66026,50k-100k,D22,zulkifli.goh95@example.com,+65 93120118,POL-0028946,26-04-2026,10-06-2026,PRUTerm Secure,Protection,Agency,Semi-Annual,8710.89,435000,8710.89,0.2453,20,Inforce,2,N,,Y,,N,,,,,0,N,CLM-0028946,18-08-2026,Day Surgery,5645.5,Pending,,45,N,N,0.49,10,ASR-0032,25000,N,N,0.119,AGT-01089,Siew Peng Seah,Established,70,AU-19,Active,27.6,0.174,False,False,False,False,EXACT_DUPLICATE
RID-0027315,AGENCY_MGMT,19-06-2026 08:32,CUS-007836,Hakim Sim,Male,23-12-1988,38,Widowed,Citizen,Healthcare,49677,Below 50k,D14,hakim.sim119@example.com,+65 99687559,POL-0027315,10-05-2026,26-05-2026,PRUFlexiCash,Savings & Wealth,Broker,Quarterly,34925.64,469000,34925.64,0.0757,5,Inforce,3,N,,Y,,N,,,,,69,N,CLM-0027315,24-07-2026,Outpatient Specialist,3373.91,Partially Approved,,5,N,N,0.66,10,ASR-0015,25000,N,N,0.65,AGT-00926,Jonathan Harper,New,12,AU-03,Active,23.8,0.074,False,False,False,False,EXACT_DUPLICATE
RID-0032653,AGENCY_MGMT,31-05-2026 07:57,CUS-029027,Hakim Chua,Male,14-03-1984,42,Single,Citizen,Technician,47358,Below 50k,D16,hakim.chua115@example.com,+65 89798487,POL-0032653,31-05-2025,10-06-2025,PRUSelect Vantage,Investment-Linked,Digital,Quarterly,34427.5,463000,34427.5,0.1368,25,Inforce,14,N,,Y,,N,,,,,97,N,,,,,,,,N,N,0.39,8,,,,,,,,,,,,,,False,False,False,False,EXACT_DUPLICATE
RID-0016496,CRM,09-05-2026 05:22,CUS-012556,Aminah Pillai,Female,16-12-1989,37,Widowed,Foreigner,Manager,101613,100k-200k,D14,aminah.pillai40@example.com,+65 85803040,POL-0016496,29-03-2026,10-04-2026,PRUVantage Legacy,Savings & Wealth,Agency,Annual,24928.65,214000,24928.65,0.0621,20,Cancelled,4,Y,20-07-2026,N,,N,,,,,0,N,,,,,,,,N,N,0.42,9,,,,,,AGT-00391,Faisal Teo,Established,82,AU-16,Active,59.5,0.179,False,False,False,False,EXACT_DUPLICATE
RID-0026908,CLAIMS_SYS,29-04-2026 11:25,CUS-018659,Marcus Rahman,Male,26-09-1982,44,Single,Permanent Resident,Education,77631,50k-100k,D05,marcus.rahman325@example.com,+65 98299037,POL-0026908,25-05-2025,06-07-2025,PRUShield Life,Protection,Agency,Monthly,7447.82,1031000,7447.82,0.3009,99,Inforce,14,N,,Y,,N,,,,,43,N,CLM-0026908,20-12-2025,Disability,1881.49,Pending,,20,N,N,0.79,6,ASR-0006,25000,N,N,0.006,AGT-00175,Jonathan Seah,New,10,AU-32,Active,81.2,0.329,False,False,False,False,EXACT_DUPLICATE
RID-0033404,CRM,01-09-2026 07:55,CUS-036860,Denise Pillai,Female,16-05-1966,60,Widowed,Citizen,Retired,120181,100k-200k,D20,denise.pillai51@example.com,+65 98145687,POL-0033404,30-05-2026,26-06-2026,PRUCritical Cover,Protection,Broker,Monthly,7144.13,1959000,7144.13,0.2853,30,Inforce,2,N,,Y,,N,,,,,23,N,,,,,,,,N,N,0.46,9,,,,,,AGT-00468,Arjun Harper,New,11,AU-29,Active,41.2,0.274,False,False,False,False,EXACT_DUPLICATE
RID-0045814,POLICY_ADMIN,01-07-2026 22:46,CUS-021383,Farah Ng,Female,07-05-1972,54,Divorced,Citizen,Manager,200633,200k-400k,D12,farah.ng50@example.com,+65 97707106,POL-0045814,13-01-2025,11-02-2025,PRUVantage Legacy,Savings & Wealth,Broker,Annual,24298.41,115000,24298.41,0.0899,10,Inforce,18,N,,Y,,N,,,,,83,N,CLM-0045814,12-08-2025,Day Surgery,2636.99,Declined,Documentation incomplete,22,N,N,0.29,7,ASR-0039,100000,N,N,0.009,AGT-00068,Siti Nadia Fraser,New,11,AU-17,Active,91,0.024,False,False,False,False,EXACT_DUPLICATE
RID-0011641,AGENCY_MGMT,17-04-2026 15:39,CUS-031807,Priya Turner,Female,20-06-1985,41,Divorced,Permanent Resident,Retired,35817,Below 50k,D06,priya.turner370@example.com,+65 93151053,POL-0011641,22-08-2023,01-09-2023,PRUWealth Plus,Savings & Wealth,Digital,Quarterly,55616.17,134000,55616.17,0.0818,25,Inforce,36,N,,Y,,N,,,,,48,N,CLM-0011641,10-08-2026,Disability,4452.94,Approved,,28,N,N,0.75,10,ASR-0014,5000,N,N,0.132,,,,,,,,,False,False,False,False,EXACT_DUPLICATE
RID-0005538,POLICY_ADMIN,10-06-2026 04:06,CUS-039245,Siew Peng Menon,Female,10-10-1983,43,Single,Permanent Resident,Healthcare,142678,100k-200k,D08,siew.peng.menon453@example.com,+65 99441653,POL-0005538,02-01-2023,11-01-2023,PRUActive Term,Protection,Agency,Monthly,4651.42,481000,4651.42,0.3305,25,Inforce,44,N,,Y,,N,,,,,0,N,,,,,,,,N,N,0.94,9,,,,,,AGT-00380,Yong Sheng Lee,Established,37,AU-19,Active,88.6,0.449,False,False,False,False,EXACT_DUPLICATE
RID-0002740,CLAIMS_SYS,27-06-2026 20:23,CUS-038116,Zhi Hao Goh,Male,03-09-1983,43,Widowed,Foreigner,Healthcare,231436,200k-400k,D25,zhi.hao.goh367@example.com,+65 98302330,POL-0002740,11-06-2023,25-06-2023,PRUSave Endowment,Savings & Wealth,Broker,Annual,20410.76,376000,20410.76,0.0797,15,Inforce,38,N,,Y,,N,,,,,88,Y,CLM-0002740,08-04-2024,Maternity,1376.19,Approved,,20,N,N,0.24,9,ASR-0059,50000,N,N,0.261,AGT-00108,Nurul Aisyah Ong,Established,20,AU-25,Active,48.6,0.437,False,False,False,False,EXACT_DUPLICATE
RID-0018016,CLAIMS_SYS,08-06-2026 20:41,CUS-030887,Iskandar Raj,Male,02-09-1987,39,Divorced,Permanent Resident,Civil Service,155757,100k-200k,D01,iskandar.raj248@example.com,+65 88723144,POL-0018016,03-03-2023,06-03-2023,PRUShield A Plus,Health & IP,Direct,Annual,3593.31,1050000,3593.31,0.1433,30,Inforce,42,N,,Y,Public A-Ward,N,,,,,320,N,,,,,,,,N,N,0.03,10,,,,,,,,,,,,,,False,False,False,False,EXACT_DUPLICATE
RID-0026361,CRM,03-06-2026 05:55,CUS-019879,Divya Sim,Female,02-10-1982,44,Divorced,Employment Pass,Self-Employed,92444,50k-100k,D02,divya.sim42@example.com,+65 84496451,POL-0026361,17-07-2023,27-08-2023,PRUExtra Care,Health & IP,Agency,Semi-Annual,1382.97,927000,1382.97,0.1532,25,Matured,36,N,,Y,Private Hospital,Y,734.78,734.78,0,0,15,N,,,,,,,,N,N,-0.05,6,,,,,,AGT-00087,Valerie Ho,Established,45,AU-19,Active,23.5,0.386,False,False,False,False,EXACT_DUPLICATE
RID-0041180,CRM,04-06-2026 18:10,CUS-030381,Joanne Bennett,Female,04-12-1995,31,Single,Permanent Resident,Self-Employed,54799,50k-100k,D24,joanne.bennett384@example.com,+65 89169679,POL-0041180,21-06-2023,24-07-2023,PRUCritical Cover,Protection,Broker,Monthly,1573.44,2024000,1573.44,0.2898,20,Inforce,37,N,,Y,,N,,,,,305,N,,,,,,,,N,N,0.87,7,,,,,,AGT-00032,Marcus Iyer,Senior,157,AU-26,Active,20.2,0.068,False,False,False,False,EXACT_DUPLICATE
RID-0008811,AGENCY_MGMT,12-05-2026 16:25,CUS-019137,Mei Yi Neo,Female,20-11-1979,47,Divorced,Employment Pass,Professional,165570,100k-200k,D16,mei.yi.neo225@example.com,+65 88093557,POL-0008811,25-03-2023,02-05-2023,PRUExtra Care,Health & IP,Bancassurance,Monthly,6803.26,695000,6803.26,0.1585,99,Inforce,40,N,,Y,Private Hospital,Y,3562.04,3562.04,0,0,179,N,,,,,,,,N,N,-0.08,7,,,,,,,,,,,,,,False,False,False,False,EXACT_DUPLICATE
RID-0021742,POLICY_ADMIN,12-04-2026 23:32,CUS-018545,Vikram Low,Male,25-08-2005,21,Widowed,Permanent Resident,Technician,30000,Below 50k,D18,vikram.low322@example.com,+65 81000107,POL-0021742,21-10-2024,14-11-2024,PRUShield Standard,Health & IP,Agency,Monthly,7307.83,710000,7307.83,0.1535,30,Inforce,21,N,,Y,Public A-Ward,Y,3005.82,3005.82,0,2500,0,N,CLM-0021742,27-06-2026,Maternity,8713.93,Pending,,49,N,N,0.61,7,ASR-0007,25000,N,N,0.346,AGT-00404,Priya Koh,Established,90,AU-07,On Notice,70.6,0.402,False,False,False,False,EXACT_DUPLICATE
RID-0012177,CLAIMS_SYS,05-03-2026 22:46,CUS-023566,Lakshmi Osman,Female,17-01-1984,42,Divorced,Employment Pass,Education,45347,Below 50k,D24,lakshmi.osman16@example.com,+65 98421322,POL-0012177,15-01-2025,23-01-2025,PRUSave Endowment,Savings & Wealth,Agency,Annual,29503.56,84000,29503.56,0.0554,15,Inforce,19,N,,Y,,N,,,,,129,N,CLM-0012177,01-05-2025,Death Benefit,950.62,Approved,,8,N,N,-0.12,7,ASR-0008,10000,N,N,0.032,AGT-00924,Jia Hui Reddy,Established,58,AU-02,Active,99.3,0.061,False,False,False,False,EXACT_DUPLICATE
RID-0001303,CLAIMS_SYS,29-06-2026 10:15,CUS-001286,Anjali Turner,Female,26-09-1988,38,Single,Citizen,Education,41116,Below 50k,D21,anjali.turner402@example.com,+65 93231212,POL-0001303,22-03-2025,03-05-2025,PRULink Global Growth,Investment-Linked,Bancassurance,Quarterly,38970.71,145000,38970.71,0.1214,10,Inforce,16,N,,Y,,N,,,,,0,Y,,,,,,,,N,N,0.49,8,,,,,,,,,,,,,,False,False,False,False,EXACT_DUPLICATE
RID-0000722,CLAIMS_SYS,22-06-2026 19:24,CUS-026425,Denise Ng,Female,14-04-1969,57,Married,Employment Pass,Executive,56236,50k-100k,D22,denise.ng314@example.com,+65 94023957,POL-0000722,03-12-2024,07-12-2024,PRUWealth Plus,Savings & Wealth,Agency,Annual,20250.33,369000,20250.33,0.0841,30,Inforce,21,N,,Y,,N,,,,,17,N,CLM-0000722,09-03-2026,Accident,2019.21,Approved,,9,N,N,-0.02,7,ASR-0003,10000,N,N,0.261,AGT-00686,Wei Ming Teo,Senior,135,AU-32,Active,41.9,0.154,False,False,False,False,EXACT_DUPLICATE
RID-0009451,CRM,07-03-2026 14:22,CUS-014570,Rachel Bennett,Female,24-02-1992,34,Widowed,Citizen,Civil Service,88813,50k-100k,D28,rachel.bennett227@example.com,+65 89344288,POL-0009451,29-06-2025,08-07-2025,PRUWealth Plus,Savings & Wealth,Agency,Monthly,53423.6,320000,53423.6,0.0752,10,Inforce,14,N,,Y,,N,,,,,34,N,CLM-0009451,25-08-2026,Disability,4002.24,Approved,,40,N,N,0.3,9,ASR-0017,50000,N,N,0.319,AGT-00362,Hakim Ng,Established,96,AU-11,Active,35.5,0.354,False,False,False,False,EXACT_DUPLICATE
RID-0001048,CRM,10-03-2026 04:53,CUS-016256,Divya Ibrahim,Female,22-06-2000,26,Single,Permanent Resident,Retired,64489,50k-100k,D04,divya.ibrahim199@example.com,+65 83177236,POL-0001048,08-06-2025,20-06-2025,PRUVantage Legacy,Savings & Wealth,Bancassurance,Monthly,5322.71,341000,5322.71,0.0737,15,Inforce,14,N,,Y,,N,,,,,15,N,,,,,,,,N,N,0.54,7,,,,,,,,,,,,,,False,False,False,False,EXACT_DUPLICATE
RID-0039181,POLICY_ADMIN,07-08-2026 16:03,CUS-011505,Jia Hui Pillai,Female,26-04-1966,60,Married,Foreigner,Executive,30000,Below 50k,D04,jia.hui.pillai297@example.com,+65 96862122,POL-0039181,25-04-2023,07-05-2023,PRUWealth Plus,Savings & Wealth,Agency,Annual,7116.36,311000,7116.36,0.0412,99,Inforce,40,N,,Y,,N,,,,,0,N,,,,,,,,N,N,0.16,7,,,,,,AGT-01102,Farah Kumar,Established,27,AU-07,Active,86.7,0.329,False,False,False,False,EXACT_DUPLICATE
RID-0009023,CRM,26-03-2026 05:14,CUS-017928,Yong Sheng Reddy,Male,08-07-1989,37,Divorced,Permanent Resident,Education,40389,Below 50k,D10,yong.sheng.reddy233@example.com,+65 97867506,POL-0009023,05-04-2024,06-05-2024,PRUExtra Care,Health & IP,Direct,Annual,1573.33,668000,1573.33,0.1555,25,Lapsed,28,Y,26-11-2025,Y,Public A-Ward,N,,,,,543,N,CLM-0009023,10-12-2024,Critical Illness,9179.77,Declined,Policy exclusion clause,18,N,N,0.94,9,ASR-0040,100000,N,N,0.032,,,,,,,,,False,False,False,False,EXACT_DUPLICATE
RID-0001260,AGENCY_MGMT,09-06-2026 15:02,CUS-035190,Siti Nadia Toh,Female,03-11-1988,38,Single,Citizen,Civil Service,71493,50k-100k,D22,siti.nadia.toh375@example.com,+65 87121706,POL-0001260,24-10-2023,03-12-2023,PRUActive Term,Protection,Agency,Annual,2455.44,236000,2455.44,0.2703,15,Inforce,33,N,,Y,,N,,,,,83,N,CLM-0001260,21-05-2025,Accident,5197.84,Approved,,15,N,N,0.08,7,ASR-0054,5000,N,N,0.373,AGT-00108,Nurul Aisyah Ong,Established,20,AU-25,Active,48.6,0.437,False,False,False,False,EXACT_DUPLICATE
RID-0032145,AGENCY_MGMT,11-06-2026 23:22,CUS-028257,Aravind Ng,Male,19-03-1997,29,Divorced,Citizen,Healthcare,57987,50k-100k,D22,aravind.ng70@example.com,+65 99058756,POL-0032145,30-04-2026,09-06-2026,PRUExtra Care,Health & IP,Digital,Semi-Annual,5439.32,1270000,5439.32,0.1412,99,Inforce,2,N,,Y,Public B1-Ward,Y,2681.66,1813.4,15,2500,31,N,,,,,,,,N,N,0.3,8,,,,,,,,,,,,,,False,False,False,False,EXACT_DUPLICATE
RID-0027345,CLAIMS_SYS,01-06-2026 03:20,CUS-008904,Jonathan Ong,Male,01-07-1995,31,Married,Permanent Resident,Healthcare,46392,Below 50k,D12,jonathan.ong19@example.com,+65 96361765,POL-0027345,21-07-2024,11-08-2024,PRULink Global Growth,Investment-Linked,Agency,Annual,36445.78,652000,36445.78,0.1389,25,Lapsed,25,Y,11-01-2026,Y,,N,,,,,48,N,,,,,,,,N,N,0.07,8,,,,,,AGT-00874,Divya Ng,Senior,146,AU-35,Active,30.9,0.529,False,False,False,False,EXACT_DUPLICATE
RID-0007363,CRM,05-08-2026 23:57,CUS-018782,Samantha Lim,Female,04-04-1975,51,Single,Citizen,Civil Service,168028,100k-200k,D13,samantha.lim41@example.com,+65 95981143,POL-0007363,22-01-2024,29-01-2024,PRUCritical Cover,Protection,Agency,Semi-Annual,7710.98,2130000,7710.98,0.2484,30,Inforce,31,N,,Y,,N,,,,,130,N,,,,,,,,N,N,-0.03,10,,,,,,AGT-00256,Siew Peng Low,Established,71,AU-39,Active,74.5,0.15,False,False,False,False,EXACT_DUPLICATE
RID-0008698,CRM,14-07-2026 20:38,CUS-010206,Faisal Mitchell,Male,03-04-1991,35,Widowed,Employment Pass,Executive,83678,50k-100k,D25,faisal.mitchell438@example.com,+65 81106170,POL-0008698,28-02-2025,13-04-2025,PRULink Assurance,Investment-Linked,Broker,Monthly,43662.05,513000,43662.05,0.1085,10,Inforce,16,N,,Y,,N,,,,,0,N,CLM-0008698,26-11-2025,Hospitalisation,8029.81,Approved,,7,N,N,0.88,9,ASR-0059,50000,N,N,0.198,AGT-00273,Lakshmi Lim,New,6,AU-14,Active,55.8,0.386,False,False,False,False,EXACT_DUPLICATE
RID-0000858,AGENCY_MGMT,28-05-2026 17:30,CUS-010731,Anjali Chong,Female,24-06-1984,42,Divorced,Citizen,Healthcare,51734,50k-100k,D24,anjali.chong262@example.com,+65 92106611,POL-0000858,25-11-2023,21-12-2023,PRULink Assurance,Investment-Linked,Bancassurance,Quarterly,11483.03,464000,11483.03,0.1146,15,Inforce,32,N,,Y,,N,,,,,0,N,CLM-0000858,07-03-2025,Day Surgery,4992.7,Approved,,13,N,N,0.72,6,ASR-0017,50000,N,N,0.123,,,,,,,,,False,False,False,False,EXACT_DUPLICATE
RID-0032359,POLICY_ADMIN,07-03-2026 04:11,CUS-008307,Nurul Aisyah Aziz,Female,11-05-1981,45,Widowed,Citizen,Executive,109590,100k-200k,D04,nurul.aisyah.aziz398@example.com,+65 95111335,POL-0032359,16-06-2024,24-06-2024,PRUActive Term,Protection,Broker,Monthly,6406.07,786000,6406.07,0.2541,30,Inforce,26,N,,Y,,N,,,,,125,N,,,,,,,,N,N,0.77,5,,,,,,AGT-01142,Joanne Mitchell,New,7,AU-33,Active,27.4,0.416,False,False,False,False,EXACT_DUPLICATE
RID-0005476,AGENCY_MGMT,15-03-2026 19:30,CUS-008048,Divya Lim,Female,17-12-1978,48,Divorced,Citizen,Manager,96806,50k-100k,D17,divya.lim106@example.com,+65 98597731,POL-0005476,04-06-2024,13-06-2024,PRUShield Premier,Health & IP,Bancassurance,Monthly,3435.36,1148000,3435.36,0.0967,20,Inforce,27,N,,Y,Public A-Ward,Y,1413.6,1413.6,0,0,326,N,,,,,,,,N,N,0.57,10,,,,,,,,,,,,,,False,False,False,False,EXACT_DUPLICATE
RID-0027014,CLAIMS_SYS,01-05-2026 12:55,CUS-026646,Rohan Salleh,Male,22-01-1984,42,Divorced,Citizen,Manager,61583,50k-100k,D26,rohan.salleh264@example.com,+65 91825303,POL-0027014,06-08-2023,28-08-2023,PRUCritical Cover,Protection,Bancassurance,Monthly,2771.35,2848000,2771.35,0.2429,30,Inforce,36,N,,Y,,N,,,,,245,N,,,,,,,,N,N,0.42,8,,,,,,,,,,,,,,False,False,False,False,EXACT_DUPLICATE
RID-0019066,AGENCY_MGMT,21-08-2026 20:55,CUS-024306,Meera Seah,Female,24-08-1975,51,Divorced,Employment Pass,Manager,119800,100k-200k,D19,meera.seah167@example.com,+65 95826246,POL-0019066,06-11-2023,04-12-2023,PRUSave Endowment,Savings & Wealth,Agency,Monthly,11219.73,483000,11219.73,0.0831,25,Inforce,33,N,,Y,,N,,,,,16,N,CLM-0019066,03-11-2024,Hospitalisation,4065.17,Approved,,31,N,N,0.44,10,ASR-0049,100000,N,N,0.319,AGT-00376,Vikram Wong,Senior,135,AU-02,Active,92.6,0.048,False,False,False,False,EXACT_DUPLICATE
RID-0040238,CRM,19-05-2026 09:49,CUS-010871,Joanne Foo,Female,10-08-1981,45,Widowed,Citizen,Healthcare,56378,50k-100k,D10,joanne.foo204@example.com,+65 96955364,POL-0040238,12-01-2025,26-02-2025,PRUSave Endowment,Savings & Wealth,Bancassurance,Monthly,23942.94,283000,23942.94,0.0824,25,Inforce,18,N,,Y,,N,,,,,26,Y,CLM-0040238,23-09-2025,Disability,4020.38,Approved,,23,N,N,0.48,7,ASR-0038,100000,N,N,0.401,,,,,,,,,False,False,False,False,EXACT_DUPLICATE
RID-0046854,CLAIMS_SYS,10-08-2026 21:23,CUS-025509,Jia Hui Pillai,Female,12-11-1995,31,Widowed,Citizen,Self-Employed,64267,50k-100k,D23,jia.hui.pillai169@example.com,+65 82072510,POL-0046854,26-05-2026,06-06-2026,PRUShield Standard,Health & IP,Agency,Annual,2656.86,325000,2656.86,0.1562,15,Inforce,2,N,,Y,Private Hospital,Y,979.18,660.1,15,2500,49,N,CLM-0046854,29-07-2026,Death Benefit,10612.07,Approved,,19,N,N,-0.14,8,ASR-0009,25000,N,N,0.162,AGT-00170,Kavitha Wright,New,6,AU-07,Resigned,58.9,0.238,False,False,False,False,EXACT_DUPLICATE
RID-0009467,CLAIMS_SYS,19-05-2026 01:38,CUS-026195,Wei Ming Toh,Male,13-02-1975,51,Divorced,Citizen,Professional,79354,50k-100k,D05,wei.ming.toh348@example.com,+65 98604440,POL-0009467,31-07-2023,02-08-2023,PRUShield Life,Protection,Agency,Annual,2027.38,278000,2027.38,0.3246,99,Inforce,37,N,,Y,,N,,,,,0,N,CLM-0009467,07-12-2024,Disability,8196.27,Declined,Pre-existing condition,5,Y,N,0.26,10,ASR-0031,100000,N,N,0.336,AGT-00687,Suresh Ng,Established,60,AU-23,Active,78,0.046,False,False,False,False,EXACT_DUPLICATE
RID-0005693,CRM,28-03-2026 10:51,CUS-007456,Zhi Hao Goh,Male,11-06-1962,64,Single,Citizen,Retired,74659,50k-100k,D12,zhi.hao.goh232@example.com,+65 93311489,POL-0005693,11-11-2023,04-12-2023,PRUSave Endowment,Savings & Wealth,Digital,Quarterly,42325.83,134000,42325.83,0.0866,30,Cancelled,33,Y,08-02-2026,Y,,N,,,,,193,N,,,,,,,,N,N,0.11,9,,,,,,,,,,,,,,False,False,False,False,EXACT_DUPLICATE
RID-0007702,CRM,26-07-2026 17:13,CUS-005483,Divya Goh,Female,18-04-1972,54,Widowed,Employment Pass,Executive,87018,50k-100k,D03,divya.goh374@example.com,+65 81332611,POL-0007702,17-06-2026,04-07-2026,PRUExtra Care,Health & IP,Agency,Monthly,3056.69,1250000,3056.69,0.1284,99,Inforce,1,N,,Y,Public B1-Ward,Y,1543.14,759.86,5,2500,125,N,,,,,,,,N,N,-0.01,10,,,,,,AGT-00914,Marcus Salleh,Senior,128,AU-31,Active,41.2,0.76,False,False,False,False,EXACT_DUPLICATE
RID-0035888,CLAIMS_SYS,20-08-2026 19:12,CUS-026355,Deepak Ong,Male,24-10-1985,41,Widowed,Citizen,Healthcare,206622,200k-400k,D16,deepak.ong75@example.com,+65 85024894,POL-0035888,06-08-2023,19-09-2023,PRULink Global Growth,Investment-Linked,Bancassurance,Annual,8227.02,295000,8227.02,0.1317,25,Inforce,35,N,,Y,,N,,,,,123,N,CLM-0035888,15-06-2024,Accident,924.33,Approved,,14,N,N,0.27,7,ASR-0001,50000,N,N,0.112,,,,,,,,,False,False,False,False,EXACT_DUPLICATE
RID-0017534,CLAIMS_SYS,24-05-2026 11:14,CUS-022936,Faisal Seah,Male,04-05-1990,36,Divorced,Citizen,Civil Service,156897,100k-200k,D06,faisal.seah172@example.com,+65 98523796,POL-0017534,08-09-2023,27-09-2023,PRUExtra Care,Health & IP,Broker,Annual,5740.49,289000,5740.49,0.1379,15,Inforce,35,N,,Y,Public B1-Ward,Y,2724.13,2724.13,0,1500,20,N,CLM-0017534,25-04-2026,Hospitalisation,1411.97,Approved,,23,N,N,0.68,7,ASR-0021,100000,N,N,0.191,AGT-00101,Deepak Low,Established,54,AU-03,Active,91.1,0.309,False,False,False,False,EXACT_DUPLICATE
RID-0047210,POLICY_ADMIN,07-06-2026 12:59,CUS-030575,Joanne Sharma,Female,27-11-1999,27,Widowed,Citizen,Technician,52584,50k-100k,D13,joanne.sharma226@example.com,+65 82743827,POL-0047210,13-02-2024,27-02-2024,PRUSelect Vantage,Investment-Linked,Agency,Annual,38828.04,699000,38828.04,0.1733,15,Inforce,30,N,,Y,,N,,,,,0,N,CLM-0047210,31-05-2024,Critical Illness,2503.61,Approved,,18,N,N,-0.19,6,ASR-0027,25000,N,N,0.033,AGT-00807,Xin Yi Kamal,MDRT,118,AU-30,Active,23.5,0.231,False,False,False,False,EXACT_DUPLICATE
RID-0001567,AGENCY_MGMT,25-05-2026 10:19,CUS-032928,Siti Nadia Ong,Female,09-06-2005,21,Single,Citizen,Retired,51869,50k-100k,D12,siti.nadia.ong14@example.com,+65 87025563,POL-0001567,20-05-2024,11-06-2024,PRUSave Endowment,Savings & Wealth,Direct,Annual,49568.28,38000,49568.28,0.0394,30,Inforce,27,N,,Y,,N,,,,,0,N,,,,,,,,N,N,0.48,7,,,,,,,,,,,,,,False,False,False,False,EXACT_DUPLICATE
RID-0007771,AGENCY_MGMT,29-03-2026 03:29,CUS-012072,Hui Ling Harper,Female,03-08-1985,41,Widowed,Citizen,Self-Employed,97924,50k-100k,D12,hui.ling.harper316@example.com,+65 95600702,POL-0007771,05-03-2025,07-03-2025,PRUShield A Plus,Health & IP,Digital,Semi-Annual,3090.5,1433000,3090.5,0.1468,30,Inforce,18,N,,Y,Public A-Ward,Y,1625.07,1625.07,0,0,350,N,CLM-0007771,05-04-2025,Critical Illness,5861.58,Declined,Outside panel provider,23,N,N,0.27,8,ASR-0019,100000,N,N,0.169,,,,,,,,,False,False,False,False,EXACT_DUPLICATE
RID-0043060,CLAIMS_SYS,30-03-2026 10:45,CUS-009208,Valerie Wong,Female,21-09-2000,26,Married,Citizen,Professional,52964,50k-100k,D22,valerie.wong416@example.com,+65 86226002,POL-0043060,08-04-2023,01-05-2023,PRUShield Life,Protection,Agency,Semi-Annual,7893.56,1756000,7893.56,0.2463,10,Inforce,40,N,,Y,,N,,,,,65,N,,,,,,,,N,N,0.27,8,,,,,,AGT-00828,Priya Harper,Established,84,AU-25,Active,81.1,0.179,False,False,False,False,EXACT_DUPLICATE
RID-0041183,POLICY_ADMIN,19-06-2026 19:26,CUS-000570,Vikram Lee,Male,23-08-2005,21,Divorced,Foreigner,Manager,40849,Below 50k,D05,vikram.lee484@example.com,+65 98764986,POL-0041183,03-10-2024,28-10-2024,PRUExtra Care,Health & IP,Agency,Monthly,1047.2,928000,1047.2,0.188,25,Inforce,22,N,,Y,Private Hospital,N,,,,,36,Y,CLM-0041183,17-01-2026,Outpatient Specialist,41589.73,Approved,,14,N,N,0.05,8,ASR-0037,50000,N,N,0.119,AGT-01017,Priya Wright,Established,76,AU-35,Active,45.2,0.439,False,False,False,False,EXACT_DUPLICATE
RID-0019733,AGENCY_MGMT,28-07-2026 05:52,CUS-026452,Arjun Kumar,Male,02-02-1984,42,Widowed,Permanent Resident,Healthcare,68684,50k-100k,D24,arjun.kumar432@example.com,+65 93293967,POL-0019733,23-06-2026,03-07-2026,PRUShield Premier,Health & IP,Agency,Monthly,5991.99,841000,5991.99,0.1837,5,Inforce,2,N,,Y,Private Hospital,Y,2440.5,1707.22,10,3500,9,Y,CLM-0019733,24-07-2026,Outpatient Specialist,3191.72,Approved,,13,N,N,-0.07,10,ASR-0004,100000,N,N,0.285,AGT-00467,Nurul Aisyah Yusof,Senior,41,AU-22,Resigned,69.2,0.067,False,False,False,False,EXACT_DUPLICATE
RID-0015491,POLICY_ADMIN,22-05-2026 04:11,CUS-026379,Jonathan Raj,Male,16-08-1986,40,Married,Permanent Resident,Executive,81079,50k-100k,D14,jonathan.raj18@example.com,+65 82708430,POL-0015491,19-02-2025,27-03-2025,PRULink Assurance,Investment-Linked,Bancassurance,Monthly,15024.7,690000,15024.7,0.1327,25,Surrendered,17,Y,22-07-2026,Y,,N,,,,,11,N,CLM-0015491,22-04-2025,Death Benefit,8756.35,Declined,Treatment not medically necessary,20,N,N,0.07,10,ASR-0059,50000,N,N,0.386,,,,,,,,,False,False,False,False,EXACT_DUPLICATE
RID-0005234,AGENCY_MGMT,06-07-2026 20:17,CUS-040160,Samantha Goh,Female,07-12-1981,45,Widowed,Citizen,Professional,58458,50k-100k,D23,samantha.goh115@example.com,+65 86698584,POL-0005234,12-12-2024,07-01-2025,PRUActive Term,Protection,Bancassurance,Annual,4063.55,2638000,4063.55,0.273,20,Inforce,20,N,,Y,,N,,,,,0,N,CLM-0005234,24-08-2026,Death Benefit,59128.97,Approved,,28,N,N,0.39,6,ASR-0007,25000,N,N,0.122,,,,,,,,,False,False,False,False,EXACT_DUPLICATE
RID-0000214,CLAIMS_SYS,23-07-2026 14:36,CUS-012475,Chee Keong Ng,Male,10-06-1985,41,Married,Permanent Resident,Education,61918,50k-100k,D09,chee.keong.ng380@example.com,+65 99637062,POL-0000214,20-08-2023,24-09-2023,PRUShield Premier,Health & IP,Digital,Quarterly,490.34,786000,490.34,0.1846,25,Inforce,35,N,,Y,Private Hospital,N,,,,,129,N,CLM-0000214,22-12-2024,Critical Illness,45403.77,Approved,,1,N,N,0.58,7,ASR-0014,5000,N,N,0.414,,,,,,,,,False,False,False,False,EXACT_DUPLICATE
RID-0022977,CRM,06-08-2026 18:48,CUS-036526,Divya Ong,Female,26-08-1983,43,Single,Citizen,Healthcare,44565,Below 50k,D22,divya.ong79@example.com,+65 83466188,POL-0022977,02-01-2023,10-01-2023,PRUActive Term,Protection,Broker,Annual,3138.05,2428000,3138.05,0.2807,10,Inforce,44,N,,Y,,N,,,,,441,Y,,,,,,,,N,N,0.35,8,,,,,,AGT-00052,Wan Ting Koh,New,3,AU-17,Active,48.6,0.198,False,False,False,False,EXACT_DUPLICATE
RID-0026458,CRM,06-03-2026 10:45,CUS-010996,Nicholas Fraser,Male,12-03-1980,46,Divorced,Foreigner,Professional,117872,100k-200k,D28,nicholas.fraser396@example.com,+65 93605727,POL-0026458,12-01-2024,18-02-2024,PRUFlexiCash,Savings & Wealth,Broker,Monthly,28185.87,95000,28185.87,0.091,99,Inforce,30,N,,Y,,N,,,,,140,N,CLM-0026458,25-01-2025,Hospitalisation,1082.12,Approved,,4,N,N,0.73,9,ASR-0010,50000,N,N,0.782,AGT-00470,Kavitha Low,Established,48,AU-21,Active,70.6,0.3,False,False,False,False,EXACT_DUPLICATE
RID-0033011,AGENCY_MGMT,14-04-2026 17:48,CUS-013810,Wan Ting Menon,Female,05-10-1984,42,Single,Citizen,Executive,94977,50k-100k,D17,wan.ting.menon158@example.com,+65 99975782,POL-0033011,13-02-2025,11-03-2025,PRUSelect Vantage,Investment-Linked,Bancassurance,Monthly,4540.05,618000,4540.05,0.0984,25,Inforce,17,N,,Y,,N,,,,,175,N,CLM-0033011,09-01-2026,Day Surgery,4143.8,Approved,,24,N,N,-0.04,9,ASR-0016,100000,N,N,0.11,,,,,,,,,False,False,False,False,EXACT_DUPLICATE
RID-0019258,POLICY_ADMIN,28-05-2026 06:14,CUS-036975,Terence Lim,Male,21-05-1969,57,Divorced,Citizen,Executive,49526,Below 50k,D16,terence.lim231@example.com,+65 94427027,POL-0019258,20-04-2026,19-05-2026,PRUExtra Care,Health & IP,Agency,Annual,1054.87,734000,1054.87,0.2011,30,Inforce,3,N,,Y,Public A-Ward,Y,436.68,217.47,10,2500,25,N,,,,,,,,N,N,0.61,6,,,,,,AGT-00840,Samantha Ibrahim,New,2,AU-20,Active,94.5,0.358,False,False,False,False,EXACT_DUPLICATE
RID-0018825,CLAIMS_SYS,27-06-2026 13:56,CUS-025433,Faisal Koh,Male,13-05-1989,37,Divorced,Citizen,Education,85503,50k-100k,D09,faisal.koh376@example.com,+65 95666961,POL-0018825,04-03-2023,18-04-2023,PRUSave Endowment,Savings & Wealth,Bancassurance,Monthly,7857.03,393000,7857.03,0.0445,25,Inforce,41,N,,Y,,N,,,,,15,Y,CLM-0018825,07-06-2026,Outpatient Specialist,6952.42,Approved,,24,N,N,0.22,9,ASR-0049,100000,N,N,0.345,,,,,,,,,False,False,False,False,EXACT_DUPLICATE
RID-0032640,POLICY_ADMIN,27-05-2026 15:17,CUS-037847,Zulkifli Chua,Male,15-08-1975,51,Divorced,Citizen,Civil Service,67613,50k-100k,D03,zulkifli.chua446@example.com,+65 82867890,POL-0032640,05-02-2024,17-03-2024,PRUFlexiCash,Savings & Wealth,Digital,Monthly,31155.68,407000,31155.68,0.09,5,Inforce,29,N,,Y,,N,,,,,100,N,CLM-0032640,08-03-2026,Hospitalisation,3613.31,Pending,,42,N,N,0.73,8,ASR-0022,25000,N,N,0.406,,,,,,,,,False,False,False,False,EXACT_DUPLICATE
RID-0045488,CLAIMS_SYS,14-03-2026 18:01,CUS-006981,Daniel Seah,Male,14-12-1988,38,Single,Citizen,Self-Employed,95970,50k-100k,D28,daniel.seah94@example.com,+65 86257029,POL-0045488,06-01-2024,11-01-2024,PRUShield Premier,Health & IP,Agency,Quarterly,3026.2,1303000,3026.2,0.2099,10,Inforce,32,N,,Y,Private Hospital,N,,,,,368,N,,,,,,,,N,N,0.63,5,,,,,,AGT-00115,Muhammad Ariff Wong,MDRT,102,AU-08,Active,26.7,0.695,False,False,False,False,EXACT_DUPLICATE
RID-0046938,POLICY_ADMIN,31-07-2026 11:22,CUS-022279,Aminah Hassan,Female,18-08-1991,35,Widowed,Permanent Resident,Technician,45909,Below 50k,D03,aminah.hassan199@example.com,+65 94149192,POL-0046938,16-09-2025,27-10-2025,PRUVantage Legacy,Savings & Wealth,Agency,Monthly,46526.25,394000,46526.25,0.0723,5,Inforce,10,N,,Y,,N,,,,,155,N,CLM-0046938,30-10-2025,Accident,10349.64,Approved,,24,N,N,0.23,9,ASR-0056,50000,N,N,0.184,AGT-01103,Priya Hassan,Senior,83,AU-24,Active,20.9,0.237,False,False,False,False,EXACT_DUPLICATE
RID-0042655,POLICY_ADMIN,30-06-2026 23:39,CUS-007487,Terence Ng,Male,21-04-1978,48,Divorced,Citizen,Technician,65122,50k-100k,D03,terence.ng310@example.com,+65 98555475,POL-0042655,18-11-2023,24-11-2023,PRUShield Life,Protection,Agency,Annual,3049.33,1757000,3049.33,0.2929,10,Inforce,33,N,,Y,,N,,,,,60,Y,CLM-0042655,23-10-2025,Accident,4523.39,Declined,Treatment not medically necessary,17,N,N,1,9,ASR-0028,10000,N,N,0.016,AGT-01043,Jonathan Sim,New,11,AU-27,Active,57.8,0.416,False,False,False,False,EXACT_DUPLICATE
RID-0046018,CLAIMS_SYS,14-06-2026 11:55,CUS-017769,Hui Ling Chua,Female,04-12-1995,31,Divorced,Employment Pass,Retired,82430,50k-100k,D22,hui.ling.chua36@example.com,+65 87908827,POL-0046018,22-09-2023,22-10-2023,PRUCritical Cover,Protection,Agency,Annual,2366.4,2648000,2366.4,0.33,25,Inforce,34,N,,Y,,N,,,,,0,N,CLM-0046018,19-10-2025,Critical Illness,18277.94,Declined,Premium in arrears,14,N,N,0.52,6,ASR-0026,10000,N,N,0.388,AGT-00542,Aminah Rahman,Established,51,AU-26,Active,42.3,0.322,False,False,False,False,EXACT_DUPLICATE
RID-0042802,CLAIMS_SYS,09-04-2026 21:23,CUS-037073,Arjun Kumar,Male,13-07-1989,37,Single,Employment Pass,Education,102624,100k-200k,D11,arjun.kumar134@example.com,+65 87649242,POL-0042802,08-03-2025,16-04-2025,PRUFlexiCash,Savings & Wealth,Bancassurance,Annual,44632.33,207000,44632.33,0.0513,15,Inforce,16,N,,Y,,N,,,,,9,N,CLM-0042802,16-08-2026,Maternity,1203.24,Approved,,32,N,N,-0.07,7,ASR-0059,50000,N,N,0.416,,,,,,,,,False,False,False,False,EXACT_DUPLICATE
RID-0044711,AGENCY_MGMT,17-03-2026 13:49,CUS-040718,Zarina Raj,Female,27-05-1979,47,Single,Citizen,Technician,35588,Below 50k,D18,zarina.raj311@example.com,+65 88555730,POL-0044711,06-05-2025,04-06-2025,PRUSave Endowment,Savings & Wealth,Agency,Monthly,19776.9,178000,19776.9,0.0483,20,Inforce,15,N,,Y,,N,,,,,53,N,CLM-0044711,06-03-2026,Maternity,3834.28,Withdrawn,,20,N,N,0.01,8,ASR-0004,100000,N,N,0.207,AGT-01176,Rachel Koh,Established,26,AU-21,Active,96.7,0.253,False,False,False,False,EXACT_DUPLICATE
RID-0023076,CRM,23-05-2026 09:06,CUS-015828,Terence Teo,Male,16-07-1999,27,Married,Citizen,Retired,124630,100k-200k,D18,terence.teo51@example.com,+65 87930642,POL-0023076,08-10-2024,08-11-2024,PRUWealth Plus,Savings & Wealth,Agency,Annual,12829.85,57000,12829.85,0.0764,20,Inforce,22,N,,Y,,N,,,,,82,Y,CLM-0023076,03-10-2025,Disability,83215.03,Partially Approved,,23,N,N,0.26,6,ASR-0034,100000,N,N,0.163,AGT-00517,Zhi Hao Bennett,Senior,94,AU-09,Active,36.3,0.419,False,False,False,False,EXACT_DUPLICATE
RID-0037569,POLICY_ADMIN,25-06-2026 12:25,CUS-037675,Yong Sheng Salleh,Male,17-05-1987,39,Divorced,Permanent Resident,Healthcare,52967,50k-100k,D24,yong.sheng.salleh134@example.com,+65 83046409,POL-0037569,09-11-2023,18-11-2023,PRUFlexiCash,Savings & Wealth,Agency,Annual,15981.53,409000,15981.53,0.0764,10,Inforce,33,N,,Y,,N,,,,,15,N,CLM-0037569,16-11-2024,Outpatient Specialist,3208.84,Approved,,13,N,N,0.31,7,ASR-0045,10000,N,N,0.09,AGT-00622,Aminah Harper,Senior,71,AU-40,Active,68.5,0.031,False,False,False,False,EXACT_DUPLICATE
RID-0021376,CLAIMS_SYS,29-07-2026 21:04,CUS-005261,Zhi Hao Chan,Male,27-01-1978,48,Married,Citizen,Professional,91471,50k-100k,D23,zhi.hao.chan365@example.com,+65 96724051,POL-0021376,08-06-2026,17-07-2026,PRUShield A Plus,Health & IP,Agency,Quarterly,4490.28,538000,4490.28,0.1271,20,Inforce,1,N,,Y,Public A-Ward,Y,2297.79,1362.47,10,3500,0,N,CLM-0021376,18-07-2026,Death Benefit,1819.17,Approved,,24,N,N,-0.06,8,ASR-0042,10000,N,N,0.327,AGT-00370,Aminah Sharma,New,8,AU-37,Active,64.9,0.159,False,False,False,False,EXACT_DUPLICATE
RID-0004553,POLICY_ADMIN,29-06-2026 22:04,CUS-034293,Chee Keong Goh,Male,09-05-1973,53,Married,Citizen,Self-Employed,36696,Below 50k,D26,chee.keong.goh141@example.com,+65 86072833,POL-0004553,28-07-2023,27-08-2023,PRUSave Endowment,Savings & Wealth,Agency,Annual,7135.34,446000,7135.34,0.0416,30,Inforce,36,N,,Y,,N,,,,,109,N,CLM-0004553,21-11-2023,Day Surgery,868.07,Pending,,20,N,N,0.97,8,ASR-0014,5000,N,N,0.123,AGT-00372,Hui Ling Fraser,Senior,71,AU-08,Resigned,65.8,0.833,False,False,False,False,EXACT_DUPLICATE
RID-0006239,POLICY_ADMIN,28-06-2026 16:12,CUS-015341,Mei Yi Ibrahim,Female,20-12-1967,59,Single,Citizen,Self-Employed,73365,50k-100k,D03,mei.yi.ibrahim403@example.com,+65 93621037,POL-0006239,27-10-2025,04-11-2025,PRUFlexiCash,Savings & Wealth,Agency,Monthly,58489.28,352000,58489.28,0.0489,25,Cancelled,10,Y,05-03-2026,N,,N,,,,,311,N,CLM-0006239,09-05-2026,Hospitalisation,1956.46,Approved,,22,N,N,0.58,10,ASR-0032,25000,N,N,0.329,AGT-00800,Aravind Ibrahim,Established,28,AU-35,Resigned,85.4,0.844,False,False,False,False,EXACT_DUPLICATE
RID-0033651,POLICY_ADMIN,19-05-2026 21:46,CUS-020149,Zulkifli Aziz,Male,13-12-1982,44,Widowed,Foreigner,Technician,81912,50k-100k,D01,zulkifli.aziz261@example.com,+65 88607335,POL-0033651,14-06-2024,07-07-2024,PRULink Assurance,Investment-Linked,Bancassurance,Monthly,8699.23,270000,8699.23,0.1421,99,Inforce,26,N,,Y,,N,,,,,53,N,,,,,,,,N,N,0.45,5,,,,,,,,,,,,,,False,False,False,False,EXACT_DUPLICATE
RID-0032346,AGENCY_MGMT,28-08-2026 00:36,CUS-003444,Siti Nadia Yeo,Female,08-04-1992,34,Single,Permanent Resident,Sales,102098,100k-200k,D18,siti.nadia.yeo375@example.com,+65 96008494,POL-0032346,24-12-2023,09-01-2024,PRUCritical Cover,Protection,Agency,Annual,5446.21,2635000,5446.21,0.3145,25,Inforce,32,N,,Y,,N,,,,,197,N,CLM-0032346,25-11-2024,Day Surgery,1932.04,Approved,,10,N,N,0.32,9,ASR-0030,25000,N,N,0.37,AGT-00671,Nurul Aisyah Aziz,Established,48,AU-23,Active,72.9,0.294,False,False,False,False,EXACT_DUPLICATE
RID-0017697,CLAIMS_SYS,03-04-2026 08:08,CUS-022021,Hui Ling Wong,Female,21-12-2002,24,Married,Foreigner,Manager,83074,50k-100k,D28,hui.ling.wong33@example.com,+65 98908314,POL-0017697,03-03-2023,09-04-2023,PRUExtra Care,Health & IP,Agency,Annual,3322.8,366000,3322.8,0.1519,30,Inforce,41,N,,Y,Public A-Ward,Y,1150.7,1150.7,0,2500,305,N,,,,,,,,N,N,0.82,7,,,,,,AGT-00878,Marcus Menon,Established,43,AU-12,Active,51.4,0.364,False,False,False,False,EXACT_DUPLICATE
RID-0015324,CLAIMS_SYS,05-03-2026 21:18,CUS-031903,Xin Yi Seah,Female,11-05-1965,61,Widowed,Employment Pass,Civil Service,74445,50k-100k,D24,xin.yi.seah197@example.com,+65 89873953,POL-0015324,18-12-2024,22-01-2025,PRUSave Endowment,Savings & Wealth,Agency,Quarterly,28257.64,247000,28257.64,0.0639,10,Inforce,19,N,,Y,,N,,,,,8,N,,,,,,,,N,N,0.71,5,,,,,,AGT-00515,Nicholas Sharma,New,3,AU-25,Active,83.9,0.405,False,False,False,False,EXACT_DUPLICATE
RID-0033807,AGENCY_MGMT,19-03-2026 15:16,CUS-013354,Lakshmi Reddy,Female,06-04-1992,34,Single,Citizen,Self-Employed,181248,100k-200k,D13,lakshmi.reddy335@example.com,+65 84923865,POL-0033807,20-08-2023,18-09-2023,PRUCritical Cover,Protection,Agency,Semi-Annual,1813.12,2851000,1813.12,0.251,30,Inforce,35,N,,Y,,N,,,,,396,N,CLM-0033807,10-03-2024,Hospitalisation,9441.27,Approved,,18,N,N,-0.17,10,ASR-0041,5000,N,N,0.39,AGT-01149,Terence Tan,Established,32,AU-10,Active,79.5,0.3,False,False,False,False,EXACT_DUPLICATE
RID-0020284,POLICY_ADMIN,14-06-2026 21:34,CUS-005592,Meera Reddy,Female,16-04-1979,47,Widowed,Citizen,Retired,68974,50k-100k,D27,meera.reddy127@example.com,+65 83523159,POL-0020284,08-02-2023,20-03-2023,PRUExtra Care,Health & IP,Agency,Quarterly,4919.21,1173000,4919.21,0.2098,25,Lapsed,42,Y,08-07-2023,N,Public B1-Ward,Y,2477.24,2477.24,0,0,0,N,CLM-0020284,10-01-2024,Outpatient Specialist,16922.43,Approved,,26,N,N,0.28,6,ASR-0006,25000,N,N,0.366,AGT-01014,Mei Yi Salleh,Senior,40,AU-39,Active,39.5,0.402,False,False,False,False,EXACT_DUPLICATE
RID-0024083,CRM,06-04-2026 11:16,CUS-003521,Hui Ling Ibrahim,Female,07-03-1977,49,Divorced,Citizen,Education,97574,50k-100k,D17,hui.ling.ibrahim68@example.com,+65 91995610,POL-0024083,04-11-2024,28-11-2024,PRUWealth Plus,Savings & Wealth,Digital,Annual,51937.33,362000,51937.33,0.0928,99,Inforce,21,N,,Y,,N,,,,,205,N,CLM-0024083,28-11-2024,Disability,2794.41,Partially Approved,,17,N,N,0.89,10,ASR-0050,5000,N,N,0.113,,,,,,,,,False,False,False,False,EXACT_DUPLICATE
RID-0004433,CRM,06-04-2026 04:21,CUS-017858,Iskandar Tan,Male,22-02-1984,42,Married,Employment Pass,Self-Employed,53339,50k-100k,D07,iskandar.tan205@example.com,+65 93036433,POL-0004433,02-12-2024,18-12-2024,PRUSave Endowment,Savings & Wealth,Agency,Monthly,52354.46,64000,52354.46,0.0934,30,Inforce,20,N,,Y,,N,,,,,146,N,CLM-0004433,21-04-2026,Accident,5244.44,Partially Approved,,1,N,N,0.84,6,ASR-0031,100000,N,N,0.019,AGT-00587,Meera Wright,Established,83,AU-39,Active,99.6,0.031,False,False,False,False,EXACT_DUPLICATE
RID-0018272,POLICY_ADMIN,01-08-2026 00:16,CUS-002787,Chee Keong Bennett,Male,17-01-1983,43,Married,Citizen,Professional,32988,Below 50k,D02,chee.keong.bennett206@example.com,+65 98363807,POL-0018272,05-08-2023,17-08-2023,PRULink Global Growth,Investment-Linked,Broker,Monthly,28042.35,897000,28042.35,0.1574,99,Inforce,37,N,,Y,,N,,,,,0,Y,CLM-0018272,30-12-2024,Outpatient Specialist,1528.38,Partially Approved,,4,N,N,0.52,9,ASR-0022,25000,N,N,0.383,AGT-00532,Farah Iyer,New,10,AU-13,Active,62.2,0.252,False,False,False,False,EXACT_DUPLICATE
RID-0007188,POLICY_ADMIN,09-08-2026 10:23,CUS-025505,Aminah Pillai,Female,19-07-1980,46,Married,Permanent Resident,Sales,52425,50k-100k,D14,aminah.pillai454@example.com,+65 82993315,POL-0007188,22-02-2024,07-04-2024,PRUVantage Legacy,Savings & Wealth,Bancassurance,Monthly,37916.33,383000,37916.33,0.0412,15,Inforce,29,N,,Y,,N,,,,,0,N,CLM-0007188,28-05-2024,Day Surgery,43927.1,Approved,,16,N,N,0.6,7,ASR-0032,25000,N,N,0.166,,,,,,,,,False,False,False,False,EXACT_DUPLICATE
RID-0038126,AGENCY_MGMT,07-05-2026 10:04,CUS-026962,Denise Turner,Female,15-03-1985,41,Divorced,Citizen,Self-Employed,175388,100k-200k,D24,denise.turner339@example.com,+65 99966999,POL-0038126,30-06-2023,18-07-2023,PRUSelect Vantage,Investment-Linked,Agency,Semi-Annual,13711.8,325000,13711.8,0.1124,20,Inforce,38,N,,Y,,N,,,,,22,N,CLM-0038126,23-10-2024,Day Surgery,1588.03,Partially Approved,,11,N,N,0.61,8,ASR-0022,25000,N,N,0.187,AGT-01032,Yong Sheng Menon,Senior,166,AU-22,Active,44.5,0.105,False,False,False,False,EXACT_DUPLICATE
RID-0037369,POLICY_ADMIN,20-07-2026 13:01,CUS-025273,Hakim Ong,Male,01-08-1981,45,Divorced,Citizen,Sales,88286,50k-100k,D15,hakim.ong452@example.com,+65 93731960,POL-0037369,14-12-2023,10-01-2024,PRUShield Premier,Health & IP,Bancassurance,Annual,2885.27,946000,2885.27,0.1536,5,Inforce,32,N,,Y,Public A-Ward,Y,922.81,922.81,0,1500,45,N,CLM-0037369,08-05-2026,Disability,6184.58,Declined,Non-disclosure at underwriting,20,N,N,0.83,8,ASR-0013,100000,Y,N,0.658,,,,,,,,,False,False,False,False,EXACT_DUPLICATE
RID-0026620,CRM,18-05-2026 09:11,CUS-039690,Siti Nadia Tan,Female,25-09-1965,61,Widowed,Citizen,Self-Employed,250969,200k-400k,D12,siti.nadia.tan293@example.com,+65 96394504,POL-0026620,10-03-2024,24-04-2024,PRUActive Term,Protection,Agency,Monthly,2519.63,2527000,2519.63,0.3115,25,Inforce,28,N,,Y,,N,,,,,48,N,CLM-0026620,20-10-2024,Critical Illness,2363.76,Approved,,4,N,N,0.39,8,ASR-0043,5000,N,N,0.407,AGT-00443,Suresh Low,New,8,AU-30,Active,69.5,0.173,False,False,False,False,EXACT_DUPLICATE
RID-0017957,POLICY_ADMIN,17-03-2026 01:53,CUS-000118,Jia Hui Teo,Female,27-11-1950,76,Divorced,Employment Pass,Self-Employed,78023,50k-100k,D23,jia.hui.teo119@example.com,+65 82474632,POL-0017957,10-02-2023,07-03-2023,PRUShield A Plus,Health & IP,Agency,Annual,4277.51,401000,4277.51,0.1217,5,Inforce,42,N,,Y,Public B1-Ward,Y,2038.74,2038.74,0,2500,219,N,,,,,,,,N,N,0.03,6,,,,,,AGT-00801,Xin Yi Raj,MDRT,60,AU-37,Active,66.4,0.45,False,False,False,False,EXACT_DUPLICATE
RID-0016095,CRM,20-04-2026 04:26,CUS-033965,Edwin Lim,Male,04-11-1982,44,Widowed,Citizen,Healthcare,165924,100k-200k,D18,edwin.lim74@example.com,+65 86637358,POL-0016095,28-03-2024,08-04-2024,PRUShield Premier,Health & IP,Digital,Annual,2531.85,1290000,2531.85,0.2132,10,Inforce,29,N,,Y,Public A-Ward,N,,,,,122,Y,,,,,,,,N,N,0.24,5,,,,,,,,,,,,,,False,False,False,False,EXACT_DUPLICATE
RID-0029676,AGENCY_MGMT,02-04-2026 14:18,CUS-012023,Zarina Wright,Female,25-11-1977,49,Widowed,Citizen,Retired,74406,50k-100k,D22,zarina.wright418@example.com,+65 89230793,POL-0029676,03-04-2025,04-04-2025,PRUCritical Cover,Protection,Agency,Annual,1907.56,2724000,1907.56,0.2472,30,Inforce,17,N,,Y,,N,,,,,166,N,CLM-0029676,16-03-2026,Day Surgery,2231,Approved,,16,N,N,0.48,6,ASR-0033,25000,N,N,0.226,AGT-01015,Jia Hui Salleh,Established,14,AU-18,Active,73.2,0.068,False,False,False,False,EXACT_DUPLICATE
RID-0040191,CRM,09-05-2026 20:33,CUS-022112,Rohan Neo,Male,01-02-1984,42,Divorced,Citizen,Executive,98475,50k-100k,D26,rohan.neo478@example.com,+65 88632807,POL-0040191,01-08-2023,06-08-2023,PRUCritical Cover,Protection,Bancassurance,Quarterly,6072.03,2817000,6072.03,0.2219,10,Inforce,37,N,,Y,,N,,,,,60,N,CLM-0040191,08-12-2025,Disability,6563.5,Approved,,13,N,N,0.59,6,ASR-0035,25000,N,N,0.251,,,,,,,,,False,False,False,False,EXACT_DUPLICATE
RID-0035815,CLAIMS_SYS,01-06-2026 13:00,CUS-035978,Jun Hao Osman,Male,04-07-1997,29,Divorced,Permanent Resident,Technician,70217,50k-100k,D24,jun.hao.osman451@example.com,+65 82786077,POL-0035815,21-06-2024,14-07-2024,PRUWealth Plus,Savings & Wealth,Broker,Monthly,41875.48,153000,41875.48,0.0689,5,Inforce,25,N,,Y,,N,,,,,136,Y,,,,,,,,N,N,0.67,7,,,,,,AGT-00924,Jia Hui Reddy,Established,58,AU-02,Active,99.3,0.061,False,False,False,False,EXACT_DUPLICATE
RID-0014899,CLAIMS_SYS,23-07-2026 21:43,CUS-008185,Iskandar Ibrahim,Male,23-01-1987,39,Divorced,Citizen,Executive,114409,100k-200k,D18,iskandar.ibrahim322@example.com,+65 97580240,POL-0014899,02-06-2023,22-06-2023,PRUShield Standard,Health & IP,Digital,Quarterly,5046.89,1184000,5046.89,0.1237,10,Inforce,38,N,,Y,Public B1-Ward,Y,2024.36,2024.36,0,0,0,N,CLM-0014899,18-10-2025,Outpatient Specialist,6438.23,Approved,,10,N,N,0.55,8,ASR-0022,25000,N,N,0.358,,,,,,,,,False,False,False,False,EXACT_DUPLICATE
RID-0017594,POLICY_ADMIN,31-07-2026 22:54,CUS-016850,Siew Peng Ong,Female,01-07-1982,44,Married,Citizen,Retired,89265,50k-100k,D27,siew.peng.ong84@example.com,+65 85729474,POL-0017594,20-11-2023,25-11-2023,PRUFlexiCash,Savings & Wealth,Agency,Monthly,30923.94,445000,30923.94,0.0519,15,Inforce,33,N,,Y,,N,,,,,20,N,CLM-0017594,17-11-2024,Hospitalisation,4624.64,Approved,,3,N,N,0.52,9,ASR-0050,5000,N,N,0.411,AGT-00694,Aravind Hassan,Established,86,AU-07,Active,20.1,0.23,False,False,False,False,EXACT_DUPLICATE
RID-0029913,CRM,13-05-2026 10:43,CUS-000380,Hui Ling Reddy,Female,27-03-1986,40,Married,Citizen,Sales,187841,100k-200k,D22,hui.ling.reddy297@example.com,+65 82902647,POL-0029913,10-08-2025,06-09-2025,PRULink Assurance,Investment-Linked,Bancassurance,Annual,41305.56,863000,41305.56,0.0891,10,Inforce,12,N,,Y,,N,,,,,304,N,,,,,,,,N,N,0.98,6,,,,,,,,,,,,,,False,False,False,False,EXACT_DUPLICATE
RID-0036612,AGENCY_MGMT,13-03-2026 04:15,CUS-008493,Suresh Kumar,Male,17-11-1984,42,Divorced,Permanent Resident,Manager,80541,50k-100k,D23,suresh.kumar21@example.com,+65 84121936,POL-0036612,07-08-2024,17-08-2024,PRUFlexiCash,Savings & Wealth,Agency,Monthly,38014.23,461000,38014.23,0.0354,25,Inforce,24,N,,Y,,N,,,,,0,N,,,,,,,,N,N,0.4,6,,,,,,AGT-00487,Arjun Kumar,Established,83,AU-33,Active,85.2,0.356,False,False,False,False,EXACT_DUPLICATE
RID-0002246,CRM,02-04-2026 02:30,CUS-017165,Hui Ling Pillai,Female,20-05-1980,46,Widowed,Citizen,Healthcare,31958,Below 50k,D12,hui.ling.pillai120@example.com,+65 98125278,POL-0002246,19-04-2023,22-04-2023,PRULink Assurance,Investment-Linked,Agency,Annual,6048.49,140000,6048.49,0.1313,10,Inforce,40,N,,Y,,N,,,,,0,N,,,,,,,,N,N,0.55,8,,,,,,AGT-00109,Siew Peng Lim,Established,96,AU-02,Active,48.7,0.331,False,False,False,False,EXACT_DUPLICATE
RID-0045720,CLAIMS_SYS,23-06-2026 23:21,CUS-024482,Aravind Toh,Male,05-05-2005,21,Divorced,Citizen,Sales,31108,Below 50k,D12,aravind.toh138@example.com,+65 97700576,POL-0045720,05-05-2026,18-06-2026,PRUTerm Secure,Protection,Bancassurance,Semi-Annual,693.92,2857000,693.92,0.2755,25,Inforce,2,N,,Y,,N,,,,,78,Y,CLM-0045720,12-08-2026,Accident,1442.4,Declined,Treatment not medically necessary,20,N,N,0.92,9,ASR-0028,10000,N,N,0.346,,,,,,,,,False,False,False,False,EXACT_DUPLICATE
RID-0022880,CRM,22-07-2026 06:47,CUS-013776,Rohan Raj,Male,21-05-1992,34,Married,Citizen,Executive,358645,200k-400k,D14,rohan.raj416@example.com,+65 95332219,POL-0022880,27-07-2023,07-08-2023,PRUTerm Secure,Protection,Direct,Annual,6229.78,474000,6229.78,0.286,10,Inforce,37,N,,Y,,N,,,,,172,N,CLM-0022880,09-08-2024,Disability,7026.83,Approved,,16,N,N,0.87,10,ASR-0019,100000,N,N,0.163,,,,,,,,,False,False,False,False,EXACT_DUPLICATE
RID-0035671,POLICY_ADMIN,07-05-2026 21:35,CUS-014176,Meera Bennett,Female,22-10-1980,46,Single,Citizen,Technician,45182,Below 50k,D02,meera.bennett359@example.com,+65 87582273,POL-0035671,13-12-2023,06-01-2024,PRUTerm Secure,Protection,Agency,Annual,5749.2,255000,5749.2,0.2201,15,Inforce,32,N,,Y,,N,,,,,279,N,,,,,,,,N,N,0.17,10,,,,,,AGT-00890,Hakim Neo,Established,66,AU-22,Active,89.2,0.26,False,False,False,False,EXACT_DUPLICATE
RID-0016962,CRM,22-08-2026 09:05,CUS-027166,Kavitha Nair,Female,09-12-1974,52,Divorced,Citizen,Civil Service,42464,Below 50k,D21,kavitha.nair96@example.com,+65 86224615,POL-0016962,05-07-2025,21-07-2025,PRUWealth Plus,Savings & Wealth,Bancassurance,Annual,43518.89,84000,43518.89,0.0696,5,Inforce,13,N,,Y,,N,,,,,130,Y,CLM-0016962,10-04-2026,Day Surgery,4698.15,Approved,,26,N,N,0.73,7,ASR-0010,50000,Y,N,0.654,,,,,,,,,False,False,False,False,EXACT_DUPLICATE
RID-0031802,AGENCY_MGMT,13-03-2026 12:34,CUS-007762,Aminah Sim,Female,20-04-1978,48,Married,Citizen,Civil Service,43731,Below 50k,D15,aminah.sim435@example.com,+65 88505692,POL-0031802,08-02-2025,14-02-2025,PRUFlexiCash,Savings & Wealth,Agency,Annual,48979.39,458000,48979.39,0.065,99,Inforce,18,N,,Y,,N,,,,,20,N,,,,,,,,N,N,-0.05,8,,,,,,AGT-00759,Zarina Raj,Established,20,AU-31,Active,20.2,0.376,False,False,False,False,EXACT_DUPLICATE
RID-0037510,CRM,22-08-2026 08:21,CUS-020840,Hakim Tan,Male,12-08-1959,67,Single,Citizen,Manager,88428,50k-100k,D24,hakim.tan139@example.com,+65 91899366,POL-0037510,03-03-2026,03-04-2026,PRUCritical Cover,Protection,Broker,Annual,6154.58,2909000,6154.58,0.221,20,Inforce,5,N,,Y,,N,,,,,70,Y,,,,,,,,N,N,0.32,9,,,,,,AGT-01159,Lakshmi Aziz,New,6,AU-39,Active,41.7,0.216,False,False,False,False,EXACT_DUPLICATE
RID-0003644,CRM,19-05-2026 20:55,CUS-004305,Terence Iyer,Male,21-07-1979,47,Married,Citizen,Manager,37883,Below 50k,D24,terence.iyer71@example.com,+65 98680542,POL-0003644,06-08-2023,08-09-2023,PRUVantage Legacy,Savings & Wealth,Agency,Quarterly,21957.08,169000,21957.08,0.0488,25,Inforce,36,N,,Y,,N,,,,,117,N,,,,,,,,N,N,0.99,6,,,,,,AGT-00048,Jun Hao Harper,Established,56,AU-04,Active,43.6,0.169,False,False,False,False,EXACT_DUPLICATE
RID-0013002,AGENCY_MGMT,21-06-2026 07:20,CUS-029575,Hui Ling Pillai,Female,09-04-1999,27,Widowed,Citizen,Education,129756,100k-200k,D08,hui.ling.pillai228@example.com,+65 82335385,POL-0013002,20-02-2026,28-02-2026,PRUExtra Care,Health & IP,Agency,Annual,7406.85,1184000,7406.85,0.1375,5,Inforce,6,N,,Y,Public B1-Ward,Y,2810.94,2810.94,0,1500,258,N,CLM-0013002,27-08-2026,Accident,6837.37,Declined,Pre-existing condition,8,N,N,0.67,6,ASR-0025,50000,N,N,0.137,AGT-01037,Daniel Tan,Senior,49,AU-08,Active,95.8,0.748,False,False,False,False,EXACT_DUPLICATE
RID-0041084,POLICY_ADMIN,19-03-2026 20:36,CUS-005189,Terence Kumar,Male,04-01-1976,50,Married,Citizen,Education,110629,100k-200k,D19,terence.kumar424@example.com,+65 95133745,POL-0041084,07-08-2023,20-09-2023,PRUVantage Legacy,Savings & Wealth,Bancassurance,Annual,14048.11,395000,14048.11,0.0404,5,Inforce,35,N,,Y,,N,,,,,44,N,CLM-0041084,14-10-2025,Disability,2519.23,Approved,,1,N,N,0.87,7,ASR-0001,50000,N,N,0.374,,,,,,,,,False,False,False,False,EXACT_DUPLICATE
RID-0033175,CRM,09-04-2026 06:35,CUS-034936,Terence Tan,Male,27-08-1958,68,Divorced,Citizen,Healthcare,34929,Below 50k,D10,terence.tan220@example.com,+65 87440688,POL-0033175,11-05-2025,08-06-2025,PRUCritical Cover,Protection,Agency,Quarterly,7122.58,2727000,7122.58,0.2909,30,Inforce,15,N,,Y,,N,,,,,115,N,CLM-0033175,21-02-2026,Outpatient Specialist,5318.75,Approved,,27,N,N,0.91,10,ASR-0060,10000,N,N,0.192,AGT-00649,Deepak Tan,Established,87,AU-18,Active,68.3,0.246,False,False,False,False,EXACT_DUPLICATE
RID-0010803,CRM,19-05-2026 06:01,CUS-010470,Wei Ming Ho,Male,05-07-1987,39,Widowed,Citizen,Civil Service,50011,50k-100k,D12,wei.ming.ho268@example.com,+65 93780355,POL-0010803,06-03-2024,31-03-2024,PRUFlexiCash,Savings & Wealth,Agency,Quarterly,39818.79,120000,39818.79,0.0948,99,Inforce,29,N,,Y,,N,,,,,69,N,,,,,,,,N,N,0.32,5,,,,,,AGT-00679,Daniel Ibrahim,Established,17,AU-22,Active,64.7,0.1,False,False,False,False,EXACT_DUPLICATE
RID-0028412,CRM,17-07-2026 05:25,CUS-001727,Marcus Foo,Male,05-07-1980,46,Single,Permanent Resident,Executive,139252,100k-200k,D11,marcus.foo19@example.com,+65 81298740,POL-0028412,26-04-2026,13-05-2026,PRUShield Life,Protection,Bancassurance,Quarterly,5397.24,1584000,5397.24,0.2061,20,Inforce,3,N,,Y,,N,,,,,320,Y,,,,,,,,N,N,0.17,8,,,,,,,,,,,,,,False,False,False,False,EXACT_DUPLICATE
RID-0041909,CLAIMS_SYS,05-07-2026 09:01,CUS-020018,Farah Chua,Female,11-05-1978,48,Divorced,Citizen,Civil Service,130126,100k-200k,D06,farah.chua458@example.com,+65 84971528,POL-0041909,04-03-2023,20-03-2023,PRUVantage Legacy,Savings & Wealth,Agency,Monthly,7201.35,38000,7201.35,0.0831,30,Inforce,42,N,,Y,,N,,,,,75,N,CLM-0041909,25-02-2024,Death Benefit,6462.96,Pending,,72,N,N,0.31,7,ASR-0053,25000,N,N,0.274,AGT-01135,Suresh Nair,Established,43,AU-21,Active,30,0.235,False,False,False,False,EXACT_DUPLICATE
RID-0005427,AGENCY_MGMT,17-08-2026 00:04,CUS-013497,Zhi Hao Ng,Male,11-12-1991,35,Widowed,Permanent Resident,Self-Employed,53264,50k-100k,D10,zhi.hao.ng325@example.com,+65 92735812,POL-0005427,09-04-2024,28-04-2024,PRUSave Endowment,Savings & Wealth,Agency,Monthly,56041.98,80000,56041.98,0.0404,10,Inforce,28,N,,Y,,N,,,,,0,N,CLM-0005427,02-01-2026,Critical Illness,9983.37,Approved,,14,N,Y,-0.85,3,ASR-0031,100000,N,N,0.268,AGT-00434,Aravind Chan,Established,49,AU-25,Active,53.2,0.318,False,False,False,False,EXACT_DUPLICATE
RID-0034562,AGENCY_MGMT,24-03-2026 08:27,CUS-025972,Jun Hao Nair,Male,07-12-1970,56,Divorced,Citizen,Civil Service,73085,50k-100k,D28,jun.hao.nair16@example.com,+65 94450930,POL-0034562,12-06-2025,03-07-2025,PRUSave Endowment,Savings & Wealth,Agency,Quarterly,3669.54,139000,3669.54,0.0544,99,Inforce,14,N,,Y,,N,,,,,151,Y,,,,,,,,N,N,0.57,10,,,,,,AGT-00695,Siti Nadia Menon,New,2,AU-13,Active,99.8,0.41,False,False,False,False,EXACT_DUPLICATE
RID-0044386,AGENCY_MGMT,26-03-2026 02:15,CUS-038189,Jia Hui Low,Female,24-08-1989,37,Married,Citizen,Healthcare,85984,50k-100k,D10,jia.hui.low32@example.com,+65 84463387,POL-0044386,13-11-2023,15-11-2023,PRUShield Life,Protection,Digital,Annual,894.8,1771000,894.8,0.2778,30,Inforce,34,N,,Y,,N,,,,,152,N,CLM-0044386,06-05-2026,Outpatient Specialist,9081.07,Approved,,16,N,N,0.08,7,ASR-0036,25000,N,N,0.15,,,,,,,,,False,False,False,False,EXACT_DUPLICATE
RID-0009970,POLICY_ADMIN,08-07-2026 22:36,CUS-024616,Denise Yeo,Female,05-04-1968,58,Divorced,Citizen,Sales,36498,Below 50k,D26,denise.yeo97@example.com,+65 96108883,POL-0009970,09-05-2026,29-05-2026,PRUCritical Cover,Protection,Agency,Monthly,2284.72,2047000,2284.72,0.2387,99,Inforce,3,N,,Y,,N,,,,,19,N,CLM-0009970,07-07-2026,Outpatient Specialist,1700.46,Approved,,6,N,N,0.33,6,ASR-0011,50000,N,N,0.392,AGT-00081,Jun Hao Sim,Established,17,AU-12,Active,23.6,0.109,False,False,False,False,EXACT_DUPLICATE
RID-0000628,POLICY_ADMIN,08-07-2026 06:39,CUS-009429,Iskandar Bennett,Male,22-01-1970,56,Widowed,Permanent Resident,Education,128887,100k-200k,D17,iskandar.bennett73@example.com,+65 89781674,POL-0000628,07-02-2025,21-03-2025,PRUWealth Plus,Savings & Wealth,Agency,Monthly,19311.42,254000,19311.42,0.0608,5,Inforce,17,N,,Y,,N,,,,,76,N,CLM-0000628,15-04-2026,Maternity,4806.65,Partially Approved,,10,N,N,0.08,9,ASR-0045,10000,N,N,0.172,AGT-00827,Cheryl Koh,Established,95,AU-12,Active,65.9,0.348,False,False,False,False,EXACT_DUPLICATE
RID-0014476,AGENCY_MGMT,11-07-2026 06:19,CUS-034469,Arjun Toh,Male,03-12-1996,30,Widowed,Permanent Resident,Technician,119458,100k-200k,D14,arjun.toh210@example.com,+65 85543652,POL-0014476,13-09-2024,18-10-2024,PRULink Assurance,Investment-Linked,Direct,Monthly,22009.39,295000,22009.39,0.1164,25,Inforce,22,N,,Y,,N,,,,,177,N,CLM-0014476,13-05-2025,Hospitalisation,27315.13,Approved,,9,N,N,0.24,7,ASR-0013,100000,N,Y,0.962,,,,,,,,,False,False,False,False,EXACT_DUPLICATE
RID-0018787,CLAIMS_SYS,25-05-2026 19:52,CUS-003801,Mei Yi Raj,Female,04-02-1996,30,Divorced,Permanent Resident,Civil Service,68524,50k-100k,D28,mei.yi.raj110@example.com,+65 87042688,POL-0018787,24-01-2025,28-02-2025,PRUShield A Plus,Health & IP,Digital,Monthly,707.98,1441000,707.98,0.213,30,Inforce,18,N,,Y,Public A-Ward,Y,325.56,325.56,0,1500,0,N,,,,,,,,N,N,0.69,5,,,,,,,,,,,,,,False,False,False,False,EXACT_DUPLICATE
RID-0035621,CRM,14-03-2026 22:44,CUS-034375,Daniel Yusof,Male,13-11-1971,55,Widowed,Permanent Resident,Healthcare,30000,Below 50k,D26,daniel.yusof286@example.com,+65 99449810,POL-0035621,17-05-2024,07-06-2024,PRUTerm Secure,Protection,Agency,Monthly,6474.01,1559000,6474.01,0.2677,30,Inforce,27,N,,Y,,N,,,,,12,N,CLM-0035621,02-03-2025,Accident,4870.83,Declined,Documentation incomplete,16,N,N,-0.17,6,ASR-0031,100000,N,N,0.313,AGT-00135,Siti Nadia Lim,New,6,AU-32,Active,80.6,0.043,False,False,False,False,EXACT_DUPLICATE
RID-0008125,CLAIMS_SYS,18-06-2026 06:16,CUS-033497,Meera Kamal,Female,06-02-1985,41,Widowed,Foreigner,Civil Service,135346,100k-200k,D03,meera.kamal362@example.com,+65 85303310,POL-0008125,16-12-2024,23-01-2025,PRUActive Term,Protection,Bancassurance,Monthly,2276.86,1853000,2276.86,0.2355,30,Inforce,19,N,,Y,,N,,,,,268,N,,,,,,,,N,N,0.94,7,,,,,,,,,,,,,,False,False,False,False,EXACT_DUPLICATE
RID-0019562,POLICY_ADMIN,18-03-2026 15:45,CUS-000489,Farah Ibrahim,Female,22-10-1967,59,Widowed,Citizen,Self-Employed,42786,Below 50k,D26,farah.ibrahim259@example.com,+65 88090336,POL-0019562,20-02-2024,16-03-2024,PRUVantage Legacy,Savings & Wealth,Agency,Quarterly,33040.41,62000,33040.41,0.084,99,Inforce,29,N,,Y,,N,,,,,43,N,,,,,,,,N,N,0.01,10,,,,,,AGT-01111,Vikram Wright,Established,69,AU-21,On Notice,83.8,0.2,False,False,False,False,EXACT_DUPLICATE
RID-0031301,CLAIMS_SYS,06-04-2026 00:27,CUS-032925,Edwin Sharma,Male,01-08-1978,48,Married,Citizen,Manager,72244,50k-100k,D04,edwin.sharma490@example.com,+65 91892151,POL-0031301,03-05-2025,17-06-2025,PRUVantage Legacy,Savings & Wealth,Bancassurance,Annual,18911.18,134000,18911.18,0.0438,5,Inforce,14,N,,Y,,N,,,,,20,N,CLM-0031301,07-07-2025,Day Surgery,2837.52,Approved,,5,N,N,0.9,9,ASR-0005,10000,N,N,0.356,,,,,,,,,False,False,False,False,EXACT_DUPLICATE
RID-0018562,CLAIMS_SYS,15-07-2026 06:30,CUS-021339,Muhammad Ariff Fraser,Male,22-09-1970,56,Widowed,Citizen,Technician,40565,Below 50k,D11,muhammad.ariff.fraser326@example.com,+65 93796625,POL-0018562,30-05-2025,11-07-2025,PRUActive Term,Protection,Bancassurance,Monthly,8817.19,1564000,8817.19,0.2427,5,Lapsed,13,Y,31-01-2026,N,,N,,,,,267,N,CLM-0018562,17-06-2026,Outpatient Specialist,33563.93,Approved,,17,N,N,0.96,6,ASR-0012,100000,N,N,0.091,,,,,,,,,False,False,False,False,EXACT_DUPLICATE
RID-0020521,POLICY_ADMIN,23-07-2026 10:43,CUS-021655,Muhammad Ariff Sharma,Male,12-11-1970,56,Widowed,Permanent Resident,Healthcare,137988,100k-200k,D21,muhammad.ariff.sharma129@example.com,+65 94757320,POL-0020521,18-10-2025,21-10-2025,PRUCritical Cover,Protection,Bancassurance,Annual,703.68,1374000,703.68,0.2481,10,Surrendered,10,Y,17-06-2026,N,,N,,,,,0,Y,,,,,,,,N,N,-0.02,8,,,,,,,,,,,,,,False,False,False,False,EXACT_DUPLICATE
RID-0030423,CLAIMS_SYS,16-08-2026 20:45,CUS-019489,Terence Salleh,Male,18-09-1980,46,Single,Citizen,Healthcare,57612,50k-100k,D20,terence.salleh102@example.com,+65 92507802,POL-0030423,25-11-2025,16-12-2025,PRUShield Life,Protection,Bancassurance,Monthly,1935.79,2261000,1935.79,0.1846,20,Inforce,8,N,,Y,,N,,,,,51,N,CLM-0030423,27-06-2026,Critical Illness,3460.35,Approved,,21,N,N,0.29,8,ASR-0030,25000,N,N,0.094,,,,,,,,,False,False,False,False,EXACT_DUPLICATE
RID-0016122,CLAIMS_SYS,30-04-2026 09:04,CUS-024204,Jia Hui Teo,Female,04-10-1975,51,Married,Permanent Resident,Executive,121062,100k-200k,D28,jia.hui.teo187@example.com,+65 98643299,POL-0016122,18-09-2024,04-10-2024,PRUFlexiCash,Savings & Wealth,Agency,Annual,7985.69,87000,7985.69,0.0355,25,Matured,23,N,,Y,,N,,,,,51,N,CLM-0016122,06-05-2025,Hospitalisation,1249.36,Approved,,6,N,N,0.88,8,ASR-0002,25000,N,N,0.08,AGT-00024,Joanne Low,Senior,68,AU-13,Active,75.4,0.146,False,False,False,False,EXACT_DUPLICATE
RID-0044227,CLAIMS_SYS,16-05-2026 07:39,CUS-001237,Rachel Bennett,Female,26-07-1982,44,Divorced,Foreigner,Executive,46590,Below 50k,D08,rachel.bennett348@example.com,+65 92175375,POL-0044227,06-04-2025,10-05-2025,PRUCritical Cover,Protection,Digital,Annual,2430.31,548000,2430.31,0.2939,10,Inforce,15,N,,Y,,N,,,,,178,Y,CLM-0044227,16-06-2025,Maternity,23511.38,Approved,,23,N,N,0.8,7,ASR-0028,10000,N,N,0.253,,,,,,,,,False,False,False,False,EXACT_DUPLICATE
RID-0040059,AGENCY_MGMT,30-08-2026 05:35,CUS-000077,Siew Peng Sharma,Female,22-05-1990,36,Widowed,Employment Pass,Executive,50395,50k-100k,D11,siew.peng.sharma407@example.com,+65 97461494,POL-0040059,02-02-2024,15-03-2024,PRUTerm Secure,Protection,Agency,Monthly,2378.7,654000,2378.7,0.2958,25,Inforce,30,N,,Y,,N,,,,,16,N,CLM-0040059,21-10-2024,Outpatient Specialist,486.17,Approved,,30,N,N,0.12,7,ASR-0001,50000,N,N,0.346,AGT-00469,Kai Xuan Fraser,Established,87,AU-21,On Notice,31,0.188,False,False,False,False,EXACT_DUPLICATE
RID-0027819,AGENCY_MGMT,28-07-2026 07:42,CUS-036157,Chee Keong Chan,Male,14-08-1972,54,Single,Citizen,Civil Service,30000,Below 50k,D18,chee.keong.chan374@example.com,+65 86347775,POL-0027819,30-07-2023,29-08-2023,PRUWealth Plus,Savings & Wealth,Bancassurance,Monthly,48740.83,459000,48740.83,0.0354,25,Inforce,36,N,,Y,,N,,,,,152,N,CLM-0027819,05-11-2024,Outpatient Specialist,10584.62,Declined,Policy exclusion clause,29,N,N,-0.06,8,ASR-0034,100000,N,N,0.257,,,,,,,,,False,False,False,False,EXACT_DUPLICATE
RID-0033152,CRM,10-05-2026 17:10,CUS-012836,Cheryl Lim,Female,28-10-1992,34,Single,Citizen,Self-Employed,52334,50k-100k,D27,cheryl.lim396@example.com,+65 85665536,POL-0033152,24-04-2024,20-05-2024,PRUFlexiCash,Savings & Wealth,Agency,Monthly,36293.93,467000,36293.93,0.088,5,Inforce,27,N,,Y,,N,,,,,16,N,CLM-0033152,16-01-2025,Accident,11605.14,Partially Approved,,13,N,N,0.29,10,ASR-0017,50000,N,N,0.161,AGT-00148,Suresh Toh,Established,72,AU-33,Active,71.1,0.319,False,False,False,False,EXACT_DUPLICATE
RID-0038650,AGENCY_MGMT,30-03-2026 09:27,CUS-037189,Terence Sim,Male,13-09-1992,34,Widowed,Citizen,Healthcare,74605,50k-100k,D01,terence.sim52@example.com,+65 94599982,POL-0038650,27-12-2025,26-01-2026,PRUSave Endowment,Savings & Wealth,Digital,Quarterly,20606.76,159000,20606.76,0.0475,15,Inforce,7,N,,Y,,N,,,,,0,N,CLM-0038650,03-05-2026,Outpatient Specialist,7727.28,Approved,,22,N,N,0.47,9,ASR-0018,25000,N,N,0.31,,,,,,,,,False,False,False,False,EXACT_DUPLICATE
RID-0027088,CLAIMS_SYS,09-03-2026 21:15,CUS-039348,Deepak Foo,Male,22-10-1983,43,Married,Permanent Resident,Retired,80117,50k-100k,D19,deepak.foo233@example.com,+65 93369096,POL-0027088,19-02-2025,30-03-2025,PRUActive Term,Protection,Digital,Monthly,5090.58,986000,5090.58,0.3062,99,Inforce,17,N,,Y,,N,,,,,56,N,CLM-0027088,16-12-2025,Death Benefit,3213.67,Approved,,17,N,N,0.76,6,ASR-0040,100000,N,N,0.398,,,,,,,,,False,False,False,False,EXACT_DUPLICATE
RID-0002921,CLAIMS_SYS,30-03-2026 16:38,CUS-019882,Kavitha Seah,Female,15-06-1970,56,Single,Employment Pass,Retired,149961,100k-200k,D21,kavitha.seah457@example.com,+65 81803032,POL-0002921,03-08-2025,09-08-2025,PRUVantage Legacy,Savings & Wealth,Broker,Annual,39626.14,466000,39626.14,0.0395,30,Inforce,12,N,,Y,,N,,,,,0,N,CLM-0002921,18-04-2026,Accident,3934.31,Approved,,29,N,N,0.6,6,ASR-0017,50000,N,N,0.262,AGT-01122,Kavitha Hassan,New,4,AU-23,Active,70.7,0.309,False,False,False,False,EXACT_DUPLICATE
RID-0047028,POLICY_ADMIN,26-04-2026 06:11,CUS-036280,Zulkifli Rahman,Male,05-01-1982,44,Single,Citizen,Manager,75204,50k-100k,D07,zulkifli.rahman468@example.com,+65 81555087,POL-0047028,07-03-2023,10-04-2023,PRUVantage Legacy,Savings & Wealth,Agency,Monthly,36345.03,389000,36345.03,0.0493,20,Inforce,41,N,,Y,,N,,,,,27,Y,CLM-0047028,03-01-2025,Death Benefit,9419.73,Withdrawn,,12,N,N,-0.16,10,ASR-0056,50000,N,N,0.377,AGT-01019,Zulkifli Teo,New,6,AU-04,Active,96.1,0.244,False,False,False,False,EXACT_DUPLICATE
RID-0017076,CLAIMS_SYS,23-04-2026 20:41,CUS-030349,Jun Hao Seah,Male,20-08-1988,38,Divorced,Citizen,Professional,81797,50k-100k,D03,jun.hao.seah451@example.com,+65 93088001,POL-0017076,31-10-2025,19-11-2025,PRUShield Premier,Health & IP,Agency,Annual,7045.93,1264000,7045.93,0.1391,10,Inforce,9,N,,Y,Public A-Ward,Y,3377.3,3377.3,0,1500,0,N,,,,,,,,N,N,0.09,10,,,,,,AGT-00469,Kai Xuan Fraser,Established,87,AU-21,On Notice,31,0.188,False,False,False,False,EXACT_DUPLICATE
RID-0039752,AGENCY_MGMT,08-03-2026 03:11,CUS-002618,Faisal Low,Male,19-11-1973,53,Divorced,Citizen,Executive,74567,50k-100k,D03,faisal.low341@example.com,+65 89459117,POL-0039752,13-05-2025,23-06-2025,PRUVantage Legacy,Savings & Wealth,Digital,Quarterly,19312.16,124000,19312.16,0.0507,25,Inforce,14,N,,Y,,N,,,,,138,N,CLM-0039752,07-08-2026,Accident,34650.33,Approved,,9,N,N,0.82,8,ASR-0051,5000,N,N,0.152,,,,,,,,,False,False,False,False,EXACT_DUPLICATE
RID-0024332,CLAIMS_SYS,12-05-2026 07:13,CUS-007943,Cheryl Bennett,Female,12-07-1994,32,Married,Citizen,Self-Employed,152603,100k-200k,D16,cheryl.bennett32@example.com,+65 81978803,POL-0024332,02-09-2023,22-09-2023,PRUWealth Plus,Savings & Wealth,Digital,Annual,18032.12,322000,18032.12,0.0431,30,Inforce,35,N,,Y,,N,,,,,8,N,,,,,,,,N,N,0.39,9,,,,,,,,,,,,,,False,False,False,False,EXACT_DUPLICATE
RID-0020368,CLAIMS_SYS,04-07-2026 21:58,CUS-037713,Hui Ling Yeo,Female,02-05-1977,49,Single,Employment Pass,Manager,103260,100k-200k,D24,hui.ling.yeo414@example.com,+65 87641190,POL-0020368,11-02-2026,13-02-2026,PRUSelect Vantage,Investment-Linked,Agency,Monthly,29526.82,218000,29526.82,0.1008,10,Inforce,6,N,,Y,,N,,,,,61,N,,,,,,,,N,N,-0.06,6,,,,,,AGT-01107,Lakshmi Mitchell,Senior,111,AU-25,Active,59.1,0.16,False,False,False,False,EXACT_DUPLICATE
RID-0012273,CRM,05-03-2026 03:33,CUS-015886,Joanne Lee,Female,03-12-1984,42,Divorced,Citizen,Education,274756,200k-400k,D21,joanne.lee355@example.com,+65 94933174,POL-0012273,07-01-2023,17-02-2023,PRUShield Life,Protection,Agency,Semi-Annual,4042.69,2528000,4042.69,0.3063,30,Inforce,43,N,,Y,,N,,,,,29,N,,,,,,,,N,N,0.14,10,,,,,,AGT-00969,Rohan Lim,MDRT,136,AU-30,Active,31,0.197,False,False,False,False,EXACT_DUPLICATE
RID-0041960,CLAIMS_SYS,09-04-2026 02:44,CUS-004531,Zulkifli Kumar,Male,18-07-1972,54,Divorced,Permanent Resident,Executive,59183,50k-100k,D18,zulkifli.kumar436@example.com,+65 88595668,POL-0041960,19-06-2025,25-06-2025,PRUVantage Legacy,Savings & Wealth,Bancassurance,Monthly,19658.5,276000,19658.5,0.0729,25,Inforce,14,N,,Y,,N,,,,,65,N,,,,,,,,N,N,0.28,7,,,,,,,,,,,,,,False,False,False,False,EXACT_DUPLICATE
RID-0030646,CLAIMS_SYS,10-05-2026 17:32,CUS-000354,Jun Hao Toh,Male,18-02-1966,60,Widowed,Permanent Resident,Education,47782,Below 50k,D17,jun.hao.toh349@example.com,+65 86682092,POL-0030646,02-06-2023,14-06-2023,PRULink Global Growth,Investment-Linked,Bancassurance,Semi-Annual,26204.25,515000,26204.25,0.1226,15,Inforce,39,N,,Y,,N,,,,,80,N,CLM-0030646,20-11-2023,Death Benefit,5153.79,Partially Approved,,26,N,N,0.62,6,ASR-0015,25000,N,N,0.814,,,,,,,,,False,False,False,False,EXACT_DUPLICATE
RID-0035990,POLICY_ADMIN,26-03-2026 22:59,CUS-023267,Arjun Pillai,Male,15-10-1980,46,Widowed,Permanent Resident,Civil Service,59459,50k-100k,D27,arjun.pillai374@example.com,+65 84007085,POL-0035990,12-08-2025,19-09-2025,PRUFlexiCash,Savings & Wealth,Agency,Annual,41577.99,277000,41577.99,0.0352,25,Inforce,11,N,,Y,,N,,,,,71,N,CLM-0035990,27-06-2026,Death Benefit,20042.12,Approved,,1,N,N,0.16,9,ASR-0036,25000,N,N,0.337,AGT-01156,Divya Goh,New,1,AU-09,Active,67.1,0.153,False,False,False,False,EXACT_DUPLICATE
RID-0005992,POLICY_ADMIN,04-06-2026 07:33,CUS-037827,Siew Peng Ho,Female,18-09-1987,39,Widowed,Citizen,Healthcare,108299,100k-200k,D13,siew.peng.ho391@example.com,+65 88766446,POL-0005992,13-12-2025,11-01-2026,PRUExtra Care,Health & IP,Bancassurance,Semi-Annual,7382.8,160000,7382.8,0.1179,25,Inforce,7,N,,Y,Public A-Ward,Y,3053.48,3053.48,0,1500,0,N,,,,,,,,N,N,0.7,7,,,,,,,,,,,,,,False,False,False,False,EXACT_DUPLICATE
RID-0014212,CRM,01-06-2026 21:49,CUS-001929,Jonathan Tan,Male,25-09-1979,47,Widowed,Citizen,Education,137142,100k-200k,D18,jonathan.tan116@example.com,+65 92838395,POL-0014212,17-12-2024,30-12-2024,PRUTerm Secure,Protection,Digital,Semi-Annual,6029.83,1152000,6029.83,0.2904,20,Lapsed,20,Y,12-08-2025,N,,N,,,,,52,N,,,,,,,,N,N,0.79,9,,,,,,,,,,,,,,False,False,False,False,EXACT_DUPLICATE
RID-0029312,CLAIMS_SYS,13-07-2026 23:38,CUS-025247,Priya Ho,Female,04-08-1980,46,Widowed,Citizen,Sales,50509,50k-100k,D03,priya.ho225@example.com,+65 91149379,POL-0029312,22-07-2023,10-08-2023,PRULink Assurance,Investment-Linked,Digital,Quarterly,7221.1,294000,7221.1,0.1092,25,Inforce,37,N,,Y,,N,,,,,145,N,,,,,,,,N,N,0.3,10,,,,,,,,,,,,,,False,False,False,False,EXACT_DUPLICATE
RID-0045304,AGENCY_MGMT,22-05-2026 10:10,CUS-024496,Zarina Kumar,Female,12-02-1977,49,Single,Citizen,Retired,49919,Below 50k,D27,zarina.kumar224@example.com,+65 94930327,POL-0045304,25-01-2023,03-03-2023,PRUTerm Secure,Protection,Bancassurance,Semi-Annual,7152.37,1367000,7152.37,0.2888,15,Inforce,42,N,,Y,,N,,,,,0,N,CLM-0045304,04-04-2026,Disability,6174.11,Declined,Waiting period not served,11,N,N,0.41,10,ASR-0047,5000,N,N,0.233,,,,,,,,,False,False,False,False,EXACT_DUPLICATE
RID-0018792,POLICY_ADMIN,07-04-2026 08:39,CUS-038323,Hui Ling Rahman,Female,03-08-1960,66,Widowed,Citizen,Self-Employed,95650,50k-100k,D24,hui.ling.rahman465@example.com,+65 89407759,POL-0018792,19-12-2023,25-12-2023,PRUShield A Plus,Health & IP,Bancassurance,Annual,3915.01,1060000,3915.01,0.0873,5,Inforce,32,N,,Y,Public B1-Ward,Y,1304.49,1304.49,0,1500,53,N,,,,,,,,N,N,0.24,6,,,,,,,,,,,,,,False,False,False,False,EXACT_DUPLICATE
RID-0022277,CLAIMS_SYS,10-06-2026 19:55,CUS-018597,Siew Peng Hassan,Female,10-11-1968,58,Divorced,Citizen,Executive,59208,50k-100k,D18,siew.peng.hassan141@example.com,+65 83726494,POL-0022277,18-04-2023,11-05-2023,PRUFlexiCash,Savings & Wealth,Agency,Monthly,24480.5,62000,24480.5,0.0424,20,Inforce,40,N,,Y,,N,,,,,0,N,CLM-0022277,12-03-2026,Death Benefit,14493.85,Approved,,22,N,N,0.57,10,ASR-0051,5000,N,N,0.03,AGT-01040,Hakim Osman,MDRT,148,AU-31,Resigned,39.5,0.502,False,False,False,False,EXACT_DUPLICATE
RID-0006552,CRM,31-08-2026 00:07,CUS-039449,Jonathan Salleh,Male,09-05-1971,55,Married,Permanent Resident,Education,212507,200k-400k,D04,jonathan.salleh407@example.com,+65 81942026,POL-0006552,02-06-2023,11-06-2023,PRUVantage Legacy,Savings & Wealth,Agency,Semi-Annual,15928.9,339000,15928.9,0.0555,99,Inforce,39,N,,Y,,N,,,,,310,N,CLM-0006552,15-10-2024,Maternity,17028.48,Approved,,19,N,N,-0.08,9,ASR-0041,5000,N,N,0.277,AGT-00084,Marcus Ho,Senior,114,AU-39,Active,34,0.383,False,False,False,False,EXACT_DUPLICATE
RID-0014406,POLICY_ADMIN,18-07-2026 17:50,CUS-013301,Wan Ting Rahman,Female,24-07-1988,38,Married,Permanent Resident,Retired,30000,Below 50k,D10,wan.ting.rahman163@example.com,+65 87375243,POL-0014406,30-07-2024,04-09-2024,PRUShield Premier,Health & IP,Agency,Semi-Annual,4599.46,546000,4599.46,0.2007,25,Inforce,24,N,,Y,Public A-Ward,N,,,,,0,N,CLM-0014406,13-07-2025,Hospitalisation,10910.55,Approved,,13,N,N,0.22,10,ASR-0057,50000,N,N,0.376,AGT-00277,Faisal Tan,Established,21,AU-09,Active,39.9,0.279,False,False,False,False,EXACT_DUPLICATE
RID-0037286,POLICY_ADMIN,01-08-2026 19:01,CUS-035493,Divya Toh,Female,09-01-2005,21,Divorced,Citizen,Technician,115853,100k-200k,D14,divya.toh326@example.com,+65 95423701,POL-0037286,31-05-2023,16-06-2023,PRUSave Endowment,Savings & Wealth,Agency,Semi-Annual,55426.15,284000,55426.15,0.0386,15,Inforce,39,N,,Y,,N,,,,,243,N,CLM-0037286,05-07-2025,Death Benefit,32971.3,Approved,,16,N,N,-0.11,8,ASR-0046,25000,N,N,0.223,AGT-00530,Edwin Pillai,New,2,AU-32,Active,65.3,0.377,False,False,False,False,EXACT_DUPLICATE
RID-0036099,POLICY_ADMIN,07-03-2026 03:14,CUS-009669,Kai Xuan Chong,Male,10-02-1985,41,Single,Permanent Resident,Civil Service,46298,Below 50k,D26,kai.xuan.chong140@example.com,+65 83524356,POL-0036099,03-05-2023,17-06-2023,PRUCritical Cover,Protection,Bancassurance,Quarterly,1502.44,666000,1502.44,0.1806,15,Inforce,39,N,,Y,,N,,,,,89,N,,,,,,,,N,N,0.69,5,,,,,,,,,,,,,,False,False,False,False,EXACT_DUPLICATE
RID-0047330,AGENCY_MGMT,17-07-2026 21:45,CUS-015444,Daniel Chua,Male,13-11-1988,38,Divorced,Permanent Resident,Retired,46826,Below 50k,D22,daniel.chua56@example.com,+65 88719660,POL-0047330,06-06-2025,26-06-2025,PRUShield Premier,Health & IP,Agency,Annual,1014.13,206000,1014.13,0.1618,25,Inforce,14,N,,Y,Public A-Ward,N,,,,,76,N,CLM-0047330,08-08-2025,Critical Illness,1514.71,Partially Approved,,10,N,N,0.73,8,ASR-0030,25000,N,N,0.303,AGT-01058,Priya Salleh,Senior,65,AU-27,Active,50.9,0.426,False,False,False,False,EXACT_DUPLICATE
RID-0021914,POLICY_ADMIN,04-07-2026 20:15,CUS-009078,Iskandar Nair,Male,16-12-1983,43,Married,Employment Pass,Sales,36405,Below 50k,D03,iskandar.nair298@example.com,+65 84559948,POL-0021914,07-11-2023,08-12-2023,PRUSelect Vantage,Investment-Linked,Agency,Annual,42090.99,573000,42090.99,0.1079,15,Inforce,33,N,,Y,,N,,,,,31,N,CLM-0021914,20-02-2024,Critical Illness,850.14,Approved,,32,N,N,0.92,6,ASR-0014,5000,N,N,0.053,AGT-00563,Mei Yi Teo,New,10,AU-18,Active,33.6,0.095,False,False,False,False,EXACT_DUPLICATE
RID-0040262,CLAIMS_SYS,03-05-2026 05:10,CUS-001507,Farah Rahman,Female,20-01-1973,53,Married,Citizen,Professional,56038,50k-100k,D27,farah.rahman203@example.com,+65 84216717,POL-0040262,10-03-2023,25-03-2023,PRUTerm Secure,Protection,Agency,Annual,1026.95,2442000,1026.95,0.3327,10,Inforce,41,N,,Y,,N,,,,,224,N,CLM-0040262,23-01-2025,Day Surgery,1315.77,Approved,,18,N,N,0.02,6,ASR-0032,25000,N,N,0.241,AGT-01159,Lakshmi Aziz,New,6,AU-39,Active,41.7,0.216,False,False,False,False,EXACT_DUPLICATE
RID-0014298,AGENCY_MGMT,02-06-2026 18:40,CUS-031744,Farah Menon,Female,26-08-1969,57,Widowed,Permanent Resident,Self-Employed,30000,Below 50k,D23,farah.menon362@example.com,+65 86152476,POL-0014298,12-07-2023,19-08-2023,PRULink Global Growth,Investment-Linked,Bancassurance,Monthly,4585.94,853000,4585.94,0.126,99,Inforce,36,N,,Y,,N,,,,,13,N,,,,,,,,N,N,0.83,6,,,,,,,,,,,,,,False,False,False,False,EXACT_DUPLICATE
RID-0038055,POLICY_ADMIN,16-08-2026 17:47,CUS-018644,Aminah Kamal,Female,01-12-1960,66,Widowed,Employment Pass,Technician,55819,50k-100k,D20,aminah.kamal91@example.com,+65 98625675,POL-0038055,15-03-2025,20-04-2025,PRUWealth Plus,Savings & Wealth,Agency,Semi-Annual,51300.05,104000,51300.05,0.0864,99,Inforce,16,N,,Y,,N,,,,,610,Y,CLM-0038055,04-07-2026,Day Surgery,4853.14,Partially Approved,,22,N,N,0.16,7,ASR-0025,50000,N,N,0.251,AGT-00844,Wan Ting Kamal,Senior,165,AU-40,Active,55.3,0.132,False,False,False,False,EXACT_DUPLICATE
RID-0038751,CRM,27-04-2026 17:56,CUS-001295,Yong Sheng Reddy,Male,24-11-1969,57,Married,Citizen,Self-Employed,130167,100k-200k,D23,yong.sheng.reddy121@example.com,+65 97175006,POL-0038751,15-03-2026,23-03-2026,PRUShield A Plus,Health & IP,Digital,Quarterly,994.68,825000,994.68,0.1241,10,Inforce,5,N,,Y,Public A-Ward,Y,362.14,362.14,0,1500,27,N,CLM-0038751,29-07-2026,Accident,7335.49,Approved,,29,N,N,0.87,9,ASR-0008,10000,N,N,0.334,,,,,,,,,False,False,False,False,EXACT_DUPLICATE
RID-0019970,POLICY_ADMIN,18-07-2026 08:40,CUS-038315,Wan Ting Yeo,Female,14-10-2000,26,Single,Citizen,Manager,71987,50k-100k,D02,wan.ting.yeo212@example.com,+65 85327043,POL-0019970,18-05-2026,21-06-2026,PRUTerm Secure,Protection,Agency,Annual,1583.7,1881000,1583.7,0.3006,15,Inforce,2,N,,Y,,N,,,,,0,N,CLM-0019970,01-07-2026,Outpatient Specialist,5827.72,Approved,,23,N,N,0.18,6,ASR-0033,25000,N,N,0.255,AGT-00966,Daniel Bennett,Senior,39,AU-21,Active,35.4,0.087,False,False,False,False,EXACT_DUPLICATE
RID-0017574,AGENCY_MGMT,16-07-2026 07:25,CUS-013789,Jun Hao Low,Male,12-06-1971,55,Single,Employment Pass,Self-Employed,92561,50k-100k,D18,jun.hao.low263@example.com,+65 93755448,POL-0017574,19-05-2026,11-06-2026,PRUVantage Legacy,Savings & Wealth,Agency,Annual,11249.96,406000,11249.96,0.0492,10,Inforce,2,N,,Y,,N,,,,,305,N,,,,,,,,N,N,0.24,9,,,,,,AGT-00993,Suresh Menon,New,1,AU-10,On Notice,80.8,0.107,False,False,False,False,EXACT_DUPLICATE
RID-0002933,CRM,22-03-2026 11:32,CUS-039867,Zhi Hao Osman,Male,06-07-1992,34,Single,Citizen,Self-Employed,78304,50k-100k,D28,zhi.hao.osman381@example.com,+65 86119507,POL-0002933,05-03-2025,13-03-2025,PRUShield Standard,Health & IP,Agency,Annual,3190.09,203000,3190.09,0.1557,10,Inforce,17,N,,Y,Public A-Ward,Y,1295.29,1295.29,0,2500,35,N,CLM-0002933,30-12-2025,Maternity,1373.87,Pending,,85,N,N,0.23,10,ASR-0016,100000,N,N,0.169,AGT-00296,Samantha Osman,Established,26,AU-03,Active,22.2,0.309,False,False,False,False,EXACT_DUPLICATE
RID-0007136,CRM,30-07-2026 12:14,CUS-013174,Jun Hao Ho,Male,02-12-2000,26,Single,Citizen,Professional,65652,50k-100k,D03,jun.hao.ho438@example.com,+65 85507068,POL-0007136,30-05-2023,03-06-2023,PRUShield Standard,Health & IP,Bancassurance,Annual,4406.08,380000,4406.08,0.1327,25,Lapsed,39,Y,29-10-2024,Y,Private Hospital,Y,1704.61,1704.61,0,2500,20,N,CLM-0007136,03-08-2025,Maternity,1548.43,Pending,,51,N,N,0.98,10,ASR-0029,5000,N,N,0.087,,,,,,,,,False,False,False,False,EXACT_DUPLICATE
RID-0033788,POLICY_ADMIN,19-07-2026 17:44,CUS-031324,Deepak Rahman,Male,06-07-1978,48,Single,Permanent Resident,Civil Service,56238,50k-100k,D02,deepak.rahman392@example.com,+65 97702045,POL-0033788,22-09-2023,04-10-2023,PRUWealth Plus,Savings & Wealth,Bancassurance,Annual,3539.01,151000,3539.01,0.0769,30,Inforce,35,N,,Y,,N,,,,,30,N,CLM-0033788,24-06-2026,Outpatient Specialist,4258.42,Approved,,18,N,N,0.71,6,ASR-0008,10000,N,N,0.206,,,,,,,,,False,False,False,False,EXACT_DUPLICATE
RID-0006188,CRM,19-08-2026 01:35,CUS-016893,Chee Keong Bennett,Male,15-02-1998,28,Married,Citizen,Manager,68310,50k-100k,D20,chee.keong.bennett359@example.com,+65 82129885,POL-0006188,20-01-2026,08-02-2026,PRUVantage Legacy,Savings & Wealth,Bancassurance,Semi-Annual,32821.08,151000,32821.08,0.0698,5,Inforce,6,N,,Y,,N,,,,,204,Y,CLM-0006188,16-02-2026,Death Benefit,4777.91,Approved,,12,N,N,0.72,9,ASR-0017,50000,N,N,0.217,,,,,,,,,False,False,False,False,EXACT_DUPLICATE
RID-0033149,AGENCY_MGMT,17-08-2026 09:40,CUS-013740,Vikram Fraser,Male,17-06-1983,43,Married,Citizen,Technician,90179,50k-100k,D23,vikram.fraser478@example.com,+65 87410412,POL-0033149,27-02-2025,03-03-2025,PRUActive Term,Protection,Bancassurance,Quarterly,7335.96,759000,7335.96,0.2473,25,Inforce,18,N,,Y,,N,,,,,74,N,CLM-0033149,27-07-2026,Accident,37357.31,Partially Approved,,17,N,N,0.69,6,ASR-0032,25000,N,N,0.411,,,,,,,,,False,False,False,False,EXACT_DUPLICATE
RID-0021112,CRM,07-04-2026 05:14,CUS-015423,Hui Ling Menon,Female,23-06-1971,55,Single,Citizen,Manager,75528,50k-100k,D08,hui.ling.menon453@example.com,+65 94127470,POL-0021112,08-02-2025,20-02-2025,PRUShield Standard,Health & IP,Broker,Monthly,4926.56,1353000,4926.56,0.1624,25,Inforce,18,N,,Y,Public A-Ward,Y,2406.67,2406.67,0,0,98,Y,CLM-0021112,23-05-2026,Death Benefit,6406.19,Pending,,42,N,N,0.34,9,ASR-0021,100000,N,N,0.092,AGT-00510,Zarina Pillai,New,4,AU-33,Active,58.7,0.333,False,False,False,False,EXACT_DUPLICATE
RID-0041410,CRM,27-05-2026 00:32,CUS-036945,Denise Fraser,Female,27-07-1971,55,Married,Employment Pass,Healthcare,97180,50k-100k,D13,denise.fraser223@example.com,+65 83177581,POL-0041410,28-02-2024,10-04-2024,PRUFlexiCash,Savings & Wealth,Broker,Semi-Annual,32775.51,421000,32775.51,0.0505,5,Inforce,29,N,,Y,,N,,,,,44,N,,,,,,,,N,N,0.23,7,,,,,,AGT-00485,Anjali Raj,Established,32,AU-28,Active,52.8,0.424,False,False,False,False,EXACT_DUPLICATE
RID-0037840,POLICY_ADMIN,15-06-2026 13:25,CUS-016692,Siew Peng Reddy,Female,09-08-1995,31,Married,Citizen,Sales,48470,Below 50k,D01,siew.peng.reddy5@example.com,+65 99883257,POL-0037840,11-02-2025,27-02-2025,PRUActive Term,Protection,Bancassurance,Annual,6737.12,448000,6737.12,0.2099,10,Inforce,18,N,,Y,,N,,,,,188,N,CLM-0037840,07-04-2025,Disability,11898.27,Approved,,7,N,N,0.46,8,ASR-0035,25000,N,N,0.351,,,,,,,,,False,False,False,False,EXACT_DUPLICATE
RID-0039454,POLICY_ADMIN,29-04-2026 21:28,CUS-005962,Jun Hao Iyer,Male,24-05-1987,39,Single,Permanent Resident,Sales,104133,100k-200k,D26,jun.hao.iyer91@example.com,+65 88719780,POL-0039454,01-05-2023,18-05-2023,PRUSave Endowment,Savings & Wealth,Agency,Annual,11540.34,246000,11540.34,0.0464,15,Inforce,40,N,,Y,,N,,,,,0,N,CLM-0039454,01-04-2024,Accident,2881.91,Approved,,14,N,N,0.88,10,ASR-0039,100000,N,N,0.373,AGT-00387,Chee Keong Pillai,Established,47,AU-16,Active,46,0.274,False,False,False,False,EXACT_DUPLICATE
RID-0017847,POLICY_ADMIN,12-04-2026 12:26,CUS-036796,Joanne Salleh,Female,25-07-1977,49,Single,Citizen,Executive,30942,Below 50k,D12,joanne.salleh347@example.com,+65 82375882,POL-0017847,29-09-2024,02-11-2024,PRUWealth Plus,Savings & Wealth,Direct,Quarterly,57915.97,287000,57915.97,0.0897,15,Inforce,22,N,,Y,,N,,,,,0,N,CLM-0017847,08-06-2026,Critical Illness,1426.94,Pending,,34,N,N,0.52,7,ASR-0036,25000,N,N,0.11,,,,,,,,,False,False,False,False,EXACT_DUPLICATE
RID-0015864,POLICY_ADMIN,23-08-2026 18:50,CUS-030024,Siti Nadia Ong,Female,21-03-1977,49,Single,Citizen,Civil Service,130456,100k-200k,D28,siti.nadia.ong445@example.com,+65 88804356,POL-0015864,05-05-2024,12-06-2024,PRUActive Term,Protection,Agency,Annual,6019.67,2641000,6019.67,0.3327,99,Inforce,27,N,,Y,,N,,,,,116,N,CLM-0015864,28-06-2025,Critical Illness,6843.71,Pending,,30,N,N,0.06,6,ASR-0008,10000,N,N,0.1,AGT-00987,Aminah Chong,Established,58,AU-23,Active,94.1,0.445,False,False,False,False,EXACT_DUPLICATE
RID-0017723,POLICY_ADMIN,16-06-2026 15:34,CUS-018991,Zhi Hao Neo,Male,01-10-1989,37,Single,Citizen,Professional,39027,Below 50k,D10,zhi.hao.neo294@example.com,+65 87473657,POL-0017723,17-06-2025,22-06-2025,PRUSave Endowment,Savings & Wealth,Agency,Monthly,3090.74,117000,3090.74,0.0497,10,Inforce,14,N,,Y,,N,,,,,62,N,CLM-0017723,24-09-2025,Death Benefit,2417.94,Approved,,21,N,N,-0.01,9,ASR-0021,100000,N,N,0.02,AGT-00745,Nurul Aisyah Goh,Established,83,AU-10,Active,43.6,0.33,False,False,False,False,EXACT_DUPLICATE
RID-0000312,POLICY_ADMIN,06-06-2026 15:28,CUS-036665,Joanne Kamal,Female,23-06-1991,35,Widowed,Citizen,Sales,120813,100k-200k,D18,joanne.kamal141@example.com,+65 98153258,POL-0000312,02-09-2025,09-10-2025,PRUCritical Cover,Protection,Agency,Quarterly,2384.16,2562000,2384.16,0.3094,15,Inforce,10,N,,Y,,N,,,,,148,N,CLM-0000312,23-10-2025,Death Benefit,979.64,Declined,Non-disclosure at underwriting,11,N,N,0.1,10,ASR-0015,25000,Y,N,0.944,AGT-00052,Wan Ting Koh,New,3,AU-17,Active,48.6,0.198,False,False,False,False,EXACT_DUPLICATE
RID-0002099,AGENCY_MGMT,07-05-2026 17:15,CUS-010038,Divya Bennett,Female,24-11-1958,68,Widowed,Permanent Resident,Sales,61069,50k-100k,D11,divya.bennett497@example.com,+65 93554907,POL-0002099,13-04-2024,06-05-2024,PRULink Global Growth,Investment-Linked,Agency,Monthly,20246.49,207000,20246.49,0.1796,5,Lapsed,28,Y,07-05-2026,Y,,N,,,,,18,N,CLM-0002099,25-04-2025,Outpatient Specialist,8505.23,Partially Approved,,22,N,N,0.9,8,ASR-0040,100000,N,N,0.28,AGT-00447,Wei Ming Lee,Senior,159,AU-35,Active,94.4,0.364,False,False,False,False,EXACT_DUPLICATE
RID-0029186,CRM,17-06-2026 14:52,CUS-024573,Xin Yi Lee,Female,13-02-2005,21,Married,Citizen,Self-Employed,102555,100k-200k,D04,xin.yi.lee320@example.com,+65 81403338,POL-0029186,03-10-2025,18-10-2025,PRUCritical Cover,Protection,Digital,Monthly,7388.06,2068000,7388.06,0.2723,25,Inforce,10,N,,Y,,N,,,,,327,N,,,,,,,,N,N,0.65,9,,,,,,,,,,,,,,False,False,False,False,EXACT_DUPLICATE
RID-0005871,POLICY_ADMIN,21-03-2026 01:33,CUS-024968,Faisal Yusof,Male,07-10-1985,41,Divorced,Citizen,Self-Employed,38174,Below 50k,D19,faisal.yusof260@example.com,+65 85342198,POL-0005871,22-09-2023,30-10-2023,PRUShield Life,Protection,Digital,Annual,3183.7,554000,3183.7,0.3345,99,Inforce,34,N,,Y,,N,,,,,0,N,CLM-0005871,16-01-2026,Outpatient Specialist,6946.02,Declined,Pre-existing condition,20,Y,Y,-0.35,0,ASR-0046,25000,N,N,0.278,,,,,,,,,False,False,False,False,EXACT_DUPLICATE
RID-0002988,CRM,30-06-2026 20:46,CUS-027649,Vikram Sharma,Male,11-10-1971,55,Married,Citizen,Education,30000,Below 50k,D09,vikram.sharma35@example.com,+65 84566137,POL-0002988,06-11-2024,13-11-2024,PRUFlexiCash,Savings & Wealth,Bancassurance,Quarterly,58891.65,310000,58891.65,0.0699,99,Inforce,21,N,,Y,,N,,,,,100,Y,CLM-0002988,25-01-2026,Disability,2415.88,Approved,,28,N,N,0.76,10,ASR-0004,100000,N,N,0.373,,,,,,,,,False,False,False,False,EXACT_DUPLICATE
RID-0003056,CRM,11-08-2026 13:27,CUS-037192,Joanne Chua,Female,04-06-1977,49,Divorced,Employment Pass,Healthcare,64911,50k-100k,D04,joanne.chua459@example.com,+65 95370958,POL-0003056,01-12-2023,07-12-2023,PRUVantage Legacy,Savings & Wealth,Bancassurance,Annual,12902.41,84000,12902.41,0.0406,15,Inforce,33,N,,Y,,N,,,,,127,N,,,,,,,,N,N,0.45,7,,,,,,,,,,,,,,False,False,False,False,EXACT_DUPLICATE
RID-0005889,POLICY_ADMIN,24-08-2026 11:28,CUS-013480,Iskandar Salleh,Male,19-02-1984,42,Married,Citizen,Civil Service,105970,100k-200k,D11,iskandar.salleh498@example.com,+65 81674429,POL-0005889,05-03-2025,13-03-2025,PRUVantage Legacy,Savings & Wealth,Bancassurance,Monthly,4363.34,123000,4363.34,0.0349,99,Inforce,17,N,,Y,,N,,,,,59,N,,,,,,,,N,N,0.98,8,,,,,,,,,,,,,,False,False,False,False,EXACT_DUPLICATE
RID-0018435,CLAIMS_SYS,26-06-2026 01:31,CUS-012931,Farah Ho,Female,16-07-1965,61,Divorced,Permanent Resident,Healthcare,80372,50k-100k,D04,farah.ho241@example.com,+65 83366866,POL-0018435,10-06-2023,01-07-2023,PRUFlexiCash,Savings & Wealth,Direct,Annual,55377.09,31000,55377.09,0.071,25,Matured,38,N,,Y,,N,,,,,22,N,CLM-0018435,23-05-2026,Disability,195.03,Approved,,1,N,N,-0.18,8,ASR-0059,50000,N,N,0.379,,,,,,,,,False,False,False,False,EXACT_DUPLICATE
RID-0009362,POLICY_ADMIN,21-07-2026 06:45,CUS-013185,Jun Hao Yeo,Male,07-05-1974,52,Widowed,Citizen,Civil Service,155755,100k-200k,D19,jun.hao.yeo224@example.com,+65 94746458,POL-0009362,07-10-2024,05-11-2024,PRUSave Endowment,Savings & Wealth,Agency,Annual,3441.66,121000,3441.66,0.0796,15,Matured,22,N,,Y,,N,,,,,43,Y,,,,,,,,N,N,0.64,10,,,,,,AGT-00287,Mei Yi Mitchell,Established,92,AU-35,On Notice,40.9,0.792,False,False,False,False,EXACT_DUPLICATE
RID-0030675,POLICY_ADMIN,17-05-2026 04:58,CUS-037032,Marcus Yeo,Male,19-12-1970,56,Married,Citizen,Executive,32991,Below 50k,D11,marcus.yeo237@example.com,+65 88633193,POL-0030675,19-07-2025,31-08-2025,PRUFlexiCash,Savings & Wealth,Agency,Monthly,6068.39,150000,6068.39,0.0883,30,Inforce,12,N,,Y,,N,,,,,412,N,,,,,,,,N,N,0.35,7,,,,,,AGT-00830,Hakim Iyer,Established,49,AU-21,Active,48.5,0.325,False,False,False,False,EXACT_DUPLICATE
RID-0044685,CLAIMS_SYS,04-08-2026 16:27,CUS-002398,Priya Yusof,Female,09-02-1982,44,Divorced,Citizen,Sales,65246,50k-100k,D01,priya.yusof30@example.com,+65 88331082,POL-0044685,29-03-2023,19-04-2023,PRUTerm Secure,Protection,Digital,Semi-Annual,8798.56,389000,8798.56,0.2483,5,Inforce,41,N,,Y,,N,,,,,484,N,CLM-0044685,08-05-2026,Day Surgery,10297.57,Pending,,34,N,N,0.84,6,ASR-0030,25000,N,N,0.257,,,,,,,,,False,False,False,False,EXACT_DUPLICATE
RID-0017530,CRM,14-04-2026 13:24,CUS-001171,Suresh Kamal,Male,03-07-2005,21,Widowed,Citizen,Sales,169602,100k-200k,D15,suresh.kamal420@example.com,+65 81490982,POL-0017530,10-04-2024,17-04-2024,PRUActive Term,Protection,Digital,Annual,4274.96,1361000,4274.96,0.2493,15,Lapsed,28,Y,26-01-2025,N,,N,,,,,81,N,CLM-0017530,29-07-2024,Hospitalisation,4435.9,Approved,,10,N,N,-0.14,9,ASR-0047,5000,N,N,0.353,,,,,,,,,False,False,False,False,EXACT_DUPLICATE
RID-0011349,CLAIMS_SYS,24-06-2026 12:05,CUS-040463,Siti Nadia Raj,Female,12-09-1977,49,Married,Permanent Resident,Education,47716,Below 50k,D12,siti.nadia.raj392@example.com,+65 87075907,POL-0011349,26-04-2025,20-05-2025,PRUTerm Secure,Protection,Agency,Annual,848.16,2793000,848.16,0.307,5,Inforce,15,N,,Y,,N,,,,,70,N,,,,,,,,N,N,0.63,5,,,,,,AGT-00375,Zulkifli Ng,Established,12,AU-20,Active,70,0.444,False,False,False,False,EXACT_DUPLICATE
RID-0020297,POLICY_ADMIN,25-05-2026 09:57,CUS-004302,Yong Sheng Harper,Male,01-04-1972,54,Married,Permanent Resident,Manager,85061,50k-100k,D14,yong.sheng.harper462@example.com,+65 93527037,POL-0020297,24-04-2025,17-05-2025,PRUExtra Care,Health & IP,Agency,Annual,4777.42,1070000,4777.42,0.1269,99,Inforce,15,N,,Y,Private Hospital,Y,1977.5,1977.5,0,0,142,N,,,,,,,,N,N,0.34,7,,,,,,AGT-00776,Terence Harper,Established,44,AU-23,Active,39.1,0.24,False,False,False,False,EXACT_DUPLICATE
RID-0005637,POLICY_ADMIN,10-05-2026 18:04,CUS-037326,Daniel Bennett,Male,27-09-1974,52,Divorced,Employment Pass,Retired,105572,100k-200k,D04,daniel.bennett317@example.com,+65 99769077,POL-0005637,13-11-2025,11-12-2025,PRUActive Term,Protection,Bancassurance,Annual,4105.96,881000,4105.96,0.2484,30,Inforce,8,N,,Y,,N,,,,,28,N,CLM-0005637,23-03-2026,Disability,31273.7,Approved,,13,N,N,0.87,6,ASR-0028,10000,N,N,0.259,,,,,,,,,False,False,False,False,EXACT_DUPLICATE
RID-0002386,CLAIMS_SYS,17-07-2026 09:01,CUS-003913,Jun Hao Ng,Male,04-11-1965,61,Married,Permanent Resident,Education,63954,50k-100k,D25,jun.hao.ng299@example.com,+65 86228773,POL-0002386,16-11-2023,27-11-2023,PRUShield Premier,Health & IP,Agency,Annual,2361.25,356000,2361.25,0.1574,15,Inforce,33,N,,Y,Public A-Ward,Y,1048.99,1048.99,0,0,141,Y,CLM-0002386,23-11-2025,Disability,10787.67,Approved,,11,N,N,0.81,8,ASR-0039,100000,N,N,0.048,AGT-00653,Vikram Kamal,MDRT,216,AU-07,Active,67.8,0.405,False,False,False,False,EXACT_DUPLICATE
RID-0040102,CLAIMS_SYS,21-04-2026 10:26,CUS-027560,Muhammad Ariff Sharma,Male,23-06-1982,44,Widowed,Citizen,Education,124284,100k-200k,D23,muhammad.ariff.sharma69@example.com,+65 88724580,POL-0040102,12-10-2025,17-11-2025,PRUVantage Legacy,Savings & Wealth,Agency,Monthly,49652.34,226000,49652.34,0.055,5,Inforce,9,N,,Y,,N,,,,,6,Y,,,,,,,,N,N,0.18,8,,,,,,AGT-00342,Zarina Neo,New,11,AU-11,Active,88.8,0.7,False,False,False,False,EXACT_DUPLICATE
RID-0042469,CRM,07-08-2026 17:31,CUS-040136,Samantha Chua,Female,06-06-2005,21,Married,Citizen,Retired,87094,50k-100k,D27,samantha.chua23@example.com,+65 96982604,POL-0042469,09-06-2025,23-07-2025,PRUWealth Plus,Savings & Wealth,Bancassurance,Monthly,43923.16,107000,43923.16,0.0483,99,Inforce,13,N,,Y,,N,,,,,0,Y,,,,,,,,N,N,0.82,5,,,,,,,,,,,,,,False,False,False,False,EXACT_DUPLICATE
RID-0037328,POLICY_ADMIN,31-03-2026 00:30,CUS-018842,Yong Sheng Lim,Male,11-06-1992,34,Single,Citizen,Education,97485,50k-100k,D19,yong.sheng.lim176@example.com,+65 92841589,POL-0037328,05-01-2024,29-01-2024,PRUShield Standard,Health & IP,Agency,Monthly,3680.52,882000,3680.52,0.1329,30,Inforce,31,N,,Y,Public B1-Ward,Y,1928.15,1928.15,0,2500,20,N,CLM-0037328,31-03-2026,Day Surgery,2395.74,Approved,,25,N,N,0.13,8,ASR-0025,50000,N,N,0.377,AGT-00653,Vikram Kamal,MDRT,216,AU-07,Active,67.8,0.405,False,False,False,False,EXACT_DUPLICATE
RID-0001956,CRM,28-08-2026 06:23,CUS-034576,Cheryl Nair,Female,16-06-1966,60,Single,Citizen,Executive,90848,50k-100k,D26,cheryl.nair44@example.com,+65 87300506,POL-0001956,28-12-2023,13-01-2024,PRUWealth Plus,Savings & Wealth,Bancassurance,Annual,4233.12,128000,4233.12,0.0536,15,Inforce,32,N,,Y,,N,,,,,9,N,,,,,,,,N,N,0.32,8,,,,,,,,,,,,,,False,False,False,False,EXACT_DUPLICATE
RID-0010738,AGENCY_MGMT,13-03-2026 05:53,CUS-006050,Edwin Rahman,Male,10-09-1980,46,Divorced,Citizen,Self-Employed,112075,100k-200k,D16,edwin.rahman313@example.com,+65 85210473,POL-0010738,21-01-2025,23-01-2025,PRUShield Standard,Health & IP,Digital,Semi-Annual,754.45,1088000,754.45,0.1216,25,Inforce,19,N,,Y,Public A-Ward,Y,310.96,310.96,0,0,0,Y,,,,,,,,N,N,0.66,6,,,,,,,,,,,,,,False,False,False,False,EXACT_DUPLICATE
RID-0029458,CRM,22-06-2026 19:59,CUS-012090,Kai Xuan Fraser,Male,27-07-1987,39,Married,Citizen,Professional,40733,Below 50k,D24,kai.xuan.fraser154@example.com,+65 85693974,POL-0029458,14-08-2024,10-09-2024,PRUCritical Cover,Protection,Agency,Monthly,1474.74,1949000,1474.74,0.2416,30,Inforce,24,N,,Y,,N,,,,,29,N,CLM-0029458,09-05-2025,Hospitalisation,2350.67,Approved,,17,N,Y,-0.73,3,ASR-0055,5000,N,N,0.011,AGT-01185,Daniel Pillai,Established,27,AU-14,Active,21.4,0.284,False,False,False,False,EXACT_DUPLICATE
RID-0023723,AGENCY_MGMT,26-04-2026 12:23,CUS-018455,Joanne Goh,Female,01-09-1987,39,Divorced,Citizen,Education,61147,50k-100k,D17,joanne.goh14@example.com,+65 91558863,POL-0023723,03-08-2023,11-09-2023,PRUSelect Vantage,Investment-Linked,Agency,Semi-Annual,4540.88,595000,4540.88,0.1273,10,Inforce,36,N,,Y,,N,,,,,50,N,CLM-0023723,09-12-2023,Critical Illness,24020.05,Approved,,29,N,N,-0.19,8,ASR-0033,25000,N,N,0.164,AGT-00008,Wan Ting Pillai,Senior,37,AU-35,Active,59.6,0.454,False,False,False,False,EXACT_DUPLICATE
RID-0031490,CRM,26-07-2026 23:43,CUS-036665,Anjali Nair,Female,14-08-1975,51,Divorced,Citizen,Civil Service,237039,200k-400k,D21,anjali.nair401@example.com,+65 89168287,POL-0031490,12-07-2023,24-07-2023,PRUFlexiCash,Savings & Wealth,Agency,Monthly,5150.06,378000,5150.06,0.0701,15,Inforce,37,N,,Y,,N,,,,,69,N,CLM-0031490,02-06-2024,Critical Illness,6136.91,Approved,,17,N,N,0.74,9,ASR-0026,10000,N,N,0.396,AGT-00472,Rohan Salleh,New,7,AU-27,Active,66.8,0.047,False,False,False,False,EXACT_DUPLICATE
RID-0025639,AGENCY_MGMT,10-08-2026 06:45,CUS-028949,Daniel Low,Male,07-02-1974,52,Single,Citizen,Self-Employed,154302,100k-200k,D21,daniel.low468@example.com,+65 82364536,POL-0025639,26-06-2025,30-07-2025,PRUWealth Plus,Savings & Wealth,Agency,Quarterly,33796,91000,33796,0.0596,20,Inforce,13,N,,Y,,N,,,,,415,N,CLM-0025639,11-02-2026,Death Benefit,4714.7,Approved,,23,N,N,0.59,6,ASR-0048,25000,N,N,0.134,AGT-00285,Rohan Sim,Established,21,AU-12,On Notice,42.4,0.262,False,False,False,False,EXACT_DUPLICATE
RID-0029531,POLICY_ADMIN,31-07-2026 13:07,CUS-019938,Anjali Wong,Female,26-11-1975,51,Married,Citizen,Manager,36261,Below 50k,D09,anjali.wong287@example.com,+65 94180688,POL-0029531,27-09-2024,14-10-2024,PRUFlexiCash,Savings & Wealth,Digital,Annual,41358.94,238000,41358.94,0.054,10,Surrendered,22,Y,27-01-2026,Y,,N,,,,,35,N,CLM-0029531,22-03-2025,Day Surgery,10418.74,Approved,,22,N,N,0.71,10,ASR-0059,50000,N,N,0.025,,,,,,,,,False,False,False,False,EXACT_DUPLICATE
RID-0009774,CRM,27-06-2026 21:05,CUS-018863,Chee Keong Chong,Male,24-02-1993,33,Married,Citizen,Sales,402116,Above 400k,D12,chee.keong.chong239@example.com,+65 94954901,POL-0009774,01-10-2024,03-10-2024,PRUWealth Plus,Savings & Wealth,Agency,Semi-Annual,18302.49,212000,18302.49,0.058,10,Inforce,23,N,,Y,,N,,,,,25,N,CLM-0009774,06-01-2026,Disability,14632.56,Approved,,13,N,N,0.37,6,ASR-0046,25000,N,N,0.383,AGT-00828,Priya Harper,Established,84,AU-25,Active,81.1,0.179,False,False,False,False,EXACT_DUPLICATE
RID-0019862,POLICY_ADMIN,16-08-2026 00:51,CUS-016522,Denise Iyer,Female,25-08-1987,39,Married,Permanent Resident,Sales,169000,100k-200k,D15,denise.iyer37@example.com,+65 88404515,POL-0019862,11-01-2026,14-01-2026,PRUSelect Vantage,Investment-Linked,Digital,Quarterly,33500.29,125000,33500.29,0.1046,20,Inforce,7,N,,Y,,N,,,,,134,N,CLM-0019862,18-02-2026,Disability,4016,Approved,,17,N,N,0.81,10,ASR-0019,100000,N,N,0.307,,,,,,,,,False,False,False,False,EXACT_DUPLICATE
RID-0025043,POLICY_ADMIN,05-04-2026 14:14,CUS-025732,Zarina Reddy,Female,03-07-2005,21,Divorced,Citizen,Retired,64201,50k-100k,D22,zarina.reddy45@example.com,+65 97269503,POL-0025043,22-03-2023,04-04-2023,PRUExtra Care,Health & IP,Bancassurance,Annual,5771.02,1467000,5771.02,0.1691,30,Inforce,41,N,,Y,Private Hospital,N,,,,,43,Y,CLM-0025043,22-09-2024,Death Benefit,1250.21,Approved,,10,N,N,0.8,6,ASR-0046,25000,N,N,0.138,,,,,,,,,False,False,False,False,EXACT_DUPLICATE
RID-0023352,CRM,12-05-2026 08:52,CUS-026747,Rachel Goh,Female,10-07-1965,61,Married,Citizen,Civil Service,121517,100k-200k,D11,rachel.goh94@example.com,+65 91292287,POL-0023352,30-10-2024,29-11-2024,PRUActive Term,Protection,Direct,Semi-Annual,7612.24,679000,7612.24,0.3334,15,Inforce,21,N,,Y,,N,,,,,20,Y,,,,,,,,N,N,0.17,7,,,,,,,,,,,,,,False,False,False,False,EXACT_DUPLICATE
RID-0047194,AGENCY_MGMT,20-07-2026 23:40,CUS-039484,Suresh Sim,Male,14-02-2001,25,Divorced,Citizen,Education,115334,100k-200k,D04,suresh.sim444@example.com,+65 91064784,POL-0047194,07-11-2025,22-12-2025,PRUSelect Vantage,Investment-Linked,Direct,Quarterly,4519.22,392000,4519.22,0.1032,99,Inforce,8,N,,Y,,N,,,,,27,N,CLM-0047194,19-04-2026,Day Surgery,1446.16,Partially Approved,,19,N,N,0.77,10,ASR-0015,25000,Y,Y,0.795,,,,,,,,,False,False,False,False,EXACT_DUPLICATE
RID-0031569,AGENCY_MGMT,30-05-2026 04:16,CUS-033035,Rohan Seah,Male,18-04-1969,57,Widowed,Citizen,Executive,30000,Below 50k,D20,rohan.seah369@example.com,+65 83067355,POL-0031569,30-12-2024,05-01-2025,PRUVantage Legacy,Savings & Wealth,Agency,Annual,17412.41,56000,17412.41,0.0549,99,Inforce,20,N,,Y,,N,,,,,28,N,CLM-0031569,10-05-2026,Critical Illness,24341.32,Partially Approved,,20,N,N,0.27,7,ASR-0016,100000,N,N,0.031,AGT-01178,Kavitha Toh,New,4,AU-33,Active,65.5,0.333,False,False,False,False,EXACT_DUPLICATE
RID-0008400,POLICY_ADMIN,04-08-2026 21:44,CUS-020554,Valerie Ho,Female,26-02-1987,39,Divorced,Citizen,Executive,75175,50k-100k,D07,valerie.ho337@example.com,+65 88883541,POL-0008400,20-03-2025,27-04-2025,PRUFlexiCash,Savings & Wealth,Agency,Semi-Annual,28330.99,254000,28330.99,0.0913,10,Inforce,16,N,,Y,,N,,,,,15,N,CLM-0008400,11-04-2026,Hospitalisation,13522.24,Approved,,20,N,N,0.64,7,ASR-0057,50000,N,N,0.108,AGT-00822,Muhammad Ariff Hassan,New,7,AU-01,Active,61.2,0.022,False,False,False,False,EXACT_DUPLICATE
RID-0029674,POLICY_ADMIN,02-05-2026 02:38,CUS-006455,Farah Mitchell,Female,09-08-1972,54,Single,Employment Pass,Retired,122854,100k-200k,D14,farah.mitchell473@example.com,+65 88930175,POL-0029674,04-04-2026,27-04-2026,PRUFlexiCash,Savings & Wealth,Broker,Annual,43184.58,192000,43184.58,0.0609,10,Matured,4,N,,Y,,N,,,,,29,N,CLM-0029674,25-08-2026,Accident,936.67,Partially Approved,,6,N,N,0.79,8,ASR-0019,100000,N,N,0.293,AGT-00675,Wei Ming Lee,Established,77,AU-40,Active,84.9,0.23,False,False,False,False,EXACT_DUPLICATE
RID-0042073,POLICY_ADMIN,26-03-2026 05:17,CUS-002004,Rohan Iyer,Male,18-05-1994,32,Single,Employment Pass,Retired,52880,50k-100k,D24,rohan.iyer360@example.com,+65 89704985,POL-0042073,02-08-2024,06-08-2024,PRUShield Standard,Health & IP,Bancassurance,Monthly,6257.15,329000,6257.15,0.1557,25,Inforce,25,N,,Y,Public A-Ward,Y,1761.24,1761.24,0,0,19,Y,CLM-0042073,20-12-2024,Hospitalisation,7288.94,Partially Approved,,7,N,N,0.58,7,ASR-0046,25000,N,N,0.185,,,,,,,,,False,False,False,False,EXACT_DUPLICATE
RID-0046443,POLICY_ADMIN,25-08-2026 10:16,CUS-003894,Mei Yi Turner,Female,01-08-1972,54,Divorced,Citizen,Professional,30000,Below 50k,D04,mei.yi.turner349@example.com,+65 83808419,POL-0046443,11-09-2023,15-10-2023,PRUSave Endowment,Savings & Wealth,Agency,Monthly,25991.96,448000,25991.96,0.0365,25,Inforce,35,N,,Y,,N,,,,,106,N,CLM-0046443,12-08-2026,Hospitalisation,3368.87,Pending,,52,N,N,0.06,10,ASR-0040,100000,N,N,0.41,AGT-01012,Deepak Goh,New,4,AU-03,Active,70.6,0.203,False,False,False,False,EXACT_DUPLICATE
RID-0030902,CLAIMS_SYS,12-06-2026 13:41,CUS-012024,Rachel Kumar,Female,23-03-1964,62,Single,Citizen,Self-Employed,71356,50k-100k,D15,rachel.kumar272@example.com,+65 92291199,POL-0030902,16-01-2024,26-01-2024,PRUExtra Care,Health & IP,Bancassurance,Annual,6723.22,776000,6723.22,0.0886,30,Inforce,31,N,,Y,Public B1-Ward,Y,2731.28,2731.28,0,0,58,N,CLM-0030902,28-04-2026,Day Surgery,22384.54,Withdrawn,,15,N,N,-0.16,10,ASR-0029,5000,N,N,0.074,,,,,,,,,False,False,False,False,EXACT_DUPLICATE
RID-0038695,AGENCY_MGMT,16-07-2026 19:08,CUS-013004,Kai Xuan Seah,Male,01-08-1993,33,Single,Citizen,Retired,30000,Below 50k,D09,kai.xuan.seah361@example.com,+65 96222173,POL-0038695,07-10-2023,08-10-2023,PRUSave Endowment,Savings & Wealth,Direct,Semi-Annual,13284.4,291000,13284.4,0.0742,99,Inforce,35,N,,Y,,N,,,,,162,N,CLM-0038695,12-11-2023,Hospitalisation,16396.83,Approved,,20,N,N,0.14,9,ASR-0058,100000,N,N,0.124,,,,,,,,,False,False,False,False,EXACT_DUPLICATE
RID-0036389,AGENCY_MGMT,13-05-2026 16:20,CUS-031177,Samantha Yeo,Female,07-03-1998,28,Single,Citizen,Executive,97153,50k-100k,D25,samantha.yeo109@example.com,+65 84870059,POL-0036389,06-07-2024,02-08-2024,PRUShield Standard,Health & IP,Agency,Semi-Annual,4815.3,669000,4815.3,0.1994,5,Inforce,25,N,,Y,Private Hospital,N,,,,,200,Y,CLM-0036389,25-06-2025,Accident,1879.69,Partially Approved,,29,N,N,-0.1,8,ASR-0045,10000,N,N,0.215,AGT-00332,Siew Peng Hassan,Senior,61,AU-22,Active,99.3,0.423,False,False,False,False,EXACT_DUPLICATE
RID-0028290,CRM,15-05-2026 05:39,CUS-018009,Priya Hassan,Female,07-09-1980,46,Widowed,Citizen,Education,74313,50k-100k,D09,priya.hassan475@example.com,+65 83908415,POL-0028290,13-10-2023,22-11-2023,PRUActive Term,Protection,Agency,Monthly,2548.64,2778000,2548.64,0.2451,15,Inforce,33,N,,Y,,N,,,,,56,N,CLM-0028290,06-06-2025,Accident,5882.78,Approved,,21,N,N,-0.09,9,ASR-0009,25000,N,N,0.258,AGT-00505,Aminah Seah,New,4,AU-18,Active,32.3,0.221,False,False,False,False,EXACT_DUPLICATE
RID-0029170,AGENCY_MGMT,10-05-2026 11:46,CUS-028397,Faisal Harper,Male,12-09-1960,66,Single,Permanent Resident,Technician,92863,50k-100k,D01,faisal.harper78@example.com,+65 85327321,POL-0029170,10-08-2023,19-08-2023,PRUExtra Care,Health & IP,Agency,Annual,1118.76,1081000,1118.76,0.208,25,Surrendered,36,Y,03-07-2024,N,Public A-Ward,Y,522.73,522.73,0,2500,0,N,,,,,,,,N,N,0.49,6,,,,,,AGT-00723,Hakim Salleh,Established,92,AU-32,Active,67.1,0.302,False,False,False,False,EXACT_DUPLICATE
RID-0030325,CLAIMS_SYS,20-03-2026 06:34,CUS-005695,Denise Reddy,Female,25-11-2000,26,Divorced,Citizen,Professional,79886,50k-100k,D18,denise.reddy454@example.com,+65 85741110,POL-0030325,07-02-2025,22-03-2025,PRUTerm Secure,Protection,Agency,Monthly,8022.84,1812000,8022.84,0.2423,30,Inforce,17,N,,Y,,N,,,,,116,Y,CLM-0030325,30-05-2026,Death Benefit,14080,Approved,,6,N,N,0.12,7,ASR-0055,5000,N,N,0.185,AGT-00517,Zhi Hao Bennett,Senior,94,AU-09,Active,36.3,0.419,False,False,False,False,EXACT_DUPLICATE
RID-0015779,POLICY_ADMIN,13-04-2026 23:14,CUS-031904,Zhi Hao Ho,Male,05-01-1988,38,Divorced,Employment Pass,Civil Service,30000,Below 50k,D26,zhi.hao.ho55@example.com,+65 94947579,POL-0015779,02-05-2023,16-06-2023,PRUShield Life,Protection,Bancassurance,Quarterly,4557.14,2728000,4557.14,0.2046,15,Inforce,39,N,,Y,,N,,,,,21,N,CLM-0015779,11-03-2025,Accident,2826.42,Declined,Treatment not medically necessary,35,N,N,0.06,6,ASR-0008,10000,N,N,0.316,,,,,,,,,False,False,False,False,EXACT_DUPLICATE
RID-0010870,CRM,18-06-2026 05:14,CUS-037258,Samantha Nair,Female,17-07-1984,42,Married,Permanent Resident,Technician,67137,50k-100k,D09,samantha.nair302@example.com,+65 95473913,POL-0010870,09-01-2025,18-01-2025,PRUShield Life,Protection,Bancassurance,Semi-Annual,4299.96,632000,4299.96,0.25,15,Inforce,19,N,,Y,,N,,,,,223,N,CLM-0010870,07-04-2025,Day Surgery,4042.18,Pending,,42,N,N,0.69,10,ASR-0003,10000,N,N,0.326,,,,,,,,,False,False,False,False,EXACT_DUPLICATE
RID-0028953,CRM,26-06-2026 12:25,CUS-001276,Mei Yi Salleh,Female,27-06-1982,44,Divorced,Employment Pass,Manager,34784,Below 50k,D19,mei.yi.salleh128@example.com,+65 88137888,POL-0028953,30-01-2026,17-02-2026,PRUFlexiCash,Savings & Wealth,Bancassurance,Monthly,10412.53,150000,10412.53,0.0355,99,Inforce,6,N,,Y,,N,,,,,58,N,CLM-0028953,28-07-2026,Disability,2822.98,Approved,,22,N,N,0.92,8,ASR-0006,25000,N,N,0.05,,,,,,,,,False,False,False,False,EXACT_DUPLICATE
RID-0030837,AGENCY_MGMT,06-07-2026 11:11,CUS-028112,Kai Xuan Ong,Male,05-10-1969,57,Married,Permanent Resident,Self-Employed,102731,100k-200k,D11,kai.xuan.ong17@example.com,+65 85149976,POL-0030837,16-02-2025,17-02-2025,PRUActive Term,Protection,Digital,Annual,2237.53,2533000,2237.53,0.2688,20,Inforce,18,N,,Y,,N,,,,,0,Y,CLM-0030837,08-07-2026,Death Benefit,3467.41,Approved,,18,N,N,0.63,7,ASR-0036,25000,N,N,0.355,,,,,,,,,False,False,False,False,EXACT_DUPLICATE
RID-0002387,AGENCY_MGMT,23-08-2026 05:14,CUS-015830,Divya Hassan,Female,21-08-2003,23,Married,Permanent Resident,Education,62259,50k-100k,D01,divya.hassan91@example.com,+65 99692190,POL-0002387,11-01-2024,03-02-2024,PRUExtra Care,Health & IP,Bancassurance,Annual,7282.57,1254000,7282.57,0.1665,20,Inforce,31,N,,Y,Public A-Ward,Y,3687.05,3687.05,0,1500,21,N,CLM-0002387,01-05-2025,Disability,2585.38,Approved,,33,N,N,0.73,9,ASR-0032,25000,N,N,0.035,,,,,,,,,False,False,False,False,EXACT_DUPLICATE
RID-0045694,AGENCY_MGMT,11-07-2026 06:37,CUS-027989,Zarina Goh,Female,26-03-1988,38,Divorced,Citizen,Manager,105384,100k-200k,D25,zarina.goh46@example.com,+65 99840413,POL-0045694,08-01-2026,26-01-2026,PRUWealth Plus,Savings & Wealth,Agency,Semi-Annual,6881.89,344000,6881.89,0.0596,10,Inforce,7,N,,Y,,N,,,,,40,N,CLM-0045694,04-08-2026,Disability,7638.13,Partially Approved,,23,N,N,-0.13,6,ASR-0056,50000,N,N,0.131,AGT-01007,Nicholas Ong,Established,49,AU-36,Active,21.8,0.184,False,False,False,False,EXACT_DUPLICATE
RID-0037764,POLICY_ADMIN,24-04-2026 13:11,CUS-019546,Lakshmi Tan,Female,20-09-1972,54,Widowed,Citizen,Manager,66551,50k-100k,D01,lakshmi.tan83@example.com,+65 88940243,POL-0037764,02-05-2025,14-06-2025,PRUCritical Cover,Protection,Bancassurance,Semi-Annual,4967.54,2991000,4967.54,0.1912,30,Surrendered,14,Y,22-02-2026,N,,N,,,,,88,N,CLM-0037764,06-04-2026,Day Surgery,1529.97,Approved,,20,N,N,0.92,7,ASR-0029,5000,N,N,0.28,,,,,,,,,False,False,False,False,EXACT_DUPLICATE
RID-0014567,CRM,20-08-2026 07:22,CUS-039586,Rohan Ibrahim,Male,06-06-1980,46,Married,Permanent Resident,Education,77681,50k-100k,D24,rohan.ibrahim115@example.com,+65 83124875,POL-0014567,13-04-2023,19-04-2023,PRUSave Endowment,Savings & Wealth,Agency,Monthly,18667.77,492000,18667.77,0.0741,25,Inforce,41,N,,Y,,N,,,,,41,Y,,,,,,,,N,N,0.25,10,,,,,,AGT-00370,Aminah Sharma,New,8,AU-37,Active,64.9,0.159,False,False,False,False,EXACT_DUPLICATE
RID-0005464,AGENCY_MGMT,18-06-2026 13:34,CUS-028526,Zarina Yusof,Female,05-12-1986,40,Widowed,Citizen,Self-Employed,100748,100k-200k,D03,zarina.yusof82@example.com,+65 93439761,POL-0005464,10-09-2024,04-10-2024,PRUShield Premier,Health & IP,Agency,Quarterly,2736.1,1119000,2736.1,0.1302,30,Inforce,23,N,,Y,Private Hospital,N,,,,,101,N,,,,,,,,N,N,-0.06,7,,,,,,AGT-00348,Kai Xuan Yusof,New,9,AU-19,Active,84,0.421,False,False,False,False,EXACT_DUPLICATE
RID-0045063,CRM,21-07-2026 04:18,CUS-007835,Muhammad Ariff Osman,Male,13-10-2001,25,Married,Citizen,Self-Employed,120843,100k-200k,D22,muhammad.ariff.osman180@example.com,+65 93059440,POL-0045063,19-12-2024,22-01-2025,PRUShield Standard,Health & IP,Bancassurance,Monthly,7111.1,1263000,7111.1,0.1241,25,Inforce,19,N,,Y,Private Hospital,Y,3123.27,3123.27,0,2500,74,N,CLM-0045063,30-08-2026,Day Surgery,8796.56,Approved,,30,N,N,-0.1,7,ASR-0055,5000,N,N,0.234,,,,,,,,,False,False,False,False,EXACT_DUPLICATE
RID-0006211,AGENCY_MGMT,17-03-2026 08:57,CUS-014852,Joanne Low,Female,07-01-1972,54,Widowed,Citizen,Executive,72537,50k-100k,D06,joanne.low188@example.com,+65 99122659,POL-0006211,01-04-2023,14-04-2023,PRUShield Standard,Health & IP,Bancassurance,Monthly,6575.13,1294000,6575.13,0.1141,25,Inforce,41,N,,Y,Private Hospital,Y,3092.52,3092.52,0,1500,17,N,CLM-0006211,17-06-2026,Death Benefit,11418.55,Approved,,16,N,N,0.95,6,ASR-0030,25000,N,Y,0.4,,,,,,,,,False,False,False,False,EXACT_DUPLICATE
RID-0006994,POLICY_ADMIN,12-05-2026 11:15,CUS-004525,Rachel Low,Female,03-05-1957,69,Single,Citizen,Professional,30000,Below 50k,D03,rachel.low366@example.com,+65 89763758,POL-0006994,06-05-2026,09-05-2026,PRUActive Term,Protection,Bancassurance,Annual,3197.5,717000,3197.5,0.2262,99,Inforce,3,N,,Y,,N,,,,,293,Y,CLM-0006994,16-07-2026,Critical Illness,4162.27,Declined,Documentation incomplete,15,N,N,0.91,9,ASR-0007,25000,N,N,0.376,,,,,,,,,False,False,False,False,EXACT_DUPLICATE
RID-0046682,CRM,25-04-2026 14:57,CUS-022840,Vikram Chan,Male,13-08-1991,35,Married,Citizen,Manager,173676,100k-200k,D26,vikram.chan389@example.com,+65 93876633,POL-0046682,13-05-2025,29-05-2025,PRUVantage Legacy,Savings & Wealth,Agency,Monthly,48130.75,164000,48130.75,0.0579,30,Inforce,15,N,,Y,,N,,,,,127,N,,,,,,,,N,N,0.47,5,,,,,,AGT-00931,Aravind Wong,Senior,72,AU-32,Active,79.7,0.237,False,False,False,False,EXACT_DUPLICATE
RID-0025700,CLAIMS_SYS,01-08-2026 22:36,CUS-020855,Edwin Raj,Male,28-02-1970,56,Single,Citizen,Professional,53715,50k-100k,D06,edwin.raj398@example.com,+65 98846430,POL-0025700,27-06-2026,25-07-2026,PRUCritical Cover,Protection,Agency,Monthly,4075.41,1176000,4075.41,0.2968,20,Matured,1,N,,Y,,N,,,,,0,N,CLM-0025700,30-07-2026,Critical Illness,874.86,Declined,Non-disclosure at underwriting,19,N,N,0.34,9,ASR-0030,25000,N,N,0.011,AGT-00180,Valerie Teo,MDRT,188,AU-16,On Notice,43.9,0.328,False,False,False,False,EXACT_DUPLICATE
RID-0008891,CRM,02-07-2026 16:50,CUS-020914,Joanne Bennett,Female,27-06-1969,57,Widowed,Citizen,Executive,61685,50k-100k,D28,joanne.bennett36@example.com,+65 81828178,POL-0008891,26-05-2026,06-06-2026,PRUActive Term,Protection,Agency,Monthly,7754.35,966000,7754.35,0.2408,99,Inforce,2,N,,Y,,N,,,,,0,N,CLM-0008891,21-06-2026,Disability,2795.45,Partially Approved,,4,N,N,0.53,6,ASR-0009,25000,N,N,0.044,AGT-00767,Aminah Aziz,Senior,53,AU-15,Active,96.7,0.444,False,False,False,False,EXACT_DUPLICATE
RID-0042777,CRM,01-05-2026 09:06,CUS-006484,Xin Yi Ibrahim,Female,10-09-1980,46,Single,Citizen,Education,45483,Below 50k,D23,xin.yi.ibrahim149@example.com,+65 84595581,POL-0042777,16-02-2024,05-03-2024,PRUVantage Legacy,Savings & Wealth,Bancassurance,Quarterly,2587.28,49000,2587.28,0.0644,25,Inforce,30,N,,Y,,N,,,,,44,N,,,,,,,,N,N,0.66,5,,,,,,,,,,,,,,False,False,False,False,EXACT_DUPLICATE
RID-0038189,CRM,08-03-2026 12:08,CUS-005209,Aravind Sharma,Male,01-10-1977,49,Divorced,Citizen,Self-Employed,70140,50k-100k,D16,aravind.sharma172@example.com,+65 87916814,POL-0038189,23-06-2023,24-07-2023,PRUVantage Legacy,Savings & Wealth,Agency,Quarterly,24873.73,378000,24873.73,0.0844,30,Inforce,37,N,,Y,,N,,,,,0,Y,CLM-0038189,02-01-2026,Accident,4038.16,Approved,,21,N,N,0.03,6,ASR-0014,5000,N,N,0.227,AGT-00097,Nurul Aisyah Yeo,Senior,157,AU-36,Active,32.8,0.318,False,False,False,False,EXACT_DUPLICATE
RID-0038815,CRM,01-08-2026 20:26,CUS-005539,Iskandar Sharma,Male,20-01-1984,42,Widowed,Citizen,Sales,156604,100k-200k,D19,iskandar.sharma470@example.com,+65 93411462,POL-0038815,13-03-2023,25-03-2023,PRUShield A Plus,Health & IP,Agency,Annual,5985.11,744000,5985.11,0.142,99,Lapsed,41,Y,26-06-2024,Y,Private Hospital,Y,1953.21,1953.21,0,0,0,Y,,,,,,,,N,N,0.11,10,,,,,,AGT-00394,Zhi Hao Neo,Established,29,AU-06,Active,72.6,0.441,False,False,False,False,EXACT_DUPLICATE
RID-0010451,CLAIMS_SYS,29-04-2026 06:34,CUS-000481,Kai Xuan Yusof,Male,13-07-1980,46,Divorced,Citizen,Technician,119470,100k-200k,D02,kai.xuan.yusof307@example.com,+65 85153104,POL-0010451,04-10-2024,08-10-2024,PRUVantage Legacy,Savings & Wealth,Agency,Monthly,34366.79,158000,34366.79,0.0576,15,Inforce,23,N,,Y,,N,,,,,157,N,,,,,,,,N,N,-0.08,10,,,,,,AGT-01141,Priya Ng,New,6,AU-04,Active,40.1,0.341,False,False,False,False,EXACT_DUPLICATE
RID-0034152,POLICY_ADMIN,19-08-2026 09:09,CUS-011766,Siew Peng Menon,Female,28-08-1974,52,Single,Citizen,Sales,73782,50k-100k,D28,siew.peng.menon41@example.com,+65 94926647,POL-0034152,27-09-2024,13-10-2024,PRUShield Standard,Health & IP,Agency,Semi-Annual,4107.14,1000000,4107.14,0.1561,30,Inforce,22,N,,Y,Public A-Ward,N,,,,,39,Y,CLM-0034152,18-11-2025,Critical Illness,7342.72,Pending,,20,N,N,0.51,10,ASR-0014,5000,N,N,0.266,AGT-00567,Aravind Iyer,Established,60,AU-16,Active,38.2,0.447,False,False,False,False,EXACT_DUPLICATE
RID-0017484,CRM,25-05-2026 17:34,CUS-028534,Zarina Neo,Female,03-05-1972,54,Married,Citizen,Technician,56026,50k-100k,D14,zarina.neo274@example.com,+65 89680335,POL-0017484,17-12-2025,27-01-2026,PRUFlexiCash,Savings & Wealth,Agency,Monthly,40839.28,229000,40839.28,0.094,10,Inforce,7,N,,Y,,N,,,,,82,Y,CLM-0017484,10-03-2026,Day Surgery,1800.52,Declined,Pre-existing condition,28,Y,Y,-0.54,3,ASR-0031,100000,N,N,0.351,AGT-00085,Joanne Ong,New,8,AU-33,Active,89.9,0.061,False,False,False,False,EXACT_DUPLICATE
RID-0028996,CLAIMS_SYS,21-07-2026 23:41,CUS-022089,Rachel Reddy,Female,18-04-1987,39,Widowed,Citizen,Education,135079,100k-200k,D19,rachel.reddy171@example.com,+65 94268411,POL-0028996,25-06-2024,08-07-2024,PRUSave Endowment,Savings & Wealth,Agency,Monthly,43997,285000,43997,0.0512,10,Inforce,26,N,,Y,,N,,,,,12,N,CLM-0028996,10-04-2025,Critical Illness,4027.9,Pending,,43,N,N,0.76,8,ASR-0059,50000,N,N,0.368,AGT-00886,Siew Peng Iyer,Established,90,AU-31,Active,39,0.397,False,False,False,False,EXACT_DUPLICATE
RID-0035450,AGENCY_MGMT,07-06-2026 00:57,CUS-019163,Denise Ibrahim,Female,08-10-1986,40,Widowed,Permanent Resident,Technician,49422,Below 50k,D16,denise.ibrahim374@example.com,+65 98728151,POL-0035450,21-04-2023,20-05-2023,PRUExtra Care,Health & IP,Broker,Semi-Annual,1335.6,1188000,1335.6,0.1979,15,Inforce,40,N,,Y,Private Hospital,N,,,,,94,N,,,,,,,,N,N,0.46,6,,,,,,AGT-00604,Wei Ming Lim,Established,40,AU-22,Active,51.6,0.111,False,False,False,False,EXACT_DUPLICATE
RID-0029923,AGENCY_MGMT,27-04-2026 11:50,CUS-040967,Meera Goh,Female,16-06-1987,39,Widowed,Employment Pass,Retired,30000,Below 50k,D07,meera.goh445@example.com,+65 81828539,POL-0029923,29-09-2024,02-10-2024,PRUShield Life,Protection,Bancassurance,Semi-Annual,7597.8,1766000,7597.8,0.1934,10,Inforce,23,N,,Y,,N,,,,,88,N,,,,,,,,N,N,0.06,7,,,,,,,,,,,,,,False,False,False,False,EXACT_DUPLICATE
RID-0008377,POLICY_ADMIN,19-06-2026 15:54,CUS-031671,Muhammad Ariff Kamal,Male,27-03-1978,48,Divorced,Permanent Resident,Education,60088,50k-100k,D17,muhammad.ariff.kamal290@example.com,+65 87828491,POL-0008377,06-08-2023,01-09-2023,PRULink Assurance,Investment-Linked,Agency,Annual,2701.34,497000,2701.34,0.1536,99,Inforce,36,N,,Y,,N,,,,,44,N,CLM-0008377,18-05-2026,Disability,3484.07,Partially Approved,,8,N,N,-0.15,8,ASR-0047,5000,N,N,0.156,AGT-01182,Cheryl Foo,Established,92,AU-02,Active,37,0.403,False,False,False,False,EXACT_DUPLICATE
RID-0029570,AGENCY_MGMT,11-08-2026 11:55,CUS-001768,Yong Sheng Lee,Male,18-10-1994,32,Widowed,Citizen,Executive,142103,100k-200k,D03,yong.sheng.lee202@example.com,+65 89856364,POL-0029570,22-01-2023,21-02-2023,PRUShield Premier,Health & IP,Bancassurance,Annual,2064.49,402000,2064.49,0.1308,99,Inforce,42,N,,Y,Private Hospital,Y,770.15,770.15,0,1500,99,Y,,,,,,,,N,N,0.52,8,,,,,,,,,,,,,,False,False,False,False,EXACT_DUPLICATE
RID-0013928,CRM,02-05-2026 06:40,CUS-022102,Aminah Lim,Female,11-01-1979,47,Married,Citizen,Executive,141198,100k-200k,D10,aminah.lim459@example.com,+65 95270214,POL-0013928,24-06-2023,12-07-2023,PRUVantage Legacy,Savings & Wealth,Agency,Semi-Annual,54280.46,426000,54280.46,0.0367,30,Inforce,38,N,,Y,,N,,,,,81,N,CLM-0013928,14-06-2026,Maternity,4305.91,Approved,,29,N,N,-0.03,9,ASR-0024,50000,N,N,0.024,AGT-01193,Daniel Iyer,Established,52,AU-14,Active,94.5,0.405,False,False,False,False,EXACT_DUPLICATE
RID-0044024,CRM,23-04-2026 09:58,CUS-040493,Vikram Lim,Male,02-03-1987,39,Divorced,Citizen,Healthcare,33701,Below 50k,D08,vikram.lim310@example.com,+65 81443356,POL-0044024,29-07-2024,22-08-2024,PRUVantage Legacy,Savings & Wealth,Agency,Monthly,17393.64,476000,17393.64,0.0381,25,Inforce,24,N,,Y,,N,,,,,32,N,CLM-0044024,26-02-2025,Death Benefit,10418.35,Partially Approved,,12,N,N,0.26,9,ASR-0046,25000,N,N,0.181,AGT-01094,Wan Ting Fraser,New,8,AU-18,Active,53.1,0.151,False,False,False,False,EXACT_DUPLICATE
RID-0026281,POLICY_ADMIN,23-05-2026 05:19,CUS-032945,Zarina Ong,Female,13-08-1995,31,Single,Permanent Resident,Professional,89445,50k-100k,D05,zarina.ong51@example.com,+65 84552156,POL-0026281,17-01-2023,16-02-2023,PRUVantage Legacy,Savings & Wealth,Agency,Quarterly,54468.14,431000,54468.14,0.0571,5,Inforce,43,N,,Y,,N,,,,,15,N,CLM-0026281,03-05-2026,Maternity,8725.96,Approved,,28,N,N,0,10,ASR-0022,25000,N,N,0.096,AGT-00210,Siti Nadia Kumar,Established,80,AU-08,Active,99.6,0.612,False,False,False,False,EXACT_DUPLICATE
RID-0039568,POLICY_ADMIN,19-06-2026 12:27,CUS-033968,Anjali Wong,Female,06-03-1975,51,Single,Citizen,Executive,34760,Below 50k,D12,anjali.wong241@example.com,+65 83578573,POL-0039568,16-01-2025,04-02-2025,PRULink Global Growth,Investment-Linked,Bancassurance,Annual,8109.43,414000,8109.43,0.1021,20,Inforce,19,N,,Y,,N,,,,,37,N,CLM-0039568,18-03-2026,Accident,5084.32,Approved,,29,N,N,0.63,7,ASR-0011,50000,N,N,0.133,,,,,,,,,False,False,False,False,EXACT_DUPLICATE
RID-0022926,CLAIMS_SYS,20-06-2026 19:53,CUS-026349,Lakshmi Bennett,Female,20-07-1950,76,Divorced,Permanent Resident,Self-Employed,33535,Below 50k,D06,lakshmi.bennett69@example.com,+65 83405056,POL-0022926,03-04-2026,25-04-2026,PRUShield Standard,Health & IP,Agency,Monthly,2572.09,933000,2572.09,0.1826,25,Inforce,4,N,,Y,Public A-Ward,Y,834.43,412.37,10,2500,0,Y,CLM-0022926,08-08-2026,Disability,5496.28,Pending,,35,N,N,0.79,6,ASR-0023,50000,N,N,0.409,AGT-00005,Deepak Teo,Senior,147,AU-06,Active,92.8,0.793,False,False,False,False,EXACT_DUPLICATE
RID-0011554,CRM,02-06-2026 03:40,CUS-012653,Daniel Hassan,Male,07-11-1989,37,Married,Permanent Resident,Technician,38025,Below 50k,D21,daniel.hassan438@example.com,+65 91696686,POL-0011554,04-11-2025,11-11-2025,PRUFlexiCash,Savings & Wealth,Agency,Quarterly,14996.36,259000,14996.36,0.0925,5,Inforce,9,N,,Y,,N,,,,,39,N,CLM-0011554,07-08-2026,Critical Illness,336.5,Approved,,15,N,N,0.97,9,ASR-0002,25000,N,N,0.105,AGT-01058,Priya Salleh,Senior,65,AU-27,Active,50.9,0.426,False,False,False,False,EXACT_DUPLICATE
RID-0023563,CLAIMS_SYS,29-08-2026 08:19,CUS-012801,Kai Xuan Wright,Male,04-08-1988,38,Married,Employment Pass,Self-Employed,54071,50k-100k,D27,kai.xuan.wright389@example.com,+65 88312270,POL-0023563,27-12-2024,29-01-2025,PRUShield Life,Protection,Digital,Annual,5459.42,450000,5459.42,0.2312,10,Inforce,19,N,,Y,,N,,,,,54,N,,,,,,,,N,N,0.5,8,,,,,,,,,,,,,,False,False,False,False,EXACT_DUPLICATE
RID-0000983,CRM,05-04-2026 00:59,CUS-023376,Denise Lee,Female,10-09-1997,29,Divorced,Permanent Resident,Manager,87004,50k-100k,D18,denise.lee130@example.com,+65 92084714,POL-0000983,17-07-2024,29-07-2024,PRUVantage Legacy,Savings & Wealth,Bancassurance,Semi-Annual,46532.55,335000,46532.55,0.0683,15,Inforce,25,N,,Y,,N,,,,,168,N,CLM-0000983,30-05-2025,Outpatient Specialist,5836.24,Approved,,23,N,N,0.28,7,ASR-0041,5000,N,N,0.13,,,,,,,,,False,False,False,False,EXACT_DUPLICATE
RID-0028834,CRM,16-08-2026 08:36,CUS-036830,Zulkifli Foo,Male,03-05-1980,46,Single,Foreigner,Technician,102132,100k-200k,D25,zulkifli.foo134@example.com,+65 91082936,POL-0028834,15-01-2023,11-02-2023,PRUWealth Plus,Savings & Wealth,Agency,Annual,42212.68,459000,42212.68,0.0403,15,Inforce,43,N,,Y,,N,,,,,0,N,CLM-0028834,29-12-2025,Death Benefit,2310.22,Approved,,20,N,N,0.57,6,ASR-0003,10000,N,N,0.204,AGT-00096,Hui Ling Lim,Senior,177,AU-37,On Notice,43.3,0.355,False,False,False,False,EXACT_DUPLICATE
RID-0001218,CLAIMS_SYS,03-08-2026 22:04,CUS-038031,Vikram Rahman,Male,27-09-1983,43,Widowed,Citizen,Technician,85521,50k-100k,D26,vikram.rahman109@example.com,+65 94486322,POL-0001218,30-06-2026,10-07-2026,PRUFlexiCash,Savings & Wealth,Agency,Monthly,55367.64,207000,55367.64,0.0526,5,Inforce,1,N,,Y,,N,,,,,80,N,CLM-0001218,04-08-2026,Critical Illness,1401.3,Declined,Waiting period not served,22,N,N,0.82,8,ASR-0057,50000,N,N,0.283,AGT-00954,Cheryl Kamal,Senior,129,AU-17,Resigned,26.4,0.27,False,False,False,False,EXACT_DUPLICATE
RID-0035237,AGENCY_MGMT,06-03-2026 12:06,CUS-000812,Jonathan Hassan,Male,05-04-1966,60,Widowed,Citizen,Retired,107040,100k-200k,D01,jonathan.hassan27@example.com,+65 87353972,POL-0035237,04-08-2025,05-09-2025,PRUWealth Plus,Savings & Wealth,Agency,Monthly,50714.73,141000,50714.73,0.078,15,Inforce,12,N,,Y,,N,,,,,74,Y,CLM-0035237,08-01-2026,Day Surgery,6281.9,Approved,,20,N,N,0.33,7,ASR-0060,10000,N,N,0.201,AGT-00741,Daniel Chong,Established,78,AU-18,Resigned,70.3,0.322,False,False,False,False,EXACT_DUPLICATE
RID-0045410,CRM,07-07-2026 23:26,CUS-007776,Xin Yi Toh,Female,26-11-1989,37,Single,Citizen,Self-Employed,62015,50k-100k,D13,xin.yi.toh274@example.com,+65 89489891,POL-0045410,23-05-2026,30-06-2026,PRUCritical Cover,Protection,Bancassurance,Annual,5512.58,1920000,5512.58,0.2032,5,Inforce,2,N,,Y,,N,,,,,60,N,CLM-0045410,21-08-2026,Maternity,7185.22,Declined,Waiting period not served,14,N,N,0.03,8,ASR-0011,50000,N,N,0.025,,,,,,,,,False,False,False,False,EXACT_DUPLICATE
RID-0033080,CRM,13-08-2026 01:31,CUS-022737,Anjali Sim,Female,21-09-1988,38,Divorced,Citizen,Self-Employed,45366,Below 50k,D07,anjali.sim40@example.com,+65 81365635,POL-0033080,28-08-2023,07-10-2023,PRUWealth Plus,Savings & Wealth,Agency,Monthly,33914.5,474000,33914.5,0.0802,30,Inforce,35,N,,Y,,N,,,,,0,N,,,,,,,,N,N,0.77,6,,,,,,AGT-01030,Nurul Aisyah Yeo,Senior,174,AU-17,Resigned,58.9,0.04,False,False,False,False,EXACT_DUPLICATE
RID-0000622,CRM,17-07-2026 01:30,CUS-024592,Vikram Yeo,Male,23-05-2005,21,Divorced,Permanent Resident,Retired,171171,100k-200k,D08,vikram.yeo356@example.com,+65 95615010,POL-0000622,30-11-2023,03-12-2023,PRUVantage Legacy,Savings & Wealth,Digital,Annual,12203.81,150000,12203.81,0.0916,5,Inforce,33,N,,Y,,N,,,,,17,Y,,,,,,,,N,N,0.75,10,,,,,,,,,,,,,,False,False,False,False,EXACT_DUPLICATE
RID-0027804,CRM,08-08-2026 08:43,CUS-014108,Cheryl Foo,Female,16-11-1983,43,Divorced,Citizen,Sales,52211,50k-100k,D13,cheryl.foo151@example.com,+65 86680524,POL-0027804,28-03-2024,29-03-2024,PRUFlexiCash,Savings & Wealth,Agency,Semi-Annual,37229.19,435000,37229.19,0.0934,10,Inforce,29,N,,Y,,N,,,,,0,Y,CLM-0027804,11-02-2026,Day Surgery,1599.33,Approved,,12,N,N,0.01,8,ASR-0047,5000,N,N,0.294,AGT-00008,Wan Ting Pillai,Senior,37,AU-35,Active,59.6,0.454,False,False,False,False,EXACT_DUPLICATE
RID-0041902,POLICY_ADMIN,06-06-2026 05:39,CUS-004186,Kai Xuan Low,Male,08-03-1973,53,Widowed,Permanent Resident,Manager,56678,50k-100k,D01,kai.xuan.low123@example.com,+65 96011715,POL-0041902,19-09-2024,01-10-2024,PRUCritical Cover,Protection,Bancassurance,Monthly,7991.81,1539000,7991.81,0.246,99,Inforce,23,N,,Y,,N,,,,,0,N,,,,,,,,N,N,0.73,5,,,,,,,,,,,,,,False,False,False,False,EXACT_DUPLICATE
RID-0043415,POLICY_ADMIN,05-05-2026 15:13,CUS-002176,Iskandar Fraser,Male,05-05-1975,51,Single,Citizen,Education,73814,50k-100k,D26,iskandar.fraser57@example.com,+65 98738052,POL-0043415,31-01-2024,27-02-2024,PRUWealth Plus,Savings & Wealth,Agency,Annual,53046.02,299000,53046.02,0.0704,20,Inforce,30,N,,Y,,N,,,,,223,N,CLM-0043415,12-01-2025,Maternity,2237.48,Approved,,13,N,N,0.82,6,ASR-0055,5000,N,N,0.316,AGT-01195,Aminah Sharma,MDRT,69,AU-29,Active,94.8,0.088,False,False,False,False,EXACT_DUPLICATE
RID-0030302,CRM,21-05-2026 15:45,CUS-013341,Denise Neo,Female,13-04-1974,52,Widowed,Permanent Resident,Self-Employed,117320,100k-200k,D24,denise.neo247@example.com,+65 81712370,POL-0030302,22-10-2025,14-11-2025,PRUShield Life,Protection,Direct,Monthly,617.95,1308000,617.95,0.2311,20,Inforce,9,N,,Y,,N,,,,,253,N,CLM-0030302,12-07-2026,Hospitalisation,12998.91,Declined,Non-disclosure at underwriting,11,Y,Y,-0.58,3,ASR-0047,5000,N,N,0.112,,,,,,,,,False,False,False,False,EXACT_DUPLICATE
RID-0010321,POLICY_ADMIN,14-05-2026 09:24,CUS-029116,Wei Ming Pillai,Male,21-12-1964,62,Widowed,Citizen,Civil Service,215016,200k-400k,D03,wei.ming.pillai73@example.com,+65 81677002,POL-0010321,13-01-2026,17-02-2026,PRUFlexiCash,Savings & Wealth,Bancassurance,Monthly,4114.07,353000,4114.07,0.0666,20,Inforce,6,N,,Y,,N,,,,,119,N,CLM-0010321,17-06-2026,Death Benefit,2422.8,Approved,,25,N,N,0.63,6,ASR-0028,10000,N,N,0.342,,,,,,,,,False,False,False,False,EXACT_DUPLICATE
RID-0026229,POLICY_ADMIN,05-08-2026 06:13,CUS-027581,Aminah Nair,Female,21-09-1997,29,Single,Citizen,Healthcare,122463,100k-200k,D11,aminah.nair56@example.com,+65 95300109,POL-0026229,26-01-2023,02-02-2023,PRUVantage Legacy,Savings & Wealth,Agency,Monthly,21113.1,292000,21113.1,0.0379,99,Inforce,43,N,,Y,,N,,,,,49,Y,CLM-0026229,06-03-2026,Death Benefit,6997.85,Approved,,15,N,N,0.07,10,ASR-0054,5000,N,N,0.054,AGT-00703,Aravind Tan,Established,26,AU-35,Active,82.9,0.563,False,False,False,False,EXACT_DUPLICATE
RID-0037799,CLAIMS_SYS,25-07-2026 23:06,CUS-001783,Aminah Wright,Female,24-01-1982,44,Single,Citizen,Technician,70153,50k-100k,D23,aminah.wright220@example.com,+65 91416482,POL-0037799,27-09-2024,30-10-2024,PRUShield Life,Protection,Agency,Semi-Annual,5590.33,2086000,5590.33,0.2691,30,Inforce,22,N,,Y,,N,,,,,7,N,,,,,,,,N,N,0.97,7,,,,,,AGT-00657,Siti Nadia Menon,Established,91,AU-25,Active,83.9,0.072,False,False,False,False,EXACT_DUPLICATE
RID-0038965,AGENCY_MGMT,13-03-2026 15:39,CUS-016724,Valerie Yusof,Female,25-08-2001,25,Widowed,Citizen,Civil Service,226319,200k-400k,D11,valerie.yusof146@example.com,+65 89450436,POL-0038965,19-02-2023,22-03-2023,PRUFlexiCash,Savings & Wealth,Agency,Annual,24284.9,211000,24284.9,0.0478,25,Inforce,41,N,,Y,,N,,,,,299,N,CLM-0038965,16-07-2023,Critical Illness,7937.38,Approved,,21,N,N,-0.09,9,ASR-0002,25000,N,N,0.306,AGT-00285,Rohan Sim,Established,21,AU-12,On Notice,42.4,0.262,False,False,False,False,EXACT_DUPLICATE
RID-0000372,CRM,12-05-2026 02:27,CUS-013339,Priya Ng,Female,18-07-1960,66,Widowed,Permanent Resident,Education,59445,50k-100k,D28,priya.ng483@example.com,+65 86107709,POL-0000372,07-08-2025,15-08-2025,PRUSave Endowment,Savings & Wealth,Agency,Annual,51258.97,272000,51258.97,0.0486,10,Inforce,12,N,,Y,,N,,,,,63,N,,,,,,,,N,N,0.12,6,,,,,,AGT-00526,Anjali Pillai,New,6,AU-16,Active,30.3,0.255,False,False,False,False,EXACT_DUPLICATE
RID-0017688,CLAIMS_SYS,12-05-2026 21:45,CUS-022053,Rohan Mitchell,Male,28-08-1972,54,Divorced,Citizen,Retired,50094,50k-100k,D21,rohan.mitchell448@example.com,+65 86912916,POL-0017688,11-04-2026,21-04-2026,PRUFlexiCash,Savings & Wealth,Direct,Quarterly,20392.55,248000,20392.55,0.0932,15,Inforce,4,N,,Y,,N,,,,,8,Y,,,,,,,,N,N,0.46,5,,,,,,,,,,,,,,False,False,False,False,EXACT_DUPLICATE
RID-0008443,AGENCY_MGMT,28-06-2026 21:45,CUS-006988,Joanne Ong,Female,18-12-1963,63,Single,Citizen,Sales,108433,100k-200k,D01,joanne.ong102@example.com,+65 81576524,POL-0008443,22-02-2026,18-03-2026,PRUVantage Legacy,Savings & Wealth,Bancassurance,Annual,31385.33,75000,31385.33,0.0339,30,Inforce,5,N,,Y,,N,,,,,99,Y,CLM-0008443,05-07-2026,Death Benefit,11798.74,Approved,,16,N,N,0.1,8,ASR-0022,25000,N,N,0.224,,,,,,,,,False,False,False,False,EXACT_DUPLICATE
RID-0016135,CLAIMS_SYS,04-08-2026 13:43,CUS-029585,Siew Peng Teo,Female,17-10-1999,27,Divorced,Employment Pass,Professional,73423,50k-100k,D23,siew.peng.teo425@example.com,+65 81291722,POL-0016135,13-06-2026,11-07-2026,PRUFlexiCash,Savings & Wealth,Agency,Quarterly,49767.02,127000,49767.02,0.0784,30,Matured,1,N,,Y,,N,,,,,19,N,CLM-0016135,26-08-2026,Outpatient Specialist,4573.61,Approved,,32,N,N,0.93,8,ASR-0055,5000,N,N,0.362,AGT-00954,Cheryl Kamal,Senior,129,AU-17,Resigned,26.4,0.27,False,False,False,False,EXACT_DUPLICATE
RID-0005263,CRM,16-04-2026 23:15,CUS-033444,Nurul Aisyah Raj,Female,06-08-1989,37,Married,Citizen,Self-Employed,68000,50k-100k,D07,nurul.aisyah.raj391@example.com,+65 84449972,POL-0005263,22-10-2024,02-12-2024,PRUWealth Plus,Savings & Wealth,Agency,Quarterly,6585.39,158000,6585.39,0.0885,10,Inforce,21,N,,Y,,N,,,,,219,Y,,,,,,,,N,N,0.03,7,,,,,,AGT-00176,Arjun Chua,Established,43,AU-20,Active,49.2,0.048,False,False,False,False,EXACT_DUPLICATE
RID-0025806,CLAIMS_SYS,23-06-2026 15:25,CUS-030615,Kavitha Turner,Female,10-11-1995,31,Single,Citizen,Technician,47836,Below 50k,D10,kavitha.turner298@example.com,+65 96963617,POL-0025806,21-06-2024,31-07-2024,PRUSave Endowment,Savings & Wealth,Bancassurance,Annual,13019.41,281000,13019.41,0.0565,20,Inforce,25,N,,Y,,N,,,,,90,N,,,,,,,,N,N,0.76,8,,,,,,,,,,,,,,False,False,False,False,EXACT_DUPLICATE
RID-0036433,POLICY_ADMIN,23-03-2026 23:46,CUS-003912,Mei Yi Mitchell,Female,19-07-1986,40,Single,Permanent Resident,Professional,146614,100k-200k,D08,mei.yi.mitchell20@example.com,+65 81028239,POL-0036433,30-01-2024,16-02-2024,PRUShield A Plus,Health & IP,Agency,Monthly,943.98,1373000,943.98,0.139,99,Surrendered,30,Y,09-10-2024,N,Public B1-Ward,Y,505.36,505.36,0,0,148,N,,,,,,,,N,N,0.28,7,,,,,,AGT-00788,Wei Ming Salleh,Established,74,AU-14,Active,27.4,0.423,False,False,False,False,EXACT_DUPLICATE
RID-0000410,AGENCY_MGMT,15-08-2026 00:43,CUS-003176,Vikram Ng,Male,07-01-1981,45,Married,Employment Pass,Healthcare,157550,100k-200k,D22,vikram.ng115@example.com,+65 89193237,POL-0000410,24-05-2023,08-07-2023,PRUSave Endowment,Savings & Wealth,Agency,Monthly,13059.21,493000,13059.21,0.0693,5,Inforce,38,N,,Y,,N,,,,,315,N,CLM-0000410,04-04-2025,Maternity,4198.12,Approved,,13,N,N,0.96,7,ASR-0040,100000,N,N,0.14,AGT-00716,Deepak Salleh,Established,28,AU-28,Active,89.4,0.361,False,False,False,False,EXACT_DUPLICATE
RID-0003944,POLICY_ADMIN,23-08-2026 17:42,CUS-014479,Zhi Hao Ibrahim,Male,27-02-1972,54,Widowed,Employment Pass,Sales,47493,Below 50k,D16,zhi.hao.ibrahim132@example.com,+65 81460786,POL-0003944,18-06-2023,13-07-2023,PRUCritical Cover,Protection,Bancassurance,Annual,5860.96,1398000,5860.96,0.2028,25,Inforce,38,N,,Y,,N,,,,,15,N,,,,,,,,N,N,0.12,8,,,,,,,,,,,,,,False,False,False,False,EXACT_DUPLICATE
RID-0044760,POLICY_ADMIN,02-04-2026 03:31,CUS-012103,Anjali Aziz,Female,03-01-1967,59,Divorced,Permanent Resident,Retired,80439,50k-100k,D02,anjali.aziz119@example.com,+65 83673733,POL-0044760,16-11-2023,13-12-2023,PRUTerm Secure,Protection,Bancassurance,Monthly,8458.79,963000,8458.79,0.2338,99,Inforce,33,N,,Y,,N,,,,,41,N,CLM-0044760,21-07-2026,Day Surgery,6047.53,Approved,,14,N,N,0.58,9,ASR-0053,25000,N,N,0.039,,,,,,,,,False,False,False,False,EXACT_DUPLICATE
RID-0029618,AGENCY_MGMT,20-08-2026 23:23,CUS-007064,Muhammad Ariff Sim,Male,13-01-1995,31,Married,Permanent Resident,Sales,59841,50k-100k,D26,muhammad.ariff.sim404@example.com,+65 92448390,POL-0029618,24-06-2026,06-08-2026,PRUShield Standard,Health & IP,Broker,Semi-Annual,2072.59,665000,2072.59,0.2128,15,Inforce,1,N,,Y,Public B1-Ward,Y,1096.53,596.87,5,1500,48,N,,,,,,,,N,N,0.94,8,,,,,,AGT-00459,Siti Nadia Toh,New,5,AU-13,Active,63.1,0.099,False,False,False,False,EXACT_DUPLICATE
RID-0042310,CLAIMS_SYS,12-05-2026 07:27,CUS-038210,Edwin Chua,Male,17-09-1980,46,Widowed,Citizen,Technician,50493,50k-100k,D25,edwin.chua261@example.com,+65 86869341,POL-0042310,29-06-2024,02-07-2024,PRUShield Life,Protection,Bancassurance,Annual,4757.8,2334000,4757.8,0.2624,20,Inforce,26,N,,Y,,N,,,,,55,N,,,,,,,,N,N,0.45,8,,,,,,,,,,,,,,False,False,False,False,EXACT_DUPLICATE
RID-0006699,CRM,19-08-2026 23:27,CUS-008336,Siew Peng Ong,Female,10-01-1963,63,Divorced,Citizen,Sales,50354,50k-100k,D13,siew.peng.ong381@example.com,+65 91396145,POL-0006699,27-08-2023,24-09-2023,PRULink Global Growth,Investment-Linked,Agency,Monthly,41576.75,745000,41576.75,0.1436,25,Inforce,35,N,,Y,,N,,,,,46,N,,,,,,,,N,N,0.53,8,,,,,,AGT-00828,Priya Harper,Established,84,AU-25,Active,81.1,0.179,False,False,False,False,EXACT_DUPLICATE
RID-0009741,CLAIMS_SYS,10-06-2026 00:59,CUS-005041,Anjali Foo,Female,25-02-1978,48,Widowed,Employment Pass,Technician,167104,100k-200k,D21,anjali.foo399@example.com,+65 95349528,POL-0009741,03-01-2024,26-01-2024,PRUActive Term,Protection,Bancassurance,Annual,3561.05,332000,3561.05,0.2906,15,Inforce,31,N,,Y,,N,,,,,0,Y,,,,,,,,N,N,0.68,8,,,,,,,,,,,,,,False,False,False,False,EXACT_DUPLICATE
RID-0044540,CRM,29-07-2026 15:10,CUS-023457,Jia Hui Lee,Female,24-11-1970,56,Widowed,Permanent Resident,Executive,108660,100k-200k,D27,jia.hui.lee31@example.com,+65 85235194,POL-0044540,17-02-2023,12-03-2023,PRUExtra Care,Health & IP,Agency,Semi-Annual,970.5,370000,970.5,0.1775,25,Inforce,42,N,,Y,Public B1-Ward,Y,416.46,416.46,0,1500,74,Y,,,,,,,,N,N,0.13,5,,,,,,AGT-01055,Nurul Aisyah Turner,Established,86,AU-23,Active,65.4,0.286,False,False,False,False,EXACT_DUPLICATE
RID-0011490,CRM,21-04-2026 09:49,CUS-030056,Anjali Yusof,Female,12-05-1989,37,Single,Foreigner,Professional,77917,50k-100k,D15,anjali.yusof275@example.com,+65 88311285,POL-0011490,26-03-2023,10-04-2023,PRUCritical Cover,Protection,Bancassurance,Monthly,7654.81,1512000,7654.81,0.2183,30,Lapsed,41,Y,03-04-2025,Y,,N,,,,,203,N,CLM-0011490,04-12-2025,Hospitalisation,2816.38,Approved,,15,N,N,0.13,9,ASR-0057,50000,N,N,0.042,,,,,,,,,False,False,False,False,EXACT_DUPLICATE
RID-0006700,CLAIMS_SYS,20-07-2026 09:55,CUS-026610,Rohan Salleh,Male,25-03-2000,26,Divorced,Permanent Resident,Technician,73796,50k-100k,D10,rohan.salleh76@example.com,+65 85457093,POL-0006700,24-04-2026,19-05-2026,PRUVantage Legacy,Savings & Wealth,Agency,Annual,30650.69,299000,30650.69,0.0436,15,Inforce,3,N,,Y,,N,,,,,234,N,,,,,,,,N,N,0.84,9,,,,,,AGT-00472,Rohan Salleh,New,7,AU-27,Active,66.8,0.047,False,False,False,False,EXACT_DUPLICATE
RID-0005330,CRM,22-07-2026 09:52,CUS-011206,Priya Rahman,Female,05-01-1988,38,Divorced,Citizen,Healthcare,126372,100k-200k,D22,priya.rahman227@example.com,+65 89257951,POL-0005330,27-03-2025,09-04-2025,PRUExtra Care,Health & IP,Bancassurance,Monthly,4961.31,1117000,4961.31,0.1629,25,Inforce,17,N,,Y,Public A-Ward,Y,2027.15,2027.15,0,1500,191,N,CLM-0005330,27-04-2026,Accident,3672.49,Approved,,11,N,N,0.38,10,ASR-0032,25000,N,N,0.138,,,,,,,,,False,False,False,False,EXACT_DUPLICATE
RID-0041604,AGENCY_MGMT,30-04-2026 18:14,CUS-015447,Nicholas Ho,Male,12-02-1973,53,Widowed,Citizen,Professional,72263,50k-100k,D15,nicholas.ho103@example.com,+65 98747226,POL-0041604,02-04-2023,09-05-2023,PRUShield A Plus,Health & IP,Bancassurance,Annual,6295.68,786000,6295.68,0.1498,99,Inforce,40,N,,Y,Public A-Ward,Y,2177.76,2177.76,0,2500,72,N,,,,,,,,N,N,0.78,9,,,,,,,,,,,,,,False,False,False,False,EXACT_DUPLICATE
RID-0001890,POLICY_ADMIN,28-08-2026 08:40,CUS-013741,Muhammad Ariff Raj,Male,03-11-1963,63,Widowed,Citizen,Civil Service,66622,50k-100k,D25,muhammad.ariff.raj156@example.com,+65 92462892,POL-0001890,02-02-2025,20-02-2025,PRUExtra Care,Health & IP,Digital,Annual,7058.79,396000,7058.79,0.1254,15,Lapsed,18,Y,17-09-2025,N,Public B1-Ward,Y,2131.89,2131.89,0,2500,0,N,,,,,,,,N,N,-0.08,8,,,,,,,,,,,,,,False,False,False,False,EXACT_DUPLICATE
RID-0032220,POLICY_ADMIN,05-06-2026 12:57,CUS-039155,Daniel Rahman,Male,19-10-2002,24,Divorced,Permanent Resident,Professional,60840,50k-100k,D19,daniel.rahman65@example.com,+65 85885596,POL-0032220,14-07-2025,16-08-2025,PRUShield Premier,Health & IP,Direct,Monthly,3218.75,738000,3218.75,0.2118,99,Inforce,12,N,,Y,Private Hospital,Y,1755.74,1755.74,0,1500,14,Y,,,,,,,,N,N,0.43,9,,,,,,,,,,,,,,False,False,False,False,EXACT_DUPLICATE
RID-0041310,CLAIMS_SYS,14-08-2026 16:13,CUS-001597,Vikram Pillai,Male,17-11-1996,30,Married,Employment Pass,Self-Employed,73655,50k-100k,D27,vikram.pillai491@example.com,+65 85151981,POL-0041310,28-04-2026,15-05-2026,PRUVantage Legacy,Savings & Wealth,Bancassurance,Annual,35988.03,355000,35988.03,0.0684,99,Inforce,3,N,,Y,,N,,,,,60,N,CLM-0041310,01-08-2026,Disability,5894.19,Partially Approved,,13,N,N,-0.11,8,ASR-0024,50000,N,N,0.181,,,,,,,,,False,False,False,False,EXACT_DUPLICATE
RID-0044435,AGENCY_MGMT,27-08-2026 02:45,CUS-033957,Farah Sharma,Female,20-12-2005,21,Widowed,Citizen,Professional,151009,100k-200k,D25,farah.sharma477@example.com,+65 98379734,POL-0044435,07-05-2026,08-06-2026,PRUSave Endowment,Savings & Wealth,Agency,Annual,38403.37,439000,38403.37,0.0788,25,Inforce,2,N,,Y,,N,,,,,98,N,,,,,,,,N,N,0.04,6,,,,,,AGT-00073,Wan Ting Osman,Established,43,AU-30,Active,95.8,0.25,False,False,False,False,EXACT_DUPLICATE
RID-0020502,AGENCY_MGMT,08-08-2026 08:53,CUS-026075,Jia Hui Foo,Female,26-12-1989,37,Married,Citizen,Technician,32447,Below 50k,D06,jia.hui.foo292@example.com,+65 86539577,POL-0020502,13-06-2026,25-07-2026,PRUVantage Legacy,Savings & Wealth,Agency,Annual,26305.34,479000,26305.34,0.0861,25,Inforce,1,N,,Y,,N,,,,,0,N,CLM-0020502,09-08-2026,Day Surgery,33113.65,Partially Approved,,22,N,N,0.87,10,ASR-0038,100000,N,N,0.165,AGT-00508,Denise Ng,Senior,84,AU-10,Resigned,69.7,0.249,False,False,False,False,EXACT_DUPLICATE
RID-0044954,AGENCY_MGMT,23-06-2026 11:42,CUS-030987,Wan Ting Raj,Female,23-06-1985,41,Widowed,Citizen,Manager,90786,50k-100k,D18,wan.ting.raj163@example.com,+65 91799893,POL-0044954,28-10-2023,31-10-2023,PRUActive Term,Protection,Bancassurance,Quarterly,6547.45,2314000,6547.45,0.2148,99,Inforce,34,N,,Y,,N,,,,,75,N,CLM-0044954,07-01-2026,Hospitalisation,2168.45,Pending,,53,N,N,0.57,9,ASR-0057,50000,N,N,0.351,,,,,,,,,False,False,False,False,EXACT_DUPLICATE
RID-0025587,CLAIMS_SYS,22-07-2026 08:18,CUS-029051,Jun Hao Ng,Male,04-11-1992,34,Married,Citizen,Manager,116290,100k-200k,D25,jun.hao.ng435@example.com,+65 92164018,POL-0025587,09-03-2025,14-04-2025,PRUVantage Legacy,Savings & Wealth,Digital,Semi-Annual,10112.43,378000,10112.43,0.0817,10,Lapsed,16,Y,11-03-2026,N,,N,,,,,170,N,CLM-0025587,25-06-2026,Hospitalisation,2496.98,Partially Approved,,22,N,Y,-0.65,3,ASR-0005,10000,N,N,0.401,,,,,,,,,False,False,False,False,EXACT_DUPLICATE
RID-0032605,CRM,05-06-2026 19:16,CUS-009443,Joanne Chua,Female,24-03-1971,55,Single,Citizen,Professional,88194,50k-100k,D02,joanne.chua358@example.com,+65 96570898,POL-0032605,12-12-2024,31-12-2024,PRUShield Standard,Health & IP,Agency,Monthly,5269.03,257000,5269.03,0.1415,10,Inforce,20,N,,Y,Public A-Ward,N,,,,,87,N,CLM-0032605,30-07-2026,Critical Illness,18695.59,Approved,,22,N,N,-0.08,6,ASR-0027,25000,N,N,0.094,AGT-00172,Joanne Sharma,Established,57,AU-04,Active,39.4,0.072,False,False,False,False,EXACT_DUPLICATE
RID-0022386,CLAIMS_SYS,09-03-2026 07:07,CUS-038775,Siew Peng Toh,Female,21-03-1991,35,Single,Citizen,Professional,96591,50k-100k,D18,siew.peng.toh372@example.com,+65 84638013,POL-0022386,06-01-2025,19-01-2025,PRUSave Endowment,Savings & Wealth,Digital,Annual,53334.14,228000,53334.14,0.0879,5,Inforce,19,N,,Y,,N,,,,,0,N,CLM-0022386,17-03-2025,Accident,4061.71,Declined,Outside panel provider,28,N,N,0.29,9,ASR-0060,10000,N,N,0.344,,,,,,,,,False,False,False,False,EXACT_DUPLICATE
RID-0012175,POLICY_ADMIN,27-03-2026 21:09,CUS-027678,Xin Yi Osman,Female,28-12-2004,22,Married,Permanent Resident,Sales,55426,50k-100k,D14,xin.yi.osman60@example.com,+65 94794547,POL-0012175,17-01-2025,11-02-2025,PRUFlexiCash,Savings & Wealth,Agency,Quarterly,12011.76,103000,12011.76,0.0904,99,Lapsed,18,Y,27-08-2025,N,,N,,,,,57,N,CLM-0012175,21-02-2026,Day Surgery,8202.4,Approved,,8,N,N,0.38,6,ASR-0052,5000,N,N,0.278,AGT-00215,Kai Xuan Bennett,Senior,175,AU-15,Active,56,0.153,False,False,False,False,EXACT_DUPLICATE
RID-0015245,AGENCY_MGMT,26-03-2026 07:53,CUS-036133,Siew Peng Ho,Female,08-02-1985,41,Single,Citizen,Executive,153795,100k-200k,D28,siew.peng.ho164@example.com,+65 94402029,POL-0015245,05-12-2024,26-12-2024,PRUVantage Legacy,Savings & Wealth,Agency,Quarterly,31215.42,188000,31215.42,0.0635,25,Matured,20,N,,Y,,N,,,,,0,Y,CLM-0015245,19-04-2025,Disability,42971.09,Pending,,31,N,N,0.94,7,ASR-0048,25000,N,N,0.364,AGT-00906,Jonathan Wong,Established,35,AU-22,On Notice,39.3,0.241,False,False,False,False,EXACT_DUPLICATE
RID-0010760,AGENCY_MGMT,25-04-2026 20:22,CUS-025914,Cheryl Reddy,Female,02-01-2004,22,Divorced,Citizen,Civil Service,99944,50k-100k,D12,cheryl.reddy359@example.com,+65 92540421,POL-0010760,17-05-2024,15-06-2024,PRUActive Term,Protection,Bancassurance,Monthly,8902.32,174000,8902.32,0.205,20,Inforce,26,N,,Y,,N,,,,,191,Y,,,,,,,,N,N,0.48,8,,,,,,,,,,,,,,False,False,False,False,EXACT_DUPLICATE
RID-0013312,POLICY_ADMIN,05-08-2026 04:35,CUS-016200,Zhi Hao Teo,Male,16-09-1981,45,Single,Citizen,Education,79197,50k-100k,D26,zhi.hao.teo490@example.com,+65 99037067,POL-0013312,19-05-2023,25-06-2023,PRUFlexiCash,Savings & Wealth,Agency,Annual,26061.67,103000,26061.67,0.0413,20,Inforce,38,N,,Y,,N,,,,,35,N,,,,,,,,N,N,0.35,5,,,,,,AGT-00362,Hakim Ng,Established,96,AU-11,Active,35.5,0.354,False,False,False,False,EXACT_DUPLICATE
RID-0030244,CLAIMS_SYS,27-03-2026 04:40,CUS-007079,Zhi Hao Rahman,Male,07-12-1980,46,Single,Citizen,Healthcare,104986,100k-200k,D05,zhi.hao.rahman266@example.com,+65 87902504,POL-0030244,14-02-2024,13-03-2024,PRUFlexiCash,Savings & Wealth,Agency,Annual,25151.61,372000,25151.61,0.0599,10,Inforce,30,N,,Y,,N,,,,,26,N,CLM-0030244,30-04-2024,Critical Illness,14410.8,Approved,,15,N,N,0.34,10,ASR-0027,25000,N,N,0.324,AGT-00027,Valerie Ong,Established,83,AU-38,Active,28.1,0.374,False,False,False,False,EXACT_DUPLICATE
RID-0014066,CLAIMS_SYS,03-08-2026 15:00,CUS-022233,Samantha Lim,Female,01-12-2000,26,Widowed,Employment Pass,Sales,43583,Below 50k,D19,samantha.lim455@example.com,+65 99256256,POL-0014066,09-03-2026,28-03-2026,PRUShield Premier,Health & IP,Agency,Annual,3679.92,1374000,3679.92,0.1408,30,Inforce,5,N,,Y,Public A-Ward,Y,1082.12,1082.12,0,2500,128,Y,,,,,,,,N,N,-0.04,8,,,,,,AGT-00788,Wei Ming Salleh,Established,74,AU-14,Active,27.4,0.423,False,False,False,False,EXACT_DUPLICATE
RID-0022519,POLICY_ADMIN,15-06-2026 00:34,CUS-035317,Vikram Menon,Male,10-09-1973,53,Single,Citizen,Executive,43673,Below 50k,D18,vikram.menon159@example.com,+65 97874245,POL-0022519,07-11-2025,28-11-2025,PRUExtra Care,Health & IP,Agency,Monthly,6267.92,835000,6267.92,0.1948,20,Inforce,9,N,,Y,Public B1-Ward,Y,2901.36,2901.36,0,0,197,N,,,,,,,,N,N,0.66,5,,,,,,AGT-00926,Jonathan Harper,New,12,AU-03,Active,23.8,0.074,False,False,False,False,EXACT_DUPLICATE
RID-0021904,CRM,15-04-2026 09:05,CUS-019037,Kavitha Raj,Female,16-07-2002,24,Single,Foreigner,Technician,40609,Below 50k,D05,kavitha.raj43@example.com,+65 84480458,POL-0021904,02-08-2025,03-09-2025,PRUFlexiCash,Savings & Wealth,Agency,Semi-Annual,3594.73,318000,3594.73,0.0635,5,Inforce,12,N,,Y,,N,,,,,438,N,,,,,,,,N,N,0.28,5,,,,,,AGT-00529,Suresh Neo,Established,82,AU-22,Active,37.3,0.113,False,False,False,False,EXACT_DUPLICATE
RID-0024984,CRM,19-03-2026 04:43,CUS-023747,Valerie Ho,Female,02-06-1997,29,Married,Citizen,Healthcare,153442,100k-200k,D01,valerie.ho63@example.com,+65 84096638,POL-0024984,03-06-2023,16-07-2023,PRUWealth Plus,Savings & Wealth,Digital,Monthly,32192,255000,32192,0.0387,20,Inforce,38,N,,Y,,N,,,,,122,N,,,,,,,,N,N,0.2,6,,,,,,,,,,,,,,False,False,False,False,EXACT_DUPLICATE
RID-0031876,CLAIMS_SYS,14-03-2026 12:01,CUS-001631,Cheryl Aziz,Female,12-03-1986,40,Single,Permanent Resident,Civil Service,73550,50k-100k,D12,cheryl.aziz291@example.com,+65 84231159,POL-0031876,22-09-2025,29-10-2025,PRUFlexiCash,Savings & Wealth,Agency,Monthly,57071.57,479000,57071.57,0.0448,30,Inforce,10,N,,Y,,N,,,,,225,N,CLM-0031876,29-03-2026,Day Surgery,7090.92,Partially Approved,,17,N,N,0.38,6,ASR-0002,25000,N,N,0.089,AGT-00174,Terence Osman,New,2,AU-23,Active,59.2,0.373,False,False,False,False,EXACT_DUPLICATE
RID-0003309,AGENCY_MGMT,02-08-2026 22:24,CUS-035168,Deepak Ong,Male,01-02-1980,46,Widowed,Employment Pass,Professional,98143,50k-100k,D02,deepak.ong7@example.com,+65 96033896,POL-0003309,02-04-2026,06-05-2026,PRUTerm Secure,Protection,Agency,Monthly,7732.64,2320000,7732.64,0.3258,20,Inforce,3,N,,Y,,N,,,,,187,N,CLM-0003309,21-07-2026,Accident,3311.85,Approved,,10,N,N,0.22,10,ASR-0031,100000,N,N,0.22,AGT-00212,Zulkifli Wright,New,6,AU-40,Active,38.9,0.204,False,False,False,False,EXACT_DUPLICATE
RID-0045954,AGENCY_MGMT,09-04-2026 05:31,CUS-026673,Nicholas Raj,Male,13-01-2002,24,Widowed,Citizen,Manager,67567,50k-100k,D11,nicholas.raj286@example.com,+65 99594426,POL-0045954,20-04-2025,17-05-2025,PRUShield A Plus,Health & IP,Agency,Annual,4627.67,469000,4627.67,0.1464,15,Inforce,15,N,,Y,Public A-Ward,Y,2316.5,2316.5,0,2500,99,N,CLM-0045954,30-05-2026,Death Benefit,4060.86,Approved,,28,N,N,0.55,8,ASR-0052,5000,N,N,0.16,AGT-00330,Jun Hao Reddy,MDRT,145,AU-24,Active,21.1,0.062,False,False,False,False,EXACT_DUPLICATE
RID-0011380,AGENCY_MGMT,05-06-2026 22:06,CUS-033886,Faisal Harper,Male,15-05-1988,38,Widowed,Citizen,Healthcare,50014,50k-100k,D19,faisal.harper182@example.com,+65 88213507,POL-0011380,18-03-2024,16-04-2024,PRUShield Standard,Health & IP,Bancassurance,Quarterly,6718.75,1008000,6718.75,0.1359,30,Inforce,28,N,,Y,Private Hospital,Y,3568.53,3568.53,0,2500,17,N,,,,,,,,N,N,0.78,6,,,,,,,,,,,,,,False,False,False,False,EXACT_DUPLICATE
RID-0002372,CRM,08-05-2026 07:39,CUS-027587,Arjun Reddy,Male,19-11-1980,46,Married,Employment Pass,Sales,268127,200k-400k,D17,arjun.reddy190@example.com,+65 87629883,POL-0002372,27-10-2025,01-12-2025,PRUSave Endowment,Savings & Wealth,Bancassurance,Monthly,24879.09,139000,24879.09,0.064,20,Inforce,9,N,,Y,,N,,,,,56,N,,,,,,,,N,N,0.01,6,,,,,,,,,,,,,,False,False,False,False,EXACT_DUPLICATE
RID-0038662,AGENCY_MGMT,01-06-2026 03:25,CUS-033696,Siew Peng Yusof,Female,22-12-1979,47,Divorced,Citizen,Self-Employed,65842,50k-100k,D22,siew.peng.yusof274@example.com,+65 95550496,POL-0038662,12-09-2023,23-09-2023,PRUWealth Plus,Savings & Wealth,Agency,Annual,27214.75,208000,27214.75,0.0686,15,Inforce,35,N,,Y,,N,,,,,27,N,,,,,,,,N,N,0.75,6,,,,,,AGT-01030,Nurul Aisyah Yeo,Senior,174,AU-17,Resigned,58.9,0.04,False,False,False,False,EXACT_DUPLICATE
RID-0045688,CLAIMS_SYS,18-03-2026 22:32,CUS-001706,Nurul Aisyah Kamal,Female,23-05-1990,36,Single,Permanent Resident,Executive,150882,100k-200k,D13,nurul.aisyah.kamal63@example.com,+65 84492780,POL-0045688,20-10-2025,16-11-2025,PRUFlexiCash,Savings & Wealth,Digital,Quarterly,14885.43,167000,14885.43,0.078,10,Matured,9,N,,Y,,N,,,,,24,N,CLM-0045688,16-11-2025,Day Surgery,27352.42,Approved,,22,N,N,0.45,8,ASR-0003,10000,N,N,0.083,,,,,,,,,False,False,False,False,EXACT_DUPLICATE
RID-0044219,POLICY_ADMIN,08-07-2026 21:54,CUS-020042,Daniel Iyer,Male,06-11-1995,31,Divorced,Citizen,Retired,43458,Below 50k,D21,daniel.iyer110@example.com,+65 86759053,POL-0044219,02-05-2025,15-06-2025,PRUFlexiCash,Savings & Wealth,Agency,Annual,55345.32,46000,55345.32,0.092,25,Inforce,14,N,,Y,,N,,,,,46,N,,,,,,,,N,N,0.86,10,,,,,,AGT-00853,Meera Chong,Established,31,AU-21,Active,68,0.418,False,False,False,False,EXACT_DUPLICATE
RID-0017205,CRM,25-05-2026 20:38,CUS-029572,Siew Peng Iyer,Female,12-03-1974,52,Single,Citizen,Manager,35381,Below 50k,D11,siew.peng.iyer351@example.com,+65 88594550,POL-0017205,24-02-2023,02-04-2023,PRUFlexiCash,Savings & Wealth,Bancassurance,Annual,14305.01,128000,14305.01,0.0314,20,Inforce,41,N,,Y,,N,,,,,61,N,CLM-0017205,31-10-2025,Day Surgery,21828.53,Approved,,14,N,N,-0.14,8,ASR-0051,5000,N,N,0.185,,,,,,,,,False,False,False,False,EXACT_DUPLICATE
RID-0029216,AGENCY_MGMT,17-04-2026 14:15,CUS-027672,Zarina Seah,Female,02-09-1994,32,Married,Permanent Resident,Education,32370,Below 50k,D13,zarina.seah394@example.com,+65 82252881,POL-0029216,22-07-2025,20-08-2025,PRUShield A Plus,Health & IP,Bancassurance,Semi-Annual,6289.82,678000,6289.82,0.1104,20,Matured,12,N,,Y,Public A-Ward,Y,2844.45,2844.45,0,2500,51,N,,,,,,,,N,N,0.86,8,,,,,,,,,,,,,,False,False,False,False,EXACT_DUPLICATE
RID-0013842,POLICY_ADMIN,29-08-2026 10:35,CUS-023086,Kavitha Toh,Female,14-12-2003,23,Divorced,Citizen,Civil Service,75460,50k-100k,D17,kavitha.toh69@example.com,+65 94222768,POL-0013842,01-01-2025,13-01-2025,PRUActive Term,Protection,Agency,Monthly,6214.99,1024000,6214.99,0.3056,10,Surrendered,19,Y,23-11-2025,N,,N,,,,,82,N,CLM-0013842,19-08-2026,Maternity,2812.21,Approved,,29,N,N,0.83,10,ASR-0038,100000,N,N,0.216,AGT-00957,Valerie Chong,Established,88,AU-04,Active,48.9,0.192,False,False,False,False,EXACT_DUPLICATE
RID-0036760,CLAIMS_SYS,23-05-2026 00:06,CUS-002601,Nurul Aisyah Seah,Female,03-08-1981,45,Divorced,Citizen,Executive,89755,50k-100k,D07,nurul.aisyah.seah102@example.com,+65 93324616,POL-0036760,25-01-2023,27-01-2023,PRUShield Life,Protection,Bancassurance,Monthly,8603.43,1959000,8603.43,0.2799,10,Inforce,43,N,,Y,,N,,,,,0,N,,,,,,,,N,N,0.8,10,,,,,,,,,,,,,,False,False,False,False,EXACT_DUPLICATE
RID-0042414,CLAIMS_SYS,21-05-2026 10:07,CUS-040178,Siti Nadia Neo,Female,01-02-1960,66,Single,Citizen,Self-Employed,132370,100k-200k,D02,siti.nadia.neo496@example.com,+65 85129721,POL-0042414,30-03-2024,30-04-2024,PRUTerm Secure,Protection,Agency,Annual,7287.81,1221000,7287.81,0.2594,25,Inforce,28,N,,Y,,N,,,,,19,N,CLM-0042414,26-05-2024,Maternity,1132.28,Declined,Waiting period not served,9,N,N,-0.04,6,ASR-0035,25000,N,N,0.165,AGT-00522,Vikram Harper,MDRT,231,AU-38,Active,96.9,0.198,False,False,False,False,EXACT_DUPLICATE
RID-0030210,POLICY_ADMIN,01-05-2026 06:59,CUS-028868,Farah Foo,Female,06-06-1992,34,Single,Employment Pass,Executive,261789,200k-400k,D22,farah.foo262@example.com,+65 97010660,POL-0030210,03-11-2025,05-11-2025,PRUTerm Secure,Protection,Agency,Annual,932.2,255000,932.2,0.274,15,Surrendered,10,Y,02-03-2026,N,,N,,,,,127,N,,,,,,,,N,N,0.88,6,,,,,,AGT-00659,Siti Nadia Harper,New,1,AU-26,Active,46.4,0.099,False,False,False,False,EXACT_DUPLICATE
RID-0042958,POLICY_ADMIN,22-07-2026 04:05,CUS-025356,Iskandar Neo,Male,02-03-1978,48,Widowed,Employment Pass,Retired,75333,50k-100k,D26,iskandar.neo85@example.com,+65 84700336,POL-0042958,27-07-2024,11-08-2024,PRUSelect Vantage,Investment-Linked,Broker,Monthly,7359.6,699000,7359.6,0.1133,5,Inforce,25,N,,Y,,N,,,,,0,N,,,,,,,,N,N,0.12,8,,,,,,AGT-00359,Priya Neo,Established,65,AU-16,Active,97.8,0.447,False,False,False,False,EXACT_DUPLICATE
RID-0006668,CLAIMS_SYS,03-04-2026 20:53,CUS-040942,Priya Koh,Female,09-03-1976,50,Widowed,Permanent Resident,Professional,160030,100k-200k,D10,priya.koh387@example.com,+65 86328142,POL-0006668,17-10-2024,04-11-2024,PRUVantage Legacy,Savings & Wealth,Agency,Monthly,30632.51,243000,30632.51,0.0381,30,Inforce,22,N,,Y,,N,,,,,73,N,CLM-0006668,29-05-2026,Maternity,4408.37,Partially Approved,,17,N,N,0.79,7,ASR-0035,25000,N,N,0.271,AGT-00513,Rachel Chong,Senior,89,AU-31,Active,62,0.772,False,False,False,False,EXACT_DUPLICATE
RID-0000130,AGENCY_MGMT,14-08-2026 17:03,CUS-000940,Kavitha Nair,Female,11-01-2001,25,Married,Citizen,Sales,30000,Below 50k,D26,kavitha.nair363@example.com,+65 87117760,POL-0000130,31-08-2024,08-09-2024,PRUVantage Legacy,Savings & Wealth,Agency,Monthly,32721.86,166000,32721.86,0.0384,25,Surrendered,24,Y,19-09-2025,N,,N,,,,,49,Y,CLM-0000130,25-04-2026,Critical Illness,40215.04,Declined,Documentation incomplete,20,N,N,-0.11,9,ASR-0055,5000,N,N,0.051,AGT-01047,Muhammad Ariff Seah,New,2,AU-30,Resigned,93.4,0.225,False,False,False,False,EXACT_DUPLICATE
RID-0030960,CRM,21-05-2026 23:19,CUS-008120,Denise Rahman,Female,17-02-2005,21,Divorced,Permanent Resident,Manager,30000,Below 50k,D08,denise.rahman484@example.com,+65 95826872,POL-0030960,27-06-2024,23-07-2024,PRUTerm Secure,Protection,Agency,Monthly,4092.36,2816000,4092.36,0.2399,20,Inforce,25,N,,Y,,N,,,,,0,N,CLM-0030960,01-11-2025,Maternity,17033.92,Approved,,27,N,N,0.37,6,ASR-0004,100000,N,N,0.211,AGT-00316,Wei Ming Chua,New,12,AU-14,Active,95.1,0.158,False,False,False,False,EXACT_DUPLICATE
RID-0017251,POLICY_ADMIN,21-05-2026 21:30,CUS-015689,Meera Hassan,Female,09-07-1980,46,Divorced,Citizen,Professional,229031,200k-400k,D08,meera.hassan164@example.com,+65 81137406,POL-0017251,22-05-2025,11-06-2025,PRUShield A Plus,Health & IP,Bancassurance,Monthly,1185.46,336000,1185.46,0.1545,25,Inforce,14,N,,Y,Public B1-Ward,Y,643.03,643.03,0,1500,0,N,CLM-0017251,08-08-2026,Death Benefit,2943.4,Approved,,24,N,N,0.22,7,ASR-0024,50000,N,N,0.109,,,,,,,,,False,False,False,False,EXACT_DUPLICATE
RID-0004931,CRM,28-08-2026 01:52,CUS-033033,Aminah Koh,Female,28-03-1981,45,Married,Citizen,Education,51169,50k-100k,D07,aminah.koh364@example.com,+65 97177164,POL-0004931,08-12-2024,25-12-2024,PRUWealth Plus,Savings & Wealth,Agency,Annual,26709.9,288000,26709.9,0.0945,20,Inforce,20,N,,Y,,N,,,,,123,N,CLM-0004931,28-06-2025,Day Surgery,3195.51,Approved,,18,N,N,0.38,7,ASR-0020,5000,N,N,0.348,AGT-00590,Deepak Wong,New,1,AU-04,Active,87.7,0.117,False,False,False,False,EXACT_DUPLICATE
RID-0006060,AGENCY_MGMT,29-07-2026 12:57,CUS-017198,Jia Hui Pillai,Female,21-04-1982,44,Single,Employment Pass,Manager,68938,50k-100k,D23,jia.hui.pillai205@example.com,+65 88563586,POL-0006060,28-04-2023,18-05-2023,PRUFlexiCash,Savings & Wealth,Bancassurance,Monthly,18675.52,292000,18675.52,0.0518,30,Inforce,40,N,,Y,,N,,,,,19,Y,CLM-0006060,30-03-2026,Disability,1912.1,Approved,,10,N,N,0.28,6,ASR-0004,100000,N,N,0.169,,,,,,,,,False,False,False,False,EXACT_DUPLICATE
RID-0003584,CRM,21-07-2026 11:25,CUS-029330,Xin Yi Ng,Female,22-10-1967,59,Single,Citizen,Technician,108058,100k-200k,D16,xin.yi.ng31@example.com,+65 97396649,POL-0003584,26-08-2023,18-09-2023,PRUShield Premier,Health & IP,Broker,Monthly,1715.44,911000,1715.44,0.1248,15,Inforce,35,N,,Y,Public A-Ward,Y,485.74,485.74,0,0,98,N,CLM-0003584,05-06-2025,Outpatient Specialist,3459.58,Approved,,16,N,N,0.76,8,ASR-0028,10000,N,N,0.161,AGT-00515,Nicholas Sharma,New,3,AU-25,Active,83.9,0.405,False,False,False,False,EXACT_DUPLICATE
RID-0047500,CRM,17-07-2026 17:03,CUS-000373,Denise Nair,Female,05-09-1962,64,Divorced,Citizen,Sales,218168,200k-400k,D22,denise.nair189@example.com,+65 95052650,POL-0047500,16-08-2025,11-09-2025,PRUSave Endowment,Savings & Wealth,Agency,Monthly,49418.38,257000,49418.38,0.054,30,Inforce,11,N,,Y,,N,,,,,195,N,CLM-0047500,16-08-2026,Outpatient Specialist,4133.62,Pending,,73,N,N,0.01,8,ASR-0019,100000,N,N,0.319,AGT-00049,Nicholas Lim,Established,60,AU-17,Active,99.6,0.386,False,False,False,False,EXACT_DUPLICATE
RID-0000316,AGENCY_MGMT,20-07-2026 09:27,CUS-000066,Hakim Neo,Male,11-04-1991,35,Single,Citizen,Sales,124315,100k-200k,D26,hakim.neo168@example.com,+65 97664319,POL-0000316,16-03-2023,14-04-2023,PRUTerm Secure,Protection,Bancassurance,Monthly,7636.97,1323000,7636.97,0.2731,5,Inforce,41,N,,Y,,N,,,,,0,N,CLM-0000316,25-11-2024,Death Benefit,9010.97,Approved,,24,N,N,0.28,10,ASR-0045,10000,N,N,0.213,,,,,,,,,False,False,False,False,EXACT_DUPLICATE
RID-0020161,POLICY_ADMIN,27-08-2026 18:01,CUS-030056,Siti Nadia Teo,Female,27-04-1994,32,Widowed,Employment Pass,Civil Service,30494,Below 50k,D28,siti.nadia.teo105@example.com,+65 92501698,POL-0020161,26-02-2026,16-03-2026,PRUCritical Cover,Protection,Bancassurance,Monthly,2608.72,2030000,2608.72,0.2217,30,Inforce,5,N,,Y,,N,,,,,55,N,CLM-0020161,26-07-2026,Critical Illness,2328.69,Declined,Outside panel provider,18,N,N,0.68,9,ASR-0004,100000,N,N,0.172,,,,,,,,,False,False,False,False,EXACT_DUPLICATE
RID-0042786,POLICY_ADMIN,15-08-2026 19:31,CUS-020771,Hakim Osman,Male,25-09-1977,49,Divorced,Citizen,Healthcare,101801,100k-200k,D11,hakim.osman227@example.com,+65 83880132,POL-0042786,19-11-2023,29-11-2023,PRUFlexiCash,Savings & Wealth,Bancassurance,Quarterly,7042.25,97000,7042.25,0.0468,99,Inforce,33,N,,Y,,N,,,,,72,N,CLM-0042786,21-06-2024,Critical Illness,13017.5,Approved,,28,N,N,0.38,9,ASR-0011,50000,N,N,0.182,,,,,,,,,False,False,False,False,EXACT_DUPLICATE
RID-0047120,CLAIMS_SYS,22-06-2026 22:06,CUS-018882,Nurul Aisyah Kamal,Female,08-01-1986,40,Single,Employment Pass,Executive,53965,50k-100k,D02,nurul.aisyah.kamal373@example.com,+65 92990661,POL-0047120,08-08-2025,01-09-2025,PRUSave Endowment,Savings & Wealth,Bancassurance,Annual,8595.35,393000,8595.35,0.0689,5,Inforce,12,N,,Y,,N,,,,,333,N,,,,,,,,N,N,0.8,9,,,,,,,,,,,,,,False,False,False,False,EXACT_DUPLICATE
RID-0047321,CRM,26-06-2026 13:19,CUS-038357,Siti Nadia Chua,Female,17-03-1995,31,Married,Citizen,Education,30000,Below 50k,D21,siti.nadia.chua405@example.com,+65 89013042,POL-0047321,21-09-2024,26-10-2024,PRUVantage Legacy,Savings & Wealth,Broker,Semi-Annual,44767.73,106000,44767.73,0.0557,25,Lapsed,22,Y,19-03-2026,Y,,N,,,,,28,N,,,,,,,,N,N,0.73,5,,,,,,AGT-01047,Muhammad Ariff Seah,New,2,AU-30,Resigned,93.4,0.225,False,False,False,False,EXACT_DUPLICATE
RID-0044215,POLICY_ADMIN,21-05-2026 22:09,CUS-020279,Hui Ling Tan,Female,05-02-1991,35,Divorced,Citizen,Manager,89943,50k-100k,D11,hui.ling.tan156@example.com,+65 99998189,POL-0044215,22-01-2026,01-03-2026,PRUShield Standard,Health & IP,Digital,Semi-Annual,3925.17,342000,3925.17,0.1487,15,Inforce,6,N,,Y,Private Hospital,Y,2123.77,2123.77,0,2500,10,N,CLM-0044215,27-03-2026,Maternity,16115.99,Approved,,15,N,N,0.55,9,ASR-0011,50000,N,N,0.214,,,,,,,,,False,False,False,False,EXACT_DUPLICATE
RID-0007939,CLAIMS_SYS,14-03-2026 20:48,CUS-012566,Valerie Ng,Female,12-02-1972,54,Widowed,Citizen,Manager,33481,Below 50k,D26,valerie.ng48@example.com,+65 83179471,POL-0007939,14-02-2025,10-03-2025,PRUShield Life,Protection,Bancassurance,Semi-Annual,2813.43,2587000,2813.43,0.2482,15,Inforce,18,N,,Y,,N,,,,,43,N,CLM-0007939,20-01-2026,Disability,674.78,Approved,,10,N,N,0.52,8,ASR-0043,5000,N,N,0.045,,,,,,,,,False,False,False,False,EXACT_DUPLICATE
RID-0018319,POLICY_ADMIN,30-08-2026 10:01,CUS-006264,Wei Ming Iyer,Male,09-06-1968,58,Single,Citizen,Professional,88494,50k-100k,D20,wei.ming.iyer178@example.com,+65 93865200,POL-0018319,29-01-2024,05-03-2024,PRUVantage Legacy,Savings & Wealth,Broker,Monthly,20978.27,215000,20978.27,0.0511,15,Lapsed,30,Y,11-07-2025,Y,,N,,,,,50,N,,,,,,,,N,N,0.08,8,,,,,,AGT-00231,Suresh Ibrahim,Established,17,AU-06,Resigned,32.4,0.546,False,False,False,False,EXACT_DUPLICATE
RID-0046888,AGENCY_MGMT,28-08-2026 20:11,CUS-002326,Yong Sheng Mitchell,Male,07-04-1962,64,Divorced,Citizen,Retired,105890,100k-200k,D24,yong.sheng.mitchell483@example.com,+65 86224328,POL-0046888,06-05-2026,03-06-2026,PRUWealth Plus,Savings & Wealth,Agency,Monthly,24584.36,291000,24584.36,0.075,5,Inforce,3,N,,Y,,N,,,,,0,N,CLM-0046888,07-06-2026,Disability,2994.49,Approved,,9,N,N,0.74,10,ASR-0005,10000,N,N,0.137,AGT-00318,Aminah Fraser,New,8,AU-02,Active,34.6,0.096,False,False,False,False,EXACT_DUPLICATE
RID-0013541,CLAIMS_SYS,04-08-2026 00:03,CUS-003611,Lakshmi Chua,Female,04-03-1977,49,Widowed,Permanent Resident,Executive,96115,50k-100k,D06,lakshmi.chua183@example.com,+65 96187701,POL-0013541,05-02-2024,12-03-2024,PRUFlexiCash,Savings & Wealth,Bancassurance,Monthly,9529.58,162000,9529.58,0.0619,10,Inforce,30,N,,Y,,N,,,,,13,N,CLM-0013541,24-01-2025,Hospitalisation,3531.88,Approved,,23,N,N,0.72,7,ASR-0015,25000,Y,Y,0.961,,,,,,,,,False,False,False,False,EXACT_DUPLICATE
RID-0041803,CRM,24-08-2026 16:02,CUS-036417,Yong Sheng Sharma,Male,03-03-1982,44,Married,Citizen,Retired,117645,100k-200k,D21,yong.sheng.sharma154@example.com,+65 89693293,POL-0041803,06-07-2023,31-07-2023,PRUFlexiCash,Savings & Wealth,Agency,Quarterly,17926.3,190000,17926.3,0.0836,10,Inforce,37,N,,Y,,N,,,,,7,N,CLM-0041803,14-09-2024,Day Surgery,1825.68,Approved,,10,N,Y,-0.26,5,ASR-0044,50000,N,N,0.219,AGT-00928,Hui Ling Osman,Senior,180,AU-12,Resigned,26.9,0.111,False,False,False,False,EXACT_DUPLICATE
RID-0005336,AGENCY_MGMT,26-08-2026 14:21,CUS-027555,Faisal Ho,Male,13-12-1985,41,Widowed,Citizen,Technician,67727,50k-100k,D16,faisal.ho429@example.com,+65 89946455,POL-0005336,12-04-2026,25-04-2026,PRUShield A Plus,Health & IP,Agency,Monthly,1165.73,578000,1165.73,0.1955,25,Inforce,4,N,,Y,Public A-Ward,Y,579.74,272.02,10,3500,48,Y,CLM-0005336,13-08-2026,Death Benefit,5939.02,Approved,,30,N,N,-0.05,9,ASR-0028,10000,N,N,0.381,AGT-00699,Vikram Kumar,Senior,42,AU-25,Active,72.3,0.095,False,False,False,False,EXACT_DUPLICATE
RID-0025461,POLICY_ADMIN,24-08-2026 09:41,CUS-040743,Jia Hui Ibrahim,Female,21-09-2005,21,Divorced,Citizen,Education,85730,50k-100k,D01,jia.hui.ibrahim252@example.com,+65 92775174,POL-0025461,12-08-2023,03-09-2023,PRUVantage Legacy,Savings & Wealth,Direct,Monthly,15730.23,78000,15730.23,0.0412,99,Inforce,36,N,,Y,,N,,,,,13,N,CLM-0025461,05-04-2024,Outpatient Specialist,1766.61,Approved,,26,N,N,-0.15,6,ASR-0007,25000,N,N,0.037,,,,,,,,,False,False,False,False,EXACT_DUPLICATE
RID-0026373,CLAIMS_SYS,19-07-2026 23:07,CUS-040387,Arjun Yusof,Male,26-01-1969,57,Single,Citizen,Civil Service,103728,100k-200k,D05,arjun.yusof233@example.com,+65 99136910,POL-0026373,07-06-2026,26-06-2026,PRUShield Life,Protection,Bancassurance,Quarterly,6520.55,2465000,6520.55,0.2703,20,Inforce,2,N,,Y,,N,,,,,74,N,CLM-0026373,06-08-2026,Hospitalisation,681.79,Approved,,29,N,N,0.26,9,ASR-0031,100000,N,N,0.109,,,,,,,,,False,False,False,False,EXACT_DUPLICATE
RID-0023670,AGENCY_MGMT,17-04-2026 15:59,CUS-031837,Daniel Aziz,Male,17-02-1973,53,Single,Permanent Resident,Manager,41156,Below 50k,D06,daniel.aziz417@example.com,+65 93116373,POL-0023670,18-07-2025,23-07-2025,PRUTerm Secure,Protection,Agency,Monthly,3667.25,723000,3667.25,0.2839,20,Lapsed,13,Y,22-12-2025,N,,N,,,,,20,N,CLM-0023670,17-11-2025,Outpatient Specialist,12291.51,Approved,,3,N,N,0.53,6,ASR-0035,25000,N,N,0.405,AGT-00468,Arjun Harper,New,11,AU-29,Active,41.2,0.274,False,False,False,False,EXACT_DUPLICATE
RID-0025664,POLICY_ADMIN,11-04-2026 23:00,CUS-017022,Cheryl Harper,Female,08-02-1966,60,Widowed,Citizen,Education,64479,50k-100k,D12,cheryl.harper375@example.com,+65 94663190,POL-0025664,03-04-2024,21-04-2024,PRUVantage Legacy,Savings & Wealth,Bancassurance,Monthly,10479.26,497000,10479.26,0.0312,99,Inforce,28,N,,Y,,N,,,,,44,N,CLM-0025664,29-12-2025,Critical Illness,8416.24,Pending,,30,N,N,0.85,7,ASR-0045,10000,N,N,0.066,,,,,,,,,False,False,False,False,EXACT_DUPLICATE
RID-0033589,AGENCY_MGMT,01-07-2026 03:53,CUS-001362,Chee Keong Sim,Male,12-01-1988,38,Married,Citizen,Executive,113602,100k-200k,D27,chee.keong.sim420@example.com,+65 92180310,POL-0033589,07-01-2023,03-02-2023,PRUActive Term,Protection,Agency,Semi-Annual,5728.92,1803000,5728.92,0.2536,5,Inforce,43,N,,Y,,N,,,,,0,N,,,,,,,,N,N,0.97,6,,,,,,AGT-00828,Priya Harper,Established,84,AU-25,Active,81.1,0.179,False,False,False,False,EXACT_DUPLICATE
RID-0019820,AGENCY_MGMT,09-04-2026 23:51,CUS-015217,Faisal Reddy,Male,10-06-1982,44,Widowed,Permanent Resident,Professional,76695,50k-100k,D20,faisal.reddy415@example.com,+65 94678247,POL-0019820,02-10-2024,04-11-2024,PRUVantage Legacy,Savings & Wealth,Bancassurance,Semi-Annual,43164.74,309000,43164.74,0.0772,5,Inforce,22,N,,Y,,N,,,,,43,N,CLM-0019820,25-06-2026,Disability,2265.68,Partially Approved,,30,N,N,0.36,6,ASR-0002,25000,N,N,0.165,,,,,,,,,False,False,False,False,EXACT_DUPLICATE
RID-0040008,AGENCY_MGMT,21-07-2026 23:27,CUS-032977,Nurul Aisyah Lim,Female,09-02-2005,21,Divorced,Employment Pass,Healthcare,73668,50k-100k,D20,nurul.aisyah.lim103@example.com,+65 93132581,POL-0040008,17-11-2025,17-12-2025,PRUTerm Secure,Protection,Agency,Quarterly,6753.87,611000,6753.87,0.2935,25,Inforce,8,N,,Y,,N,,,,,92,N,CLM-0040008,09-03-2026,Day Surgery,11257.23,Declined,Policy exclusion clause,5,Y,Y,-0.99,2,ASR-0046,25000,N,N,0.006,AGT-00464,Kai Xuan Neo,Established,53,AU-34,Active,28.9,0.163,False,False,False,False,EXACT_DUPLICATE
RID-0041128,CLAIMS_SYS,28-03-2026 08:30,CUS-009450,Samantha Wong,Female,06-10-1980,46,Single,Citizen,Professional,34201,Below 50k,D26,samantha.wong455@example.com,+65 91090017,POL-0041128,07-07-2025,06-08-2025,PRUShield Premier,Health & IP,Agency,Monthly,2326.68,879000,2326.68,0.2061,20,Inforce,13,N,,Y,Public B1-Ward,N,,,,,17,Y,CLM-0041128,25-03-2026,Critical Illness,3980.49,Declined,Non-disclosure at underwriting,23,N,N,0.01,10,ASR-0053,25000,N,N,0.049,AGT-00672,Cheryl Mitchell,Established,48,AU-36,Resigned,35.4,0.122,False,False,False,False,EXACT_DUPLICATE
RID-0003271,CRM,17-05-2026 00:55,CUS-014227,Valerie Lim,Female,08-07-1975,51,Widowed,Citizen,Self-Employed,111512,100k-200k,D23,valerie.lim92@example.com,+65 93448886,POL-0003271,22-02-2024,24-02-2024,PRUSave Endowment,Savings & Wealth,Digital,Monthly,16891.24,381000,16891.24,0.0554,5,Cancelled,30,Y,24-08-2025,Y,,N,,,,,15,Y,,,,,,,,N,N,0.56,8,,,,,,,,,,,,,,False,False,False,False,EXACT_DUPLICATE
RID-0033337,POLICY_ADMIN,14-03-2026 07:42,CUS-019199,Marcus Tan,Male,06-10-2003,23,Widowed,Citizen,Self-Employed,112123,100k-200k,D28,marcus.tan78@example.com,+65 91382025,POL-0033337,23-11-2024,27-11-2024,PRUSelect Vantage,Investment-Linked,Bancassurance,Annual,10498.51,451000,10498.51,0.1382,99,Inforce,21,N,,Y,,N,,,,,115,Y,,,,,,,,N,N,0.41,9,,,,,,,,,,,,,,False,False,False,False,EXACT_DUPLICATE
RID-0031510,AGENCY_MGMT,13-04-2026 10:59,CUS-037748,Jonathan Sharma,Male,23-10-1979,47,Divorced,Permanent Resident,Civil Service,61036,50k-100k,D15,jonathan.sharma126@example.com,+65 94813769,POL-0031510,12-03-2024,22-04-2024,PRUFlexiCash,Savings & Wealth,Agency,Annual,10844.38,315000,10844.38,0.0375,5,Inforce,28,N,,Y,,N,,,,,126,Y,CLM-0031510,29-09-2024,Disability,3096.48,Approved,,17,N,N,-0.02,10,ASR-0026,10000,N,N,0.032,AGT-00842,Meera Ng,Established,12,AU-19,Active,74.5,0.243,False,False,False,False,EXACT_DUPLICATE
RID-0024729,CRM,03-08-2026 19:10,CUS-033411,Zulkifli Tan,Male,18-06-1978,48,Widowed,Permanent Resident,Education,63232,50k-100k,D19,zulkifli.tan21@example.com,+65 94112947,POL-0024729,24-07-2023,13-08-2023,PRUVantage Legacy,Savings & Wealth,Digital,Quarterly,55102.44,381000,55102.44,0.0409,99,Inforce,37,N,,Y,,N,,,,,142,N,CLM-0024729,21-11-2024,Day Surgery,32228.54,Approved,,11,N,N,0.62,9,ASR-0001,50000,N,N,0.02,,,,,,,,,False,False,False,False,EXACT_DUPLICATE
RID-0000683,POLICY_ADMIN,14-06-2026 14:03,CUS-008038,Siti Nadia Harper,Female,20-05-1974,52,Divorced,Permanent Resident,Education,52927,50k-100k,D03,siti.nadia.harper79@example.com,+65 96764183,POL-0000683,11-07-2025,04-08-2025,PRUFlexiCash,Savings & Wealth,Broker,Monthly,26582.83,98000,26582.83,0.0779,15,Inforce,13,N,,Y,,N,,,,,16,N,CLM-0000683,23-10-2025,Death Benefit,8026.84,Pending,,33,N,N,0.18,10,ASR-0029,5000,N,N,0.127,AGT-00963,Vikram Ho,Established,94,AU-39,Active,64.2,0.303,False,False,False,False,EXACT_DUPLICATE
RID-0004550,CRM,23-05-2026 13:29,CUS-027361,Samantha Wright,Female,02-12-1989,37,Widowed,Citizen,Retired,135737,100k-200k,D19,samantha.wright258@example.com,+65 88883607,POL-0004550,18-02-2024,24-02-2024,PRUWealth Plus,Savings & Wealth,Bancassurance,Semi-Annual,11727.61,233000,11727.61,0.0583,25,Matured,30,N,,Y,,N,,,,,62,N,CLM-0004550,09-10-2024,Maternity,9511.72,Approved,,23,N,N,0.66,7,ASR-0033,25000,N,N,0.155,,,,,,,,,False,False,False,False,EXACT_DUPLICATE
RID-0035700,POLICY_ADMIN,11-08-2026 19:24,CUS-034284,Anjali Turner,Female,13-10-2001,25,Married,Citizen,Sales,58312,50k-100k,D09,anjali.turner456@example.com,+65 96564024,POL-0035700,03-05-2026,11-05-2026,PRUActive Term,Protection,Bancassurance,Annual,3989.34,839000,3989.34,0.2055,5,Inforce,3,N,,Y,,N,,,,,3,N,,,,,,,,N,N,0.69,9,,,,,,,,,,,,,,False,False,False,False,EXACT_DUPLICATE
RID-0043126,POLICY_ADMIN,30-06-2026 06:38,CUS-032799,Joanne Tan,Female,24-08-2005,21,Divorced,Permanent Resident,Self-Employed,73181,50k-100k,D07,joanne.tan320@example.com,+65 95108080,POL-0043126,25-08-2024,07-09-2024,PRUSave Endowment,Savings & Wealth,Agency,Monthly,49129.8,155000,49129.8,0.054,10,Inforce,24,N,,Y,,N,,,,,62,N,CLM-0043126,26-01-2025,Accident,39576.97,Partially Approved,,16,N,N,0.18,7,ASR-0013,100000,N,N,0.983,AGT-00235,Jun Hao Iyer,New,2,AU-22,Active,81.2,0.359,False,False,False,False,EXACT_DUPLICATE
RID-0033350,CRM,31-03-2026 23:16,CUS-029570,Edwin Low,Male,11-04-1983,43,Single,Foreigner,Executive,40321,Below 50k,D25,edwin.low275@example.com,+65 99896319,POL-0033350,27-07-2023,13-08-2023,PRUShield Life,Protection,Bancassurance,Annual,2475.65,608000,2475.65,0.2401,15,Inforce,37,N,,Y,,N,,,,,36,N,CLM-0033350,07-01-2025,Accident,2141.13,Approved,,7,N,N,0.82,6,ASR-0030,25000,N,N,0.059,,,,,,,,,False,False,False,False,EXACT_DUPLICATE
RID-0029961,POLICY_ADMIN,14-06-2026 11:03,CUS-013068,Wei Ming Sim,Male,08-03-1998,28,Divorced,Citizen,Self-Employed,40982,Below 50k,D02,wei.ming.sim92@example.com,+65 98028914,POL-0029961,26-04-2025,06-06-2025,PRUSave Endowment,Savings & Wealth,Agency,Annual,8718.64,255000,8718.64,0.0599,15,Inforce,15,N,,Y,,N,,,,,86,N,CLM-0029961,23-02-2026,Outpatient Specialist,2089.84,Approved,,30,N,N,0.5,7,ASR-0025,50000,N,N,0.35,AGT-00752,Zulkifli Wong,New,5,AU-05,On Notice,42.4,0.755,False,False,False,False,EXACT_DUPLICATE
RID-0032814,AGENCY_MGMT,31-08-2026 01:59,CUS-038433,Samantha Ho,Female,27-08-1979,47,Single,Citizen,Professional,52388,50k-100k,D17,samantha.ho441@example.com,+65 97409419,POL-0032814,22-09-2025,27-10-2025,PRUTerm Secure,Protection,Bancassurance,Quarterly,3824.9,2292000,3824.9,0.1816,5,Inforce,10,N,,Y,,N,,,,,294,Y,CLM-0032814,29-12-2025,Critical Illness,2891.19,Approved,,17,N,N,-0.05,7,ASR-0012,100000,N,N,0.32,,,,,,,,,False,False,False,False,EXACT_DUPLICATE
RID-0042242,AGENCY_MGMT,31-08-2026 00:12,CUS-032300,Vikram Bennett,Male,10-10-1995,31,Married,Citizen,Executive,64918,50k-100k,D19,vikram.bennett201@example.com,+65 81682475,POL-0042242,20-10-2025,24-10-2025,PRUShield Standard,Health & IP,Agency,Monthly,789.44,420000,789.44,0.1972,5,Inforce,10,N,,Y,Private Hospital,N,,,,,84,N,,,,,,,,N,N,0.57,9,,,,,,AGT-00983,Divya Seah,Senior,176,AU-03,Active,72.5,0.138,False,False,False,False,EXACT_DUPLICATE
RID-0035553,CRM,23-03-2026 11:03,CUS-009502,Hui Ling Neo,Female,07-11-1975,51,Single,Permanent Resident,Healthcare,80569,50k-100k,D24,hui.ling.neo460@example.com,+65 98369195,POL-0035553,18-01-2024,25-01-2024,PRUVantage Legacy,Savings & Wealth,Bancassurance,Annual,40206.69,51000,40206.69,0.0459,15,Inforce,31,N,,Y,,N,,,,,24,N,CLM-0035553,27-01-2026,Outpatient Specialist,15992.74,Approved,,23,N,N,0.37,8,ASR-0022,25000,N,N,0.401,,,,,,,,,False,False,False,False,EXACT_DUPLICATE
RID-0015453,CLAIMS_SYS,20-05-2026 13:03,CUS-021780,Divya Ibrahim,Female,09-06-1979,47,Widowed,Employment Pass,Executive,149223,100k-200k,D06,divya.ibrahim21@example.com,+65 97802341,POL-0015453,30-10-2025,09-12-2025,PRUShield Life,Protection,Agency,Quarterly,3042.17,1009000,3042.17,0.3189,99,Inforce,8,N,,Y,,N,,,,,36,N,CLM-0015453,12-07-2026,Accident,1341.65,Approved,,23,N,Y,-0.51,0,ASR-0049,100000,N,N,0.279,AGT-00846,Muhammad Ariff Osman,New,7,AU-23,Active,63.7,0.338,False,False,False,False,EXACT_DUPLICATE
RID-0017779,AGENCY_MGMT,31-05-2026 13:34,CUS-027475,Aravind Mitchell,Male,26-10-1995,31,Single,Permanent Resident,Professional,38779,Below 50k,D25,aravind.mitchell443@example.com,+65 99537972,POL-0017779,20-12-2023,06-01-2024,PRUWealth Plus,Savings & Wealth,Agency,Monthly,46191.93,174000,46191.93,0.092,99,Inforce,32,N,,Y,,N,,,,,32,N,,,,,,,,N,N,-0.02,7,,,,,,AGT-00903,Lakshmi Chan,Senior,45,AU-27,Active,50.6,0.394,False,False,False,False,EXACT_DUPLICATE
RID-0012117,POLICY_ADMIN,03-05-2026 09:51,CUS-018511,Nicholas Reddy,Male,02-02-2004,22,Divorced,Foreigner,Manager,33755,Below 50k,D11,nicholas.reddy322@example.com,+65 88036393,POL-0012117,05-10-2025,15-11-2025,PRUShield A Plus,Health & IP,Bancassurance,Annual,3287.3,884000,3287.3,0.1633,10,Lapsed,9,Y,18-03-2026,N,Public A-Ward,Y,955.24,955.24,0,2500,71,N,,,,,,,,N,N,0.11,10,,,,,,,,,,,,,,False,False,False,False,EXACT_DUPLICATE
RID-0021493,POLICY_ADMIN,17-04-2026 11:30,CUS-018560,Denise Yeo,Female,06-11-1951,75,Single,Citizen,Civil Service,89329,50k-100k,D19,denise.yeo276@example.com,+65 85854281,POL-0021493,07-08-2024,22-08-2024,PRUSave Endowment,Savings & Wealth,Agency,Quarterly,56398.83,271000,56398.83,0.0427,5,Cancelled,24,Y,14-06-2025,N,,N,,,,,47,N,CLM-0021493,31-03-2025,Disability,1458.17,Approved,,24,N,N,-0.19,6,ASR-0019,100000,N,N,0.175,AGT-00390,Mei Yi Kumar,MDRT,76,AU-07,Active,28.1,0.402,False,False,False,False,EXACT_DUPLICATE
RID-0006212,AGENCY_MGMT,07-07-2026 22:18,CUS-006240,Lakshmi Sharma,Female,10-04-1983,43,Married,Employment Pass,Healthcare,72087,50k-100k,D19,lakshmi.sharma280@example.com,+65 91915878,POL-0006212,11-07-2024,09-08-2024,PRUSave Endowment,Savings & Wealth,Bancassurance,Semi-Annual,58163.15,46000,58163.15,0.0331,25,Inforce,25,N,,Y,,N,,,,,98,N,CLM-0006212,03-06-2026,Outpatient Specialist,3345.94,Declined,Documentation incomplete,19,N,N,0.45,6,ASR-0039,100000,N,N,0.057,,,,,,,,,False,False,False,False,EXACT_DUPLICATE
RID-0021471,CRM,25-07-2026 22:32,CUS-012573,Zhi Hao Koh,Male,23-01-1978,48,Married,Citizen,Professional,235096,200k-400k,D20,zhi.hao.koh172@example.com,+65 93391206,POL-0021471,02-02-2023,27-02-2023,PRUCritical Cover,Protection,Bancassurance,Semi-Annual,4743.55,2026000,4743.55,0.1948,30,Inforce,42,N,,Y,,N,,,,,78,N,CLM-0021471,21-09-2025,Critical Illness,7929.45,Partially Approved,,34,N,N,0.74,7,ASR-0049,100000,N,N,0.131,,,,,,,,,False,False,False,False,EXACT_DUPLICATE
RID-0043935,AGENCY_MGMT,18-07-2026 02:35,CUS-003938,Daniel Ong,Male,11-03-1985,41,Single,Employment Pass,Self-Employed,111088,100k-200k,D01,daniel.ong458@example.com,+65 93309722,POL-0043935,17-12-2023,03-01-2024,PRUSave Endowment,Savings & Wealth,Agency,Monthly,33369.11,66000,33369.11,0.0584,10,Inforce,32,N,,Y,,N,,,,,45,Y,,,,,,,,N,N,0.55,9,,,,,,AGT-00942,Divya Yusof,Senior,81,AU-28,Active,91.4,0.211,False,False,False,False,EXACT_DUPLICATE
RID-0010561,AGENCY_MGMT,01-04-2026 03:51,CUS-022886,Joanne Teo,Female,22-06-1986,40,Married,Permanent Resident,Professional,66704,50k-100k,D21,joanne.teo88@example.com,+65 97900537,POL-0010561,25-12-2024,29-12-2024,PRUVantage Legacy,Savings & Wealth,Agency,Monthly,37218.56,274000,37218.56,0.094,10,Matured,20,N,,Y,,N,,,,,29,N,CLM-0010561,20-02-2025,Day Surgery,22778.11,Partially Approved,,16,N,N,0.73,9,ASR-0013,100000,Y,N,0.813,AGT-01121,Edwin Sim,Senior,131,AU-39,Active,82.6,0.194,False,False,False,False,EXACT_DUPLICATE
RID-0006716,CLAIMS_SYS,29-06-2026 20:56,CUS-012994,Nurul Aisyah Harper,Female,09-12-1981,45,Widowed,Citizen,Executive,33802,Below 50k,D13,nurul.aisyah.harper38@example.com,+65 99495384,POL-0006716,24-03-2025,08-04-2025,PRUActive Term,Protection,Bancassurance,Annual,5712.83,1732000,5712.83,0.2531,5,Inforce,17,N,,Y,,N,,,,,153,N,CLM-0006716,04-05-2026,Day Surgery,18216.85,Approved,,20,N,N,0,8,ASR-0020,5000,N,N,0.041,,,,,,,,,False,False,False,False,EXACT_DUPLICATE
RID-0012978,CRM,03-08-2026 03:32,CUS-039435,Jonathan Tan,Male,26-06-1969,57,Married,Citizen,Education,60551,50k-100k,D12,jonathan.tan354@example.com,+65 85027737,POL-0012978,15-01-2023,14-02-2023,PRUShield Standard,Health & IP,Digital,Annual,7024.04,1145000,7024.04,0.1503,30,Inforce,43,N,,Y,Private Hospital,Y,2425.55,2425.55,0,0,95,N,CLM-0012978,18-11-2023,Hospitalisation,1216.91,Approved,,25,N,N,-0.02,10,ASR-0036,25000,N,N,0.329,,,,,,,,,False,False,False,False,EXACT_DUPLICATE
RID-0042993,POLICY_ADMIN,12-07-2026 23:57,CUS-011286,Lakshmi Lim,Female,02-09-1994,32,Widowed,Permanent Resident,Civil Service,86337,50k-100k,D18,lakshmi.lim403@example.com,+65 86701012,POL-0042993,10-05-2026,26-05-2026,PRUShield Premier,Health & IP,Broker,Quarterly,4603.2,392000,4603.2,0.1527,99,Inforce,3,N,,Y,Public A-Ward,Y,1772.03,1180.23,10,1500,324,N,CLM-0042993,11-08-2026,Day Surgery,858.48,Approved,,31,N,N,0.3,7,ASR-0057,50000,N,N,0.302,AGT-01053,Valerie Mitchell,Established,16,AU-40,Resigned,44.9,0.444,False,False,False,False,EXACT_DUPLICATE
RID-0046641,CLAIMS_SYS,19-07-2026 11:36,CUS-028767,Kavitha Menon,Female,24-02-1982,44,Widowed,Citizen,Professional,96315,50k-100k,D13,kavitha.menon362@example.com,+65 89616479,POL-0046641,26-10-2025,06-11-2025,PRUShield Life,Protection,Bancassurance,Quarterly,4343.22,1478000,4343.22,0.2035,5,Inforce,9,N,,Y,,N,,,,,0,N,CLM-0046641,14-03-2026,Accident,2060.56,Approved,,27,N,N,0.02,8,ASR-0015,25000,N,N,0.936,,,,,,,,,False,False,False,False,EXACT_DUPLICATE
RID-0013110,AGENCY_MGMT,24-03-2026 19:03,CUS-027450,Marcus Harper,Male,17-09-1965,61,Widowed,Citizen,Healthcare,54828,50k-100k,D22,marcus.harper498@example.com,+65 84740261,POL-0013110,29-12-2023,07-01-2024,PRUShield A Plus,Health & IP,Broker,Annual,4546.43,824000,4546.43,0.1556,15,Lapsed,32,Y,04-06-2024,N,Private Hospital,N,,,,,126,N,,,,,,,,N,N,1,6,,,,,,AGT-00313,Jun Hao Wong,Senior,64,AU-06,Active,46.7,0.532,False,False,False,False,EXACT_DUPLICATE
RID-0040506,AGENCY_MGMT,10-07-2026 16:22,CUS-032490,Anjali Sharma,Female,10-01-1982,44,Widowed,Citizen,Sales,54685,50k-100k,D26,anjali.sharma482@example.com,+65 81097222,POL-0040506,06-02-2025,17-02-2025,PRUShield A Plus,Health & IP,Digital,Monthly,4532.36,353000,4532.36,0.1529,30,Inforce,18,N,,Y,Public A-Ward,N,,,,,103,N,,,,,,,,N,N,0.51,10,,,,,,,,,,,,,,False,False,False,False,EXACT_DUPLICATE
RID-0045497,POLICY_ADMIN,29-08-2026 16:12,CUS-038824,Jonathan Rahman,Male,02-02-1985,41,Single,Citizen,Executive,82661,50k-100k,D08,jonathan.rahman387@example.com,+65 95478807,POL-0045497,13-08-2025,24-09-2025,PRUShield A Plus,Health & IP,Agency,Monthly,2586.3,1062000,2586.3,0.1843,20,Inforce,11,N,,Y,Private Hospital,Y,1223.79,1223.79,0,1500,63,N,,,,,,,,N,N,0.28,6,,,,,,AGT-00193,Siti Nadia Rahman,Established,29,AU-14,Active,84.2,0.061,False,False,False,False,EXACT_DUPLICATE
RID-0034019,CLAIMS_SYS,18-04-2026 20:30,CUS-000303,Denise Salleh,Female,07-02-1993,33,Single,Permanent Resident,Retired,86268,50k-100k,D17,denise.salleh152@example.com,+65 81415441,POL-0034019,04-03-2025,13-03-2025,PRUSave Endowment,Savings & Wealth,Agency,Annual,58580.17,383000,58580.17,0.0857,25,Inforce,17,N,,Y,,N,,,,,33,N,CLM-0034019,03-11-2025,Outpatient Specialist,16999.46,Declined,Documentation incomplete,31,N,N,0.74,8,ASR-0031,100000,N,N,0.029,AGT-00823,Samantha Hassan,Established,62,AU-18,Active,62.6,0.335,False,False,False,False,EXACT_DUPLICATE
RID-0019659,POLICY_ADMIN,13-05-2026 06:21,CUS-028336,Aminah Rahman,Female,28-09-1976,50,Married,Citizen,Healthcare,56010,50k-100k,D08,aminah.rahman7@example.com,+65 87896968,POL-0019659,11-04-2024,23-04-2024,PRULink Assurance,Investment-Linked,Agency,Monthly,10315.31,635000,10315.31,0.11,10,Inforce,28,N,,Y,,N,,,,,196,N,CLM-0019659,19-02-2026,Hospitalisation,3211.61,Withdrawn,,14,N,N,0.2,10,ASR-0048,25000,N,N,0.361,AGT-00463,Anjali Sharma,Senior,126,AU-10,Active,98.5,0.073,False,False,False,False,EXACT_DUPLICATE
RID-0047460,POLICY_ADMIN,30-08-2026 19:00,CUS-027485,Faisal Menon,Male,04-07-1967,59,Widowed,Citizen,Healthcare,239551,200k-400k,D07,faisal.menon495@example.com,+65 81912561,POL-0047460,03-06-2026,11-07-2026,PRUFlexiCash,Savings & Wealth,Agency,Annual,13444.69,414000,13444.69,0.067,10,Inforce,1,N,,Y,,N,,,,,28,Y,CLM-0047460,27-08-2026,Accident,4852.41,Partially Approved,,25,N,N,0.06,7,ASR-0058,100000,N,N,0.06,AGT-00454,Farah Aziz,Established,93,AU-32,On Notice,61.8,0.134,False,False,False,False,EXACT_DUPLICATE
RID-0017801,AGENCY_MGMT,28-03-2026 22:16,CUS-037917,Chee Keong Raj,Male,25-05-1995,31,Single,Citizen,Manager,102009,100k-200k,D11,chee.keong.raj112@example.com,+65 91519785,POL-0017801,02-08-2023,31-08-2023,PRUShield Life,Protection,Bancassurance,Semi-Annual,8004.09,2548000,8004.09,0.2111,99,Inforce,36,N,,Y,,N,,,,,35,N,CLM-0017801,02-12-2024,Maternity,5764.96,Approved,,18,N,N,0.02,7,ASR-0060,10000,N,N,0.369,,,,,,,,,False,False,False,False,EXACT_DUPLICATE
RID-0005076,CRM,28-08-2026 18:49,CUS-015644,Nurul Aisyah Yeo,Female,05-02-1977,49,Married,Employment Pass,Technician,56696,50k-100k,D25,nurul.aisyah.yeo362@example.com,+65 99211051,POL-0005076,10-09-2023,19-09-2023,PRUFlexiCash,Savings & Wealth,Agency,Annual,32946.13,359000,32946.13,0.0382,5,Inforce,35,N,,Y,,N,,,,,29,N,,,,,,,,N,N,0.86,10,,,,,,AGT-00270,Kavitha Nair,Established,95,AU-13,Active,85.2,0.107,False,False,False,False,EXACT_DUPLICATE
RID-0040862,CLAIMS_SYS,26-08-2026 17:17,CUS-023698,Valerie Foo,Female,22-09-1967,59,Divorced,Employment Pass,Professional,41442,Below 50k,D02,valerie.foo154@example.com,+65 93452905,POL-0040862,16-11-2024,06-12-2024,PRUShield Premier,Health & IP,Broker,Annual,1448.6,675000,1448.6,0.1432,5,Inforce,21,N,,Y,Public B1-Ward,Y,513.01,513.01,0,1500,0,N,CLM-0040862,04-02-2026,Day Surgery,1166.89,Approved,,37,N,N,0.16,10,ASR-0001,50000,N,N,0.168,AGT-00224,Meera Wright,Senior,151,AU-12,Active,77.5,0.186,False,False,False,False,EXACT_DUPLICATE
RID-0033290,AGENCY_MGMT,29-04-2026 07:56,CUS-028221,Daniel Goh,Male,05-09-1991,35,Widowed,Employment Pass,Education,105947,100k-200k,D15,daniel.goh208@example.com,+65 86569911,POL-0033290,27-02-2023,26-03-2023,PRUShield Life,Protection,Bancassurance,Monthly,2468.03,2159000,2468.03,0.2714,99,Inforce,41,N,,Y,,N,,,,,0,N,CLM-0033290,02-07-2023,Maternity,2328.45,Approved,,8,N,N,0.8,8,ASR-0038,100000,N,N,0.15,,,,,,,,,False,False,False,False,EXACT_DUPLICATE
RID-0003793,CRM,26-07-2026 23:24,CUS-017085,Kavitha Koh,Female,20-11-1982,44,Single,Permanent Resident,Healthcare,69340,50k-100k,D15,kavitha.koh395@example.com,+65 93022020,POL-0003793,09-09-2024,16-09-2024,PRUVantage Legacy,Savings & Wealth,Agency,Semi-Annual,36907.72,87000,36907.72,0.0845,25,Inforce,23,N,,Y,,N,,,,,123,Y,CLM-0003793,08-03-2026,Hospitalisation,4667.65,Approved,,30,N,N,0.37,9,ASR-0035,25000,N,N,0.161,AGT-00657,Siti Nadia Menon,Established,91,AU-25,Active,83.9,0.072,False,False,False,False,EXACT_DUPLICATE
RID-0007831,CLAIMS_SYS,15-05-2026 22:47,CUS-008069,Hui Ling Bennett,Female,24-09-1982,44,Married,Permanent Resident,Professional,421876,Above 400k,D16,hui.ling.bennett7@example.com,+65 84146553,POL-0007831,27-06-2025,05-08-2025,PRUSave Endowment,Savings & Wealth,Broker,Monthly,21948.55,64000,21948.55,0.0926,25,Inforce,13,N,,Y,,N,,,,,79,N,CLM-0007831,17-11-2025,Disability,10859.69,Approved,,15,N,N,0.89,7,ASR-0025,50000,N,N,0.015,AGT-00719,Zulkifli Yeo,Senior,168,AU-15,Active,59.9,0.293,False,False,False,False,EXACT_DUPLICATE
RID-0027156,CRM,05-06-2026 17:09,CUS-009888,Wei Ming Rahman,Male,13-11-1980,46,Single,Citizen,Sales,38705,Below 50k,D12,wei.ming.rahman258@example.com,+65 92295400,POL-0027156,30-12-2024,09-02-2025,PRUActive Term,Protection,Agency,Monthly,1043.06,1882000,1043.06,0.3061,5,Inforce,18,N,,Y,,N,,,,,102,N,CLM-0027156,08-12-2025,Death Benefit,9031.23,Partially Approved,,7,N,N,0.52,10,ASR-0016,100000,N,N,0.184,AGT-00422,Muhammad Ariff Goh,New,1,AU-17,Active,97.3,0.249,False,False,False,False,EXACT_DUPLICATE
RID-0043779,AGENCY_MGMT,09-04-2026 16:14,CUS-021057,Iskandar Teo,Male,10-12-1986,40,Married,Citizen,Healthcare,109105,100k-200k,D15,iskandar.teo482@example.com,+65 83304551,POL-0043779,18-03-2023,25-04-2023,PRUSave Endowment,Savings & Wealth,Agency,Annual,59629.75,175000,59629.75,0.0882,10,Inforce,40,N,,Y,,N,,,,,0,N,CLM-0043779,23-06-2025,Death Benefit,11046.04,Partially Approved,,18,N,N,0.4,9,ASR-0039,100000,N,N,0.107,AGT-00192,Muhammad Ariff Ong,Established,84,AU-13,Active,90.9,0.316,False,False,False,False,EXACT_DUPLICATE
RID-0026539,AGENCY_MGMT,02-06-2026 00:50,CUS-036610,Samantha Chan,Female,15-08-1976,50,Widowed,Permanent Resident,Self-Employed,30000,Below 50k,D17,samantha.chan155@example.com,+65 98858498,POL-0026539,26-01-2024,29-02-2024,PRULink Assurance,Investment-Linked,Bancassurance,Annual,8265.37,597000,8265.37,0.144,20,Inforce,30,N,,Y,,N,,,,,178,N,,,,,,,,N,N,0.27,5,,,,,,,,,,,,,,False,False,False,False,EXACT_DUPLICATE
RID-0023240,POLICY_ADMIN,23-08-2026 05:23,CUS-028189,Jun Hao Toh,Male,06-08-1977,49,Widowed,Citizen,Sales,97634,50k-100k,D16,jun.hao.toh299@example.com,+65 83950925,POL-0023240,13-01-2025,22-02-2025,PRUShield Life,Protection,Bancassurance,Monthly,4652.89,2688000,4652.89,0.2349,20,Inforce,18,N,,Y,,N,,,,,33,N,CLM-0023240,02-05-2025,Hospitalisation,53169.87,Approved,,10,N,N,0.63,10,ASR-0046,25000,N,N,0.023,,,,,,,,,False,False,False,False,EXACT_DUPLICATE
RID-0012724,AGENCY_MGMT,16-08-2026 14:49,CUS-034639,Mei Yi Koh,Female,28-03-1983,43,Married,Foreigner,Education,84856,50k-100k,D22,mei.yi.koh12@example.com,+65 99023569,POL-0012724,14-03-2023,16-04-2023,PRUFlexiCash,Savings & Wealth,Bancassurance,Monthly,56357.42,480000,56357.42,0.0745,25,Lapsed,41,Y,06-07-2026,Y,,N,,,,,304,N,,,,,,,,N,N,0.32,9,,,,,,,,,,,,,,False,False,False,False,EXACT_DUPLICATE
RID-0011740,CRM,23-06-2026 22:55,CUS-037624,Meera Seah,Female,01-06-1984,42,Married,Citizen,Technician,84805,50k-100k,D28,meera.seah117@example.com,+65 83667819,POL-0011740,09-11-2024,17-11-2024,PRUFlexiCash,Savings & Wealth,Agency,Monthly,38480.5,298000,38480.5,0.0636,5,Inforce,21,N,,Y,,N,,,,,91,Y,,,,,,,,N,N,0.42,5,,,,,,AGT-00191,Wan Ting Sim,Established,56,AU-20,Active,58.8,0.179,False,False,False,False,EXACT_DUPLICATE
RID-0031052,POLICY_ADMIN,13-06-2026 03:05,CUS-021560,Daniel Kumar,Male,05-03-1969,57,Divorced,Citizen,Healthcare,65838,50k-100k,D12,daniel.kumar348@example.com,+65 83362692,POL-0031052,20-05-2024,30-05-2024,PRUCritical Cover,Protection,Direct,Monthly,5374.77,1771000,5374.77,0.2494,30,Inforce,27,N,,Y,,N,,,,,5,N,,,,,,,,N,N,0.71,10,,,,,,,,,,,,,,False,False,False,False,EXACT_DUPLICATE
RID-0002034,POLICY_ADMIN,07-06-2026 05:33,CUS-021088,Jonathan Lim,Male,02-02-1976,50,Widowed,Employment Pass,Technician,91345,50k-100k,D12,jonathan.lim323@example.com,+65 93120427,POL-0002034,20-12-2025,25-12-2025,PRUActive Term,Protection,Agency,Annual,3209.93,2558000,3209.93,0.2258,20,Inforce,8,N,,Y,,N,,,,,0,Y,,,,,,,,N,N,0.56,6,,,,,,AGT-00295,Jonathan Mitchell,Established,63,AU-04,Active,69.5,0.083,False,False,False,False,EXACT_DUPLICATE
RID-0038378,CLAIMS_SYS,06-08-2026 08:21,CUS-037032,Suresh Tan,Male,18-07-1971,55,Married,Employment Pass,Manager,110057,100k-200k,D19,suresh.tan249@example.com,+65 85841037,POL-0038378,15-04-2024,24-05-2024,PRUFlexiCash,Savings & Wealth,Bancassurance,Annual,45475.65,169000,45475.65,0.0646,20,Inforce,27,N,,Y,,N,,,,,0,Y,CLM-0038378,22-10-2025,Hospitalisation,2188.09,Withdrawn,,28,N,N,0.02,9,ASR-0021,100000,N,N,0.035,,,,,,,,,False,False,False,False,EXACT_DUPLICATE
RID-0006953,CLAIMS_SYS,11-07-2026 14:44,CUS-007122,Joanne Pillai,Female,19-05-1999,27,Divorced,Citizen,Retired,62876,50k-100k,D01,joanne.pillai86@example.com,+65 92720523,POL-0006953,19-07-2023,24-08-2023,PRUTerm Secure,Protection,Bancassurance,Monthly,7084.6,224000,7084.6,0.236,15,Inforce,36,N,,Y,,N,,,,,207,N,CLM-0006953,09-12-2024,Outpatient Specialist,2304.3,Approved,,5,N,N,0.66,10,ASR-0031,100000,N,N,0.166,,,,,,,,,False,False,False,False,EXACT_DUPLICATE
RID-0009430,CLAIMS_SYS,14-06-2026 00:26,CUS-015411,Aminah Lim,Female,19-12-1987,39,Divorced,Employment Pass,Executive,219526,200k-400k,D17,aminah.lim307@example.com,+65 91298386,POL-0009430,17-07-2023,19-08-2023,PRULink Global Growth,Investment-Linked,Agency,Monthly,31833.41,267000,31833.41,0.1313,10,Inforce,36,N,,Y,,N,,,,,251,N,,,,,,,,N,N,0.02,8,,,,,,AGT-00217,Jia Hui Yeo,Senior,72,AU-26,Active,42.1,0.397,False,False,False,False,EXACT_DUPLICATE
RID-0008149,AGENCY_MGMT,26-03-2026 23:42,CUS-000703,Deepak Pillai,Male,15-01-1987,39,Divorced,Citizen,Professional,83475,50k-100k,D01,deepak.pillai24@example.com,+65 87261803,POL-0008149,23-04-2023,13-05-2023,PRUShield Standard,Health & IP,Bancassurance,Annual,503.31,654000,503.31,0.1693,25,Inforce,40,N,,Y,Public B1-Ward,Y,190.67,190.67,0,0,68,N,,,,,,,,N,N,0.15,7,,,,,,,,,,,,,,False,False,False,False,EXACT_DUPLICATE
RID-0016240,CLAIMS_SYS,13-07-2026 19:12,CUS-027814,Lakshmi Mitchell,Female,26-09-1976,50,Widowed,Employment Pass,Education,66353,50k-100k,D20,lakshmi.mitchell295@example.com,+65 84684133,POL-0016240,28-09-2024,29-10-2024,PRUExtra Care,Health & IP,Agency,Annual,1734.88,252000,1734.88,0.1942,5,Inforce,22,N,,Y,Public A-Ward,Y,676.63,676.63,0,2500,11,N,CLM-0016240,30-03-2025,Outpatient Specialist,2331.89,Approved,,10,N,N,0.95,8,ASR-0014,5000,N,N,0.137,AGT-01025,Terence Seah,Senior,68,AU-25,Active,73.3,0.314,False,False,False,False,EXACT_DUPLICATE
RID-0016015,CRM,23-06-2026 19:05,CUS-037871,Anjali Ho,Female,14-12-1987,39,Single,Permanent Resident,Healthcare,75574,50k-100k,D08,anjali.ho8@example.com,+65 89871466,POL-0016015,14-01-2024,21-01-2024,PRUCritical Cover,Protection,Agency,Monthly,3840.46,1740000,3840.46,0.2631,20,Inforce,31,N,,Y,,N,,,,,61,Y,CLM-0016015,04-08-2026,Accident,198203.39,Approved,,8,N,N,1,9,ASR-0043,5000,N,N,0.108,AGT-00689,Siew Peng Nair,Established,72,AU-31,Active,77.6,0.539,False,False,False,False,EXACT_DUPLICATE
RID-0009369,CRM,21-06-2026 20:25,CUS-000245,Jia Hui Teo,Female,18-08-1984,42,Single,Citizen,Healthcare,66748,50k-100k,D26,jia.hui.teo42@example.com,+65 95974391,POL-0009369,20-04-2026,27-05-2026,PRULink Assurance,Investment-Linked,Agency,Annual,11798.75,173000,11798.75,0.112,30,Matured,3,N,,Y,,N,,,,,45,N,CLM-0009369,09-06-2026,Outpatient Specialist,12844.13,Approved,,19,N,N,0.05,6,ASR-0026,10000,N,N,0.267,AGT-00106,Jonathan Foo,Established,68,AU-33,Active,94.1,0.165,False,False,False,False,EXACT_DUPLICATE
RID-0008622,CRM,28-07-2026 00:19,CUS-016824,Jonathan Lee,Male,02-05-1976,50,Married,Permanent Resident,Retired,157876,100k-200k,D25,jonathan.lee233@example.com,+65 94478162,POL-0008622,20-11-2023,24-12-2023,PRUShield A Plus,Health & IP,Broker,Annual,3280.35,816000,3280.35,0.1684,25,Matured,32,N,,Y,Private Hospital,Y,1446.27,1446.27,0,0,84,Y,,,,,,,,N,N,0.04,7,,,,,,AGT-00723,Hakim Salleh,Established,92,AU-32,Active,67.1,0.302,False,False,False,False,EXACT_DUPLICATE
RID-0031618,CRM,22-08-2026 12:14,CUS-024514,Joanne Iyer,Female,21-05-1949,77,Widowed,Citizen,Retired,62429,50k-100k,D18,joanne.iyer32@example.com,+65 97497025,POL-0031618,16-06-2024,25-07-2024,PRUSave Endowment,Savings & Wealth,Bancassurance,Monthly,35180.87,388000,35180.87,0.0432,20,Inforce,25,N,,Y,,N,,,,,125,N,CLM-0031618,30-08-2026,Critical Illness,11305.04,Declined,Outside panel provider,19,N,N,0.96,9,ASR-0053,25000,N,N,0.161,,,,,,,,,False,False,False,False,EXACT_DUPLICATE
RID-0002891,CRM,15-06-2026 04:07,CUS-032651,Joanne Raj,Female,14-12-2005,21,Single,Citizen,Healthcare,62090,50k-100k,D25,joanne.raj8@example.com,+65 95599491,POL-0002891,28-12-2023,16-01-2024,PRUSave Endowment,Savings & Wealth,Agency,Monthly,22974.45,94000,22974.45,0.038,15,Lapsed,31,Y,07-04-2026,Y,,N,,,,,101,N,CLM-0002891,06-02-2024,Hospitalisation,4681.37,Partially Approved,,5,N,N,-0.14,8,ASR-0050,5000,N,N,0.381,AGT-00603,Cheryl Yusof,Established,78,AU-18,Active,52.4,0.19,False,False,False,False,EXACT_DUPLICATE
RID-0026733,CLAIMS_SYS,13-06-2026 20:18,CUS-013168,Siew Peng Raj,Female,13-10-1976,50,Widowed,Citizen,Professional,145565,100k-200k,D04,siew.peng.raj466@example.com,+65 89216692,POL-0026733,21-06-2025,26-07-2025,PRUActive Term,Protection,Bancassurance,Annual,748.07,925000,748.07,0.1775,15,Inforce,13,N,,Y,,N,,,,,176,N,,,,,,,,N,N,0.29,6,,,,,,,,,,,,,,False,False,False,False,EXACT_DUPLICATE
RID-0037600,CRM,24-07-2026 09:21,CUS-018250,Rachel Seah,Female,28-03-1961,65,Divorced,Employment Pass,Civil Service,52937,50k-100k,D02,rachel.seah16@example.com,+65 86158891,POL-0037600,04-06-2026,30-06-2026,PRUVantage Legacy,Savings & Wealth,Bancassurance,Monthly,35611.23,47000,35611.23,0.0376,15,Inforce,2,N,,Y,,N,,,,,146,N,,,,,,,,N,N,0.1,8,,,,,,,,,,,,,,False,False,False,False,EXACT_DUPLICATE
RID-0037119,CRM,29-03-2026 15:04,CUS-003536,Meera Nair,Female,12-09-1986,40,Married,Citizen,Education,51954,50k-100k,D05,meera.nair238@example.com,+65 93844804,POL-0037119,24-10-2024,09-11-2024,PRUShield Premier,Health & IP,Agency,Semi-Annual,4761.51,739000,4761.51,0.1527,5,Inforce,22,N,,Y,Public A-Ward,N,,,,,0,N,,,,,,,,N,N,0.38,6,,,,,,AGT-00218,Yong Sheng Iyer,Established,13,AU-24,Active,89.8,0.161,False,False,False,False,EXACT_DUPLICATE
RID-0046669,POLICY_ADMIN,27-07-2026 07:37,CUS-039661,Muhammad Ariff Bennett,Male,17-06-1994,32,Single,Citizen,Self-Employed,55735,50k-100k,D04,muhammad.ariff.bennett249@example.com,+65 92866849,POL-0046669,23-11-2025,22-12-2025,PRUVantage Legacy,Savings & Wealth,Agency,Annual,6647.13,370000,6647.13,0.0653,99,Inforce,8,N,,Y,,N,,,,,31,Y,CLM-0046669,03-07-2026,Hospitalisation,3378.54,Approved,,24,N,N,-0.14,10,ASR-0056,50000,N,N,0.361,AGT-01148,Nicholas Ong,Established,33,AU-37,Active,97.5,0.272,False,False,False,False,EXACT_DUPLICATE
RID-0026895,CRM,03-04-2026 17:51,CUS-005429,Nicholas Harper,Male,20-09-1968,58,Single,Permanent Resident,Sales,229659,200k-400k,D07,nicholas.harper106@example.com,+65 97707212,POL-0026895,23-12-2023,26-12-2023,PRUShield Life,Protection,Bancassurance,Quarterly,7527.27,534000,7527.27,0.253,20,Inforce,32,N,,Y,,N,,,,,56,N,CLM-0026895,03-06-2024,Day Surgery,2064.77,Partially Approved,,13,N,N,0.3,6,ASR-0033,25000,N,N,0.135,,,,,,,,,False,False,False,False,EXACT_DUPLICATE
RID-0032023,CRM,02-04-2026 09:46,CUS-006016,Kai Xuan Ng,Male,24-11-1989,37,Widowed,Permanent Resident,Education,57572,50k-100k,D12,kai.xuan.ng105@example.com,+65 98238122,POL-0032023,26-04-2025,05-06-2025,PRUActive Term,Protection,Bancassurance,Annual,3481.82,1260000,3481.82,0.2824,10,Inforce,15,N,,Y,,N,,,,,49,N,,,,,,,,N,N,0.7,8,,,,,,,,,,,,,,False,False,False,False,EXACT_DUPLICATE
RID-0039268,POLICY_ADMIN,24-07-2026 03:50,CUS-003342,Aminah Iyer,Female,28-09-1994,32,Divorced,Citizen,Sales,152081,100k-200k,D03,aminah.iyer60@example.com,+65 86605247,POL-0039268,06-03-2026,01-04-2026,PRUShield Life,Protection,Agency,Annual,5984.95,2846000,5984.95,0.2782,5,Cancelled,5,Y,17-07-2026,N,,N,,,,,0,N,CLM-0039268,24-06-2026,Hospitalisation,5042.68,Withdrawn,,27,N,N,0.27,9,ASR-0046,25000,N,N,0.321,AGT-00806,Vikram Seah,New,1,AU-40,Active,31.6,0.369,False,False,False,False,EXACT_DUPLICATE
RID-0040777,POLICY_ADMIN,23-04-2026 04:44,CUS-002287,Siew Peng Teo,Female,12-02-1982,44,Married,Citizen,Retired,87433,50k-100k,D11,siew.peng.teo269@example.com,+65 96883930,POL-0040777,25-01-2023,30-01-2023,PRUWealth Plus,Savings & Wealth,Bancassurance,Annual,2419.07,94000,2419.07,0.0593,5,Inforce,43,N,,Y,,N,,,,,102,N,,,,,,,,N,N,0.52,8,,,,,,,,,,,,,,False,False,False,False,EXACT_DUPLICATE
RID-0036453,CRM,23-03-2026 06:47,CUS-039879,Faisal Ong,Male,25-11-1968,58,Single,Employment Pass,Professional,129436,100k-200k,D24,faisal.ong261@example.com,+65 93200715,POL-0036453,11-07-2023,27-07-2023,PRUFlexiCash,Savings & Wealth,Bancassurance,Annual,26032.45,311000,26032.45,0.034,25,Inforce,37,N,,Y,,N,,,,,0,N,,,,,,,,N,N,0.45,10,,,,,,,,,,,,,,False,False,False,False,EXACT_DUPLICATE
RID-0023887,AGENCY_MGMT,31-07-2026 07:14,CUS-035098,Yong Sheng Pillai,Male,07-05-1964,62,Divorced,Citizen,Civil Service,120988,100k-200k,D21,yong.sheng.pillai245@example.com,+65 97980638,POL-0023887,02-06-2025,07-07-2025,PRUShield Standard,Health & IP,Direct,Quarterly,1952.36,743000,1952.36,0.1487,20,Inforce,14,N,,Y,Public A-Ward,Y,564.9,564.9,0,1500,102,N,,,,,,,,N,N,0.35,9,,,,,,,,,,,,,,False,False,False,False,EXACT_DUPLICATE
RID-0011857,CRM,13-07-2026 12:10,CUS-016763,Kavitha Foo,Female,22-07-1965,61,Single,Citizen,Executive,114066,100k-200k,D15,kavitha.foo2@example.com,+65 83051615,POL-0011857,29-08-2025,18-09-2025,PRUVantage Legacy,Savings & Wealth,Bancassurance,Quarterly,56131,147000,56131,0.0792,30,Inforce,11,N,,Y,,N,,,,,133,N,CLM-0011857,18-05-2026,Critical Illness,6342.23,Partially Approved,,15,N,N,-0.08,6,ASR-0041,5000,N,N,0.198,,,,,,,,,False,False,False,False,EXACT_DUPLICATE
RID-0038586,POLICY_ADMIN,30-04-2026 08:23,CUS-040630,Xin Yi Fraser,Female,02-02-2002,24,Single,Employment Pass,Manager,121061,100k-200k,D21,xin.yi.fraser492@example.com,+65 82742130,POL-0038586,30-05-2023,19-06-2023,PRUShield Standard,Health & IP,Digital,Quarterly,7093.2,120000,7093.2,0.123,30,Inforce,39,N,,Y,Public B1-Ward,Y,3814.93,3814.93,0,2500,53,N,CLM-0038586,03-10-2024,Disability,1310.51,Pending,,38,N,N,0.78,7,ASR-0038,100000,N,N,0.401,,,,,,,,,False,False,False,False,EXACT_DUPLICATE
RID-0039292,POLICY_ADMIN,24-04-2026 21:16,CUS-019098,Faisal Osman,Male,14-12-1989,37,Single,Permanent Resident,Manager,76396,50k-100k,D06,faisal.osman357@example.com,+65 87848992,POL-0039292,17-01-2026,25-02-2026,PRUVantage Legacy,Savings & Wealth,Agency,Annual,5950.69,425000,5950.69,0.0639,5,Inforce,6,N,,Y,,N,,,,,0,N,CLM-0039292,09-06-2026,Disability,4563.13,Withdrawn,,7,N,N,0.05,8,ASR-0029,5000,N,N,0.314,AGT-01157,Vikram Menon,New,4,AU-13,Active,47,0.1,False,False,False,False,EXACT_DUPLICATE
RID-0028193,CRM,18-05-2026 09:27,CUS-008291,Rachel Low,Female,05-05-1988,38,Divorced,Foreigner,Manager,66399,50k-100k,D03,rachel.low417@example.com,+65 98136054,POL-0028193,07-10-2024,13-11-2024,PRUSelect Vantage,Investment-Linked,Bancassurance,Quarterly,14702.08,876000,14702.08,0.101,5,Inforce,21,N,,Y,,N,,,,,84,N,CLM-0028193,05-06-2025,Accident,7123.19,Approved,,7,N,N,-0.05,9,ASR-0025,50000,N,N,0.049,,,,,,,,,False,False,False,False,EXACT_DUPLICATE
RID-0036305,CLAIMS_SYS,06-03-2026 15:16,CUS-032629,Vikram Kumar,Male,22-06-1975,51,Single,Permanent Resident,Professional,102045,100k-200k,D27,vikram.kumar96@example.com,+65 84543081,POL-0036305,13-03-2024,25-03-2024,PRUFlexiCash,Savings & Wealth,Bancassurance,Monthly,18858.03,172000,18858.03,0.0417,30,Inforce,29,N,,Y,,N,,,,,89,N,CLM-0036305,17-11-2025,Accident,25089.65,Approved,,17,N,N,0.32,8,ASR-0026,10000,N,N,0.048,,,,,,,,,False,False,False,False,EXACT_DUPLICATE
RID-0014687,CLAIMS_SYS,12-05-2026 22:28,CUS-033493,Rachel Lim,Female,26-08-1979,47,Divorced,Permanent Resident,Executive,90155,50k-100k,D24,rachel.lim234@example.com,+65 96187171,POL-0014687,06-04-2024,09-05-2024,PRUSelect Vantage,Investment-Linked,Agency,Annual,23493.64,775000,23493.64,0.1478,20,Inforce,28,N,,Y,,N,,,,,0,N,CLM-0014687,28-04-2025,Hospitalisation,2767.8,Pending,,28,N,N,0.65,6,ASR-0048,25000,N,N,0.127,AGT-00116,Vikram Yeo,Established,82,AU-12,Active,59.7,0.45,False,False,False,False,EXACT_DUPLICATE
RID-0029586,CRM,19-08-2026 13:00,CUS-031639,Divya Salleh,Female,09-06-1966,60,Divorced,Citizen,Professional,70901,50k-100k,D02,divya.salleh338@example.com,+65 87562313,POL-0029586,12-04-2026,17-04-2026,PRUWealth Plus,Savings & Wealth,Agency,Annual,33565.9,490000,33565.9,0.0792,99,Inforce,4,N,,Y,,N,,,,,505,Y,CLM-0029586,08-08-2026,Day Surgery,11755.68,Pending,,41,N,N,0.84,6,ASR-0039,100000,N,N,0.308,AGT-00182,Kai Xuan Harper,New,9,AU-29,Active,21.9,0.087,False,False,False,False,EXACT_DUPLICATE
RID-0007997,POLICY_ADMIN,02-06-2026 19:18,CUS-022087,Mei Yi Ho,Female,03-03-1984,42,Married,Foreigner,Education,42712,Below 50k,D22,mei.yi.ho300@example.com,+65 89186376,POL-0007997,07-10-2024,13-11-2024,PRULink Global Growth,Investment-Linked,Digital,Semi-Annual,20321.2,158000,20321.2,0.1532,5,Inforce,21,N,,Y,,N,,,,,125,N,CLM-0007997,06-05-2025,Death Benefit,4665,Approved,,9,N,N,0.99,10,ASR-0016,100000,N,N,0.405,,,,,,,,,False,False,False,False,EXACT_DUPLICATE
RID-0041110,CRM,18-05-2026 13:27,CUS-039046,Wan Ting Mitchell,Female,27-03-1987,39,Widowed,Citizen,Sales,89276,50k-100k,D04,wan.ting.mitchell9@example.com,+65 97509654,POL-0041110,29-03-2026,09-04-2026,PRUVantage Legacy,Savings & Wealth,Bancassurance,Quarterly,17793.3,247000,17793.3,0.0772,99,Inforce,4,N,,Y,,N,,,,,233,N,,,,,,,,N,N,0.17,8,,,,,,,,,,,,,,False,False,False,False,EXACT_DUPLICATE
RID-0030345,AGENCY_MGMT,25-08-2026 15:19,CUS-040321,Edwin Rahman,Male,25-12-2001,25,Married,Citizen,Professional,106828,100k-200k,D08,edwin.rahman277@example.com,+65 86425418,POL-0030345,14-01-2024,15-01-2024,PRUShield Life,Protection,Agency,Monthly,2286.34,2319000,2286.34,0.2865,15,Inforce,32,N,,Y,,N,,,,,397,N,CLM-0030345,07-07-2025,Day Surgery,4489.6,Approved,,24,N,N,0.45,8,ASR-0013,100000,N,N,0.937,AGT-00978,Mei Yi Sim,Established,12,AU-28,Resigned,68.5,0.109,False,False,False,False,EXACT_DUPLICATE
RID-0026048,POLICY_ADMIN,31-03-2026 07:50,CUS-000270,Mei Yi Ng,Female,02-08-2005,21,Widowed,Citizen,Civil Service,31844,Below 50k,D02,mei.yi.ng370@example.com,+65 86618701,POL-0026048,08-10-2023,15-11-2023,PRUWealth Plus,Savings & Wealth,Agency,Annual,10402.03,346000,10402.03,0.0454,25,Inforce,34,N,,Y,,N,,,,,0,N,CLM-0026048,20-04-2024,Accident,4261.12,Partially Approved,,15,N,N,-0.13,6,ASR-0049,100000,N,N,0.337,AGT-00187,Muhammad Ariff Harper,New,9,AU-16,Active,72.5,0.322,False,False,False,False,EXACT_DUPLICATE
RID-0013000,POLICY_ADMIN,07-08-2026 22:24,CUS-028684,Samantha Ong,Female,20-12-1988,38,Divorced,Permanent Resident,Sales,41466,Below 50k,D24,samantha.ong55@example.com,+65 91949442,POL-0013000,09-08-2024,31-08-2024,PRULink Global Growth,Investment-Linked,Agency,Monthly,32449.28,598000,32449.28,0.1097,20,Inforce,24,N,,Y,,N,,,,,230,N,CLM-0013000,11-07-2026,Outpatient Specialist,1930.99,Approved,,8,N,N,0.9,6,ASR-0049,100000,N,N,0.235,AGT-00799,Zarina Nair,Established,47,AU-10,Active,52,0.433,False,False,False,False,EXACT_DUPLICATE
RID-0042395,CRM,28-03-2026 11:33,CUS-018295,Jun Hao Sharma,Male,03-02-2004,22,Married,Permanent Resident,Civil Service,39292,Below 50k,D07,jun.hao.sharma352@example.com,+65 85151042,POL-0042395,23-05-2025,11-06-2025,PRUCritical Cover,Protection,Agency,Monthly,7049.04,1030000,7049.04,0.2379,20,Inforce,14,N,,Y,,N,,,,,0,Y,,,,,,,,N,N,0.11,7,,,,,,AGT-00570,Kavitha Harper,Senior,40,AU-08,Active,53.2,0.664,False,False,False,False,EXACT_DUPLICATE
RID-0021165,CRM,11-08-2026 12:25,CUS-018498,Xin Yi Reddy,Female,13-01-2005,21,Widowed,Permanent Resident,Retired,141202,100k-200k,D16,xin.yi.reddy8@example.com,+65 94146486,POL-0021165,22-01-2026,23-01-2026,PRUVantage Legacy,Savings & Wealth,Bancassurance,Annual,37359.26,305000,37359.26,0.0356,99,Inforce,7,N,,Y,,N,,,,,163,N,CLM-0021165,20-08-2026,Hospitalisation,2774.23,Approved,,12,N,N,-0.08,9,ASR-0018,25000,N,Y,0.363,,,,,,,,,False,False,False,False,EXACT_DUPLICATE
RID-0029205,POLICY_ADMIN,29-06-2026 09:41,CUS-020012,Valerie Mitchell,Female,22-11-1979,47,Divorced,Citizen,Sales,61752,50k-100k,D23,valerie.mitchell206@example.com,+65 88531182,POL-0029205,08-10-2023,09-11-2023,PRULink Assurance,Investment-Linked,Agency,Quarterly,20518.07,625000,20518.07,0.1282,5,Matured,34,N,,Y,,N,,,,,36,N,CLM-0029205,24-11-2025,Critical Illness,8442.43,Approved,,23,N,N,0.73,7,ASR-0028,10000,N,N,0.305,AGT-00304,Jun Hao Wong,Established,54,AU-35,Active,60.5,0.836,False,False,False,False,EXACT_DUPLICATE
RID-0011250,POLICY_ADMIN,31-07-2026 20:32,CUS-006465,Lakshmi Aziz,Female,23-05-1979,47,Single,Citizen,Retired,61983,50k-100k,D25,lakshmi.aziz373@example.com,+65 88512595,POL-0011250,18-10-2024,24-10-2024,PRUCritical Cover,Protection,Bancassurance,Quarterly,1809.89,1476000,1809.89,0.214,20,Inforce,22,N,,Y,,N,,,,,20,Y,CLM-0011250,07-02-2025,Outpatient Specialist,21987.37,Approved,,31,N,N,0.6,10,ASR-0040,100000,N,N,0.173,,,,,,,,,False,False,False,False,EXACT_DUPLICATE
RID-0037193,AGENCY_MGMT,19-04-2026 14:47,CUS-007507,Jonathan Aziz,Male,24-07-1984,42,Single,Citizen,Healthcare,50645,50k-100k,D14,jonathan.aziz343@example.com,+65 92303158,POL-0037193,19-09-2024,24-10-2024,PRUShield A Plus,Health & IP,Bancassurance,Monthly,1370.02,575000,1370.02,0.1036,15,Inforce,22,N,,Y,Private Hospital,Y,676.29,676.29,0,0,62,N,,,,,,,,N,N,0.01,9,,,,,,,,,,,,,,False,False,False,False,EXACT_DUPLICATE
RID-0041086,CLAIMS_SYS,05-08-2026 02:30,CUS-013085,Aravind Tan,Male,02-01-1981,45,Divorced,Foreigner,Education,86194,50k-100k,D11,aravind.tan34@example.com,+65 84117067,POL-0041086,05-10-2024,07-11-2024,PRULink Global Growth,Investment-Linked,Bancassurance,Annual,18263.78,121000,18263.78,0.0846,15,Inforce,22,N,,Y,,N,,,,,51,N,CLM-0041086,22-12-2025,Maternity,3632.18,Partially Approved,,18,N,N,0.58,8,ASR-0001,50000,N,N,0.399,,,,,,,,,False,False,False,False,EXACT_DUPLICATE
RID-0038836,CRM,24-04-2026 20:51,CUS-010363,Chee Keong Turner,Male,24-07-2003,23,Married,Citizen,Executive,87666,50k-100k,D26,chee.keong.turner68@example.com,+65 83930319,POL-0038836,15-06-2023,17-07-2023,PRUShield Premier,Health & IP,Agency,Monthly,4162.81,436000,4162.81,0.1535,25,Inforce,38,N,,Y,Public B1-Ward,Y,1275.79,1275.79,0,2500,183,N,CLM-0038836,09-11-2023,Maternity,17867.44,Approved,,3,N,N,0.64,6,ASR-0031,100000,N,N,0.382,AGT-00376,Vikram Wong,Senior,135,AU-02,Active,92.6,0.048,False,False,False,False,EXACT_DUPLICATE
RID-0005497,CLAIMS_SYS,10-03-2026 21:55,CUS-017780,Jia Hui Teo,Female,08-08-1998,28,Single,Citizen,Professional,87063,50k-100k,D17,jia.hui.teo390@example.com,+65 89434368,POL-0005497,08-07-2024,18-08-2024,PRUWealth Plus,Savings & Wealth,Direct,Monthly,14454.32,355000,14454.32,0.0588,5,Inforce,24,N,,Y,,N,,,,,153,N,,,,,,,,N,N,0.66,7,,,,,,,,,,,,,,False,False,False,False,EXACT_DUPLICATE
RID-0000373,AGENCY_MGMT,24-07-2026 20:25,CUS-010020,Zulkifli Salleh,Male,12-11-2002,24,Married,Citizen,Civil Service,119396,100k-200k,D27,zulkifli.salleh347@example.com,+65 83992040,POL-0000373,11-01-2025,21-01-2025,PRULink Assurance,Investment-Linked,Agency,Annual,41518.2,111000,41518.2,0.1123,30,Inforce,19,N,,Y,,N,,,,,76,N,,,,,,,,N,N,-0.09,9,,,,,,AGT-00092,Divya Ong,Senior,53,AU-35,Active,97.1,0.762,False,False,False,False,EXACT_DUPLICATE
RID-0044781,CLAIMS_SYS,29-04-2026 06:52,CUS-007377,Vikram Bennett,Male,20-04-1983,43,Widowed,Citizen,Professional,53776,50k-100k,D13,vikram.bennett258@example.com,+65 82991334,POL-0044781,10-11-2023,22-11-2023,PRUShield A Plus,Health & IP,Bancassurance,Annual,7233.05,990000,7233.05,0.1637,30,Lapsed,33,Y,08-12-2024,N,Public B1-Ward,N,,,,,0,N,CLM-0044781,16-02-2026,Maternity,10778.5,Pending,,57,N,N,-0.07,7,ASR-0006,25000,N,N,0.183,,,,,,,,,False,False,False,False,EXACT_DUPLICATE
RID-0005957,AGENCY_MGMT,09-08-2026 11:44,CUS-007575,Jia Hui Koh,Female,23-11-1990,36,Married,Citizen,Healthcare,128529,100k-200k,D28,jia.hui.koh173@example.com,+65 91629822,POL-0005957,17-02-2024,22-02-2024,PRUWealth Plus,Savings & Wealth,Agency,Semi-Annual,20025.9,145000,20025.9,0.0935,10,Inforce,30,N,,Y,,N,,,,,101,N,CLM-0005957,09-07-2025,Disability,5243.99,Approved,,29,N,N,0.06,10,ASR-0012,100000,N,N,0.119,AGT-00522,Vikram Harper,MDRT,231,AU-38,Active,96.9,0.198,False,False,False,False,EXACT_DUPLICATE
RID-0023650,CLAIMS_SYS,15-04-2026 15:31,CUS-014130,Zarina Wong,Female,23-04-1982,44,Widowed,Citizen,Manager,116041,100k-200k,D27,zarina.wong243@example.com,+65 94916349,POL-0023650,19-10-2023,12-11-2023,PRUCritical Cover,Protection,Digital,Annual,933.82,2443000,933.82,0.312,99,Inforce,34,N,,Y,,N,,,,,7,N,CLM-0023650,23-02-2025,Accident,4763.42,Approved,,13,N,N,0.83,7,ASR-0016,100000,N,N,0.129,,,,,,,,,False,False,False,False,EXACT_DUPLICATE
RID-0002816,AGENCY_MGMT,21-08-2026 06:29,CUS-036888,Faisal Reddy,Male,06-11-1997,29,Single,Citizen,Executive,134984,100k-200k,D23,faisal.reddy91@example.com,+65 82580801,POL-0002816,21-08-2025,09-09-2025,PRUShield Life,Protection,Digital,Monthly,5625.74,893000,5625.74,0.2291,15,Inforce,11,N,,Y,,N,,,,,0,N,CLM-0002816,26-03-2026,Outpatient Specialist,3048.68,Approved,,16,N,N,0.2,10,ASR-0058,100000,N,N,0.199,,,,,,,,,False,False,False,False,EXACT_DUPLICATE
RID-0036806,CRM,17-05-2026 08:22,CUS-030914,Iskandar Yeo,Male,24-04-1981,45,Single,Permanent Resident,Sales,83774,50k-100k,D03,iskandar.yeo106@example.com,+65 94256690,POL-0036806,05-07-2023,18-07-2023,PRUFlexiCash,Savings & Wealth,Bancassurance,Monthly,56602.08,192000,56602.08,0.0547,20,Inforce,38,N,,Y,,N,,,,,116,N,,,,,,,,N,N,0.07,10,,,,,,,,,,,,,,False,False,False,False,EXACT_DUPLICATE
RID-0043229,CLAIMS_SYS,24-03-2026 02:24,CUS-021502,Jia Hui Aziz,Female,17-07-1974,52,Married,Permanent Resident,Professional,97671,50k-100k,D17,jia.hui.aziz426@example.com,+65 85939648,POL-0043229,22-08-2025,19-09-2025,PRUExtra Care,Health & IP,Bancassurance,Quarterly,7036.01,231000,7036.01,0.1065,99,Inforce,11,N,,Y,Public A-Ward,Y,3825.7,3825.7,0,1500,43,Y,CLM-0043229,05-04-2026,Disability,1464.41,Approved,,11,N,N,0.43,9,ASR-0017,50000,N,N,0.028,,,,,,,,,False,False,False,False,EXACT_DUPLICATE
RID-0035866,POLICY_ADMIN,14-06-2026 11:12,CUS-018426,Wan Ting Iyer,Female,15-03-1992,34,Divorced,Permanent Resident,Executive,130043,100k-200k,D04,wan.ting.iyer3@example.com,+65 84327673,POL-0035866,15-10-2023,25-11-2023,PRUCritical Cover,Protection,Bancassurance,Monthly,848.41,2380000,848.41,0.2406,20,Cancelled,33,Y,13-11-2025,Y,,N,,,,,60,N,,,,,,,,N,N,0.56,9,,,,,,,,,,,,,,False,False,False,False,EXACT_DUPLICATE
RID-0008312,POLICY_ADMIN,14-07-2026 09:46,CUS-010524,Farah Pillai,Female,08-03-1995,31,Married,Permanent Resident,Retired,49033,Below 50k,D15,farah.pillai67@example.com,+65 88296569,POL-0008312,24-07-2024,23-08-2024,PRUShield Life,Protection,Digital,Monthly,3860.89,1814000,3860.89,0.2694,10,Matured,24,N,,Y,,N,,,,,0,Y,,,,,,,,N,N,0.6,7,,,,,,,,,,,,,,False,False,False,False,EXACT_DUPLICATE
RID-0037784,CRM,10-04-2026 07:51,CUS-039059,Faisal Iyer,Male,19-07-1991,35,Divorced,Employment Pass,Executive,71562,50k-100k,D24,faisal.iyer334@example.com,+65 99033766,POL-0037784,24-12-2025,12-01-2026,PRUVantage Legacy,Savings & Wealth,Broker,Monthly,30741.74,103000,30741.74,0.0927,25,Inforce,7,N,,Y,,N,,,,,672,N,,,,,,,,N,N,0.69,9,,,,,,AGT-01076,Valerie Yusof,Established,41,AU-17,Active,94.8,0.118,False,False,False,False,EXACT_DUPLICATE
RID-0001693,CRM,08-05-2026 16:04,CUS-027822,Mei Yi Low,Female,13-07-1985,41,Married,Citizen,Retired,117962,100k-200k,D16,mei.yi.low347@example.com,+65 88471260,POL-0001693,01-08-2024,26-08-2024,PRUSave Endowment,Savings & Wealth,Bancassurance,Monthly,5777.64,432000,5777.64,0.0525,10,Inforce,24,N,,Y,,N,,,,,0,Y,,,,,,,,N,N,0.29,10,,,,,,,,,,,,,,False,False,False,False,EXACT_DUPLICATE
RID-0040281,POLICY_ADMIN,16-05-2026 20:27,CUS-007853,Marcus Fraser,Male,04-07-2005,21,Married,Citizen,Manager,44290,Below 50k,D18,marcus.fraser419@example.com,+65 89401334,POL-0040281,30-06-2023,12-08-2023,PRUSave Endowment,Savings & Wealth,Bancassurance,Monthly,20004.93,205000,20004.93,0.0595,10,Inforce,37,N,,Y,,N,,,,,67,N,CLM-0040281,04-10-2025,Accident,3505.21,Approved,,10,N,N,0.66,9,ASR-0013,100000,N,Y,0.899,,,,,,,,,False,False,False,False,EXACT_DUPLICATE
RID-0043793,AGENCY_MGMT,22-03-2026 17:28,CUS-012674,Kai Xuan Low,Male,13-04-2005,21,Widowed,Permanent Resident,Civil Service,56843,50k-100k,D05,kai.xuan.low412@example.com,+65 81558935,POL-0043793,14-12-2024,12-01-2025,PRUFlexiCash,Savings & Wealth,Agency,Annual,39832.7,263000,39832.7,0.094,25,Inforce,19,N,,Y,,N,,,,,3,N,,,,,,,,N,N,0.75,8,,,,,,AGT-01177,Daniel Lim,Established,12,AU-18,Active,93.6,0.372,False,False,False,False,EXACT_DUPLICATE
RID-0012071,CLAIMS_SYS,27-08-2026 13:36,CUS-040321,Jun Hao Bennett,Male,25-03-1971,55,Single,Permanent Resident,Professional,45432,Below 50k,D02,jun.hao.bennett207@example.com,+65 82165229,POL-0012071,12-09-2024,25-10-2024,PRUActive Term,Protection,Bancassurance,Annual,5878.36,2043000,5878.36,0.2383,25,Inforce,22,N,,Y,,N,,,,,0,N,CLM-0012071,03-07-2026,Accident,8568.45,Approved,,9,N,N,1,7,ASR-0002,25000,N,N,0.154,,,,,,,,,False,False,False,False,EXACT_DUPLICATE
RID-0027336,AGENCY_MGMT,13-08-2026 09:47,CUS-007284,Anjali Yeo,Female,15-10-1977,49,Married,Citizen,Healthcare,109108,100k-200k,D10,anjali.yeo222@example.com,+65 89367102,POL-0027336,05-08-2024,17-08-2024,PRUShield Standard,Health & IP,Agency,Monthly,3314,437000,3314,0.1435,10,Lapsed,24,Y,30-04-2025,N,Private Hospital,Y,1426.52,1426.52,0,0,128,N,,,,,,,,N,N,0.71,7,,,,,,AGT-01087,Nicholas Osman,Established,68,AU-26,Active,40.3,0.131,False,False,False,False,EXACT_DUPLICATE
RID-0014067,POLICY_ADMIN,27-05-2026 23:35,CUS-002406,Priya Koh,Female,28-12-1987,39,Widowed,Citizen,Civil Service,54892,50k-100k,D10,priya.koh28@example.com,+65 82626929,POL-0014067,20-08-2023,30-09-2023,PRUVantage Legacy,Savings & Wealth,Bancassurance,Quarterly,47006.7,488000,47006.7,0.0596,25,Inforce,35,N,,Y,,N,,,,,23,N,CLM-0014067,30-06-2024,Accident,10393.25,Approved,,41,N,N,0.23,8,ASR-0058,100000,N,N,0.231,,,,,,,,,False,False,False,False,EXACT_DUPLICATE
RID-0038335,POLICY_ADMIN,07-07-2026 17:26,CUS-021627,Siti Nadia Menon,Female,23-07-1977,49,Single,Employment Pass,Civil Service,89084,50k-100k,D18,siti.nadia.menon11@example.com,+65 95488825,POL-0038335,24-05-2026,28-05-2026,PRUShield A Plus,Health & IP,Agency,Monthly,6183.04,535000,6183.04,0.1988,99,Inforce,3,N,,Y,Public B1-Ward,Y,3293.79,2112.32,5,3500,71,Y,CLM-0038335,14-06-2026,Disability,4100.82,Approved,,16,N,N,0.67,9,ASR-0033,25000,N,N,0.199,AGT-00843,Vikram Seah,New,5,AU-34,Active,51.8,0.31,False,False,False,False,EXACT_DUPLICATE
RID-0015749,AGENCY_MGMT,11-07-2026 07:54,CUS-039518,Priya Seah,Female,03-11-1982,44,Married,Citizen,Retired,88908,50k-100k,D21,priya.seah164@example.com,+65 86247782,POL-0015749,11-06-2025,18-07-2025,PRUActive Term,Protection,Agency,Annual,2429.59,1730000,2429.59,0.2993,10,Inforce,13,N,,Y,,N,,,,,116,N,,,,,,,,N,N,0.35,9,,,,,,AGT-00214,Vikram Reddy,Established,66,AU-22,Resigned,70.6,0.042,False,False,False,False,EXACT_DUPLICATE
RID-0004696,CLAIMS_SYS,05-07-2026 02:07,CUS-032649,Marcus Fraser,Male,16-11-1980,46,Widowed,Citizen,Sales,97353,50k-100k,D25,marcus.fraser278@example.com,+65 94000699,POL-0004696,31-10-2023,02-12-2023,PRUVantage Legacy,Savings & Wealth,Agency,Quarterly,21547.39,131000,21547.39,0.0506,20,Inforce,33,N,,Y,,N,,,,,117,Y,,,,,,,,N,N,0.44,8,,,,,,AGT-00345,Iskandar Lim,MDRT,86,AU-02,Active,39.7,0.436,False,False,False,False,EXACT_DUPLICATE
RID-0039380,CLAIMS_SYS,09-07-2026 09:18,CUS-030565,Samantha Salleh,Female,01-06-1964,62,Married,Employment Pass,Manager,30000,Below 50k,D05,samantha.salleh253@example.com,+65 89612291,POL-0039380,14-12-2023,21-12-2023,PRUCritical Cover,Protection,Bancassurance,Monthly,6161.2,1739000,6161.2,0.1946,20,Inforce,32,N,,Y,,N,,,,,67,N,CLM-0039380,17-12-2025,Hospitalisation,839.68,Approved,,18,N,N,-0.09,6,ASR-0035,25000,N,N,0.367,,,,,,,,,False,False,False,False,EXACT_DUPLICATE
RID-0020471,AGENCY_MGMT,21-07-2026 05:00,CUS-036057,Nurul Aisyah Osman,Female,19-01-1996,30,Widowed,Foreigner,Civil Service,188902,100k-200k,D14,nurul.aisyah.osman209@example.com,+65 81453858,POL-0020471,28-11-2023,13-12-2023,PRUFlexiCash,Savings & Wealth,Bancassurance,Monthly,20554.55,178000,20554.55,0.0462,25,Inforce,33,N,,Y,,N,,,,,0,Y,,,,,,,,N,N,0.39,5,,,,,,,,,,,,,,False,False,False,False,EXACT_DUPLICATE
RID-0005334,POLICY_ADMIN,24-04-2026 08:47,CUS-025193,Faisal Koh,Male,12-03-1966,60,Single,Citizen,Education,78289,50k-100k,D24,faisal.koh127@example.com,+65 86654105,POL-0005334,20-03-2026,24-03-2026,PRUWealth Plus,Savings & Wealth,Bancassurance,Annual,6284.05,185000,6284.05,0.0378,10,Inforce,5,N,,Y,,N,,,,,16,N,,,,,,,,N,N,0.85,10,,,,,,,,,,,,,,False,False,False,False,EXACT_DUPLICATE
RID-0017828,CLAIMS_SYS,14-04-2026 14:47,CUS-030385,Zulkifli Osman,Male,18-07-1996,30,Single,Citizen,Education,253186,200k-400k,D11,zulkifli.osman395@example.com,+65 82117387,POL-0017828,08-01-2026,12-02-2026,PRUWealth Plus,Savings & Wealth,Bancassurance,Monthly,21847.55,354000,21847.55,0.0583,25,Inforce,6,N,,Y,,N,,,,,58,N,CLM-0017828,10-06-2026,Day Surgery,1945.33,Approved,,30,N,N,0.47,9,ASR-0005,10000,N,N,0.192,,,,,,,,,False,False,False,False,EXACT_DUPLICATE
RID-0034852,CRM,01-08-2026 16:46,CUS-003368,Faisal Wright,Male,24-03-1986,40,Married,Permanent Resident,Executive,54466,50k-100k,D17,faisal.wright498@example.com,+65 87579501,POL-0034852,15-02-2026,17-02-2026,PRUShield A Plus,Health & IP,Bancassurance,Semi-Annual,6874.11,302000,6874.11,0.139,15,Inforce,6,N,,Y,Public B1-Ward,Y,2259.63,2259.63,0,1500,29,N,,,,,,,,N,N,0.78,5,,,,,,,,,,,,,,False,False,False,False,EXACT_DUPLICATE
RID-0011881,POLICY_ADMIN,09-04-2026 03:15,CUS-030033,Hui Ling Harper,Female,22-05-1980,46,Divorced,Citizen,Retired,69724,50k-100k,D19,hui.ling.harper366@example.com,+65 95322893,POL-0011881,23-06-2024,29-06-2024,PRUWealth Plus,Savings & Wealth,Bancassurance,Semi-Annual,26470.68,59000,26470.68,0.047,25,Inforce,26,N,,Y,,N,,,,,16,Y,,,,,,,,N,N,0.69,7,,,,,,,,,,,,,,False,False,False,False,EXACT_DUPLICATE
RID-0015819,CLAIMS_SYS,19-06-2026 20:41,CUS-013504,Deepak Rahman,Male,09-12-1979,47,Married,Citizen,Executive,93948,50k-100k,D03,deepak.rahman349@example.com,+65 95115787,POL-0015819,28-04-2023,30-05-2023,PRUShield Premier,Health & IP,Broker,Annual,661.64,582000,661.64,0.1236,10,Inforce,39,N,,Y,Public A-Ward,Y,332.14,332.14,0,2500,14,N,CLM-0015819,30-07-2023,Critical Illness,2584.66,Approved,,11,N,Y,-0.98,0,ASR-0015,25000,N,N,0.755,AGT-00225,Xin Yi Harper,Senior,179,AU-13,Active,99.3,0.03,False,False,False,False,EXACT_DUPLICATE
RID-0038156,AGENCY_MGMT,14-05-2026 03:27,CUS-003149,Wan Ting Rahman,Female,23-02-1976,50,Divorced,Citizen,Self-Employed,34403,Below 50k,D05,wan.ting.rahman5@example.com,+65 89300935,POL-0038156,15-07-2024,15-08-2024,PRUSave Endowment,Savings & Wealth,Agency,Monthly,6349.17,397000,6349.17,0.0802,25,Inforce,24,N,,Y,,N,,,,,22,N,,,,,,,,N,N,-0.03,5,,,,,,AGT-00917,Lakshmi Fraser,New,4,AU-33,Active,89.3,0.353,False,False,False,False,EXACT_DUPLICATE
RID-0001732,AGENCY_MGMT,21-07-2026 13:28,CUS-038020,Daniel Fraser,Male,09-07-2003,23,Widowed,Citizen,Manager,95786,50k-100k,D20,daniel.fraser99@example.com,+65 86848924,POL-0001732,30-05-2026,18-06-2026,PRUVantage Legacy,Savings & Wealth,Agency,Annual,22599.05,401000,22599.05,0.0493,5,Inforce,2,N,,Y,,N,,,,,0,N,,,,,,,,N,N,0.19,9,,,,,,AGT-00181,Iskandar Teo,Established,36,AU-07,Active,56.1,0.391,False,False,False,False,EXACT_DUPLICATE
RID-0046912,AGENCY_MGMT,25-03-2026 05:26,CUS-014446,Edwin Mitchell,Male,21-06-1979,47,Single,Employment Pass,Education,30000,Below 50k,D03,edwin.mitchell154@example.com,+65 82757810,POL-0046912,24-10-2025,11-11-2025,PRULink Assurance,Investment-Linked,Direct,Annual,9713.12,699000,9713.12,0.1044,30,Inforce,9,N,,Y,,N,,,,,41,N,CLM-0046912,11-12-2025,Critical Illness,11479.63,Approved,,19,N,N,0.13,8,ASR-0048,25000,N,N,0.236,,,,,,,,,False,False,False,False,EXACT_DUPLICATE
RID-0009296,CRM,20-06-2026 13:37,CUS-033322,Nicholas Bennett,Male,08-07-1987,39,Widowed,Citizen,Professional,106137,100k-200k,D25,nicholas.bennett490@example.com,+65 99884516,POL-0009296,15-01-2025,01-03-2025,PRUCritical Cover,Protection,Digital,Monthly,8528.31,1523000,8528.31,0.3223,20,Lapsed,18,Y,26-04-2026,Y,,N,,,,,29,Y,,,,,,,,N,N,-0.03,8,,,,,,,,,,,,,,False,False,False,False,EXACT_DUPLICATE
RID-0037021,CLAIMS_SYS,18-03-2026 01:20,CUS-020489,Wan Ting Raj,Female,19-01-1990,36,Divorced,Permanent Resident,Retired,95312,50k-100k,D08,wan.ting.raj144@example.com,+65 96737964,POL-0037021,13-07-2025,09-08-2025,PRUShield Premier,Health & IP,Bancassurance,Semi-Annual,5199.65,948000,5199.65,0.152,15,Inforce,12,N,,Y,Public A-Ward,Y,2287.03,2287.03,0,0,200,N,CLM-0037021,05-06-2026,Death Benefit,5328.12,Declined,Policy exclusion clause,12,N,N,0.32,8,ASR-0028,10000,N,N,0.072,,,,,,,,,False,False,False,False,EXACT_DUPLICATE
RID-0036072,CRM,12-08-2026 07:30,CUS-034979,Lakshmi Lim,Female,24-08-1967,59,Single,Citizen,Civil Service,113631,100k-200k,D13,lakshmi.lim229@example.com,+65 85051079,POL-0036072,19-06-2026,31-07-2026,PRUFlexiCash,Savings & Wealth,Agency,Monthly,47285.73,206000,47285.73,0.0455,30,Matured,1,N,,Y,,N,,,,,178,N,CLM-0036072,16-08-2026,Outpatient Specialist,5958.91,Approved,,12,N,N,0.74,10,ASR-0015,25000,N,N,0.65,AGT-00879,Arjun Chan,Established,15,AU-01,Active,43.7,0.257,False,False,False,False,EXACT_DUPLICATE
RID-0037297,CLAIMS_SYS,05-05-2026 09:01,CUS-036590,Farah Goh,Female,24-01-1981,45,Widowed,Citizen,Technician,51548,50k-100k,D22,farah.goh271@example.com,+65 84042940,POL-0037297,29-04-2023,30-04-2023,PRUShield A Plus,Health & IP,Bancassurance,Annual,3340.76,338000,3340.76,0.1628,20,Inforce,40,N,,Y,Public A-Ward,Y,1219.28,1219.28,0,2500,15,N,CLM-0037297,29-01-2025,Death Benefit,6948.01,Approved,,23,N,N,0.21,8,ASR-0011,50000,N,N,0.222,,,,,,,,,False,False,False,False,EXACT_DUPLICATE
RID-0033808,CRM,23-05-2026 23:33,CUS-002695,Xin Yi Kumar,Female,15-01-1991,35,Widowed,Citizen,Executive,72109,50k-100k,D03,xin.yi.kumar31@example.com,+65 91627660,POL-0033808,24-07-2023,02-09-2023,PRUSave Endowment,Savings & Wealth,Digital,Annual,5379.43,75000,5379.43,0.0684,5,Inforce,36,N,,Y,,N,,,,,0,N,CLM-0033808,05-01-2024,Outpatient Specialist,3790.58,Approved,,16,N,N,0.84,10,ASR-0044,50000,N,N,0.241,,,,,,,,,False,False,False,False,EXACT_DUPLICATE
RID-0004978,CRM,06-07-2026 04:26,CUS-030021,Mei Yi Salleh,Female,24-09-1975,51,Single,Citizen,Professional,456412,Above 400k,D14,mei.yi.salleh442@example.com,+65 95058012,POL-0004978,06-04-2024,25-04-2024,PRUActive Term,Protection,Agency,Monthly,8170.43,645000,8170.43,0.2632,5,Inforce,28,N,,Y,,N,,,,,260,N,,,,,,,,N,N,0.57,8,,,,,,AGT-01193,Daniel Iyer,Established,52,AU-14,Active,94.5,0.405,False,False,False,False,EXACT_DUPLICATE
RID-0009791,CLAIMS_SYS,11-05-2026 04:13,CUS-012014,Chee Keong Aziz,Male,06-04-1976,50,Widowed,Citizen,Professional,73942,50k-100k,D26,chee.keong.aziz395@example.com,+65 96922258,POL-0009791,29-07-2024,23-08-2024,PRUFlexiCash,Savings & Wealth,Direct,Monthly,21676.42,93000,21676.42,0.0384,15,Inforce,24,N,,Y,,N,,,,,0,N,CLM-0009791,06-09-2025,Day Surgery,1018.29,Approved,,18,N,N,0.8,8,ASR-0031,100000,N,N,0.135,,,,,,,,,False,False,False,False,EXACT_DUPLICATE
RID-0009113,CRM,20-05-2026 23:46,CUS-036112,Jonathan Salleh,Male,05-12-1989,37,Married,Citizen,Civil Service,42184,Below 50k,D20,jonathan.salleh291@example.com,+65 89300718,POL-0009113,13-05-2023,03-06-2023,PRUVantage Legacy,Savings & Wealth,Agency,Annual,33870.51,108000,33870.51,0.0813,25,Inforce,39,N,,Y,,N,,,,,280,Y,,,,,,,,N,N,0.82,7,,,,,,AGT-00626,Jia Hui Hassan,New,7,AU-38,Resigned,30.9,0.355,False,False,False,False,EXACT_DUPLICATE
RID-0003845,AGENCY_MGMT,14-08-2026 11:43,CUS-035626,Mei Yi Ibrahim,Female,26-05-1980,46,Divorced,Permanent Resident,Self-Employed,123053,100k-200k,D14,mei.yi.ibrahim152@example.com,+65 85696807,POL-0003845,14-04-2023,24-04-2023,PRUVantage Legacy,Savings & Wealth,Agency,Semi-Annual,25519.72,349000,25519.72,0.0601,25,Inforce,40,N,,Y,,N,,,,,45,Y,,,,,,,,N,N,0.7,5,,,,,,AGT-01067,Wei Ming Ho,Senior,179,AU-39,Active,30.9,0.436,False,False,False,False,EXACT_DUPLICATE
RID-0004736,POLICY_ADMIN,13-05-2026 04:05,CUS-004732,Jun Hao Tan,Male,01-07-1991,35,Married,Citizen,Retired,108073,100k-200k,D03,jun.hao.tan423@example.com,+65 98570764,POL-0004736,16-07-2024,17-07-2024,PRUSave Endowment,Savings & Wealth,Digital,Monthly,44788.46,485000,44788.46,0.0686,99,Inforce,25,N,,Y,,N,,,,,116,N,,,,,,,,N,N,0.44,5,,,,,,,,,,,,,,False,False,False,False,EXACT_DUPLICATE
RID-0029006,AGENCY_MGMT,16-07-2026 00:12,CUS-028884,Faisal Ho,Male,01-07-1966,60,Single,Employment Pass,Professional,84001,50k-100k,D14,faisal.ho287@example.com,+65 94950196,POL-0029006,16-09-2024,17-09-2024,PRUVantage Legacy,Savings & Wealth,Agency,Monthly,3141.43,321000,3141.43,0.0451,30,Inforce,23,N,,Y,,N,,,,,0,Y,CLM-0029006,21-04-2026,Hospitalisation,7097.02,Approved,,1,N,N,0.06,8,ASR-0002,25000,N,N,0.355,AGT-00766,Aravind Chua,New,1,AU-36,Resigned,88.1,0.328,False,False,False,False,EXACT_DUPLICATE
RID-0007194,CRM,25-08-2026 00:28,CUS-022045,Valerie Kamal,Female,24-02-1983,43,Married,Citizen,Sales,91824,50k-100k,D01,valerie.kamal105@example.com,+65 92618015,POL-0007194,06-08-2025,11-09-2025,PRUSelect Vantage,Investment-Linked,Agency,Semi-Annual,39489.56,523000,39489.56,0.1246,25,Inforce,11,N,,Y,,N,,,,,12,N,CLM-0007194,10-04-2026,Hospitalisation,3452.8,Partially Approved,,1,N,N,0.35,8,ASR-0033,25000,N,N,0.333,AGT-00525,Zulkifli Reddy,Established,35,AU-24,Active,29.1,0.344,False,False,False,False,EXACT_DUPLICATE
RID-0029454,AGENCY_MGMT,13-04-2026 23:17,CUS-000961,Siti Nadia Goh,Female,15-05-1977,49,Married,Citizen,Technician,41825,Below 50k,D16,siti.nadia.goh14@example.com,+65 93348410,POL-0029454,12-03-2024,21-04-2024,PRULink Global Growth,Investment-Linked,Bancassurance,Monthly,24893.2,439000,24893.2,0.1003,15,Inforce,28,N,,Y,,N,,,,,22,N,CLM-0029454,26-08-2025,Day Surgery,848.35,Approved,,5,N,N,-0.1,10,ASR-0058,100000,N,N,0.21,,,,,,,,,False,False,False,False,EXACT_DUPLICATE
RID-0000658,CRM,11-08-2026 15:26,CUS-027505,Denise Chan,Female,24-11-1989,37,Single,Citizen,Executive,167245,100k-200k,D19,denise.chan110@example.com,+65 86828402,POL-0000658,09-06-2026,04-07-2026,PRUTerm Secure,Protection,Broker,Annual,8952.87,2509000,8952.87,0.337,99,Inforce,1,N,,Y,,N,,,,,156,N,CLM-0000658,12-08-2026,Critical Illness,2854.55,Declined,Waiting period not served,19,N,Y,-0.38,1,ASR-0056,50000,N,N,0.276,AGT-00402,Deepak Kamal,Senior,58,AU-40,Active,44.1,0.062,False,False,False,False,EXACT_DUPLICATE
RID-0030261,CRM,06-04-2026 06:57,CUS-035255,Deepak Fraser,Male,15-10-2005,21,Married,Permanent Resident,Healthcare,56582,50k-100k,D21,deepak.fraser454@example.com,+65 89480388,POL-0030261,30-06-2025,20-07-2025,PRUSave Endowment,Savings & Wealth,Bancassurance,Quarterly,57717.72,385000,57717.72,0.0771,30,Inforce,13,N,,Y,,N,,,,,161,N,,,,,,,,N,N,0.25,7,,,,,,,,,,,,,,False,False,False,False,EXACT_DUPLICATE
RID-0004494,CLAIMS_SYS,20-05-2026 01:58,CUS-040658,Marcus Menon,Male,26-10-1970,56,Widowed,Citizen,Civil Service,69120,50k-100k,D02,marcus.menon244@example.com,+65 85772130,POL-0004494,13-02-2026,19-03-2026,PRUVantage Legacy,Savings & Wealth,Agency,Annual,46097.19,448000,46097.19,0.044,5,Inforce,5,N,,Y,,N,,,,,0,N,,,,,,,,N,N,0.95,9,,,,,,AGT-00527,Deepak Seah,Established,35,AU-15,Active,92.1,0.373,False,False,False,False,EXACT_DUPLICATE
RID-0016116,CLAIMS_SYS,21-07-2026 10:27,CUS-014488,Lakshmi Iyer,Female,20-03-1985,41,Widowed,Permanent Resident,Sales,160744,100k-200k,D12,lakshmi.iyer120@example.com,+65 86504816,POL-0016116,02-10-2025,11-10-2025,PRUCritical Cover,Protection,Bancassurance,Annual,5345.49,563000,5345.49,0.2609,25,Inforce,10,N,,Y,,N,,,,,0,Y,,,,,,,,N,N,0.91,10,,,,,,,,,,,,,,False,False,False,False,EXACT_DUPLICATE
RID-0041137,POLICY_ADMIN,14-08-2026 17:24,CUS-002197,Samantha Salleh,Female,28-03-1995,31,Widowed,Citizen,Self-Employed,44967,Below 50k,D15,samantha.salleh472@example.com,+65 99574857,POL-0041137,10-08-2025,18-08-2025,PRUSelect Vantage,Investment-Linked,Agency,Monthly,29231.88,248000,29231.88,0.1309,99,Inforce,12,N,,Y,,N,,,,,112,N,,,,,,,,N,N,0.17,10,,,,,,AGT-00444,Arjun Ibrahim,New,12,AU-19,Active,98.5,0.267,False,False,False,False,EXACT_DUPLICATE
RID-0002893,AGENCY_MGMT,10-04-2026 14:16,CUS-017419,Zulkifli Toh,Male,23-09-2002,24,Married,Citizen,Education,131241,100k-200k,D21,zulkifli.toh188@example.com,+65 91222148,POL-0002893,02-08-2024,24-08-2024,PRUShield Standard,Health & IP,Bancassurance,Monthly,3710.74,139000,3710.74,0.1369,15,Matured,24,N,,Y,Private Hospital,Y,1316.21,1316.21,0,1500,5,N,,,,,,,,N,N,0.6,10,,,,,,,,,,,,,,False,False,False,False,EXACT_DUPLICATE
RID-0008664,CRM,10-05-2026 05:34,CUS-032915,Valerie Ng,Female,22-04-1976,50,Divorced,Citizen,Civil Service,58715,50k-100k,D16,valerie.ng32@example.com,+65 87498385,POL-0008664,20-07-2024,04-08-2024,PRUCritical Cover,Protection,Digital,Monthly,4208.16,2114000,4208.16,0.2263,5,Inforce,25,N,,Y,,N,,,,,46,N,CLM-0008664,08-04-2026,Accident,1286.34,Approved,,20,N,N,-0.12,10,ASR-0027,25000,N,N,0.2,,,,,,,,,False,False,False,False,EXACT_DUPLICATE
RID-0025813,AGENCY_MGMT,15-07-2026 05:08,CUS-015798,Zhi Hao Ibrahim,Male,19-03-1991,35,Divorced,Citizen,Manager,92549,50k-100k,D24,zhi.hao.ibrahim142@example.com,+65 82769793,POL-0025813,28-05-2026,29-06-2026,PRUVantage Legacy,Savings & Wealth,Digital,Annual,43997.99,57000,43997.99,0.066,5,Inforce,2,N,,Y,,N,,,,,0,Y,CLM-0025813,27-08-2026,Maternity,765.27,Declined,Policy exclusion clause,9,N,N,0.27,7,ASR-0040,100000,N,N,0.185,,,,,,,,,False,False,False,False,EXACT_DUPLICATE
RID-0031330,POLICY_ADMIN,16-06-2026 13:40,CUS-006840,Cheryl Chan,Female,22-05-1999,27,Single,Citizen,Sales,114803,100k-200k,D07,cheryl.chan122@example.com,+65 95361419,POL-0031330,16-11-2025,23-11-2025,PRUShield Life,Protection,Digital,Monthly,6629.3,1140000,6629.3,0.2403,20,Inforce,9,N,,Y,,N,,,,,91,N,,,,,,,,N,N,0.62,6,,,,,,,,,,,,,,False,False,False,False,EXACT_DUPLICATE
RID-0040745,CLAIMS_SYS,18-07-2026 02:54,CUS-018686,Chee Keong Low,Male,23-02-1967,59,Married,Citizen,Retired,161144,100k-200k,D06,chee.keong.low239@example.com,+65 86417736,POL-0040745,28-10-2023,10-11-2023,PRUTerm Secure,Protection,Bancassurance,Annual,1285.68,1833000,1285.68,0.19,30,Inforce,34,N,,Y,,N,,,,,36,N,CLM-0040745,16-10-2024,Accident,3420.88,Approved,,14,N,N,0.98,9,ASR-0014,5000,N,N,0.263,,,,,,,,,False,False,False,False,EXACT_DUPLICATE
RID-0022886,AGENCY_MGMT,02-08-2026 09:02,CUS-016455,Marcus Low,Male,12-02-1976,50,Married,Citizen,Self-Employed,86863,50k-100k,D10,marcus.low387@example.com,+65 81546881,POL-0022886,15-07-2023,04-08-2023,PRUShield A Plus,Health & IP,Digital,Monthly,2944.93,1328000,2944.93,0.1412,25,Inforce,37,N,,Y,Public A-Ward,Y,1070.64,1070.64,0,1500,144,N,,,,,,,,N,N,-0.1,10,,,,,,,,,,,,,,False,False,False,False,EXACT_DUPLICATE
RID-0040750,POLICY_ADMIN,14-03-2026 21:41,CUS-021515,Edwin Ibrahim,Male,14-05-1982,44,Single,Citizen,Sales,56779,50k-100k,D05,edwin.ibrahim42@example.com,+65 99071099,POL-0040750,12-09-2024,27-09-2024,PRUCritical Cover,Protection,Bancassurance,Monthly,2152.97,761000,2152.97,0.2105,30,Inforce,23,N,,Y,,N,,,,,0,N,CLM-0040750,06-11-2025,Day Surgery,18274.6,Approved,,12,N,N,0.17,8,ASR-0034,100000,N,N,0.02,,,,,,,,,False,False,False,False,EXACT_DUPLICATE
RID-0019061,CLAIMS_SYS,26-05-2026 20:31,CUS-003744,Hakim Teo,Male,09-10-1990,36,Widowed,Citizen,Professional,91502,50k-100k,D08,hakim.teo196@example.com,+65 98805258,POL-0019061,08-02-2024,13-02-2024,PRUTerm Secure,Protection,Agency,Annual,3011.26,899000,3011.26,0.3119,99,Inforce,31,N,,Y,,N,,,,,60,N,,,,,,,,N,N,0.99,6,,,,,,AGT-00560,Vikram Mitchell,New,6,AU-37,Active,52.3,0.171,False,False,False,False,EXACT_DUPLICATE
RID-0039240,AGENCY_MGMT,22-03-2026 04:48,CUS-033534,Hui Ling Fraser,Female,22-05-1986,40,Married,Citizen,Retired,52668,50k-100k,D19,hui.ling.fraser264@example.com,+65 95444879,POL-0039240,18-02-2024,07-03-2024,PRUSave Endowment,Savings & Wealth,Bancassurance,Annual,5326.23,422000,5326.23,0.0474,20,Inforce,30,N,,Y,,N,,,,,0,Y,CLM-0039240,09-05-2025,Maternity,673.68,Approved,,5,N,N,-0.1,10,ASR-0054,5000,N,N,0.092,,,,,,,,,False,False,False,False,EXACT_DUPLICATE
RID-0027095,CRM,08-06-2026 14:32,CUS-039575,Iskandar Bennett,Male,17-07-1969,57,Divorced,Citizen,Retired,72478,50k-100k,D17,iskandar.bennett409@example.com,+65 92288162,POL-0027095,04-10-2024,25-10-2024,PRUWealth Plus,Savings & Wealth,Bancassurance,Semi-Annual,4699.04,244000,4699.04,0.0316,30,Inforce,22,N,,Y,,N,,,,,27,N,CLM-0027095,11-06-2026,Outpatient Specialist,30330.25,Approved,,10,N,N,0.07,10,ASR-0052,5000,N,N,0.336,,,,,,,,,False,False,False,False,EXACT_DUPLICATE
RID-0010689,CLAIMS_SYS,18-05-2026 11:27,CUS-040295,Divya Ho,Female,13-11-1982,44,Widowed,Permanent Resident,Retired,64346,50k-100k,D20,divya.ho316@example.com,+65 98187041,POL-0010689,22-09-2024,31-10-2024,PRUFlexiCash,Savings & Wealth,Agency,Annual,8036.36,319000,8036.36,0.0465,5,Inforce,22,N,,Y,,N,,,,,186,Y,,,,,,,,N,N,0.81,8,,,,,,AGT-00497,Zhi Hao Raj,Senior,80,AU-22,Active,72.1,0.123,False,False,False,False,EXACT_DUPLICATE
RID-0000041,POLICY_ADMIN,19-06-2026 12:13,CUS-023977,Siew Peng Rahman,Female,12-05-1984,42,Widowed,Permanent Resident,Manager,68365,50k-100k,D09,siew.peng.rahman327@example.com,+65 99812636,POL-0000041,06-10-2024,09-10-2024,PRUActive Term,Protection,Agency,Semi-Annual,1306.94,2035000,1306.94,0.3309,25,Inforce,23,N,,Y,,N,,,,,98,N,CLM-0000041,05-04-2025,Outpatient Specialist,4569.64,Approved,,20,N,N,0.4,8,ASR-0020,5000,N,N,0.16,AGT-00522,Vikram Harper,MDRT,231,AU-38,Active,96.9,0.198,False,False,False,False,EXACT_DUPLICATE
RID-0005872,POLICY_ADMIN,10-04-2026 15:10,CUS-031370,Meera Pillai,Female,27-12-1967,59,Divorced,Citizen,Professional,76848,50k-100k,D22,meera.pillai420@example.com,+65 99729534,POL-0005872,21-02-2024,21-03-2024,PRUShield Premier,Health & IP,Bancassurance,Monthly,2550.47,1320000,2550.47,0.0925,99,Inforce,29,N,,Y,Public B1-Ward,Y,731.87,731.87,0,1500,114,N,CLM-0005872,06-09-2024,Critical Illness,7265.22,Approved,,13,N,N,-0.04,6,ASR-0022,25000,N,N,0.145,,,,,,,,,False,False,False,False,EXACT_DUPLICATE
RID-0028829,AGENCY_MGMT,12-03-2026 18:00,CUS-032677,Yong Sheng Neo,Male,20-12-1996,30,Divorced,Permanent Resident,Manager,56861,50k-100k,D20,yong.sheng.neo303@example.com,+65 98426665,POL-0028829,16-05-2024,25-06-2024,PRUShield Life,Protection,Broker,Annual,3955.68,1420000,3955.68,0.2841,99,Inforce,26,N,,Y,,N,,,,,0,N,CLM-0028829,09-04-2026,Accident,3817.55,Pending,,62,N,N,0.47,7,ASR-0027,25000,N,N,0.182,AGT-01179,Nicholas Chong,Senior,54,AU-30,Resigned,87.5,0.216,False,False,False,False,EXACT_DUPLICATE
RID-0005080,CRM,27-03-2026 21:30,CUS-015861,Kavitha Ong,Female,22-05-1990,36,Married,Citizen,Healthcare,49772,Below 50k,D11,kavitha.ong413@example.com,+65 83570517,POL-0005080,22-10-2025,13-11-2025,PRUActive Term,Protection,Broker,Monthly,2544.95,1017000,2544.95,0.2284,30,Inforce,9,N,,Y,,N,,,,,153,Y,CLM-0005080,02-07-2026,Outpatient Specialist,2928.21,Approved,,13,N,N,0.07,7,ASR-0003,10000,N,N,0.096,AGT-00980,Aravind Koh,New,6,AU-12,Active,94.8,0.022,False,False,False,False,EXACT_DUPLICATE
RID-0015047,CLAIMS_SYS,01-04-2026 10:31,CUS-020410,Xin Yi Hassan,Female,07-09-1967,59,Divorced,Citizen,Manager,117171,100k-200k,D06,xin.yi.hassan264@example.com,+65 87555174,POL-0015047,06-02-2026,01-03-2026,PRUFlexiCash,Savings & Wealth,Direct,Monthly,55928.61,439000,55928.61,0.0429,20,Inforce,6,N,,Y,,N,,,,,112,N,CLM-0015047,20-04-2026,Critical Illness,16575.59,Approved,,9,N,N,0.77,7,ASR-0011,50000,N,N,0.338,,,,,,,,,False,False,False,False,EXACT_DUPLICATE
RID-0029088,CLAIMS_SYS,03-07-2026 14:56,CUS-038863,Hui Ling Teo,Female,26-05-1967,59,Single,Permanent Resident,Professional,30000,Below 50k,D20,hui.ling.teo458@example.com,+65 95089062,POL-0029088,03-08-2025,24-08-2025,PRUVantage Legacy,Savings & Wealth,Agency,Annual,38821.19,347000,38821.19,0.0698,30,Inforce,12,N,,Y,,N,,,,,0,N,CLM-0029088,04-09-2025,Hospitalisation,1984.72,Approved,,14,N,N,0.35,6,ASR-0003,10000,N,N,0.165,AGT-00399,Cheryl Kamal,Senior,104,AU-21,On Notice,71.6,0.268,False,False,False,False,EXACT_DUPLICATE
RID-0033447,CRM,04-05-2026 05:26,CUS-004737,Aminah Sharma,Female,22-04-1964,62,Single,Permanent Resident,Civil Service,112901,100k-200k,D11,aminah.sharma22@example.com,+65 94888659,POL-0033447,17-01-2023,10-02-2023,PRUVantage Legacy,Savings & Wealth,Bancassurance,Semi-Annual,43813.39,267000,43813.39,0.0413,99,Inforce,43,N,,Y,,N,,,,,104,Y,,,,,,,,N,N,0.93,10,,,,,,,,,,,,,,False,False,False,False,EXACT_DUPLICATE
RID-0036998,AGENCY_MGMT,28-04-2026 12:56,CUS-036434,Rachel Low,Female,07-02-1993,33,Married,Citizen,Self-Employed,57555,50k-100k,D12,rachel.low307@example.com,+65 93614197,POL-0036998,04-11-2025,26-11-2025,PRUWealth Plus,Savings & Wealth,Agency,Monthly,9292.28,347000,9292.28,0.0484,30,Inforce,9,N,,Y,,N,,,,,25,N,CLM-0036998,15-02-2026,Hospitalisation,1492.93,Approved,,12,N,N,0.27,7,ASR-0001,50000,N,N,0.334,AGT-00753,Anjali Ho,Established,14,AU-14,Active,40.8,0.364,False,False,False,False,EXACT_DUPLICATE
RID-0047249,POLICY_ADMIN,26-06-2026 21:14,CUS-012598,Kai Xuan Mitchell,Male,21-12-1975,51,Divorced,Employment Pass,Manager,32851,Below 50k,D28,kai.xuan.mitchell201@example.com,+65 99653985,POL-0047249,01-11-2023,15-12-2023,PRULink Assurance,Investment-Linked,Bancassurance,Monthly,35017.39,784000,35017.39,0.0892,20,Inforce,33,N,,Y,,N,,,,,120,Y,,,,,,,,N,N,0.31,5,,,,,,,,,,,,,,False,False,False,False,EXACT_DUPLICATE
RID-0023861,POLICY_ADMIN,07-05-2026 06:03,CUS-005439,Marcus Turner,Male,27-07-1984,42,Widowed,Citizen,Manager,52297,50k-100k,D09,marcus.turner482@example.com,+65 92604504,POL-0023861,02-08-2025,21-08-2025,PRUVantage Legacy,Savings & Wealth,Agency,Annual,33152.05,327000,33152.05,0.0675,20,Lapsed,12,Y,22-06-2026,N,,N,,,,,219,Y,,,,,,,,N,N,0.72,9,,,,,,AGT-01149,Terence Tan,Established,32,AU-10,Active,79.5,0.3,False,False,False,False,EXACT_DUPLICATE
RID-0004317,AGENCY_MGMT,11-07-2026 11:59,CUS-036985,Joanne Yeo,Female,17-10-1986,40,Single,Citizen,Civil Service,43374,Below 50k,D17,joanne.yeo378@example.com,+65 91156387,POL-0004317,15-01-2024,20-01-2024,PRUFlexiCash,Savings & Wealth,Agency,Monthly,18458.81,316000,18458.81,0.0879,25,Inforce,31,N,,Y,,N,,,,,117,Y,,,,,,,,N,N,0.28,6,,,,,,AGT-00098,Siew Peng Sharma,New,5,AU-22,Active,75.2,0.362,False,False,False,False,EXACT_DUPLICATE
RID-0018657,CRM,13-08-2026 02:18,CUS-017550,Suresh Ng,Male,16-03-1954,72,Married,Permanent Resident,Civil Service,52323,50k-100k,D22,suresh.ng197@example.com,+65 91281045,POL-0018657,13-12-2025,08-01-2026,PRUTerm Secure,Protection,Agency,Monthly,2488.02,997000,2488.02,0.2236,25,Inforce,7,N,,Y,,N,,,,,61,Y,CLM-0018657,29-01-2026,Disability,2787.47,Approved,,20,N,N,0.45,8,ASR-0025,50000,N,N,0.128,AGT-00621,Priya Kumar,Established,69,AU-11,Active,46.8,0.642,False,False,False,False,EXACT_DUPLICATE
RID-0041767,POLICY_ADMIN,24-03-2026 05:43,CUS-013100,Aravind Fraser,Male,26-01-2002,24,Widowed,Employment Pass,Technician,35929,Below 50k,D12,aravind.fraser144@example.com,+65 85550008,POL-0041767,08-10-2023,03-11-2023,PRUWealth Plus,Savings & Wealth,Agency,Monthly,39519.67,120000,39519.67,0.0779,25,Inforce,34,N,,Y,,N,,,,,254,Y,,,,,,,,N,N,-0.07,10,,,,,,AGT-00726,Valerie Chua,Established,27,AU-18,Active,86.9,0.359,False,False,False,False,EXACT_DUPLICATE
RID-0040609,POLICY_ADMIN,28-03-2026 13:32,CUS-033270,Kavitha Sim,Female,05-04-1975,51,Single,Citizen,Technician,262844,200k-400k,D19,kavitha.sim73@example.com,+65 96200630,POL-0040609,24-03-2023,20-04-2023,PRUExtra Care,Health & IP,Agency,Annual,5596.64,1133000,5596.64,0.1979,5,Inforce,41,N,,Y,Private Hospital,Y,1779.01,1779.01,0,0,89,N,CLM-0040609,09-03-2026,Accident,6719.81,Approved,,24,N,N,0.97,8,ASR-0046,25000,N,N,0.29,AGT-00574,Wan Ting Sharma,Senior,174,AU-13,Active,82,0.178,False,False,False,False,EXACT_DUPLICATE
RID-0028889,AGENCY_MGMT,21-03-2026 01:47,CUS-033279,Meera Neo,Female,17-02-1992,34,Divorced,Citizen,Sales,30000,Below 50k,D04,meera.neo98@example.com,+65 81868207,POL-0028889,22-09-2023,26-09-2023,PRUShield Premier,Health & IP,Bancassurance,Monthly,2287.1,429000,2287.1,0.0969,99,Inforce,35,N,,Y,Private Hospital,Y,781.1,781.1,0,0,216,N,CLM-0028889,03-04-2024,Disability,2026.4,Approved,,14,N,Y,-0.28,5,ASR-0019,100000,N,N,0.356,,,,,,,,,False,False,False,False,EXACT_DUPLICATE
RID-0031684,POLICY_ADMIN,31-07-2026 08:21,CUS-030101,Vikram Low,Male,04-11-1988,38,Married,Citizen,Education,30000,Below 50k,D15,vikram.low294@example.com,+65 83009647,POL-0031684,18-03-2026,23-04-2026,PRUShield A Plus,Health & IP,Bancassurance,Annual,530.12,1080000,530.12,0.1359,10,Inforce,4,N,,Y,Private Hospital,Y,207.39,108.94,10,2500,141,Y,CLM-0031684,17-05-2026,Accident,2707.08,Approved,,20,N,N,0.53,10,ASR-0035,25000,N,N,0.32,,,,,,,,,False,False,False,False,EXACT_DUPLICATE
RID-0040292,CLAIMS_SYS,13-05-2026 12:40,CUS-024493,Kai Xuan Teo,Male,03-11-1991,35,Married,Employment Pass,Self-Employed,72202,50k-100k,D26,kai.xuan.teo63@example.com,+65 81963418,POL-0040292,09-07-2025,19-07-2025,PRUActive Term,Protection,Agency,Annual,4182.97,2580000,4182.97,0.2329,15,Inforce,13,N,,Y,,N,,,,,0,N,CLM-0040292,23-08-2026,Accident,11885.3,Approved,,4,N,N,-0.15,6,ASR-0010,50000,N,N,0.845,AGT-00492,Vikram Foo,Established,43,AU-03,Active,31.1,0.29,False,False,False,False,EXACT_DUPLICATE
RID-0024662,POLICY_ADMIN,15-07-2026 03:57,CUS-024632,Kavitha Chong,Female,12-05-1978,48,Married,Employment Pass,Professional,35428,Below 50k,D13,kavitha.chong208@example.com,+65 93763984,POL-0024662,11-07-2025,06-08-2025,PRUShield A Plus,Health & IP,Bancassurance,Annual,981.92,809000,981.92,0.1564,20,Lapsed,13,Y,26-12-2025,N,Private Hospital,Y,297.73,297.73,0,1500,93,Y,,,,,,,,N,N,0.92,8,,,,,,,,,,,,,,False,False,False,False,EXACT_DUPLICATE
RID-0028995,AGENCY_MGMT,13-06-2026 05:54,CUS-037058,Jun Hao Low,Male,03-12-1995,31,Divorced,Permanent Resident,Retired,49949,Below 50k,D04,jun.hao.low391@example.com,+65 87015756,POL-0028995,29-07-2025,28-08-2025,PRUCritical Cover,Protection,Bancassurance,Quarterly,4525.79,2893000,4525.79,0.2763,10,Inforce,12,N,,Y,,N,,,,,0,N,,,,,,,,N,N,0.46,10,,,,,,,,,,,,,,False,False,False,False,EXACT_DUPLICATE
RID-0028084,CLAIMS_SYS,07-06-2026 08:46,CUS-037226,Farah Harper,Female,28-02-2004,22,Divorced,Permanent Resident,Manager,71195,50k-100k,D18,farah.harper196@example.com,+65 95660258,POL-0028084,10-08-2023,03-09-2023,PRUSave Endowment,Savings & Wealth,Bancassurance,Annual,56353.23,362000,56353.23,0.058,25,Matured,36,N,,Y,,N,,,,,50,N,,,,,,,,N,N,0.59,8,,,,,,,,,,,,,,False,False,False,False,EXACT_DUPLICATE
RID-0045293,CLAIMS_SYS,16-04-2026 20:13,CUS-031887,Hui Ling Chan,Female,09-03-1989,37,Widowed,Citizen,Sales,44024,Below 50k,D12,hui.ling.chan477@example.com,+65 88094104,POL-0045293,29-10-2023,07-11-2023,PRUShield Premier,Health & IP,Digital,Annual,3714.93,489000,3714.93,0.1718,15,Inforce,34,N,,Y,Public B1-Ward,Y,1416.4,1416.4,0,2500,114,N,,,,,,,,N,N,0.14,9,,,,,,,,,,,,,,False,False,False,False,EXACT_DUPLICATE
RID-0017182,CRM,05-03-2026 02:11,CUS-031318,Zarina Chong,Female,24-05-1982,44,Divorced,Citizen,Technician,94213,50k-100k,D14,zarina.chong224@example.com,+65 82294518,POL-0017182,01-11-2024,05-12-2024,PRULink Assurance,Investment-Linked,Agency,Annual,20745.06,570000,20745.06,0.1317,30,Inforce,21,N,,Y,,N,,,,,51,Y,CLM-0017182,12-02-2025,Disability,14451.33,Partially Approved,,25,N,N,0.17,9,ASR-0006,25000,N,N,0.012,AGT-00896,Siti Nadia Menon,Senior,48,AU-10,Active,86.5,0.175,False,False,False,False,EXACT_DUPLICATE
RID-0003486,CLAIMS_SYS,18-06-2026 07:01,CUS-020699,Siew Peng Salleh,Female,21-01-1984,42,Single,Citizen,Education,210126,200k-400k,D23,siew.peng.salleh442@example.com,+65 89469943,POL-0003486,27-03-2023,30-03-2023,PRUCritical Cover,Protection,Bancassurance,Monthly,7274.18,1905000,7274.18,0.2453,20,Inforce,41,N,,Y,,N,,,,,39,N,CLM-0003486,02-08-2024,Day Surgery,2178.3,Approved,,1,N,N,0.48,6,ASR-0051,5000,N,N,0.386,,,,,,,,,False,False,False,False,EXACT_DUPLICATE
RID-0000266,AGENCY_MGMT,27-07-2026 12:40,CUS-021962,Arjun Harper,Male,02-10-1972,54,Married,Employment Pass,Healthcare,40233,Below 50k,D05,arjun.harper43@example.com,+65 96384619,POL-0000266,26-03-2024,15-04-2024,PRUTerm Secure,Protection,Agency,Monthly,4076.54,2692000,4076.54,0.2447,20,Inforce,28,N,,Y,,N,,,,,14,N,CLM-0000266,15-05-2024,Death Benefit,7030.87,Partially Approved,,30,N,N,0.06,8,ASR-0036,25000,N,N,0.398,AGT-00836,Siew Peng Pillai,Senior,124,AU-19,Resigned,92.3,0.407,False,False,False,False,EXACT_DUPLICATE
RID-0015826,AGENCY_MGMT,24-07-2026 15:34,CUS-030013,Divya Goh,Female,24-10-1983,43,Widowed,Permanent Resident,Healthcare,46518,Below 50k,D11,divya.goh424@example.com,+65 81568139,POL-0015826,12-01-2026,10-02-2026,PRUActive Term,Protection,Bancassurance,Semi-Annual,4424.68,1907000,4424.68,0.1742,5,Inforce,6,N,,Y,,N,,,,,0,N,,,,,,,,N,N,0.38,7,,,,,,,,,,,,,,False,False,False,False,EXACT_DUPLICATE
RID-0019533,AGENCY_MGMT,28-08-2026 10:51,CUS-014505,Faisal Lee,Male,16-11-1982,44,Married,Citizen,Sales,53150,50k-100k,D08,faisal.lee222@example.com,+65 92621546,POL-0019533,16-05-2026,12-06-2026,PRUFlexiCash,Savings & Wealth,Broker,Quarterly,37796.23,191000,37796.23,0.0783,30,Inforce,2,N,,Y,,N,,,,,90,N,CLM-0019533,13-07-2026,Maternity,579.33,Approved,,17,N,N,0.17,10,ASR-0020,5000,N,N,0.089,AGT-00918,Arjun Salleh,Established,30,AU-34,Active,23.4,0.095,False,False,False,False,EXACT_DUPLICATE
RID-0030450,CRM,01-08-2026 12:55,CUS-013642,Rachel Seah,Female,20-05-1989,37,Widowed,Permanent Resident,Self-Employed,70240,50k-100k,D20,rachel.seah205@example.com,+65 94018312,POL-0030450,11-12-2024,05-01-2025,PRULink Global Growth,Investment-Linked,Agency,Monthly,36855.44,531000,36855.44,0.1073,15,Inforce,20,N,,Y,,N,,,,,91,N,CLM-0030450,23-02-2025,Day Surgery,1178.96,Declined,Outside panel provider,15,N,N,0.68,10,ASR-0035,25000,N,N,0.128,AGT-00169,Kavitha Yeo,Established,67,AU-06,Active,32,0.636,False,False,False,False,EXACT_DUPLICATE
RID-0015866,CLAIMS_SYS,13-05-2026 12:44,CUS-030332,Arjun Salleh,Male,21-01-1968,58,Widowed,Citizen,Professional,122827,100k-200k,D18,arjun.salleh199@example.com,+65 95489883,POL-0015866,12-04-2026,26-04-2026,PRUExtra Care,Health & IP,Digital,Annual,5773.38,776000,5773.38,0.158,25,Lapsed,4,Y,11-08-2026,N,Private Hospital,N,,,,,51,N,CLM-0015866,12-08-2026,Outpatient Specialist,2932.77,Partially Approved,,5,N,N,0.56,9,ASR-0017,50000,N,N,0.313,,,,,,,,,False,False,False,False,EXACT_DUPLICATE
RID-0029572,POLICY_ADMIN,20-06-2026 14:43,CUS-023142,Anjali Hassan,Female,14-02-1986,40,Single,Citizen,Retired,98282,50k-100k,D03,anjali.hassan18@example.com,+65 81259706,POL-0029572,07-04-2024,13-04-2024,PRULink Global Growth,Investment-Linked,Broker,Semi-Annual,6240.12,643000,6240.12,0.1754,15,Lapsed,29,Y,26-07-2024,N,,N,,,,,47,N,CLM-0029572,31-08-2026,Accident,233.76,Declined,Pre-existing condition,21,N,N,-0.03,9,ASR-0052,5000,N,N,0.304,AGT-00850,Edwin Tan,Senior,85,AU-14,Active,61.6,0.213,False,False,False,False,EXACT_DUPLICATE
RID-0003727,CRM,17-03-2026 17:03,CUS-009736,Hui Ling Menon,Female,06-02-1976,50,Married,Citizen,Professional,59938,50k-100k,D23,hui.ling.menon15@example.com,+65 84444854,POL-0003727,22-05-2023,03-06-2023,PRUSave Endowment,Savings & Wealth,Agency,Quarterly,4116.8,97000,4116.8,0.0686,5,Lapsed,39,Y,09-09-2024,Y,,N,,,,,102,Y,CLM-0003727,16-04-2024,Accident,6361.91,Approved,,12,N,N,0.96,10,ASR-0008,10000,N,N,0.178,AGT-00678,Joanne Kumar,Established,55,AU-36,Active,97,0.187,False,False,False,False,EXACT_DUPLICATE
RID-0038671,POLICY_ADMIN,23-08-2026 15:30,CUS-040184,Farah Ong,Female,22-02-2004,22,Widowed,Citizen,Self-Employed,115627,100k-200k,D25,farah.ong369@example.com,+65 88839490,POL-0038671,24-06-2026,07-08-2026,PRUShield Premier,Health & IP,Agency,Monthly,878.01,764000,878.01,0.2059,15,Inforce,1,N,,Y,Private Hospital,Y,422.05,192.88,5,5000,100,N,CLM-0038671,20-08-2026,Outpatient Specialist,23416.21,Approved,,27,N,N,0.47,9,ASR-0016,100000,N,N,0.083,AGT-00497,Zhi Hao Raj,Senior,80,AU-22,Active,72.1,0.123,False,False,False,False,EXACT_DUPLICATE
RID-0022752,CRM,23-06-2026 04:07,CUS-002988,Priya Chua,Female,05-07-1976,50,Married,Foreigner,Education,116758,100k-200k,D02,priya.chua48@example.com,+65 85590922,POL-0022752,04-11-2023,06-11-2023,PRUExtra Care,Health & IP,Agency,Annual,7493.79,864000,7493.79,0.2106,99,Inforce,34,N,,Y,Private Hospital,N,,,,,19,N,CLM-0022752,02-03-2026,Outpatient Specialist,3420.72,Approved,,30,N,N,-0.04,6,ASR-0055,5000,N,N,0.059,AGT-01051,Farah Menon,MDRT,71,AU-21,Active,37.9,0.348,False,False,False,False,EXACT_DUPLICATE
RID-0013712,CRM,26-08-2026 12:22,CUS-040282,Kai Xuan Koh,Male,15-09-2002,24,Married,Citizen,Self-Employed,47146,Below 50k,D11,kai.xuan.koh169@example.com,+65 85625464,POL-0013712,26-01-2025,03-02-2025,PRUTerm Secure,Protection,Digital,Quarterly,5430.62,2445000,5430.62,0.2386,99,Inforce,19,N,,Y,,N,,,,,148,N,,,,,,,,N,N,0.53,5,,,,,,,,,,,,,,False,False,False,False,EXACT_DUPLICATE
RID-0029655,CRM,30-06-2026 16:03,CUS-010095,Marcus Yusof,Male,04-09-1980,46,Widowed,Citizen,Executive,125546,100k-200k,D27,marcus.yusof395@example.com,+65 93405339,POL-0029655,10-06-2026,21-06-2026,PRUWealth Plus,Savings & Wealth,Agency,Annual,11500.53,406000,11500.53,0.093,15,Inforce,2,N,,Y,,N,,,,,0,Y,CLM-0029655,29-08-2026,Accident,818.2,Withdrawn,,14,N,Y,-0.33,4,ASR-0001,50000,N,N,0.326,AGT-01055,Nurul Aisyah Turner,Established,86,AU-23,Active,65.4,0.286,False,False,False,False,EXACT_DUPLICATE
RID-0031657,POLICY_ADMIN,28-04-2026 21:55,CUS-029001,Terence Toh,Male,07-09-1977,49,Divorced,Permanent Resident,Education,34868,Below 50k,D26,terence.toh392@example.com,+65 88313647,POL-0031657,15-12-2023,21-01-2024,PRUTerm Secure,Protection,Agency,Annual,4207.14,1727000,4207.14,0.2884,5,Inforce,31,N,,Y,,N,,,,,730,N,CLM-0031657,03-09-2025,Maternity,18760.31,Approved,,11,N,N,0.26,6,ASR-0014,5000,N,N,0.005,AGT-00622,Aminah Harper,Senior,71,AU-40,Active,68.5,0.031,False,False,False,False,EXACT_DUPLICATE
RID-0009359,AGENCY_MGMT,18-04-2026 08:17,CUS-003988,Wan Ting Raj,Female,16-12-1989,37,Divorced,Citizen,Retired,67272,50k-100k,D16,wan.ting.raj404@example.com,+65 95584669,POL-0009359,28-09-2025,27-10-2025,PRUTerm Secure,Protection,Bancassurance,Annual,825.64,665000,825.64,0.2192,99,Inforce,10,N,,Y,,N,,,,,0,N,CLM-0009359,28-03-2026,Disability,5944.52,Declined,Waiting period not served,22,N,N,-0.09,6,ASR-0009,25000,N,N,0.403,,,,,,,,,False,False,False,False,EXACT_DUPLICATE
RID-0021025,POLICY_ADMIN,13-07-2026 09:21,CUS-013644,Zhi Hao Kamal,Male,23-01-1967,59,Widowed,Citizen,Self-Employed,258125,200k-400k,D25,zhi.hao.kamal79@example.com,+65 98719648,POL-0021025,08-06-2025,18-06-2025,PRUCritical Cover,Protection,Bancassurance,Quarterly,3970.6,1326000,3970.6,0.2467,5,Inforce,14,N,,Y,,N,,,,,49,Y,CLM-0021025,12-08-2026,Day Surgery,17451.34,Approved,,11,N,N,0.51,10,ASR-0052,5000,N,N,0.052,,,,,,,,,False,False,False,False,EXACT_DUPLICATE
RID-0039545,AGENCY_MGMT,20-06-2026 23:54,CUS-015766,Wei Ming Ng,Male,28-06-1992,34,Married,Foreigner,Technician,88489,50k-100k,D07,wei.ming.ng63@example.com,+65 99934290,POL-0039545,23-10-2023,07-11-2023,PRUSave Endowment,Savings & Wealth,Digital,Annual,42361.03,471000,42361.03,0.0655,30,Inforce,34,N,,Y,,N,,,,,111,N,CLM-0039545,01-10-2024,Maternity,2120.92,Approved,,39,N,N,0.48,10,ASR-0054,5000,N,N,0.238,,,,,,,,,False,False,False,False,EXACT_DUPLICATE
RID-0045698,POLICY_ADMIN,27-03-2026 12:35,CUS-019007,Denise Ng,Female,08-01-1989,37,Married,Employment Pass,Technician,235472,200k-400k,D03,denise.ng92@example.com,+65 88885354,POL-0045698,08-02-2023,16-03-2023,PRUShield Life,Protection,Bancassurance,Monthly,8028.03,1306000,8028.03,0.2426,99,Inforce,42,N,,Y,,N,,,,,136,N,CLM-0045698,12-03-2026,Maternity,5190.87,Approved,,28,N,N,0.53,6,ASR-0012,100000,N,N,0.07,,,,,,,,,False,False,False,False,EXACT_DUPLICATE
RID-0029625,POLICY_ADMIN,02-05-2026 12:20,CUS-002055,Marcus Seah,Male,24-08-1986,40,Married,Citizen,Professional,82148,50k-100k,D07,marcus.seah28@example.com,+65 83437283,POL-0029625,02-06-2024,03-06-2024,PRUSave Endowment,Savings & Wealth,Agency,Monthly,24562.48,334000,24562.48,0.0778,5,Inforce,27,N,,Y,,N,,,,,135,N,,,,,,,,N,N,0.39,8,,,,,,AGT-01174,Terence Koh,Established,33,AU-09,Active,54.3,0.433,False,False,False,False,EXACT_DUPLICATE
RID-0043222,POLICY_ADMIN,23-04-2026 23:55,CUS-037345,Hui Ling Kamal,Female,28-12-1973,53,Divorced,Employment Pass,Sales,41061,Below 50k,D12,hui.ling.kamal475@example.com,+65 88333526,POL-0043222,22-01-2026,20-02-2026,PRULink Global Growth,Investment-Linked,Agency,Monthly,7605.09,271000,7605.09,0.1127,30,Inforce,6,N,,Y,,N,,,,,15,Y,,,,,,,,N,N,0.82,5,,,,,,AGT-00928,Hui Ling Osman,Senior,180,AU-12,Resigned,26.9,0.111,False,False,False,False,EXACT_DUPLICATE
RID-0000609,AGENCY_MGMT,07-07-2026 17:11,CUS-015297,Daniel Turner,Male,12-11-1994,32,Widowed,Foreigner,Self-Employed,75443,50k-100k,D17,daniel.turner296@example.com,+65 88789603,POL-0000609,13-04-2026,26-05-2026,PRUVantage Legacy,Savings & Wealth,Broker,Semi-Annual,53518.38,303000,53518.38,0.0715,20,Inforce,3,N,,Y,,N,,,,,73,N,CLM-0000609,14-08-2026,Critical Illness,17455.25,Approved,,17,N,N,0.61,8,ASR-0031,100000,N,Y,0.089,AGT-00458,Zulkifli Menon,Established,64,AU-22,Active,93.2,0.107,False,False,False,False,EXACT_DUPLICATE
RID-0044146,AGENCY_MGMT,27-03-2026 19:38,CUS-017136,Marcus Chan,Male,02-11-1996,30,Widowed,Citizen,Self-Employed,87205,50k-100k,D23,marcus.chan336@example.com,+65 87045522,POL-0044146,12-07-2025,04-08-2025,PRUSave Endowment,Savings & Wealth,Agency,Annual,16099.47,43000,16099.47,0.0869,5,Inforce,13,N,,Y,,N,,,,,35,Y,,,,,,,,N,N,0.69,5,,,,,,AGT-00519,Xin Yi Chan,New,2,AU-19,Active,54.4,0.365,False,False,False,False,EXACT_DUPLICATE
RID-0018558,AGENCY_MGMT,18-03-2026 22:05,CUS-004534,Anjali Goh,Female,18-02-2005,21,Single,Citizen,Professional,30000,Below 50k,D20,anjali.goh254@example.com,+65 87745779,POL-0018558,23-08-2025,21-09-2025,PRUExtra Care,Health & IP,Agency,Annual,2441.63,794000,2441.63,0.1498,25,Inforce,11,N,,Y,Private Hospital,Y,926.13,926.13,0,2500,96,N,,,,,,,,N,N,0.28,6,,,,,,AGT-00626,Jia Hui Hassan,New,7,AU-38,Resigned,30.9,0.355,False,False,False,False,EXACT_DUPLICATE
RID-0014512,CRM,13-07-2026 15:07,CUS-034283,Terence Yeo,Male,23-10-1976,50,Divorced,Citizen,Self-Employed,82874,50k-100k,D22,terence.yeo42@example.com,+65 97200826,POL-0014512,01-02-2026,03-02-2026,PRUActive Term,Protection,Agency,Monthly,8995.15,2993000,8995.15,0.2334,99,Inforce,7,N,,Y,,N,,,,,46,N,,,,,,,,N,N,0.07,8,,,,,,AGT-00427,Kavitha Pillai,Established,90,AU-09,Active,62.6,0.085,False,False,False,False,EXACT_DUPLICATE
RID-0037222,CLAIMS_SYS,21-06-2026 15:29,CUS-027205,Faisal Mitchell,Male,16-12-1977,49,Single,Citizen,Technician,199273,100k-200k,D06,faisal.mitchell161@example.com,+65 99281427,POL-0037222,27-07-2023,11-08-2023,PRUShield A Plus,Health & IP,Digital,Annual,2253.74,959000,2253.74,0.1883,30,Matured,37,N,,Y,Private Hospital,Y,1008.59,1008.59,0,2500,0,N,CLM-0037222,11-11-2025,Hospitalisation,7055.58,Approved,,26,N,N,0.79,6,ASR-0045,10000,N,N,0.277,,,,,,,,,False,False,False,False,EXACT_DUPLICATE
RID-0017793,POLICY_ADMIN,30-04-2026 09:13,CUS-011311,Jia Hui Chua,Female,25-10-1984,42,Single,Citizen,Executive,131909,100k-200k,D17,jia.hui.chua357@example.com,+65 82935594,POL-0017793,07-08-2023,09-09-2023,PRUCritical Cover,Protection,Agency,Monthly,7800.65,874000,7800.65,0.3159,30,Surrendered,36,Y,06-05-2024,N,,N,,,,,236,N,CLM-0017793,26-05-2024,Accident,4475.13,Partially Approved,,17,N,N,0.53,10,ASR-0051,5000,N,N,0.048,AGT-01181,Jia Hui Wong,Established,25,AU-35,Active,33.1,0.842,False,False,False,False,EXACT_DUPLICATE
RID-0044803,CRM,22-07-2026 06:34,CUS-033255,Rachel Chong,Female,24-02-1971,55,Single,Permanent Resident,Civil Service,62675,50k-100k,D22,rachel.chong369@example.com,+65 93878940,POL-0044803,01-02-2026,21-02-2026,PRUShield Life,Protection,Agency,Monthly,4321.28,1269000,4321.28,0.2843,20,Inforce,6,N,,Y,,N,,,,,157,N,CLM-0044803,25-02-2026,Day Surgery,1778.65,Approved,,25,N,N,0.99,6,ASR-0014,5000,N,N,0.37,AGT-01023,Priya Bennett,Established,88,AU-30,Active,82.6,0.411,False,False,False,False,EXACT_DUPLICATE
RID-0032615,POLICY_ADMIN,04-07-2026 22:47,CUS-004091,Lakshmi Bennett,Female,25-05-1993,33,Single,Citizen,Technician,91722,50k-100k,D20,lakshmi.bennett139@example.com,+65 82867939,POL-0032615,21-03-2026,02-05-2026,PRUWealth Plus,Savings & Wealth,Agency,Annual,4637.56,237000,4637.56,0.0662,5,Inforce,4,N,,Y,,N,,,,,135,N,,,,,,,,N,N,0.65,5,,,,,,AGT-01154,Siew Peng Menon,New,9,AU-33,Active,53.8,0.231,False,False,False,False,EXACT_DUPLICATE
RID-0008132,CRM,08-03-2026 10:38,CUS-005842,Kai Xuan Ibrahim,Male,07-08-1979,47,Widowed,Employment Pass,Self-Employed,92634,50k-100k,D15,kai.xuan.ibrahim224@example.com,+65 93109694,POL-0008132,12-01-2025,31-01-2025,PRUVantage Legacy,Savings & Wealth,Direct,Monthly,45605.5,78000,45605.5,0.0716,15,Lapsed,19,Y,01-03-2026,N,,N,,,,,0,Y,CLM-0008132,03-05-2026,Death Benefit,15519,Approved,,3,N,N,0.13,9,ASR-0031,100000,N,N,0.169,,,,,,,,,False,False,False,False,EXACT_DUPLICATE
RID-0026378,POLICY_ADMIN,23-04-2026 07:27,CUS-005066,Nurul Aisyah Fraser,Female,22-03-1966,60,Single,Citizen,Technician,104844,100k-200k,D17,nurul.aisyah.fraser475@example.com,+65 84816883,POL-0026378,08-01-2026,20-01-2026,PRUShield Life,Protection,Agency,Monthly,7648.72,2493000,7648.72,0.3126,5,Inforce,7,N,,Y,,N,,,,,222,N,CLM-0026378,12-06-2026,Outpatient Specialist,10429.56,Pending,,21,N,N,0.23,6,ASR-0028,10000,N,N,0.37,AGT-00683,Hui Ling Tan,Established,95,AU-25,Active,48.3,0.409,False,False,False,False,EXACT_DUPLICATE
RID-0023212,POLICY_ADMIN,24-08-2026 17:39,CUS-005427,Vikram Toh,Male,20-08-1986,40,Widowed,Citizen,Executive,68860,50k-100k,D02,vikram.toh465@example.com,+65 81711483,POL-0023212,22-04-2025,19-05-2025,PRUCritical Cover,Protection,Direct,Monthly,790.46,1088000,790.46,0.3025,15,Inforce,15,N,,Y,,N,,,,,158,N,CLM-0023212,12-10-2025,Critical Illness,43334.17,Partially Approved,,15,N,N,0.77,10,ASR-0041,5000,N,N,0.145,,,,,,,,,False,False,False,False,EXACT_DUPLICATE
RID-0018669,AGENCY_MGMT,03-04-2026 01:21,CUS-003712,Wei Ming Reddy,Male,15-08-1984,42,Divorced,Citizen,Manager,140011,100k-200k,D04,wei.ming.reddy69@example.com,+65 88436760,POL-0018669,10-09-2024,19-10-2024,PRUWealth Plus,Savings & Wealth,Bancassurance,Annual,14684.78,474000,14684.78,0.0665,20,Inforce,22,N,,Y,,N,,,,,0,Y,CLM-0018669,26-02-2026,Day Surgery,3548.24,Partially Approved,,13,N,N,0.42,9,ASR-0052,5000,N,N,0.379,,,,,,,,,False,False,False,False,EXACT_DUPLICATE
RID-0011221,AGENCY_MGMT,11-03-2026 14:04,CUS-012957,Zhi Hao Turner,Male,08-10-1998,28,Divorced,Citizen,Executive,73005,50k-100k,D16,zhi.hao.turner403@example.com,+65 84046064,POL-0011221,24-07-2025,12-08-2025,PRUExtra Care,Health & IP,Agency,Annual,3763.69,931000,3763.69,0.1827,99,Inforce,12,N,,Y,Public B1-Ward,Y,1695.94,1695.94,0,2500,9,N,CLM-0011221,08-09-2025,Accident,5056.7,Approved,,1,N,N,0.05,10,ASR-0035,25000,N,N,0.324,AGT-00561,Mei Yi Sim,New,11,AU-39,Active,80.8,0.359,False,False,False,False,EXACT_DUPLICATE
RID-0006341,CRM,30-05-2026 09:32,CUS-018410,Denise Yeo,Female,12-05-1997,29,Married,Permanent Resident,Executive,49232,Below 50k,D03,denise.yeo98@example.com,+65 86376659,POL-0006341,25-03-2023,25-04-2023,PRUSave Endowment,Savings & Wealth,Bancassurance,Annual,17087.69,372000,17087.69,0.0337,5,Inforce,40,N,,Y,,N,,,,,24,N,,,,,,,,N,N,0.47,7,,,,,,,,,,,,,,False,False,False,False,EXACT_DUPLICATE
RID-0007514,POLICY_ADMIN,20-07-2026 10:08,CUS-001392,Iskandar Kumar,Male,09-03-1967,59,Single,Citizen,Education,30000,Below 50k,D01,iskandar.kumar186@example.com,+65 82895964,POL-0007514,24-09-2025,18-10-2025,PRUShield Standard,Health & IP,Digital,Monthly,5569.44,1464000,5569.44,0.1659,5,Inforce,10,N,,Y,Public A-Ward,N,,,,,86,N,CLM-0007514,06-07-2026,Disability,8686.76,Approved,,15,N,N,-0.14,8,ASR-0018,25000,N,N,0.357,,,,,,,,,False,False,False,False,EXACT_DUPLICATE
RID-0011690,AGENCY_MGMT,10-04-2026 14:38,CUS-001187,Faisal Teo,Male,08-07-1990,36,Widowed,Permanent Resident,Retired,50184,50k-100k,D12,faisal.teo396@example.com,+65 82873838,POL-0011690,25-03-2024,23-04-2024,PRUShield Premier,Health & IP,Agency,Quarterly,1441.45,345000,1441.45,0.1457,15,Inforce,28,N,,Y,Public A-Ward,N,,,,,16,N,CLM-0011690,22-02-2025,Maternity,1059.55,Partially Approved,,28,N,N,0.46,10,ASR-0045,10000,N,N,0.299,AGT-00066,Divya Kumar,New,7,AU-03,Resigned,29.5,0.113,False,False,False,False,EXACT_DUPLICATE
RID-0041282,AGENCY_MGMT,11-04-2026 21:23,CUS-021341,Marcus Mitchell,Male,03-08-1987,39,Married,Citizen,Executive,68127,50k-100k,D15,marcus.mitchell99@example.com,+65 82902511,POL-0041282,27-01-2023,24-02-2023,PRULink Assurance,Investment-Linked,Direct,Monthly,12770.91,518000,12770.91,0.1752,5,Inforce,42,N,,Y,,N,,,,,135,N,CLM-0041282,24-08-2023,Critical Illness,14521.66,Approved,,29,N,N,0.69,6,ASR-0025,50000,N,N,0.128,,,,,,,,,False,False,False,False,EXACT_DUPLICATE
RID-0007799,CRM,05-04-2026 20:53,CUS-019523,Cheryl Rahman,Female,02-08-1992,34,Married,Employment Pass,Manager,40108,Below 50k,D21,cheryl.rahman337@example.com,+65 88989239,POL-0007799,08-01-2025,13-02-2025,PRULink Assurance,Investment-Linked,Bancassurance,Annual,32682.41,159000,32682.41,0.0792,10,Inforce,18,N,,Y,,N,,,,,33,Y,CLM-0007799,03-12-2025,Maternity,5158.23,Approved,,18,N,N,0.41,8,ASR-0012,100000,N,N,0,,,,,,,,,False,False,False,False,EXACT_DUPLICATE
RID-0043928,POLICY_ADMIN,22-06-2026 09:41,CUS-022738,Wan Ting Yusof,Female,04-08-1972,54,Widowed,Citizen,Education,40176,Below 50k,D04,wan.ting.yusof229@example.com,+65 83701825,POL-0043928,29-07-2023,22-08-2023,PRUTerm Secure,Protection,Agency,Monthly,799.41,1781000,799.41,0.2457,30,Inforce,36,N,,Y,,N,,,,,61,N,,,,,,,,N,N,0.72,8,,,,,,AGT-00492,Vikram Foo,Established,43,AU-03,Active,31.1,0.29,False,False,False,False,EXACT_DUPLICATE
RID-0020825,POLICY_ADMIN,16-06-2026 08:55,CUS-018484,Cheryl Wong,Female,11-10-1985,41,Married,Permanent Resident,Technician,38467,Below 50k,D06,cheryl.wong271@example.com,+65 96296171,POL-0020825,23-07-2024,06-09-2024,PRUSave Endowment,Savings & Wealth,Agency,Annual,23245.4,52000,23245.4,0.0472,15,Inforce,24,N,,Y,,N,,,,,43,N,,,,,,,,N,N,0.85,7,,,,,,AGT-01114,Vikram Salleh,MDRT,165,AU-26,Active,74,0.348,False,False,False,False,EXACT_DUPLICATE
RID-0004020,CLAIMS_SYS,02-07-2026 09:44,CUS-017642,Rohan Kamal,Male,26-04-1983,43,Divorced,Permanent Resident,Sales,98374,50k-100k,D26,rohan.kamal485@example.com,+65 86439020,POL-0004020,08-12-2023,19-01-2024,PRUCritical Cover,Protection,Agency,Monthly,5583.34,1945000,5583.34,0.2861,5,Surrendered,31,Y,17-07-2025,Y,,N,,,,,312,N,CLM-0004020,30-12-2024,Hospitalisation,906.34,Approved,,1,N,N,-0.15,9,ASR-0001,50000,N,N,0.132,AGT-01017,Priya Wright,Established,76,AU-35,Active,45.2,0.439,False,False,False,False,EXACT_DUPLICATE
RID-0015041,AGENCY_MGMT,10-06-2026 06:07,CUS-024065,Siew Peng Ng,Female,19-09-1988,38,Single,Employment Pass,Professional,65602,50k-100k,D10,siew.peng.ng441@example.com,+65 99898729,POL-0015041,01-03-2026,08-04-2026,PRUWealth Plus,Savings & Wealth,Direct,Quarterly,24484.2,449000,24484.2,0.077,5,Inforce,4,N,,Y,,N,,,,,24,N,CLM-0015041,03-07-2026,Day Surgery,2060.21,Approved,,36,N,N,0.33,9,ASR-0005,10000,N,N,0.342,,,,,,,,,False,False,False,False,EXACT_DUPLICATE
RID-0022442,POLICY_ADMIN,23-06-2026 22:43,CUS-014565,Terence Ong,Male,09-09-1992,34,Divorced,Employment Pass,Executive,30000,Below 50k,D07,terence.ong376@example.com,+65 86148859,POL-0022442,26-02-2026,05-04-2026,PRUActive Term,Protection,Digital,Monthly,8685.28,2007000,8685.28,0.2756,10,Inforce,4,N,,Y,,N,,,,,79,N,CLM-0022442,15-06-2026,Hospitalisation,4413.54,Approved,,9,N,N,0.64,10,ASR-0052,5000,N,N,0.128,,,,,,,,,False,False,False,False,EXACT_DUPLICATE
RID-0005666,AGENCY_MGMT,19-08-2026 08:20,CUS-036592,Xin Yi Menon,Female,18-04-1979,47,Widowed,Permanent Resident,Civil Service,60920,50k-100k,D02,xin.yi.menon358@example.com,+65 95746022,POL-0005666,07-07-2023,23-07-2023,PRUSave Endowment,Savings & Wealth,Bancassurance,Semi-Annual,47782.33,128000,47782.33,0.0504,5,Inforce,37,N,,Y,,N,,,,,52,N,CLM-0005666,08-10-2024,Outpatient Specialist,4264.16,Approved,,20,N,N,0.71,6,ASR-0004,100000,N,N,0.002,,,,,,,,,False,False,False,False,EXACT_DUPLICATE
RID-0034431,POLICY_ADMIN,18-08-2026 09:08,CUS-039837,Zhi Hao Wright,Male,03-09-1999,27,Widowed,Citizen,Healthcare,116352,100k-200k,D18,zhi.hao.wright220@example.com,+65 93433236,POL-0034431,02-01-2025,19-01-2025,PRUShield Premier,Health & IP,Broker,Monthly,3023.36,1445000,3023.36,0.2023,30,Inforce,19,N,,Y,Private Hospital,N,,,,,0,N,CLM-0034431,27-05-2025,Maternity,2404.53,Partially Approved,,13,N,N,0.83,7,ASR-0006,25000,N,N,0.381,AGT-00751,Farah Ho,MDRT,113,AU-33,Active,52.9,0.161,False,False,False,False,EXACT_DUPLICATE
RID-0016033,POLICY_ADMIN,01-09-2026 09:22,CUS-030033,Kai Xuan Mitchell,Male,07-03-1978,48,Married,Citizen,Sales,59204,50k-100k,D02,kai.xuan.mitchell42@example.com,+65 94776024,POL-0016033,29-05-2026,23-06-2026,PRUActive Term,Protection,Bancassurance,Semi-Annual,887.34,2509000,887.34,0.2063,99,Inforce,2,N,,Y,,N,,,,,65,N,CLM-0016033,17-08-2026,Critical Illness,2003.78,Approved,,15,N,N,0.68,8,ASR-0027,25000,N,N,0.152,,,,,,,,,False,False,False,False,EXACT_DUPLICATE
RID-0004874,AGENCY_MGMT,21-08-2026 10:27,CUS-014503,Joanne Bennett,Female,23-03-1983,43,Widowed,Citizen,Executive,71134,50k-100k,D25,joanne.bennett184@example.com,+65 97697181,POL-0004874,07-10-2024,21-10-2024,PRUTerm Secure,Protection,Bancassurance,Semi-Annual,1859.51,581000,1859.51,0.1993,10,Cancelled,22,Y,30-03-2025,N,,N,,,,,49,Y,,,,,,,,N,N,0.95,10,,,,,,,,,,,,,,False,False,False,False,EXACT_DUPLICATE
RID-0019825,AGENCY_MGMT,02-08-2026 18:11,CUS-030953,Zhi Hao Ho,Male,12-03-1979,47,Widowed,Citizen,Manager,35691,Below 50k,D07,zhi.hao.ho154@example.com,+65 87073052,POL-0019825,14-04-2025,18-04-2025,PRUActive Term,Protection,Agency,Annual,6024.87,1882000,6024.87,0.2444,25,Inforce,16,N,,Y,,N,,,,,0,Y,,,,,,,,N,N,0.74,5,,,,,,AGT-00020,Kavitha Chan,Established,94,AU-29,Active,47.6,0.444,False,False,False,False,EXACT_DUPLICATE
RID-0044086,AGENCY_MGMT,22-04-2026 16:19,CUS-022671,Zhi Hao Ho,Male,28-10-1966,60,Single,Employment Pass,Executive,101955,100k-200k,D13,zhi.hao.ho192@example.com,+65 96410051,POL-0044086,21-03-2026,01-04-2026,PRUWealth Plus,Savings & Wealth,Agency,Monthly,28586.21,80000,28586.21,0.0933,25,Inforce,5,N,,Y,,N,,,,,0,N,CLM-0044086,28-04-2026,Disability,4227.68,Partially Approved,,18,N,N,0.04,8,ASR-0058,100000,N,N,0.306,AGT-00092,Divya Ong,Senior,53,AU-35,Active,97.1,0.762,False,False,False,False,EXACT_DUPLICATE
RID-0015171,CRM,08-06-2026 12:39,CUS-006514,Jia Hui Teo,Female,06-05-1978,48,Widowed,Permanent Resident,Civil Service,313674,200k-400k,D17,jia.hui.teo10@example.com,+65 95877935,POL-0015171,15-02-2024,27-02-2024,PRUCritical Cover,Protection,Bancassurance,Annual,1175.3,2762000,1175.3,0.2563,99,Surrendered,30,Y,30-10-2025,Y,,N,,,,,243,Y,,,,,,,,N,N,0.6,7,,,,,,,,,,,,,,False,False,False,False,EXACT_DUPLICATE
RID-0009092,POLICY_ADMIN,08-06-2026 05:49,CUS-007369,Rohan Neo,Male,15-12-1960,66,Divorced,Citizen,Executive,44796,Below 50k,D19,rohan.neo98@example.com,+65 94403360,POL-0009092,24-03-2024,08-04-2024,PRUSave Endowment,Savings & Wealth,Digital,Monthly,46516.53,302000,46516.53,0.076,30,Inforce,29,N,,Y,,N,,,,,0,Y,,,,,,,,N,N,0.26,7,,,,,,,,,,,,,,False,False,False,False,EXACT_DUPLICATE
RID-0007626,CLAIMS_SYS,27-03-2026 15:44,CUS-011106,Rachel Low,Female,10-06-1996,30,Widowed,Citizen,Retired,169439,100k-200k,D11,rachel.low141@example.com,+65 96807798,POL-0007626,26-07-2023,29-08-2023,PRUShield A Plus,Health & IP,Digital,Monthly,7289.98,861000,7289.98,0.1727,5,Inforce,36,N,,Y,Public B1-Ward,N,,,,,63,N,,,,,,,,N,N,0.55,6,,,,,,,,,,,,,,False,False,False,False,EXACT_DUPLICATE
RID-0004883,CRM,27-06-2026 13:54,CUS-027574,Samantha Low,Female,22-09-1971,55,Married,Citizen,Retired,42073,Below 50k,D27,samantha.low451@example.com,+65 97325550,POL-0004883,09-05-2026,18-06-2026,PRUShield Life,Protection,Digital,Monthly,6375.18,854000,6375.18,0.2308,5,Inforce,2,N,,Y,,N,,,,,82,Y,CLM-0004883,04-07-2026,Disability,13179.74,Partially Approved,,7,N,N,0.38,6,ASR-0022,25000,N,N,0.364,,,,,,,,,False,False,False,False,EXACT_DUPLICATE
RID-0045342,AGENCY_MGMT,14-05-2026 23:35,CUS-021572,Nicholas Teo,Male,04-03-1970,56,Widowed,Permanent Resident,Executive,64075,50k-100k,D19,nicholas.teo434@example.com,+65 97833524,POL-0045342,04-07-2024,02-08-2024,PRUCritical Cover,Protection,Agency,Semi-Annual,1440.34,1322000,1440.34,0.3047,30,Inforce,25,N,,Y,,N,,,,,57,Y,CLM-0045342,25-05-2025,Death Benefit,3933.12,Approved,,16,N,N,0.95,7,ASR-0007,25000,N,N,0.377,AGT-00650,Aminah Goh,Established,15,AU-27,Active,50.1,0.393,False,False,False,False,EXACT_DUPLICATE
RID-0042926,CRM,11-05-2026 00:26,CUS-002202,Hui Ling Toh,Female,09-09-1975,51,Married,Permanent Resident,Civil Service,44521,Below 50k,D19,hui.ling.toh465@example.com,+65 97935423,POL-0042926,14-04-2023,15-04-2023,PRUShield Life,Protection,Bancassurance,Quarterly,4177.99,2071000,4177.99,0.2109,30,Inforce,41,N,,Y,,N,,,,,207,N,,,,,,,,N,N,0.98,5,,,,,,,,,,,,,,False,False,False,False,EXACT_DUPLICATE
RID-0000310,AGENCY_MGMT,18-08-2026 05:25,CUS-032696,Marcus Salleh,Male,22-09-1966,60,Divorced,Employment Pass,Education,106031,100k-200k,D12,marcus.salleh262@example.com,+65 85030397,POL-0000310,13-03-2024,16-04-2024,PRUSelect Vantage,Investment-Linked,Agency,Semi-Annual,29049.77,767000,29049.77,0.1509,5,Inforce,28,N,,Y,,N,,,,,60,Y,CLM-0000310,23-10-2024,Critical Illness,11868.84,Approved,,14,N,N,-0.07,6,ASR-0041,5000,N,N,0.069,AGT-00875,Anjali Foo,Established,88,AU-31,Active,26.8,0.84,False,False,False,False,EXACT_DUPLICATE
RID-0031823,POLICY_ADMIN,01-08-2026 14:29,CUS-032071,Zulkifli Lim,Male,21-03-1979,47,Married,Citizen,Retired,42933,Below 50k,D14,zulkifli.lim388@example.com,+65 97914365,POL-0031823,03-09-2024,19-09-2024,PRUActive Term,Protection,Bancassurance,Quarterly,1018.92,767000,1018.92,0.2417,10,Inforce,23,N,,Y,,N,,,,,144,N,CLM-0031823,30-08-2025,Accident,19577.3,Approved,,23,N,N,0.16,9,ASR-0013,100000,Y,N,0.665,,,,,,,,,False,False,False,False,EXACT_DUPLICATE
RID-0018046,CLAIMS_SYS,28-07-2026 18:26,CUS-006936,Siew Peng Sim,Female,26-02-1994,32,Single,Permanent Resident,Professional,143692,100k-200k,D03,siew.peng.sim191@example.com,+65 92718294,POL-0018046,27-05-2024,08-07-2024,PRUShield Life,Protection,Bancassurance,Semi-Annual,6833.15,1848000,6833.15,0.2034,15,Inforce,26,N,,Y,,N,,,,,22,N,CLM-0018046,07-09-2024,Maternity,1862.99,Approved,,7,N,N,-0.01,10,ASR-0030,25000,N,N,0.408,,,,,,,,,False,False,False,False,EXACT_DUPLICATE
RID-0013988,CRM,26-06-2026 15:39,CUS-024172,Meera Kamal,Female,04-02-1976,50,Widowed,Citizen,Technician,69557,50k-100k,D14,meera.kamal290@example.com,+65 93463026,POL-0013988,19-04-2023,26-05-2023,PRUVantage Legacy,Savings & Wealth,Bancassurance,Monthly,44314.59,118000,44314.59,0.0488,15,Inforce,39,N,,Y,,N,,,,,0,N,CLM-0013988,09-06-2025,Disability,7169.38,Withdrawn,,22,N,N,0.89,10,ASR-0007,25000,N,N,0.065,,,,,,,,,False,False,False,False,EXACT_DUPLICATE
RID-0030332,AGENCY_MGMT,02-04-2026 18:46,CUS-037346,Anjali Mitchell,Female,15-01-2000,26,Married,Employment Pass,Retired,73246,50k-100k,D11,anjali.mitchell296@example.com,+65 91103713,POL-0030332,05-08-2024,19-09-2024,PRUSelect Vantage,Investment-Linked,Agency,Annual,33406.6,644000,33406.6,0.1026,15,Inforce,23,N,,Y,,N,,,,,44,N,CLM-0030332,17-07-2026,Disability,2315.99,Approved,,22,N,N,0.86,7,ASR-0028,10000,N,N,0.174,AGT-01023,Priya Bennett,Established,88,AU-30,Active,82.6,0.411,False,False,False,False,EXACT_DUPLICATE
RID-0024698,AGENCY_MGMT,02-07-2026 19:49,CUS-030613,Meera Raj,Female,16-07-1971,55,Single,Permanent Resident,Healthcare,99340,50k-100k,D11,meera.raj235@example.com,+65 84810195,POL-0024698,04-08-2025,07-09-2025,PRUShield A Plus,Health & IP,Agency,Annual,1703.41,971000,1703.41,0.1622,5,Inforce,11,N,,Y,Public B1-Ward,Y,668.14,668.14,0,0,110,N,,,,,,,,N,N,0.35,6,,,,,,AGT-00365,Siew Peng Neo,New,2,AU-15,Active,33.6,0.299,False,False,False,False,EXACT_DUPLICATE
RID-0028735,CRM,15-04-2026 10:51,CUS-019573,Iskandar Lim,Male,26-02-2003,23,Single,Foreigner,Civil Service,43709,Below 50k,D24,iskandar.lim379@example.com,+65 85773460,POL-0028735,21-10-2023,21-11-2023,PRUWealth Plus,Savings & Wealth,Agency,Annual,53361.54,227000,53361.54,0.0513,20,Inforce,33,N,,Y,,N,,,,,0,N,CLM-0028735,07-04-2024,Maternity,11607.95,Partially Approved,,30,N,N,0.1,6,ASR-0059,50000,N,N,0.32,AGT-00219,Wan Ting Turner,Established,34,AU-22,Active,57.3,0.212,False,False,False,False,EXACT_DUPLICATE
RID-0029262,POLICY_ADMIN,25-06-2026 10:14,CUS-033159,Divya Chan,Female,20-08-1990,36,Married,Citizen,Professional,55307,50k-100k,D14,divya.chan234@example.com,+65 96090145,POL-0029262,01-01-2024,09-01-2024,PRUSave Endowment,Savings & Wealth,Direct,Annual,10605.87,82000,10605.87,0.0748,20,Inforce,32,N,,Y,,N,,,,,0,Y,CLM-0029262,12-11-2024,Outpatient Specialist,11090.35,Withdrawn,,1,N,N,0.44,6,ASR-0027,25000,N,N,0.396,,,,,,,,,False,False,False,False,EXACT_DUPLICATE
RID-0039282,AGENCY_MGMT,07-03-2026 08:09,CUS-010339,Yong Sheng Sim,Male,13-12-1980,46,Married,Citizen,Executive,72212,50k-100k,D28,yong.sheng.sim384@example.com,+65 95975615,POL-0039282,02-07-2023,10-07-2023,PRUFlexiCash,Savings & Wealth,Broker,Semi-Annual,42155.61,380000,42155.61,0.0775,99,Inforce,38,N,,Y,,N,,,,,28,N,CLM-0039282,02-10-2023,Day Surgery,1029.83,Approved,,4,N,N,-0.17,8,ASR-0027,25000,N,N,0.403,AGT-00055,Chee Keong Rahman,New,11,AU-29,Resigned,92.2,0.279,False,False,False,False,EXACT_DUPLICATE
RID-0004438,AGENCY_MGMT,11-06-2026 05:26,CUS-034524,Suresh Toh,Male,23-10-1993,33,Divorced,Foreigner,Manager,112731,100k-200k,D24,suresh.toh39@example.com,+65 91424404,POL-0004438,03-11-2024,02-12-2024,PRUFlexiCash,Savings & Wealth,Digital,Monthly,7995.86,496000,7995.86,0.0466,25,Inforce,21,N,,Y,,N,,,,,88,N,,,,,,,,N,N,0.25,5,,,,,,,,,,,,,,False,False,False,False,EXACT_DUPLICATE
RID-0032379,CRM,08-06-2026 21:43,CUS-000444,Anjali Turner,Female,24-06-1988,38,Single,Permanent Resident,Self-Employed,38707,Below 50k,D15,anjali.turner370@example.com,+65 92484266,POL-0032379,28-02-2024,06-04-2024,PRUShield A Plus,Health & IP,Agency,Annual,6214.71,156000,6214.71,0.1732,20,Lapsed,29,Y,25-07-2025,Y,Private Hospital,Y,2216,2216,0,1500,259,Y,CLM-0032379,08-07-2026,Accident,4959.19,Approved,,8,N,N,0.4,6,ASR-0010,50000,N,N,0.762,AGT-00991,Meera Iyer,Established,81,AU-08,Active,84.3,0.576,False,False,False,False,EXACT_DUPLICATE
RID-0045141,CLAIMS_SYS,18-08-2026 13:18,CUS-013601,Rachel Lee,Female,01-11-1982,44,Married,Permanent Resident,Education,36772,Below 50k,D28,rachel.lee245@example.com,+65 93173760,POL-0045141,26-05-2023,29-05-2023,PRUShield Standard,Health & IP,Agency,Quarterly,6359.41,888000,6359.41,0.1637,20,Inforce,39,N,,Y,Public A-Ward,N,,,,,0,N,CLM-0045141,27-05-2025,Critical Illness,3205.01,Approved,,20,N,N,0.86,7,ASR-0054,5000,N,N,0.129,AGT-00861,Suresh Chua,Established,76,AU-31,Active,99.8,0.703,False,False,False,False,EXACT_DUPLICATE
RID-0023641,AGENCY_MGMT,16-08-2026 03:33,CUS-007875,Rachel Ho,Female,14-09-1991,35,Widowed,Citizen,Sales,44460,Below 50k,D15,rachel.ho40@example.com,+65 86590280,POL-0023641,05-07-2024,20-07-2024,PRULink Assurance,Investment-Linked,Agency,Monthly,12790.98,138000,12790.98,0.1038,10,Inforce,25,N,,Y,,N,,,,,124,N,,,,,,,,N,N,0.37,8,,,,,,AGT-00431,Edwin Salleh,New,8,AU-18,Active,65.5,0.419,False,False,False,False,EXACT_DUPLICATE
RID-0035840,CLAIMS_SYS,12-08-2026 00:11,CUS-020342,Cheryl Menon,Female,12-04-2002,24,Widowed,Permanent Resident,Sales,109251,100k-200k,D08,cheryl.menon99@example.com,+65 87648436,POL-0035840,27-03-2026,14-04-2026,PRUFlexiCash,Savings & Wealth,Agency,Monthly,32532.88,55000,32532.88,0.0556,5,Lapsed,4,Y,23-07-2026,N,,N,,,,,229,Y,CLM-0035840,29-05-2026,Maternity,14981.7,Approved,,23,N,N,0.96,8,ASR-0034,100000,N,N,0.153,AGT-00551,Hakim Wright,New,1,AU-04,Active,82.1,0.243,False,False,False,False,EXACT_DUPLICATE
RID-0011444,POLICY_ADMIN,01-04-2026 11:39,CUS-032359,Farah Yusof,Female,20-11-1974,52,Divorced,Citizen,Self-Employed,172968,100k-200k,D26,farah.yusof138@example.com,+65 94104649,POL-0011444,04-05-2023,16-05-2023,PRUFlexiCash,Savings & Wealth,Agency,Annual,33949.72,423000,33949.72,0.0489,10,Inforce,40,N,,Y,,N,,,,,153,N,CLM-0011444,17-07-2023,Maternity,12173.72,Approved,,13,N,N,0.16,9,ASR-0038,100000,N,N,0.067,AGT-00627,Xin Yi Yeo,New,9,AU-06,Active,27.2,0.695,False,False,False,False,EXACT_DUPLICATE
RID-0006812,AGENCY_MGMT,15-04-2026 19:38,CUS-002192,Arjun Raj,Male,14-11-1972,54,Single,Employment Pass,Executive,98063,50k-100k,D25,arjun.raj298@example.com,+65 83753040,POL-0006812,09-02-2024,04-03-2024,PRULink Assurance,Investment-Linked,Bancassurance,Monthly,34858.73,547000,34858.73,0.0996,15,Inforce,30,N,,Y,,N,,,,,9,N,CLM-0006812,06-03-2025,Critical Illness,11407.3,Approved,,12,N,N,0.71,10,ASR-0055,5000,N,N,0.383,,,,,,,,,False,False,False,False,EXACT_DUPLICATE
RID-0043763,AGENCY_MGMT,28-04-2026 12:10,CUS-032187,Hui Ling Aziz,Female,12-01-1991,35,Single,Citizen,Sales,102243,100k-200k,D07,hui.ling.aziz131@example.com,+65 96836311,POL-0043763,23-02-2025,25-02-2025,PRUVantage Legacy,Savings & Wealth,Bancassurance,Monthly,53349.59,282000,53349.59,0.062,30,Inforce,18,N,,Y,,N,,,,,0,N,CLM-0043763,07-09-2025,Accident,4555.06,Approved,,8,N,N,0.67,10,ASR-0020,5000,N,N,0.172,,,,,,,,,False,False,False,False,EXACT_DUPLICATE
RID-0037266,AGENCY_MGMT,25-04-2026 09:22,CUS-006111,Anjali Lim,Female,03-05-1970,56,Widowed,Citizen,Healthcare,141697,100k-200k,D28,anjali.lim498@example.com,+65 91519770,POL-0037266,22-02-2026,21-03-2026,PRUVantage Legacy,Savings & Wealth,Bancassurance,Annual,4701.04,423000,4701.04,0.0592,99,Inforce,5,N,,Y,,N,,,,,36,N,CLM-0037266,23-08-2026,Death Benefit,14183.16,Approved,,34,N,N,0.83,6,ASR-0031,100000,N,N,0.334,,,,,,,,,False,False,False,False,EXACT_DUPLICATE
RID-0036050,POLICY_ADMIN,19-05-2026 18:43,CUS-026175,Kai Xuan Fraser,Male,18-03-1976,50,Single,Permanent Resident,Civil Service,108167,100k-200k,D10,kai.xuan.fraser334@example.com,+65 98844322,POL-0036050,21-03-2023,27-03-2023,PRUShield Premier,Health & IP,Digital,Annual,5047.17,312000,5047.17,0.1852,5,Inforce,41,N,,Y,Public A-Ward,Y,2077.48,2077.48,0,0,313,N,CLM-0036050,23-07-2023,Critical Illness,2651.67,Approved,,27,N,N,0.54,10,ASR-0041,5000,N,N,0.335,,,,,,,,,False,False,False,False,EXACT_DUPLICATE
RID-0023132,CLAIMS_SYS,08-08-2026 01:01,CUS-019092,Cheryl Raj,Female,14-06-1981,45,Married,Citizen,Education,113499,100k-200k,D08,cheryl.raj496@example.com,+65 94534777,POL-0023132,14-07-2024,02-08-2024,PRULink Assurance,Investment-Linked,Bancassurance,Quarterly,4904.97,227000,4904.97,0.1313,30,Inforce,25,N,,Y,,N,,,,,15,N,CLM-0023132,21-03-2026,Hospitalisation,4509.26,Approved,,20,N,N,0.43,6,ASR-0007,25000,N,N,0.075,,,,,,,,,False,False,False,False,EXACT_DUPLICATE
RID-0042183,CRM,14-08-2026 13:29,CUS-025954,Jia Hui Menon,Female,26-06-1979,47,Divorced,Citizen,Healthcare,112259,100k-200k,D12,jia.hui.menon300@example.com,+65 82692662,POL-0042183,08-06-2023,25-06-2023,PRUShield Life,Protection,Agency,Annual,5350.26,2284000,5350.26,0.315,99,Inforce,38,N,,Y,,N,,,,,68,N,,,,,,,,N,N,0.91,5,,,,,,AGT-01048,Meera Ho,Senior,116,AU-28,Active,70.2,0.436,False,False,False,False,EXACT_DUPLICATE
RID-0041527,CLAIMS_SYS,12-08-2026 04:00,CUS-011029,Divya Foo,Female,01-05-1975,51,Married,Employment Pass,Civil Service,74979,50k-100k,D05,divya.foo26@example.com,+65 88272216,POL-0041527,13-04-2025,22-04-2025,PRUWealth Plus,Savings & Wealth,Agency,Quarterly,40773.6,99000,40773.6,0.0715,25,Cancelled,16,Y,31-01-2026,N,,N,,,,,195,N,CLM-0041527,16-07-2026,Accident,2900.76,Approved,,19,N,N,-0.17,6,ASR-0031,100000,N,N,0.18,AGT-00331,Muhammad Ariff Reddy,New,2,AU-40,Active,76.3,0.361,False,False,False,False,EXACT_DUPLICATE
RID-0043934,CLAIMS_SYS,07-08-2026 23:07,CUS-035491,Deepak Fraser,Male,26-05-1988,38,Divorced,Citizen,Executive,62999,50k-100k,D08,deepak.fraser101@example.com,+65 82340976,POL-0043934,12-05-2025,26-06-2025,PRUFlexiCash,Savings & Wealth,Broker,Annual,50156.16,345000,50156.16,0.0451,20,Inforce,14,N,,Y,,N,,,,,290,N,,,,,,,,N,N,0.21,10,,,,,,AGT-01144,Edwin Sim,Senior,86,AU-05,On Notice,52.2,0.702,False,False,False,False,EXACT_DUPLICATE
RID-0017161,CRM,14-07-2026 07:38,CUS-010617,Jun Hao Yeo,Male,12-01-1978,48,Single,Citizen,Self-Employed,61805,50k-100k,D12,jun.hao.yeo445@example.com,+65 96479765,POL-0017161,03-03-2026,16-03-2026,PRUWealth Plus,Savings & Wealth,Bancassurance,Monthly,52644.34,133000,52644.34,0.0474,30,Lapsed,5,Y,06-07-2026,N,,N,,,,,35,Y,CLM-0017161,02-08-2026,Day Surgery,2862.41,Approved,,14,N,N,0.64,6,ASR-0051,5000,N,N,0.041,,,,,,,,,False,False,False,False,EXACT_DUPLICATE
RID-0008859,CRM,13-08-2026 00:01,CUS-003027,Valerie Mitchell,Female,04-02-1975,51,Married,Citizen,Sales,66615,50k-100k,D25,valerie.mitchell410@example.com,+65 97920993,POL-0008859,30-03-2023,26-04-2023,PRUShield Life,Protection,Bancassurance,Monthly,7791.55,962000,7791.55,0.2268,20,Inforce,40,N,,Y,,N,,,,,274,N,,,,,,,,N,N,0.05,7,,,,,,,,,,,,,,False,False,False,False,EXACT_DUPLICATE
RID-0038972,CLAIMS_SYS,25-06-2026 03:03,CUS-023125,Nurul Aisyah Goh,Female,07-08-1967,59,Married,Permanent Resident,Education,137768,100k-200k,D22,nurul.aisyah.goh40@example.com,+65 87272761,POL-0038972,13-12-2025,15-01-2026,PRUShield Standard,Health & IP,Bancassurance,Monthly,3265.92,465000,3265.92,0.107,99,Inforce,7,N,,Y,Private Hospital,Y,1274.08,1274.08,0,1500,0,N,CLM-0038972,28-04-2026,Death Benefit,3011.35,Approved,,22,N,N,0.7,7,ASR-0020,5000,N,N,0.156,,,,,,,,,False,False,False,False,EXACT_DUPLICATE
RID-0047301,POLICY_ADMIN,07-03-2026 20:38,CUS-037789,Zhi Hao Ng,Male,05-09-2005,21,Married,Citizen,Education,34048,Below 50k,D27,zhi.hao.ng206@example.com,+65 96860613,POL-0047301,02-06-2024,30-06-2024,PRUSave Endowment,Savings & Wealth,Digital,Monthly,25425.04,313000,25425.04,0.0888,30,Inforce,26,N,,Y,,N,,,,,0,Y,,,,,,,,N,N,0.11,7,,,,,,,,,,,,,,False,False,False,False,EXACT_DUPLICATE
RID-0019333,CLAIMS_SYS,30-03-2026 01:26,CUS-023937,Kai Xuan Yusof,Male,27-02-2005,21,Single,Employment Pass,Healthcare,49040,Below 50k,D20,kai.xuan.yusof330@example.com,+65 98982474,POL-0019333,01-07-2023,06-07-2023,PRUTerm Secure,Protection,Agency,Annual,6003.54,2894000,6003.54,0.2968,5,Inforce,38,N,,Y,,N,,,,,18,Y,CLM-0019333,01-02-2025,Disability,3474.82,Approved,,6,N,N,0.02,8,ASR-0030,25000,N,N,0.383,AGT-01052,Yong Sheng Aziz,New,3,AU-15,Resigned,66.4,0.297,False,False,False,False,EXACT_DUPLICATE
RID-0032470,CRM,21-05-2026 00:50,CUS-033119,Aravind Sharma,Male,24-12-1998,28,Single,Foreigner,Sales,30000,Below 50k,D19,aravind.sharma226@example.com,+65 87833384,POL-0032470,08-04-2023,23-04-2023,PRUWealth Plus,Savings & Wealth,Broker,Quarterly,7046.44,343000,7046.44,0.0541,99,Inforce,40,N,,Y,,N,,,,,139,N,CLM-0032470,25-03-2026,Death Benefit,10179,Approved,,14,N,N,0.8,7,ASR-0052,5000,N,N,0.128,AGT-00264,Deepak Teo,Senior,41,AU-12,Resigned,69.2,0.278,False,False,False,False,EXACT_DUPLICATE
RID-0007024,AGENCY_MGMT,26-08-2026 03:18,CUS-009489,Meera Osman,Female,07-08-1975,51,Divorced,Permanent Resident,Self-Employed,49864,Below 50k,D26,meera.osman300@example.com,+65 89882673,POL-0007024,20-06-2024,26-06-2024,PRUShield Premier,Health & IP,Digital,Annual,3278.79,1112000,3278.79,0.1313,30,Inforce,26,N,,Y,Public A-Ward,N,,,,,163,N,,,,,,,,N,N,0.13,7,,,,,,,,,,,,,,False,False,False,False,EXACT_DUPLICATE
RID-0001009,AGENCY_MGMT,09-08-2026 20:12,CUS-013747,Daniel Kumar,Male,25-12-1982,44,Married,Citizen,Civil Service,77059,50k-100k,D21,daniel.kumar176@example.com,+65 99041013,POL-0001009,30-03-2023,02-04-2023,PRUShield Standard,Health & IP,Agency,Semi-Annual,4730.38,1077000,4730.38,0.1709,20,Inforce,41,N,,Y,Public B1-Ward,Y,2513.02,2513.02,0,0,483,N,CLM-0001009,29-04-2026,Day Surgery,1809.86,Approved,,11,N,N,0.85,7,ASR-0034,100000,N,N,0.142,AGT-00093,Suresh Reddy,New,9,AU-15,Active,46.4,0.164,False,False,False,False,EXACT_DUPLICATE
RID-0004566,AGENCY_MGMT,11-03-2026 17:47,CUS-019390,Meera Sim,Female,20-10-1988,38,Married,Citizen,Healthcare,92351,50k-100k,D08,meera.sim333@example.com,+65 97887437,POL-0004566,03-03-2024,05-04-2024,PRUShield Standard,Health & IP,Digital,Monthly,3217.44,1491000,3217.44,0.1288,25,Inforce,29,N,,Y,Public B1-Ward,Y,978.39,978.39,0,1500,23,N,CLM-0004566,26-05-2024,Day Surgery,8951.88,Approved,,1,N,N,0.36,9,ASR-0028,10000,N,N,0.002,,,,,,,,,False,False,False,False,EXACT_DUPLICATE
RID-0012288,CRM,03-06-2026 11:37,CUS-034167,Divya Low,Female,08-04-1973,53,Single,Citizen,Retired,37535,Below 50k,D18,divya.low172@example.com,+65 96158721,POL-0012288,02-03-2024,30-03-2024,PRUExtra Care,Health & IP,Agency,Annual,1703.51,988000,1703.51,0.1982,20,Inforce,29,N,,Y,Public A-Ward,Y,859.15,859.15,0,1500,22,Y,CLM-0012288,25-05-2026,Death Benefit,13530.74,Approved,,39,N,N,0.46,7,ASR-0030,25000,N,N,0.367,AGT-00932,Jia Hui Salleh,Established,75,AU-34,Active,79.5,0.164,False,False,False,False,EXACT_DUPLICATE
RID-0022033,AGENCY_MGMT,26-06-2026 13:01,CUS-023514,Rohan Tan,Male,01-12-1990,36,Single,Citizen,Executive,212426,200k-400k,D12,rohan.tan100@example.com,+65 84894493,POL-0022033,27-06-2024,28-07-2024,PRULink Assurance,Investment-Linked,Bancassurance,Quarterly,39435.97,714000,39435.97,0.1528,99,Inforce,25,N,,Y,,N,,,,,50,N,,,,,,,,N,N,0.95,5,,,,,,,,,,,,,,False,False,False,False,EXACT_DUPLICATE
RID-0016485,AGENCY_MGMT,25-06-2026 12:17,CUS-004685,Jia Hui Wright,Female,04-04-1974,52,Single,Permanent Resident,Self-Employed,73079,50k-100k,D21,jia.hui.wright310@example.com,+65 83179256,POL-0016485,20-01-2023,18-02-2023,PRUTerm Secure,Protection,Direct,Annual,7816.62,1208000,7816.62,0.3045,25,Inforce,43,N,,Y,,N,,,,,332,N,,,,,,,,N,N,0.75,10,,,,,,,,,,,,,,False,False,False,False,EXACT_DUPLICATE
RID-0031079,CRM,15-06-2026 23:40,CUS-034381,Anjali Seah,Female,05-08-1959,67,Widowed,Permanent Resident,Healthcare,42318,Below 50k,D16,anjali.seah407@example.com,+65 89660835,POL-0031079,20-10-2025,16-11-2025,PRUVantage Legacy,Savings & Wealth,Bancassurance,Monthly,50184.2,290000,50184.2,0.0522,25,Inforce,9,N,,Y,,N,,,,,44,N,CLM-0031079,10-06-2026,Death Benefit,1231.78,Approved,,15,N,N,0.79,7,ASR-0016,100000,N,N,0.287,,,,,,,,,False,False,False,False,EXACT_DUPLICATE
RID-0003146,POLICY_ADMIN,22-07-2026 11:52,CUS-038932,Zarina Lee,Female,09-02-2000,26,Widowed,Citizen,Healthcare,67396,50k-100k,D05,zarina.lee266@example.com,+65 97800847,POL-0003146,25-10-2025,06-11-2025,PRUActive Term,Protection,Digital,Quarterly,5701.99,1108000,5701.99,0.2595,5,Inforce,9,N,,Y,,N,,,,,32,Y,CLM-0003146,16-07-2026,Day Surgery,15107.89,Partially Approved,,7,N,N,0.32,7,ASR-0044,50000,N,N,0.411,,,,,,,,,False,False,False,False,EXACT_DUPLICATE
RID-0031696,CLAIMS_SYS,05-07-2026 14:47,CUS-036773,Anjali Ong,Female,02-04-1967,59,Married,Citizen,Sales,78846,50k-100k,D10,anjali.ong296@example.com,+65 93241288,POL-0031696,14-05-2024,17-05-2024,PRUFlexiCash,Savings & Wealth,Agency,Annual,37994.36,98000,37994.36,0.0489,99,Inforce,27,N,,Y,,N,,,,,350,N,CLM-0031696,21-08-2025,Death Benefit,17382.13,Approved,,1,N,N,0.73,9,ASR-0042,10000,N,Y,0.25,AGT-00136,Kai Xuan Ong,Established,47,AU-10,Active,98.7,0.027,False,False,False,False,EXACT_DUPLICATE
RID-0020171,AGENCY_MGMT,01-06-2026 06:25,CUS-032372,Zulkifli Neo,Male,28-08-2002,24,Divorced,Citizen,Manager,80859,50k-100k,D03,zulkifli.neo257@example.com,+65 99306237,POL-0020171,13-04-2025,28-04-2025,PRUShield Life,Protection,Digital,Monthly,5829.88,2848000,5829.88,0.3046,15,Inforce,16,N,,Y,,N,,,,,0,Y,,,,,,,,N,N,0.65,6,,,,,,,,,,,,,,False,False,False,False,EXACT_DUPLICATE
RID-0011397,POLICY_ADMIN,23-03-2026 08:49,CUS-027617,Kavitha Kumar,Female,24-10-1973,53,Married,Employment Pass,Professional,149698,100k-200k,D24,kavitha.kumar263@example.com,+65 97570374,POL-0011397,21-06-2024,19-07-2024,PRUShield Premier,Health & IP,Bancassurance,Monthly,4172.2,346000,4172.2,0.1596,25,Inforce,25,N,,Y,Private Hospital,Y,2002.43,2002.43,0,1500,145,N,,,,,,,,N,N,0.13,10,,,,,,,,,,,,,,False,False,False,False,EXACT_DUPLICATE
RID-0006437,CRM,23-08-2026 18:36,CUS-005095,Iskandar Iyer,Male,14-09-1974,52,Single,Foreigner,Healthcare,148556,100k-200k,D27,iskandar.iyer255@example.com,+65 98230787,POL-0006437,05-01-2026,26-01-2026,PRUWealth Plus,Savings & Wealth,Bancassurance,Quarterly,29638.29,458000,29638.29,0.0483,30,Inforce,7,N,,Y,,N,,,,,0,N,CLM-0006437,09-06-2026,Disability,3570.23,Pending,,66,N,N,0.46,8,ASR-0001,50000,N,N,0.304,,,,,,,,,False,False,False,False,EXACT_DUPLICATE
RID-0015954,CRM,05-03-2026 13:38,CUS-034709,Muhammad Ariff Ho,Male,24-06-1976,50,Widowed,Citizen,Sales,43994,Below 50k,D23,muhammad.ariff.ho460@example.com,+65 94530973,POL-0015954,08-01-2023,14-01-2023,PRUShield Standard,Health & IP,Agency,Quarterly,4753.63,271000,4753.63,0.1428,30,Inforce,44,N,,Y,Public A-Ward,Y,2454.63,2454.63,0,2500,0,N,,,,,,,,N,N,0.12,6,,,,,,AGT-00115,Muhammad Ariff Wong,MDRT,102,AU-08,Active,26.7,0.695,False,False,False,False,EXACT_DUPLICATE
RID-0023724,AGENCY_MGMT,31-08-2026 04:41,CUS-024687,Arjun Fraser,Male,14-08-2005,21,Married,Citizen,Self-Employed,80910,50k-100k,D02,arjun.fraser104@example.com,+65 82166289,POL-0023724,12-11-2025,11-12-2025,PRUFlexiCash,Savings & Wealth,Agency,Annual,42393.86,293000,42393.86,0.094,20,Inforce,8,N,,Y,,N,,,,,92,N,CLM-0023724,20-01-2026,Critical Illness,3978.9,Approved,,4,N,Y,-0.44,5,ASR-0027,25000,N,N,0.393,AGT-00297,Cheryl Low,Senior,67,AU-23,Active,99.4,0.209,False,False,False,False,EXACT_DUPLICATE
RID-0012730,CRM,20-07-2026 11:25,CUS-007948,Muhammad Ariff Chua,Male,20-06-1993,33,Single,Employment Pass,Professional,48631,Below 50k,D21,muhammad.ariff.chua452@example.com,+65 83606616,POL-0012730,16-06-2026,12-07-2026,PRUActive Term,Protection,Bancassurance,Annual,3065.39,2631000,3065.39,0.2539,25,Inforce,1,N,,Y,,N,,,,,0,N,,,,,,,,N,N,0,9,,,,,,,,,,,,,,False,False,False,False,EXACT_DUPLICATE
RID-0040632,CLAIMS_SYS,10-06-2026 05:54,CUS-029575,Priya Yusof,Female,01-04-1987,39,Single,Permanent Resident,Civil Service,132563,100k-200k,D04,priya.yusof42@example.com,+65 98731098,POL-0040632,29-08-2023,03-09-2023,PRUShield Premier,Health & IP,Agency,Monthly,3339.85,306000,3339.85,0.1989,5,Inforce,36,N,,Y,Private Hospital,N,,,,,112,N,CLM-0040632,20-09-2025,Hospitalisation,57673.64,Approved,,29,N,N,0.45,7,ASR-0026,10000,N,N,0.388,AGT-00770,Joanne Ong,Senior,124,AU-28,Active,81.8,0.034,False,False,False,False,EXACT_DUPLICATE
RID-0007506,CRM,08-04-2026 10:15,CUS-040319,Yong Sheng Nair,Male,01-03-1993,33,Married,Citizen,Education,79316,50k-100k,D07,yong.sheng.nair441@example.com,+65 82103573,POL-0007506,30-12-2023,25-01-2024,PRUVantage Legacy,Savings & Wealth,Agency,Annual,30317.76,275000,30317.76,0.082,5,Inforce,31,N,,Y,,N,,,,,0,N,CLM-0007506,22-08-2025,Accident,2512.03,Declined,Outside panel provider,4,N,N,0.54,6,ASR-0001,50000,N,N,0.415,AGT-00198,Valerie Chan,Established,90,AU-14,Active,79,0.269,False,False,False,False,EXACT_DUPLICATE
RID-0020551,CLAIMS_SYS,13-08-2026 07:55,CUS-028865,Iskandar Kumar,Male,01-08-1965,61,Divorced,Citizen,Self-Employed,41171,Below 50k,D03,iskandar.kumar279@example.com,+65 92686833,POL-0020551,10-06-2026,14-06-2026,PRUVantage Legacy,Savings & Wealth,Agency,Quarterly,7100.18,459000,7100.18,0.0412,30,Inforce,2,N,,Y,,N,,,,,17,N,,,,,,,,N,N,0.85,5,,,,,,AGT-00577,Marcus Toh,Senior,124,AU-01,Active,99.4,0.17,False,False,False,False,EXACT_DUPLICATE
RID-0030512,POLICY_ADMIN,22-06-2026 11:11,CUS-040158,Lakshmi Hassan,Female,06-03-1983,43,Widowed,Foreigner,Professional,165584,100k-200k,D19,lakshmi.hassan233@example.com,+65 87186927,POL-0030512,28-02-2025,07-04-2025,PRUSave Endowment,Savings & Wealth,Agency,Monthly,25034.88,353000,25034.88,0.0774,25,Inforce,17,N,,Y,,N,,,,,85,N,CLM-0030512,14-05-2025,Outpatient Specialist,12787.89,Pending,,43,N,N,-0.06,10,ASR-0047,5000,N,N,0.281,AGT-00293,Suresh Kumar,Established,16,AU-05,Active,48.2,0.741,False,False,False,False,EXACT_DUPLICATE
RID-0018038,POLICY_ADMIN,20-07-2026 04:08,CUS-023749,Muhammad Ariff Fraser,Male,14-10-1972,54,Widowed,Citizen,Executive,123320,100k-200k,D22,muhammad.ariff.fraser344@example.com,+65 81839828,POL-0018038,08-12-2024,01-01-2025,PRUVantage Legacy,Savings & Wealth,Agency,Quarterly,33323.93,329000,33323.93,0.0802,10,Inforce,20,N,,Y,,N,,,,,179,N,CLM-0018038,01-02-2026,Death Benefit,2853.07,Declined,Waiting period not served,20,N,N,0.88,7,ASR-0008,10000,N,N,0.117,AGT-00333,Daniel Iyer,MDRT,215,AU-23,Active,53.8,0.277,False,False,False,False,EXACT_DUPLICATE
RID-0042724,AGENCY_MGMT,06-07-2026 19:02,CUS-001169,Siew Peng Osman,Female,17-02-1980,46,Single,Foreigner,Healthcare,57393,50k-100k,D12,siew.peng.osman164@example.com,+65 98822314,POL-0042724,23-03-2026,03-04-2026,PRUVantage Legacy,Savings & Wealth,Agency,Monthly,33782.03,479000,33782.03,0.0475,25,Inforce,5,N,,Y,,N,,,,,14,Y,,,,,,,,N,N,0.19,7,,,,,,AGT-00087,Valerie Ho,Established,45,AU-19,Active,23.5,0.386,False,False,False,False,EXACT_DUPLICATE
RID-0036647,CRM,12-03-2026 00:09,CUS-034963,Faisal Sim,Male,28-03-1982,44,Single,Citizen,Education,76612,50k-100k,D10,faisal.sim365@example.com,+65 85494163,POL-0036647,08-11-2024,18-12-2024,PRUTerm Secure,Protection,Digital,Annual,2058.95,887000,2058.95,0.2597,20,Inforce,20,N,,Y,,N,,,,,63,N,CLM-0036647,27-02-2025,Accident,13878.55,Approved,,9,N,N,0.74,7,ASR-0010,50000,N,N,0.914,,,,,,,,,False,False,False,False,EXACT_DUPLICATE
RID-0012398,CLAIMS_SYS,19-05-2026 22:24,CUS-022532,Siew Peng Tan,Female,19-03-1983,43,Divorced,Permanent Resident,Sales,104320,100k-200k,D28,siew.peng.tan369@example.com,+65 89434572,POL-0012398,24-12-2025,23-01-2026,PRUVantage Legacy,Savings & Wealth,Agency,Monthly,23194.07,392000,23194.07,0.0889,15,Matured,7,N,,Y,,N,,,,,26,N,CLM-0012398,20-08-2026,Accident,2368.17,Partially Approved,,25,N,N,-0.03,9,ASR-0033,25000,N,N,0.251,AGT-00230,Terence Bennett,New,2,AU-18,Active,86.1,0.235,False,False,False,False,EXACT_DUPLICATE
RID-0033608,CLAIMS_SYS,30-07-2026 18:33,CUS-022449,Rachel Neo,Female,08-04-1982,44,Married,Employment Pass,Sales,119342,100k-200k,D04,rachel.neo34@example.com,+65 85340263,POL-0033608,12-04-2025,29-04-2025,PRUActive Term,Protection,Agency,Annual,8616.75,2642000,8616.75,0.3165,10,Lapsed,16,Y,09-10-2025,N,,N,,,,,54,N,,,,,,,,N,N,0.71,9,,,,,,AGT-00128,Priya Ho,Senior,37,AU-38,Active,38.4,0.337,False,False,False,False,EXACT_DUPLICATE
RID-0044509,CLAIMS_SYS,30-04-2026 17:25,CUS-028244,Chee Keong Harper,Male,07-03-1969,57,Married,Citizen,Civil Service,42180,Below 50k,D13,chee.keong.harper198@example.com,+65 96427126,POL-0044509,12-10-2025,21-11-2025,PRUShield Premier,Health & IP,Broker,Annual,1561.13,939000,1561.13,0.1535,15,Inforce,9,N,,Y,Private Hospital,N,,,,,285,N,,,,,,,,N,N,0.43,5,,,,,,AGT-00338,Jia Hui Reddy,Established,95,AU-17,Active,37.1,0.069,False,False,False,False,EXACT_DUPLICATE
RID-0009477,AGENCY_MGMT,31-07-2026 02:25,CUS-021149,Jia Hui Reddy,Female,18-08-1971,55,Widowed,Citizen,Education,101453,100k-200k,D01,jia.hui.reddy497@example.com,+65 81245555,POL-0009477,27-05-2026,07-06-2026,PRUShield A Plus,Health & IP,Agency,Annual,1872.33,935000,1872.33,0.1268,30,Inforce,2,N,,Y,Private Hospital,Y,673.36,308.73,5,2500,28,N,CLM-0009477,08-06-2026,Death Benefit,780.14,Approved,,5,N,N,0.19,8,ASR-0055,5000,N,N,0.232,AGT-00078,Mei Yi Goh,Established,62,AU-18,Active,53.3,0.029,False,False,False,False,EXACT_DUPLICATE
RID-0028044,CRM,09-08-2026 20:34,CUS-011611,Iskandar Neo,Male,17-11-1981,45,Married,Citizen,Sales,138104,100k-200k,D08,iskandar.neo339@example.com,+65 93165027,POL-0028044,24-06-2026,08-08-2026,PRUShield Standard,Health & IP,Agency,Annual,3868.47,1157000,3868.47,0.1475,25,Inforce,1,N,,Y,Private Hospital,Y,1751.43,1173.85,5,5000,0,N,CLM-0028044,18-08-2026,Death Benefit,2945.84,Approved,,25,N,N,0.42,7,ASR-0031,100000,N,N,0.058,AGT-00001,Joanne Turner,Established,72,AU-01,Active,56.2,0.021,False,False,False,False,EXACT_DUPLICATE
RID-0035118,CLAIMS_SYS,20-08-2026 08:28,CUS-034439,Xin Yi Lee,Female,28-07-1969,57,Single,Citizen,Healthcare,35046,Below 50k,D22,xin.yi.lee171@example.com,+65 84735732,POL-0035118,11-02-2024,25-03-2024,PRUActive Term,Protection,Bancassurance,Monthly,7183.29,2907000,7183.29,0.2487,25,Inforce,29,N,,Y,,N,,,,,67,N,,,,,,,,N,N,0.83,8,,,,,,,,,,,,,,False,False,False,False,EXACT_DUPLICATE
RID-0015121,AGENCY_MGMT,31-07-2026 06:06,CUS-021798,Muhammad Ariff Sharma,Male,02-03-1994,32,Married,Employment Pass,Retired,107419,100k-200k,D17,muhammad.ariff.sharma118@example.com,+65 89140615,POL-0015121,27-09-2023,02-10-2023,PRUActive Term,Protection,Bancassurance,Annual,3923.09,2477000,3923.09,0.2374,20,Inforce,35,N,,Y,,N,,,,,105,N,,,,,,,,N,N,0.06,6,,,,,,,,,,,,,,False,False,False,False,EXACT_DUPLICATE
RID-0036170,CRM,04-05-2026 04:36,CUS-007801,Chee Keong Aziz,Male,23-11-1968,58,Divorced,Citizen,Manager,42342,Below 50k,D17,chee.keong.aziz460@example.com,+65 97390290,POL-0036170,15-09-2025,08-10-2025,PRUShield A Plus,Health & IP,Bancassurance,Annual,4926.89,654000,4926.89,0.1434,25,Inforce,10,N,,Y,Public A-Ward,Y,2067.88,2067.88,0,1500,0,N,CLM-0036170,18-10-2025,Day Surgery,27327.22,Declined,Waiting period not served,13,N,N,0.29,9,ASR-0053,25000,N,N,0.212,,,,,,,,,False,False,False,False,EXACT_DUPLICATE
RID-0047082,AGENCY_MGMT,25-03-2026 10:24,CUS-018255,Zulkifli Turner,Male,21-11-1992,34,Single,Citizen,Civil Service,94534,50k-100k,D13,zulkifli.turner218@example.com,+65 94383468,POL-0047082,24-10-2025,23-11-2025,PRUFlexiCash,Savings & Wealth,Broker,Quarterly,47514.29,91000,47514.29,0.053,25,Inforce,9,N,,Y,,N,,,,,0,Y,CLM-0047082,07-05-2026,Maternity,712.06,Approved,,15,N,N,0.74,8,ASR-0013,100000,Y,N,0.784,AGT-00366,Chee Keong Goh,New,8,AU-17,Active,42.9,0.322,False,False,False,False,EXACT_DUPLICATE
RID-0022250,AGENCY_MGMT,17-07-2026 00:12,CUS-030511,Nurul Aisyah Nair,Female,02-03-1995,31,Divorced,Citizen,Healthcare,47071,Below 50k,D21,nurul.aisyah.nair96@example.com,+65 91819140,POL-0022250,25-10-2025,06-12-2025,PRUShield A Plus,Health & IP,Agency,Monthly,3272.61,1036000,3272.61,0.2001,99,Inforce,8,N,,Y,Private Hospital,Y,1017.14,1017.14,0,2500,109,N,,,,,,,,N,N,0.75,8,,,,,,AGT-01015,Jia Hui Salleh,Established,14,AU-18,Active,73.2,0.068,False,False,False,False,EXACT_DUPLICATE
RID-0044800,POLICY_ADMIN,06-05-2026 19:50,CUS-015802,Wan Ting Menon,Female,08-08-1975,51,Married,Employment Pass,Professional,215040,200k-400k,D11,wan.ting.menon253@example.com,+65 86906517,POL-0044800,23-08-2024,27-09-2024,PRUVantage Legacy,Savings & Wealth,Bancassurance,Semi-Annual,13102.64,91000,13102.64,0.0494,25,Inforce,23,N,,Y,,N,,,,,25,N,CLM-0044800,20-09-2025,Disability,13527.44,Approved,,30,N,N,0.05,7,ASR-0054,5000,N,N,0.279,,,,,,,,,False,False,False,False,EXACT_DUPLICATE
RID-0015737,AGENCY_MGMT,16-06-2026 04:12,CUS-003509,Aminah Neo,Female,03-07-1995,31,Divorced,Citizen,Sales,142924,100k-200k,D14,aminah.neo25@example.com,+65 84830434,POL-0015737,08-02-2026,26-02-2026,PRUSelect Vantage,Investment-Linked,Bancassurance,Semi-Annual,13227.82,311000,13227.82,0.1108,30,Inforce,6,N,,Y,,N,,,,,0,N,CLM-0015737,24-05-2026,Critical Illness,9546.26,Approved,,10,N,Y,-0.55,5,ASR-0013,100000,Y,Y,0.631,,,,,,,,,False,False,False,False,EXACT_DUPLICATE
RID-0021224,CLAIMS_SYS,12-06-2026 17:29,CUS-009654,Wei Ming Osman,Male,26-03-1982,44,Single,Permanent Resident,Manager,128256,100k-200k,D12,wei.ming.osman231@example.com,+65 82626897,POL-0021224,03-09-2023,10-09-2023,PRUFlexiCash,Savings & Wealth,Agency,Monthly,34032.32,234000,34032.32,0.0605,99,Inforce,36,N,,Y,,N,,,,,0,N,CLM-0021224,26-01-2024,Day Surgery,9648,Approved,,20,N,N,0.85,7,ASR-0014,5000,N,N,0.14,AGT-00724,Yong Sheng Osman,Established,78,AU-10,Active,50.8,0.376,False,False,False,False,EXACT_DUPLICATE
RID-0036704,POLICY_ADMIN,14-06-2026 21:33,CUS-028392,Cheryl Ong,Female,19-12-1998,28,Single,Employment Pass,Self-Employed,98590,50k-100k,D05,cheryl.ong483@example.com,+65 89397006,POL-0036704,08-02-2023,03-03-2023,PRUCritical Cover,Protection,Agency,Monthly,2496.96,1600000,2496.96,0.3167,20,Inforce,42,N,,Y,,N,,,,,7,Y,CLM-0036704,05-01-2026,Death Benefit,2043.98,Approved,,10,N,N,0.82,7,ASR-0018,25000,N,N,0.099,AGT-00275,Nicholas Turner,Established,76,AU-12,Resigned,30.1,0.03,False,False,False,False,EXACT_DUPLICATE
RID-0032451,POLICY_ADMIN,06-08-2026 00:07,CUS-015762,Denise Yusof,Female,19-06-1985,41,Married,Citizen,Healthcare,30276,Below 50k,D06,denise.yusof430@example.com,+65 86466668,POL-0032451,10-05-2025,05-06-2025,PRUExtra Care,Health & IP,Broker,Quarterly,6449.92,242000,6449.92,0.1907,5,Inforce,15,N,,Y,Private Hospital,N,,,,,68,N,CLM-0032451,06-08-2026,Maternity,7090.75,Approved,,3,N,N,-0.09,9,ASR-0036,25000,N,N,0.253,AGT-00937,Xin Yi Harper,Established,27,AU-22,Active,92.8,0.055,False,False,False,False,EXACT_DUPLICATE
RID-0004803,CLAIMS_SYS,13-04-2026 19:20,CUS-024481,Zarina Mitchell,Female,11-08-2005,21,Married,Citizen,Education,44483,Below 50k,D21,zarina.mitchell374@example.com,+65 94705283,POL-0004803,04-02-2026,11-02-2026,PRULink Assurance,Investment-Linked,Bancassurance,Monthly,25820.14,430000,25820.14,0.0848,25,Inforce,6,N,,Y,,N,,,,,203,Y,,,,,,,,N,N,0.19,10,,,,,,,,,,,,,,False,False,False,False,EXACT_DUPLICATE
RID-0026970,POLICY_ADMIN,16-08-2026 13:04,CUS-030225,Faisal Sim,Male,02-07-2002,24,Married,Citizen,Retired,95877,50k-100k,D17,faisal.sim22@example.com,+65 89582317,POL-0026970,17-12-2024,14-01-2025,PRUVantage Legacy,Savings & Wealth,Agency,Monthly,47235.14,46000,47235.14,0.0912,25,Inforce,19,N,,Y,,N,,,,,63,N,,,,,,,,N,N,0.47,7,,,,,,AGT-00759,Zarina Raj,Established,20,AU-31,Active,20.2,0.376,False,False,False,False,EXACT_DUPLICATE
RID-0003387,POLICY_ADMIN,11-08-2026 18:47,CUS-010217,Rohan Neo,Male,14-03-1985,41,Single,Employment Pass,Healthcare,108645,100k-200k,D11,rohan.neo464@example.com,+65 96488930,POL-0003387,03-07-2026,24-07-2026,PRUCritical Cover,Protection,Agency,Semi-Annual,6469.68,1683000,6469.68,0.3125,30,Inforce,1,N,,Y,,N,,,,,186,N,,,,,,,,N,N,0.26,10,,,,,,AGT-00292,Jun Hao Reddy,New,10,AU-19,Active,95,0.382,False,False,False,False,EXACT_DUPLICATE
RID-0040306,AGENCY_MGMT,06-03-2026 16:40,CUS-018191,Suresh Yeo,Male,20-12-1999,27,Single,Citizen,Retired,102827,100k-200k,D21,suresh.yeo138@example.com,+65 92973389,POL-0040306,31-08-2025,21-09-2025,PRUWealth Plus,Savings & Wealth,Agency,Annual,27940.56,336000,27940.56,0.0567,15,Inforce,11,N,,Y,,N,,,,,38,Y,,,,,,,,N,N,0.17,9,,,,,,AGT-00817,Lakshmi Aziz,New,4,AU-13,Active,50.6,0.102,False,False,False,False,EXACT_DUPLICATE
RID-0038419,CLAIMS_SYS,15-07-2026 00:29,CUS-027923,Joanne Koh,Female,12-10-1994,32,Divorced,Permanent Resident,Sales,132123,100k-200k,D05,joanne.koh352@example.com,+65 84473437,POL-0038419,18-05-2024,10-06-2024,PRUSelect Vantage,Investment-Linked,Digital,Monthly,20859.07,576000,20859.07,0.1453,25,Inforce,27,N,,Y,,N,,,,,90,N,,,,,,,,N,N,0.95,5,,,,,,,,,,,,,,False,False,False,False,EXACT_DUPLICATE
RID-0031419,AGENCY_MGMT,09-07-2026 19:54,CUS-008280,Jonathan Chan,Male,03-08-1985,41,Divorced,Citizen,Healthcare,47130,Below 50k,D16,jonathan.chan64@example.com,+65 95953855,POL-0031419,06-02-2023,28-02-2023,PRUShield Premier,Health & IP,Broker,Monthly,5011.67,1395000,5011.67,0.2014,15,Inforce,42,N,,Y,Public B1-Ward,N,,,,,39,N,,,,,,,,N,N,0.9,9,,,,,,AGT-00349,Siew Peng Low,New,11,AU-10,Active,25.7,0.332,False,False,False,False,EXACT_DUPLICATE
RID-0017170,AGENCY_MGMT,21-04-2026 08:49,CUS-028420,Vikram Osman,Male,19-03-1963,63,Divorced,Citizen,Self-Employed,133382,100k-200k,D19,vikram.osman179@example.com,+65 94745024,POL-0017170,07-10-2023,19-10-2023,PRUExtra Care,Health & IP,Digital,Monthly,2103.08,1110000,2103.08,0.2011,5,Inforce,34,N,,Y,Public B1-Ward,Y,748.8,748.8,0,0,219,N,,,,,,,,N,N,-0.02,6,,,,,,,,,,,,,,False,False,False,False,EXACT_DUPLICATE
RID-0014636,POLICY_ADMIN,02-08-2026 16:01,CUS-003365,Joanne Lim,Female,13-11-1973,53,Divorced,Citizen,Civil Service,434031,Above 400k,D06,joanne.lim426@example.com,+65 98596815,POL-0014636,30-07-2023,10-09-2023,PRUShield Standard,Health & IP,Agency,Quarterly,1915.95,1171000,1915.95,0.1489,25,Inforce,36,N,,Y,Public A-Ward,N,,,,,0,N,CLM-0014636,13-10-2025,Accident,985.65,Declined,Non-disclosure at underwriting,27,N,N,0.05,10,ASR-0045,10000,N,N,0.413,AGT-00421,Joanne Fraser,New,6,AU-32,Active,42.5,0.38,False,False,False,False,EXACT_DUPLICATE
RID-0035603,CRM,05-07-2026 06:43,CUS-036902,Faisal Fraser,Male,09-08-1989,37,Married,Citizen,Manager,123904,100k-200k,D26,faisal.fraser228@example.com,+65 84528252,POL-0035603,30-05-2026,03-07-2026,PRUSave Endowment,Savings & Wealth,Digital,Monthly,29407.42,486000,29407.42,0.0892,5,Inforce,2,N,,Y,,N,,,,,30,N,CLM-0035603,12-07-2026,Outpatient Specialist,11467.28,Approved,,17,N,N,0.83,10,ASR-0037,50000,N,N,0.387,,,,,,,,,False,False,False,False,EXACT_DUPLICATE
RID-0004171,AGENCY_MGMT,19-05-2026 07:06,CUS-024009,Zarina Chan,Female,01-09-1998,28,Widowed,Permanent Resident,Civil Service,87990,50k-100k,D07,zarina.chan31@example.com,+65 99607340,POL-0004171,23-04-2025,28-05-2025,PRUWealth Plus,Savings & Wealth,Agency,Semi-Annual,35073.97,486000,35073.97,0.0916,25,Inforce,15,N,,Y,,N,,,,,513,N,,,,,,,,N,N,0.07,10,,,,,,AGT-00661,Muhammad Ariff Mitchell,Established,14,AU-05,Active,26.3,0.687,False,False,False,False,EXACT_DUPLICATE
RID-0003576,CRM,21-08-2026 04:06,CUS-023921,Aminah Bennett,Female,15-08-1986,40,Widowed,Citizen,Executive,38658,Below 50k,D01,aminah.bennett244@example.com,+65 93978014,POL-0003576,21-06-2023,06-07-2023,PRUTerm Secure,Protection,Bancassurance,Monthly,8697.01,575000,8697.01,0.2692,20,Lapsed,38,Y,24-03-2024,N,,N,,,,,52,N,CLM-0003576,14-08-2024,Critical Illness,901.22,Declined,Pre-existing condition,35,Y,Y,-0.79,3,ASR-0047,5000,N,N,0.161,,,,,,,,,False,False,False,False,EXACT_DUPLICATE
RID-0044316,CRM,22-08-2026 15:03,CUS-031039,Cheryl Bennett,Female,12-04-1989,37,Divorced,Citizen,Civil Service,175248,100k-200k,D06,cheryl.bennett358@example.com,+65 97417609,POL-0044316,22-08-2024,01-09-2024,PRUFlexiCash,Savings & Wealth,Bancassurance,Quarterly,20947.91,324000,20947.91,0.0384,20,Inforce,24,N,,Y,,N,,,,,136,N,CLM-0044316,23-05-2026,Hospitalisation,2310.94,Approved,,21,N,N,0.87,9,ASR-0044,50000,N,N,0.206,,,,,,,,,False,False,False,False,EXACT_DUPLICATE
RID-0019166,CRM,19-06-2026 18:05,CUS-006075,Cheryl Neo,Female,16-10-2004,22,Widowed,Citizen,Executive,43443,Below 50k,D21,cheryl.neo122@example.com,+65 88050937,POL-0019166,01-03-2026,09-03-2026,PRUSelect Vantage,Investment-Linked,Bancassurance,Monthly,2947.14,484000,2947.14,0.1078,99,Inforce,5,N,,Y,,N,,,,,0,N,CLM-0019166,24-06-2026,Outpatient Specialist,7404.49,Approved,,23,N,N,0.69,8,ASR-0043,5000,N,N,0.394,,,,,,,,,False,False,False,False,EXACT_DUPLICATE
RID-0037426,POLICY_ADMIN,12-06-2026 01:32,CUS-002457,Siti Nadia Tan,Female,06-03-1982,44,Divorced,Citizen,Self-Employed,46900,Below 50k,D07,siti.nadia.tan65@example.com,+65 82657178,POL-0037426,24-12-2024,30-01-2025,PRUCritical Cover,Protection,Bancassurance,Monthly,7998.62,1862000,7998.62,0.1707,99,Inforce,19,N,,Y,,N,,,,,27,N,CLM-0037426,04-08-2026,Disability,12769.78,Approved,,1,N,N,0.54,10,ASR-0048,25000,N,N,0.171,,,,,,,,,False,False,False,False,EXACT_DUPLICATE
RID-0024064,AGENCY_MGMT,02-08-2026 23:24,CUS-019555,Priya Yeo,Female,12-02-1993,33,Single,Citizen,Technician,97265,50k-100k,D10,priya.yeo357@example.com,+65 99944209,POL-0024064,09-11-2025,23-11-2025,PRUShield Standard,Health & IP,Agency,Monthly,3597.15,1125000,3597.15,0.1997,10,Inforce,9,N,,Y,Public B1-Ward,Y,1786.53,1786.53,0,2500,0,N,,,,,,,,N,N,0.42,5,,,,,,AGT-00903,Lakshmi Chan,Senior,45,AU-27,Active,50.6,0.394,False,False,False,False,EXACT_DUPLICATE
RID-0036026,CRM,02-08-2026 22:36,CUS-011092,Aravind Chan,Male,21-05-1983,43,Divorced,Permanent Resident,Civil Service,38973,Below 50k,D15,aravind.chan220@example.com,+65 95941862,POL-0036026,25-04-2023,11-05-2023,PRUShield Premier,Health & IP,Agency,Quarterly,4307.57,280000,4307.57,0.162,99,Inforce,40,N,,Y,Private Hospital,Y,2008.85,2008.85,0,0,117,N,CLM-0036026,08-05-2025,Maternity,9297.8,Partially Approved,,23,N,N,0.68,6,ASR-0038,100000,N,N,0.2,AGT-00038,Anjali Toh,Senior,178,AU-40,Active,43.4,0.346,False,False,False,False,EXACT_DUPLICATE
RID-0015537,POLICY_ADMIN,07-03-2026 14:58,CUS-027585,Rohan Hassan,Male,14-02-1965,61,Single,Citizen,Manager,73220,50k-100k,D08,rohan.hassan140@example.com,+65 81159451,POL-0015537,10-04-2024,06-05-2024,PRULink Global Growth,Investment-Linked,Bancassurance,Monthly,24657.42,857000,24657.42,0.1188,15,Inforce,28,N,,Y,,N,,,,,97,N,CLM-0015537,13-05-2026,Hospitalisation,3317.97,Approved,,18,N,N,0.54,7,ASR-0049,100000,N,N,0.339,,,,,,,,,False,False,False,False,EXACT_DUPLICATE
RID-0002637,CRM,21-08-2026 12:16,CUS-029563,Mei Yi Neo,Female,09-04-1984,42,Widowed,Permanent Resident,Manager,67396,50k-100k,D07,mei.yi.neo379@example.com,+65 93361534,POL-0002637,12-08-2023,25-09-2023,PRUWealth Plus,Savings & Wealth,Bancassurance,Annual,20581.88,265000,20581.88,0.0673,30,Inforce,35,N,,Y,,N,,,,,28,N,,,,,,,,N,N,0.09,10,,,,,,,,,,,,,,False,False,False,False,EXACT_DUPLICATE
RID-0023725,CRM,16-06-2026 21:32,CUS-025401,Marcus Chua,Male,09-08-1977,49,Single,Citizen,Sales,136177,100k-200k,D14,marcus.chua426@example.com,+65 94949893,POL-0023725,12-06-2023,09-07-2023,PRUVantage Legacy,Savings & Wealth,Agency,Annual,52230.14,134000,52230.14,0.0536,20,Inforce,38,N,,Y,,N,,,,,47,N,CLM-0023725,15-05-2026,Maternity,26486.73,Approved,,10,N,N,0.3,9,ASR-0052,5000,N,N,0.064,AGT-00955,Nurul Aisyah Low,Established,50,AU-07,Active,61.5,0.269,False,False,False,False,EXACT_DUPLICATE
RID-0032670,CLAIMS_SYS,18-06-2026 17:56,CUS-011386,Vikram Wright,Male,19-08-1951,75,Widowed,Permanent Resident,Professional,55805,50k-100k,D20,vikram.wright117@example.com,+65 89844398,POL-0032670,28-12-2024,10-01-2025,PRULink Assurance,Investment-Linked,Broker,Monthly,40037.83,706000,40037.83,0.1235,15,Inforce,19,N,,Y,,N,,,,,18,N,CLM-0032670,13-06-2025,Death Benefit,2509.41,Approved,,12,N,N,-0.05,7,ASR-0028,10000,N,Y,0.254,AGT-00853,Meera Chong,Established,31,AU-21,Active,68,0.418,False,False,False,False,EXACT_DUPLICATE
RID-0011550,CRM,11-05-2026 11:59,CUS-011329,Iskandar Wong,Male,02-06-1983,43,Married,Citizen,Civil Service,61972,50k-100k,D01,iskandar.wong256@example.com,+65 93611924,POL-0011550,13-08-2025,19-09-2025,PRUSave Endowment,Savings & Wealth,Direct,Annual,55868.27,290000,55868.27,0.0894,15,Inforce,11,N,,Y,,N,,,,,133,N,,,,,,,,N,N,0.14,5,,,,,,,,,,,,,,False,False,False,False,EXACT_DUPLICATE
RID-0016718,CRM,21-04-2026 05:40,CUS-029463,Zulkifli Lim,Male,12-05-1984,42,Divorced,Citizen,Self-Employed,30000,Below 50k,D25,zulkifli.lim260@example.com,+65 99370909,POL-0016718,07-05-2024,08-05-2024,PRUWealth Plus,Savings & Wealth,Bancassurance,Semi-Annual,39505.25,469000,39505.25,0.056,15,Inforce,28,N,,Y,,N,,,,,316,N,CLM-0016718,05-07-2024,Death Benefit,2667.17,Declined,Policy exclusion clause,1,N,N,0.82,9,ASR-0024,50000,N,Y,0.385,,,,,,,,,False,False,False,False,EXACT_DUPLICATE
RID-0005533,POLICY_ADMIN,26-08-2026 12:40,CUS-009330,Kai Xuan Wong,Male,04-04-1968,58,Single,Employment Pass,Education,131508,100k-200k,D11,kai.xuan.wong156@example.com,+65 96277220,POL-0005533,01-01-2026,19-01-2026,PRUWealth Plus,Savings & Wealth,Broker,Annual,56483.46,62000,56483.46,0.0429,30,Inforce,7,N,,Y,,N,,,,,257,N,CLM-0005533,30-04-2026,Hospitalisation,6810.83,Approved,,32,N,N,0,10,ASR-0033,25000,N,N,0.186,AGT-00604,Wei Ming Lim,Established,40,AU-22,Active,51.6,0.111,False,False,False,False,EXACT_DUPLICATE
RID-0003298,AGENCY_MGMT,25-04-2026 15:37,CUS-020164,Nicholas Mitchell,Male,05-12-1993,33,Single,Foreigner,Technician,95163,50k-100k,D17,nicholas.mitchell116@example.com,+65 95754758,POL-0003298,07-11-2025,17-12-2025,PRUVantage Legacy,Savings & Wealth,Agency,Annual,34956.98,467000,34956.98,0.0607,20,Inforce,8,N,,Y,,N,,,,,39,N,,,,,,,,N,N,0.44,9,,,,,,AGT-00487,Arjun Kumar,Established,83,AU-33,Active,85.2,0.356,False,False,False,False,EXACT_DUPLICATE
RID-0036714,POLICY_ADMIN,26-05-2026 13:43,CUS-026825,Suresh Salleh,Male,13-12-1993,33,Single,Permanent Resident,Retired,64913,50k-100k,D27,suresh.salleh466@example.com,+65 97561259,POL-0036714,04-01-2023,16-01-2023,PRUSelect Vantage,Investment-Linked,Direct,Semi-Annual,9275.78,751000,9275.78,0.1677,15,Inforce,44,N,,Y,,N,,,,,40,N,CLM-0036714,16-05-2023,Critical Illness,2043.87,Approved,,11,N,N,-0.07,7,ASR-0040,100000,N,N,0.336,,,,,,,,,False,False,False,False,EXACT_DUPLICATE
RID-0035081,CRM,08-03-2026 19:12,CUS-021239,Divya Rahman,Female,08-04-1987,39,Divorced,Permanent Resident,Civil Service,50886,50k-100k,D05,divya.rahman285@example.com,+65 82289826,POL-0035081,08-04-2025,26-04-2025,PRUShield A Plus,Health & IP,Bancassurance,Monthly,4618.19,1164000,4618.19,0.0971,10,Inforce,16,N,,Y,Private Hospital,Y,1892.1,1892.1,0,0,447,N,CLM-0035081,13-04-2026,Outpatient Specialist,24377.54,Approved,,20,N,N,0,6,ASR-0032,25000,N,N,0.054,,,,,,,,,False,False,False,False,EXACT_DUPLICATE
RID-0016853,AGENCY_MGMT,26-07-2026 09:05,CUS-001215,Priya Ng,Female,28-01-1975,51,Widowed,Permanent Resident,Technician,111203,100k-200k,D13,priya.ng496@example.com,+65 89242080,POL-0016853,21-01-2025,16-02-2025,PRULink Assurance,Investment-Linked,Agency,Quarterly,20802.03,459000,20802.03,0.1642,5,Inforce,18,N,,Y,,N,,,,,0,N,CLM-0016853,19-04-2026,Accident,20225.04,Approved,,1,N,N,-0.12,10,ASR-0023,50000,N,N,0.034,AGT-00781,Aminah Aziz,Senior,130,AU-01,Active,51.6,0.293,False,False,False,False,EXACT_DUPLICATE
RID-0030117,CLAIMS_SYS,11-08-2026 02:40,CUS-032833,Lakshmi Foo,Female,14-08-1965,61,Divorced,Citizen,Professional,68713,50k-100k,D09,lakshmi.foo340@example.com,+65 99871874,POL-0030117,22-12-2024,26-12-2024,PRUSave Endowment,Savings & Wealth,Agency,Annual,5467.59,93000,5467.59,0.0438,30,Inforce,20,N,,Y,,N,,,,,48,Y,CLM-0030117,28-02-2025,Outpatient Specialist,9738.69,Approved,,7,N,N,0.21,6,ASR-0058,100000,N,N,0.213,AGT-00326,Terence Sharma,Established,76,AU-09,Active,56.9,0.306,False,False,False,False,EXACT_DUPLICATE
RID-0031980,CRM,17-04-2026 06:34,CUS-013583,Jia Hui Goh,Female,15-10-2000,26,Married,Citizen,Education,64170,50k-100k,D23,jia.hui.goh472@example.com,+65 84444536,POL-0031980,22-10-2023,03-11-2023,PRUWealth Plus,Savings & Wealth,Broker,Monthly,42464.21,356000,42464.21,0.0521,99,Inforce,34,N,,Y,,N,,,,,397,Y,CLM-0031980,28-05-2026,Maternity,3298.34,Withdrawn,,18,N,N,0.74,6,ASR-0025,50000,N,N,0.306,AGT-00927,Mei Yi Seah,Established,54,AU-28,Active,73.5,0.348,False,False,False,False,EXACT_DUPLICATE
RID-0019087,CLAIMS_SYS,22-03-2026 06:14,CUS-010289,Rachel Mitchell,Female,16-12-1973,53,Married,Citizen,Executive,60759,50k-100k,D06,rachel.mitchell332@example.com,+65 94742299,POL-0019087,07-08-2025,06-09-2025,PRUShield Life,Protection,Bancassurance,Annual,5408.52,1821000,5408.52,0.2391,99,Inforce,12,N,,Y,,N,,,,,31,N,CLM-0019087,22-02-2026,Critical Illness,13213.56,Pending,,49,N,N,0.97,6,ASR-0046,25000,N,Y,0.198,,,,,,,,,False,False,False,False,EXACT_DUPLICATE
RID-0015535,POLICY_ADMIN,10-06-2026 19:10,CUS-007718,Terence Neo,Male,27-03-1977,49,Widowed,Employment Pass,Healthcare,137073,100k-200k,D18,terence.neo275@example.com,+65 84938419,POL-0015535,21-03-2024,10-04-2024,PRUWealth Plus,Savings & Wealth,Broker,Annual,44019.84,258000,44019.84,0.0667,20,Inforce,29,N,,Y,,N,,,,,0,N,,,,,,,,N,N,0.69,5,,,,,,AGT-00276,Zulkifli Turner,Established,83,AU-10,Active,43.8,0.357,False,False,False,False,EXACT_DUPLICATE
RID-0045280,AGENCY_MGMT,21-04-2026 19:56,CUS-000594,Hakim Rahman,Male,09-06-1982,44,Married,Citizen,Professional,51962,50k-100k,D27,hakim.rahman436@example.com,+65 94784969,POL-0045280,05-07-2023,11-08-2023,PRUSelect Vantage,Investment-Linked,Agency,Annual,41713.12,545000,41713.12,0.1414,15,Inforce,37,N,,Y,,N,,,,,0,N,CLM-0045280,16-04-2026,Death Benefit,870.92,Approved,,19,N,N,-0.15,8,ASR-0004,100000,N,N,0.288,AGT-00559,Marcus Sharma,Senior,83,AU-12,Active,24.9,0.422,False,False,False,False,EXACT_DUPLICATE
RID-0003152,CLAIMS_SYS,05-04-2026 11:13,CUS-036145,Jia Hui Hassan,Female,13-06-1990,36,Married,Citizen,Education,34960,Below 50k,D17,jia.hui.hassan267@example.com,+65 83034157,POL-0003152,29-09-2025,07-10-2025,PRUSelect Vantage,Investment-Linked,Agency,Annual,34768.44,177000,34768.44,0.1594,10,Inforce,10,N,,Y,,N,,,,,162,N,,,,,,,,N,N,0.87,10,,,,,,AGT-00828,Priya Harper,Established,84,AU-25,Active,81.1,0.179,False,False,False,False,EXACT_DUPLICATE
RID-0026784,AGENCY_MGMT,20-07-2026 05:27,CUS-022702,Arjun Pillai,Male,10-07-1976,50,Single,Permanent Resident,Executive,84691,50k-100k,D08,arjun.pillai427@example.com,+65 97869327,POL-0026784,06-05-2023,07-06-2023,PRUFlexiCash,Savings & Wealth,Agency,Annual,46789.96,313000,46789.96,0.0427,20,Inforce,39,N,,Y,,N,,,,,73,N,,,,,,,,N,N,0.83,10,,,,,,AGT-00393,Iskandar Teo,New,2,AU-38,Active,65.2,0.217,False,False,False,False,EXACT_DUPLICATE
RID-0036665,CLAIMS_SYS,31-03-2026 12:16,CUS-022925,Zarina Neo,Female,13-02-1978,48,Divorced,Citizen,Self-Employed,30769,Below 50k,D14,zarina.neo250@example.com,+65 96036027,POL-0036665,01-05-2024,08-06-2024,PRUVantage Legacy,Savings & Wealth,Agency,Annual,28460.29,147000,28460.29,0.0666,25,Inforce,27,N,,Y,,N,,,,,127,N,CLM-0036665,01-06-2025,Critical Illness,412.14,Approved,,28,N,Y,-0.59,3,ASR-0021,100000,N,N,0.081,AGT-01125,Valerie Pillai,Established,65,AU-05,Active,58.7,0.468,False,False,False,False,EXACT_DUPLICATE
RID-0024330,AGENCY_MGMT,25-03-2026 07:13,CUS-032922,Siti Nadia Salleh,Female,12-02-1978,48,Married,Permanent Resident,Education,142307,100k-200k,D22,siti.nadia.salleh208@example.com,+65 86074123,POL-0024330,07-11-2023,18-11-2023,PRUSave Endowment,Savings & Wealth,Broker,Annual,24211.37,487000,24211.37,0.0825,5,Inforce,33,N,,Y,,N,,,,,151,N,CLM-0024330,26-04-2025,Outpatient Specialist,11707.12,Approved,,21,N,N,0.41,8,ASR-0038,100000,N,N,0.182,AGT-01166,Muhammad Ariff Aziz,Senior,171,AU-01,Active,67.1,0.048,False,False,False,False,EXACT_DUPLICATE
RID-0030557,CRM,13-06-2026 18:57,CUS-010160,Valerie Salleh,Female,19-04-1977,49,Divorced,Citizen,Technician,95137,50k-100k,D16,valerie.salleh77@example.com,+65 92696743,POL-0030557,25-01-2023,25-02-2023,PRUFlexiCash,Savings & Wealth,Bancassurance,Annual,40347.61,211000,40347.61,0.0464,20,Inforce,42,N,,Y,,N,,,,,44,Y,,,,,,,,N,N,0.4,8,,,,,,,,,,,,,,False,False,False,False,EXACT_DUPLICATE
RID-0028481,CLAIMS_SYS,26-08-2026 13:12,CUS-016791,Jun Hao Pillai,Male,26-04-1988,38,Widowed,Permanent Resident,Manager,92020,50k-100k,D20,jun.hao.pillai134@example.com,+65 91850265,POL-0028481,26-06-2026,15-07-2026,PRUShield Life,Protection,Bancassurance,Annual,2032.34,1572000,2032.34,0.1782,20,Inforce,1,N,,Y,,N,,,,,107,N,CLM-0028481,26-07-2026,Day Surgery,8492.27,Declined,Policy exclusion clause,15,N,N,-0.14,10,ASR-0034,100000,N,N,0.124,,,,,,,,,False,False,False,False,EXACT_DUPLICATE
RID-0023897,CLAIMS_SYS,16-08-2026 18:56,CUS-008879,Iskandar Nair,Male,14-05-2003,23,Widowed,Citizen,Technician,51810,50k-100k,D01,iskandar.nair400@example.com,+65 83570341,POL-0023897,09-06-2026,10-06-2026,PRUSelect Vantage,Investment-Linked,Agency,Semi-Annual,13519.12,721000,13519.12,0.1643,15,Inforce,2,N,,Y,,N,,,,,7,N,CLM-0023897,29-08-2026,Death Benefit,12101.24,Approved,,21,N,N,0.14,8,ASR-0011,50000,N,N,0.129,AGT-00313,Jun Hao Wong,Senior,64,AU-06,Active,46.7,0.532,False,False,False,False,EXACT_DUPLICATE
RID-0010065,AGENCY_MGMT,12-05-2026 06:05,CUS-031869,Vikram Wong,Male,07-05-1981,45,Divorced,Permanent Resident,Sales,165913,100k-200k,D07,vikram.wong110@example.com,+65 86636404,POL-0010065,08-10-2025,22-10-2025,PRUVantage Legacy,Savings & Wealth,Agency,Annual,26739.71,485000,26739.71,0.0464,25,Inforce,10,N,,Y,,N,,,,,108,N,CLM-0010065,26-03-2026,Maternity,970.55,Declined,Policy exclusion clause,21,Y,N,-0.05,10,ASR-0033,25000,N,N,0.419,AGT-00275,Nicholas Turner,Established,76,AU-12,Resigned,30.1,0.03,False,False,False,False,EXACT_DUPLICATE
RID-0004239,CRM,03-08-2026 15:41,CUS-035544,Nicholas Low,Male,24-02-1969,57,Divorced,Citizen,Healthcare,63645,50k-100k,D09,nicholas.low177@example.com,+65 86371625,POL-0004239,13-06-2024,02-07-2024,PRUSave Endowment,Savings & Wealth,Agency,Annual,21485.31,441000,21485.31,0.0928,30,Inforce,26,N,,Y,,N,,,,,12,N,,,,,,,,N,N,0.95,5,,,,,,AGT-00690,Siew Peng Nair,Established,32,AU-04,Active,33.8,0.138,False,False,False,False,EXACT_DUPLICATE
RID-0007185,AGENCY_MGMT,15-04-2026 13:18,CUS-012211,Rohan Raj,Male,18-12-1991,35,Single,Citizen,Professional,65287,50k-100k,D26,rohan.raj205@example.com,+65 87337348,POL-0007185,07-02-2025,10-02-2025,PRUSave Endowment,Savings & Wealth,Bancassurance,Monthly,54147.19,265000,54147.19,0.0738,10,Inforce,18,N,,Y,,N,,,,,268,N,CLM-0007185,14-05-2026,Hospitalisation,20762.84,Approved,,22,N,N,0.5,9,ASR-0027,25000,N,N,0.121,,,,,,,,,False,False,False,False,EXACT_DUPLICATE
RID-0019094,CRM,18-03-2026 20:46,CUS-010618,Rohan Ng,Male,15-12-1992,34,Single,Citizen,Manager,44779,Below 50k,D18,rohan.ng232@example.com,+65 95858687,POL-0019094,01-02-2024,17-02-2024,PRULink Global Growth,Investment-Linked,Direct,Annual,33100.89,891000,33100.89,0.1305,20,Inforce,30,N,,Y,,N,,,,,111,N,CLM-0019094,29-10-2024,Accident,23663.68,Approved,,9,N,N,-0.09,8,ASR-0015,25000,N,Y,0.694,,,,,,,,,False,False,False,False,EXACT_DUPLICATE
RID-0042575,AGENCY_MGMT,28-03-2026 20:57,CUS-014265,Hui Ling Ibrahim,Female,19-05-1970,56,Married,Citizen,Self-Employed,115317,100k-200k,D21,hui.ling.ibrahim443@example.com,+65 93493727,POL-0042575,26-12-2025,22-01-2026,PRUVantage Legacy,Savings & Wealth,Agency,Annual,43113.32,93000,43113.32,0.0669,5,Inforce,7,N,,Y,,N,,,,,91,N,CLM-0042575,29-08-2026,Outpatient Specialist,961.9,Approved,,23,N,N,0.83,10,ASR-0043,5000,N,N,0.002,AGT-01015,Jia Hui Salleh,Established,14,AU-18,Active,73.2,0.068,False,False,False,False,EXACT_DUPLICATE
RID-0034588,CRM,16-04-2026 12:13,CUS-017589,Mei Yi Goh,Female,08-07-1975,51,Divorced,Permanent Resident,Civil Service,121961,100k-200k,D21,mei.yi.goh328@example.com,+65 99707675,POL-0034588,14-11-2024,20-11-2024,PRUTerm Secure,Protection,Bancassurance,Semi-Annual,8260.74,657000,8260.74,0.2284,30,Inforce,21,N,,Y,,N,,,,,38,N,CLM-0034588,28-04-2025,Critical Illness,8272.03,Approved,,23,N,N,0.27,6,ASR-0005,10000,N,N,0.326,,,,,,,,,False,False,False,False,EXACT_DUPLICATE
RID-0005355,CRM,25-08-2026 20:48,CUS-003953,Arjun Lee,Male,03-12-1982,44,Divorced,Citizen,Civil Service,44743,Below 50k,D04,arjun.lee454@example.com,+65 94220746,POL-0005355,17-05-2025,16-06-2025,PRUCritical Cover,Protection,Agency,Quarterly,8257.96,2421000,8257.96,0.2299,5,Inforce,14,N,,Y,,N,,,,,135,N,CLM-0005355,31-08-2026,Hospitalisation,8837.36,Approved,,23,N,N,0.52,10,ASR-0026,10000,N,N,0.065,AGT-00949,Jonathan Reddy,Established,69,AU-12,Active,85.8,0.026,False,False,False,False,EXACT_DUPLICATE
RID-0004895,CRM,07-05-2026 11:25,CUS-029918,Arjun Fraser,Male,02-01-1981,45,Single,Citizen,Retired,136592,100k-200k,D27,arjun.fraser25@example.com,+65 87242499,POL-0004895,15-03-2026,20-04-2026,PRUSelect Vantage,Investment-Linked,Bancassurance,Annual,43212.62,88000,43212.62,0.1159,20,Inforce,4,N,,Y,,N,,,,,159,N,,,,,,,,N,N,0.75,9,,,,,,,,,,,,,,False,False,False,False,EXACT_DUPLICATE
RID-0011787,CRM,28-07-2026 18:49,CUS-020410,Xin Yi Chua,Female,11-04-1982,44,Married,Citizen,Healthcare,200068,200k-400k,D24,xin.yi.chua30@example.com,+65 94712118,POL-0011787,22-05-2026,31-05-2026,PRUCritical Cover,Protection,Agency,Monthly,7667.15,966000,7667.15,0.2347,20,Inforce,3,N,,Y,,N,,,,,50,Y,CLM-0011787,21-08-2026,Outpatient Specialist,8821.89,Pending,,22,N,N,0.05,10,ASR-0005,10000,N,N,0.059,AGT-00880,Anjali Raj,Senior,79,AU-17,Active,27.1,0.218,False,False,False,False,EXACT_DUPLICATE
RID-0037601,AGENCY_MGMT,08-05-2026 03:52,CUS-017706,Wei Ming Ibrahim,Male,02-06-1974,52,Divorced,Citizen,Executive,176757,100k-200k,D28,wei.ming.ibrahim164@example.com,+65 88831222,POL-0037601,13-04-2024,24-05-2024,PRUCritical Cover,Protection,Direct,Quarterly,2929.2,928000,2929.2,0.3198,99,Inforce,27,N,,Y,,N,,,,,126,Y,CLM-0037601,16-07-2024,Accident,1942.17,Approved,,27,N,N,0.72,9,ASR-0005,10000,N,N,0.023,,,,,,,,,False,False,False,False,EXACT_DUPLICATE
RID-0018902,POLICY_ADMIN,25-07-2026 05:03,CUS-009362,Nurul Aisyah Raj,Female,26-10-1978,48,Single,Permanent Resident,Retired,125169,100k-200k,D14,nurul.aisyah.raj253@example.com,+65 95054642,POL-0018902,14-06-2024,20-06-2024,PRUVantage Legacy,Savings & Wealth,Agency,Monthly,17515.92,258000,17515.92,0.0397,10,Inforce,26,N,,Y,,N,,,,,228,N,,,,,,,,N,N,0.25,7,,,,,,AGT-00520,Iskandar Lim,New,2,AU-25,Active,55.3,0.279,False,False,False,False,EXACT_DUPLICATE
RID-0040690,CLAIMS_SYS,27-05-2026 10:00,CUS-015419,Denise Chan,Female,17-05-1985,41,Divorced,Citizen,Healthcare,183313,100k-200k,D28,denise.chan313@example.com,+65 89226552,POL-0040690,28-04-2024,04-06-2024,PRUSelect Vantage,Investment-Linked,Bancassurance,Annual,22148.99,94000,22148.99,0.1202,5,Inforce,27,N,,Y,,N,,,,,79,N,CLM-0040690,03-12-2024,Maternity,12635.48,Approved,,34,N,N,-0.19,7,ASR-0043,5000,N,N,0.285,,,,,,,,,False,False,False,False,EXACT_DUPLICATE
RID-0002934,POLICY_ADMIN,12-04-2026 03:12,CUS-009659,Muhammad Ariff Ng,Male,24-03-1980,46,Widowed,Citizen,Healthcare,60741,50k-100k,D05,muhammad.ariff.ng62@example.com,+65 96458209,POL-0002934,05-08-2025,05-09-2025,PRUActive Term,Protection,Bancassurance,Quarterly,8611.18,1860000,8611.18,0.2031,20,Inforce,12,N,,Y,,N,,,,,38,Y,CLM-0002934,28-01-2026,Disability,16722.84,Approved,,8,N,N,0.02,7,ASR-0025,50000,N,N,0.17,,,,,,,,,False,False,False,False,EXACT_DUPLICATE
RID-0001265,POLICY_ADMIN,24-08-2026 21:27,CUS-040704,Divya Iyer,Female,03-02-1979,47,Widowed,Employment Pass,Executive,57705,50k-100k,D11,divya.iyer328@example.com,+65 96905022,POL-0001265,28-10-2024,20-11-2024,PRUVantage Legacy,Savings & Wealth,Bancassurance,Semi-Annual,29910.09,404000,29910.09,0.0628,10,Inforce,21,N,,Y,,N,,,,,12,N,CLM-0001265,30-10-2025,Outpatient Specialist,6543.73,Partially Approved,,2,N,N,0.99,7,ASR-0037,50000,N,N,0.137,,,,,,,,,False,False,False,False,EXACT_DUPLICATE
RID-0029980,POLICY_ADMIN,01-07-2026 21:32,CUS-012615,Xin Yi Tan,Female,07-02-1986,40,Widowed,Permanent Resident,Civil Service,101141,100k-200k,D16,xin.yi.tan357@example.com,+65 91401081,POL-0029980,13-01-2024,25-02-2024,PRUSave Endowment,Savings & Wealth,Direct,Monthly,28799.24,92000,28799.24,0.0539,30,Inforce,30,N,,Y,,N,,,,,353,N,CLM-0029980,28-03-2024,Disability,1472.6,Pending,,29,N,N,-0.01,10,ASR-0015,25000,Y,N,0.934,,,,,,,,,False,False,False,False,EXACT_DUPLICATE
RID-0037091,CRM,30-07-2026 02:41,CUS-024043,Mei Yi Reddy,Female,15-01-1980,46,Married,Citizen,Retired,75293,50k-100k,D13,mei.yi.reddy45@example.com,+65 88831476,POL-0037091,06-04-2025,21-05-2025,PRUFlexiCash,Savings & Wealth,Direct,Quarterly,30302.07,96000,30302.07,0.087,25,Inforce,15,N,,Y,,N,,,,,31,N,,,,,,,,N,N,0.34,5,,,,,,,,,,,,,,False,False,False,False,EXACT_DUPLICATE
RID-0005369,AGENCY_MGMT,16-08-2026 14:44,CUS-014959,Cheryl Ibrahim,Female,26-06-2001,25,Married,Citizen,Executive,189165,100k-200k,D04,cheryl.ibrahim244@example.com,+65 86152806,POL-0005369,27-02-2023,14-03-2023,PRUWealth Plus,Savings & Wealth,Agency,Quarterly,6004.45,302000,6004.45,0.0666,20,Inforce,42,N,,Y,,N,,,,,70,N,,,,,,,,N,N,0.79,5,,,,,,AGT-00870,Terence Ong,MDRT,121,AU-21,Active,48.4,0.356,False,False,False,False,EXACT_DUPLICATE
RID-0016271,POLICY_ADMIN,23-07-2026 18:21,CUS-007945,Suresh Seah,Male,15-05-1974,52,Single,Citizen,Sales,51011,50k-100k,D14,suresh.seah159@example.com,+65 96783112,POL-0016271,10-06-2025,24-06-2025,PRUActive Term,Protection,Direct,Semi-Annual,1193.2,1958000,1193.2,0.3361,20,Inforce,14,N,,Y,,N,,,,,88,Y,CLM-0016271,06-12-2025,Disability,1861.85,Approved,,21,N,N,0.04,10,ASR-0009,25000,N,N,0.412,,,,,,,,,False,False,False,False,EXACT_DUPLICATE
RID-0009599,CRM,16-04-2026 19:59,CUS-024730,Nicholas Ibrahim,Male,08-01-1978,48,Married,Citizen,Education,55346,50k-100k,D13,nicholas.ibrahim109@example.com,+65 99166925,POL-0009599,02-06-2025,04-06-2025,PRUSave Endowment,Savings & Wealth,Agency,Annual,17941.72,169000,17941.72,0.0507,99,Inforce,15,N,,Y,,N,,,,,171,N,CLM-0009599,06-10-2025,Disability,972.31,Approved,,23,N,N,0.66,7,ASR-0049,100000,N,N,0.202,AGT-01112,Joanne Kamal,New,9,AU-03,Active,71.3,0.1,False,False,False,False,EXACT_DUPLICATE
RID-0043881,CRM,24-04-2026 08:27,CUS-001824,Rachel Kumar,Female,03-12-1980,46,Widowed,Citizen,Retired,39065,Below 50k,D20,rachel.kumar199@example.com,+65 88984616,POL-0043881,30-11-2025,17-12-2025,PRUShield Premier,Health & IP,Bancassurance,Annual,930.7,666000,930.7,0.1011,25,Inforce,8,N,,Y,Public A-Ward,N,,,,,0,N,CLM-0043881,19-05-2026,Outpatient Specialist,9295.04,Pending,,41,N,N,0.47,7,ASR-0008,10000,N,N,0.129,,,,,,,,,False,False,False,False,EXACT_DUPLICATE
RID-0014258,CLAIMS_SYS,19-07-2026 06:49,CUS-009800,Jun Hao Nair,Male,20-11-1982,44,Widowed,Citizen,Self-Employed,58653,50k-100k,D28,jun.hao.nair323@example.com,+65 95432961,POL-0014258,24-10-2025,07-11-2025,PRUVantage Legacy,Savings & Wealth,Agency,Annual,44690.16,142000,44690.16,0.095,25,Inforce,9,N,,Y,,N,,,,,0,Y,CLM-0014258,22-02-2026,Day Surgery,1918.14,Partially Approved,,24,N,N,0,7,ASR-0053,25000,N,N,0.08,AGT-00736,Priya Ng,Established,42,AU-09,Active,46.7,0.112,False,False,False,False,EXACT_DUPLICATE
RID-0031177,CRM,21-08-2026 04:25,CUS-010978,Deepak Low,Male,12-10-1975,51,Single,Foreigner,Healthcare,42145,Below 50k,D17,deepak.low113@example.com,+65 98011498,POL-0031177,26-05-2026,21-06-2026,PRUShield A Plus,Health & IP,Agency,Semi-Annual,5334.94,368000,5334.94,0.2144,20,Inforce,2,N,,Y,Public A-Ward,Y,2381.01,1145.37,5,1500,50,N,CLM-0031177,24-07-2026,Maternity,794.46,Approved,,15,N,N,0.64,9,ASR-0025,50000,N,N,0.178,AGT-00302,Kavitha Mitchell,MDRT,176,AU-07,Active,57.4,0.399,False,False,False,False,EXACT_DUPLICATE
RID-0010808,POLICY_ADMIN,05-06-2026 04:23,CUS-030534,Anjali Foo,Female,27-06-1968,58,Divorced,Citizen,Retired,139347,100k-200k,D01,anjali.foo67@example.com,+65 85893960,POL-0010808,21-05-2023,06-06-2023,PRUSave Endowment,Savings & Wealth,Direct,Annual,12112.23,400000,12112.23,0.0549,99,Inforce,39,N,,Y,,N,,,,,213,Y,,,,,,,,N,N,0.71,7,,,,,,,,,,,,,,False,False,False,False,EXACT_DUPLICATE
RID-0037141,POLICY_ADMIN,10-06-2026 22:05,CUS-025922,Farah Osman,Female,05-03-1962,64,Single,Citizen,Healthcare,45935,Below 50k,D05,farah.osman49@example.com,+65 84598751,POL-0037141,22-01-2026,08-02-2026,PRUShield Standard,Health & IP,Digital,Quarterly,3785.39,727000,3785.39,0.2021,20,Inforce,6,N,,Y,Public B1-Ward,Y,1153.37,1153.37,0,2500,254,Y,,,,,,,,N,N,0.22,6,,,,,,,,,,,,,,False,False,False,False,EXACT_DUPLICATE
RID-0002778,AGENCY_MGMT,01-07-2026 00:18,CUS-032506,Jonathan Toh,Male,26-12-1990,36,Single,Employment Pass,Healthcare,84393,50k-100k,D03,jonathan.toh408@example.com,+65 92525787,POL-0002778,23-09-2025,09-10-2025,PRUVantage Legacy,Savings & Wealth,Agency,Semi-Annual,38387.92,130000,38387.92,0.075,5,Inforce,10,N,,Y,,N,,,,,80,N,,,,,,,,N,N,0.14,10,,,,,,AGT-01086,Rachel Sharma,Established,57,AU-19,Active,45.7,0.154,False,False,False,False,EXACT_DUPLICATE
RID-0009708,POLICY_ADMIN,05-05-2026 13:49,CUS-012691,Hakim Mitchell,Male,08-07-2001,25,Single,Citizen,Education,111725,100k-200k,D18,hakim.mitchell266@example.com,+65 85047440,POL-0009708,06-02-2024,29-02-2024,PRUShield Life,Protection,Bancassurance,Monthly,5014.9,1362000,5014.9,0.2578,99,Inforce,30,N,,Y,,N,,,,,160,N,,,,,,,,N,N,0.02,9,,,,,,,,,,,,,,False,False,False,False,EXACT_DUPLICATE
RID-0016520,CLAIMS_SYS,31-03-2026 16:08,CUS-040689,Jun Hao Aziz,Male,02-04-1982,44,Divorced,Citizen,Civil Service,95075,50k-100k,D09,jun.hao.aziz343@example.com,+65 83649808,POL-0016520,20-11-2023,22-12-2023,PRULink Global Growth,Investment-Linked,Agency,Annual,15729.65,407000,15729.65,0.1343,99,Inforce,32,N,,Y,,N,,,,,0,N,CLM-0016520,10-12-2025,Maternity,8635.08,Partially Approved,,25,N,N,0.52,10,ASR-0033,25000,N,N,0.163,AGT-00734,Zulkifli Ong,Established,41,AU-16,Active,99.5,0.307,False,False,False,False,EXACT_DUPLICATE
RID-0041561,AGENCY_MGMT,19-08-2026 20:44,CUS-039168,Zarina Tan,Female,04-05-2005,21,Single,Citizen,Professional,30000,Below 50k,D09,zarina.tan11@example.com,+65 88126994,POL-0041561,13-12-2024,14-12-2024,PRUTerm Secure,Protection,Agency,Quarterly,1848.75,1752000,1848.75,0.222,15,Inforce,20,N,,Y,,N,,,,,20,N,CLM-0041561,04-02-2026,Day Surgery,1826.63,Approved,,16,N,N,0.54,8,ASR-0049,100000,N,N,0.361,AGT-00366,Chee Keong Goh,New,8,AU-17,Active,42.9,0.322,False,False,False,False,EXACT_DUPLICATE
RID-0001137,CRM,13-08-2026 04:20,CUS-036662,Yong Sheng Sim,Male,05-06-2004,22,Married,Permanent Resident,Professional,104693,100k-200k,D04,yong.sheng.sim256@example.com,+65 89786649,POL-0001137,14-01-2024,09-02-2024,PRUWealth Plus,Savings & Wealth,Digital,Monthly,15744.27,252000,15744.27,0.0508,10,Inforce,31,N,,Y,,N,,,,,9,Y,,,,,,,,N,N,0.01,10,,,,,,,,,,,,,,False,False,False,False,EXACT_DUPLICATE
RID-0015971,CRM,17-03-2026 20:52,CUS-035429,Suresh Lee,Male,07-06-1976,50,Widowed,Foreigner,Civil Service,102127,100k-200k,D28,suresh.lee447@example.com,+65 82127747,POL-0015971,26-05-2025,23-06-2025,PRUVantage Legacy,Savings & Wealth,Bancassurance,Annual,35571.6,431000,35571.6,0.0418,25,Inforce,14,N,,Y,,N,,,,,180,N,,,,,,,,N,N,0.12,6,,,,,,,,,,,,,,False,False,False,False,EXACT_DUPLICATE
RID-0016151,CLAIMS_SYS,09-07-2026 03:16,CUS-015258,Priya Ho,Female,20-07-1993,33,Married,Citizen,Manager,194321,100k-200k,D20,priya.ho265@example.com,+65 92424784,POL-0016151,02-09-2024,25-09-2024,PRUShield A Plus,Health & IP,Bancassurance,Annual,2968.81,1262000,2968.81,0.1129,99,Inforce,23,N,,Y,Public A-Ward,Y,992.03,992.03,0,2500,17,N,CLM-0016151,12-03-2025,Accident,4374.7,Declined,Non-disclosure at underwriting,27,N,N,0.58,6,ASR-0034,100000,N,N,0.129,,,,,,,,,False,False,False,False,EXACT_DUPLICATE
RID-0027541,POLICY_ADMIN,28-05-2026 02:58,CUS-009992,Terence Chua,Male,12-03-1955,71,Divorced,Employment Pass,Civil Service,43350,Below 50k,D12,terence.chua61@example.com,+65 85267266,POL-0027541,05-10-2023,05-11-2023,PRUVantage Legacy,Savings & Wealth,Agency,Quarterly,10299.07,408000,10299.07,0.067,10,Inforce,34,N,,Y,,N,,,,,0,N,CLM-0027541,01-07-2025,Critical Illness,5222.97,Approved,,27,N,N,0.14,8,ASR-0060,10000,N,N,0.194,AGT-00937,Xin Yi Harper,Established,27,AU-22,Active,92.8,0.055,False,False,False,False,EXACT_DUPLICATE
RID-0004821,CRM,16-08-2026 19:27,CUS-017218,Cheryl Reddy,Female,18-02-1980,46,Widowed,Permanent Resident,Executive,34762,Below 50k,D25,cheryl.reddy122@example.com,+65 88355653,POL-0004821,04-06-2026,25-06-2026,PRUExtra Care,Health & IP,Agency,Semi-Annual,3451.57,212000,3451.57,0.1307,10,Inforce,2,N,,Y,Public B1-Ward,Y,1122.78,555.5,10,5000,16,N,CLM-0004821,06-07-2026,Hospitalisation,7704.51,Approved,,19,N,N,0.56,9,ASR-0011,50000,N,N,0.06,AGT-00188,Denise Rahman,Established,74,AU-18,Resigned,67.8,0.377,False,False,False,False,EXACT_DUPLICATE
RID-0022227,POLICY_ADMIN,15-08-2026 16:08,CUS-024228,Lakshmi Ho,Female,16-11-1981,45,Married,Citizen,Professional,62012,50k-100k,D22,lakshmi.ho156@example.com,+65 84778229,POL-0022227,26-05-2026,05-07-2026,PRULink Global Growth,Investment-Linked,Agency,Monthly,23252.37,548000,23252.37,0.1585,5,Inforce,1,N,,Y,,N,,,,,0,N,CLM-0022227,05-08-2026,Critical Illness,27139.97,Approved,,21,N,N,0.99,7,ASR-0037,50000,N,N,0.351,AGT-00078,Mei Yi Goh,Established,62,AU-18,Active,53.3,0.029,False,False,False,False,EXACT_DUPLICATE
RID-0028121,CLAIMS_SYS,19-08-2026 02:58,CUS-021080,Arjun Ibrahim,Male,08-03-1976,50,Married,Permanent Resident,Technician,70164,50k-100k,D21,arjun.ibrahim96@example.com,+65 85343743,POL-0028121,25-11-2024,26-12-2024,PRUCritical Cover,Protection,Broker,Annual,6584.13,2602000,6584.13,0.2453,15,Inforce,20,N,,Y,,N,,,,,0,N,CLM-0028121,15-11-2025,Critical Illness,1464.87,Declined,Documentation incomplete,18,N,N,-0.08,10,ASR-0058,100000,N,N,0.072,AGT-01176,Rachel Koh,Established,26,AU-21,Active,96.7,0.253,False,False,False,False,EXACT_DUPLICATE
RID-0014479,CLAIMS_SYS,09-05-2026 07:01,CUS-028269,Rohan Lee,Male,05-05-1976,50,Divorced,Citizen,Professional,103031,100k-200k,D28,rohan.lee317@example.com,+65 99554808,POL-0014479,29-12-2024,31-12-2024,PRUSelect Vantage,Investment-Linked,Agency,Annual,41268.64,788000,41268.64,0.1096,5,Inforce,20,N,,Y,,N,,,,,19,N,CLM-0014479,21-04-2025,Disability,2226.31,Approved,,9,N,Y,-0.82,1,ASR-0029,5000,N,N,0.27,AGT-00401,Daniel Ong,New,7,AU-19,Active,88.3,0.101,False,False,False,False,EXACT_DUPLICATE
RID-0041039,CRM,12-05-2026 11:11,CUS-008980,Hui Ling Harper,Female,19-06-1988,38,Widowed,Citizen,Civil Service,77374,50k-100k,D01,hui.ling.harper117@example.com,+65 92835661,POL-0041039,26-12-2023,10-01-2024,PRUShield Life,Protection,Bancassurance,Annual,5113.39,2676000,5113.39,0.1881,20,Inforce,32,N,,Y,,N,,,,,103,N,CLM-0041039,18-04-2025,Critical Illness,3913.3,Withdrawn,,17,N,N,0.12,10,ASR-0031,100000,N,N,0.321,,,,,,,,,False,False,False,False,EXACT_DUPLICATE
RID-0034882,AGENCY_MGMT,19-08-2026 13:06,CUS-015488,Samantha Lee,Female,08-10-1989,37,Single,Citizen,Executive,50622,50k-100k,D25,samantha.lee281@example.com,+65 84173983,POL-0034882,10-01-2026,14-01-2026,PRUShield Life,Protection,Digital,Annual,8837.24,1640000,8837.24,0.2536,5,Inforce,7,N,,Y,,N,,,,,22,N,,,,,,,,N,N,0.18,8,,,,,,,,,,,,,,False,False,False,False,EXACT_DUPLICATE
RID-0040462,CLAIMS_SYS,01-08-2026 18:08,CUS-028293,Siti Nadia Yusof,Female,18-02-1978,48,Divorced,Citizen,Manager,30185,Below 50k,D17,siti.nadia.yusof425@example.com,+65 91998951,POL-0040462,23-06-2023,11-07-2023,PRUFlexiCash,Savings & Wealth,Bancassurance,Annual,24077.05,166000,24077.05,0.0656,20,Inforce,38,N,,Y,,N,,,,,212,N,CLM-0040462,27-01-2025,Death Benefit,3962.28,Approved,,28,N,N,0.44,6,ASR-0009,25000,N,N,0.299,,,,,,,,,False,False,False,False,EXACT_DUPLICATE
RID-0010370,AGENCY_MGMT,07-06-2026 13:14,CUS-027037,Wan Ting Turner,Female,23-02-1996,30,Widowed,Citizen,Self-Employed,83532,50k-100k,D10,wan.ting.turner495@example.com,+65 96567368,POL-0010370,11-03-2025,28-03-2025,PRUCritical Cover,Protection,Agency,Semi-Annual,4352.5,1666000,4352.5,0.3181,30,Inforce,17,N,,Y,,N,,,,,69,N,CLM-0010370,29-12-2025,Accident,7583.75,Approved,,11,N,N,-0.01,7,ASR-0024,50000,N,N,0.168,AGT-00523,Cheryl Aziz,MDRT,212,AU-05,Active,37.3,0.525,False,False,False,False,EXACT_DUPLICATE
RID-0009826,CLAIMS_SYS,13-04-2026 07:50,CUS-004700,Hui Ling Neo,Female,18-07-1983,43,Divorced,Permanent Resident,Self-Employed,52865,50k-100k,D11,hui.ling.neo401@example.com,+65 98515697,POL-0009826,22-09-2023,19-10-2023,PRUShield Standard,Health & IP,Agency,Monthly,4911.92,574000,4911.92,0.1621,20,Inforce,34,N,,Y,Public B1-Ward,Y,2687.74,2687.74,0,2500,22,N,,,,,,,,N,N,0.42,10,,,,,,AGT-00614,Priya Kamal,New,3,AU-31,Active,45.9,0.475,False,False,False,False,EXACT_DUPLICATE
RID-0036873,POLICY_ADMIN,15-07-2026 08:54,CUS-000314,Priya Chan,Female,07-12-2005,21,Single,Citizen,Education,65543,50k-100k,D26,priya.chan392@example.com,+65 91985750,POL-0036873,13-05-2023,21-06-2023,PRUShield Life,Protection,Bancassurance,Quarterly,5356.35,738000,5356.35,0.2205,30,Inforce,38,N,,Y,,N,,,,,56,N,,,,,,,,N,N,0.72,8,,,,,,,,,,,,,,False,False,False,False,EXACT_DUPLICATE
RID-0000272,POLICY_ADMIN,27-04-2026 00:49,CUS-010788,Nurul Aisyah Yusof,Female,26-10-1990,36,Single,Citizen,Civil Service,45458,Below 50k,D07,nurul.aisyah.yusof367@example.com,+65 83688021,POL-0000272,26-10-2024,19-11-2024,PRUSelect Vantage,Investment-Linked,Agency,Monthly,3284.73,820000,3284.73,0.1179,20,Inforce,21,N,,Y,,N,,,,,83,Y,CLM-0000272,28-01-2026,Day Surgery,37208.71,Approved,,15,N,N,0.73,6,ASR-0013,100000,N,N,0.72,AGT-01137,Daniel Tan,Senior,170,AU-28,Active,62.7,0.195,False,False,False,False,EXACT_DUPLICATE
RID-0017229,AGENCY_MGMT,10-08-2026 06:38,CUS-035251,Marcus Nair,Male,03-12-1974,52,Single,Permanent Resident,Retired,30589,Below 50k,D04,marcus.nair138@example.com,+65 95392098,POL-0017229,06-04-2023,19-04-2023,PRUFlexiCash,Savings & Wealth,Bancassurance,Monthly,44006.3,258000,44006.3,0.0801,20,Lapsed,41,Y,01-10-2025,Y,,N,,,,,0,N,CLM-0017229,14-05-2024,Critical Illness,9466.75,Declined,Non-disclosure at underwriting,14,Y,Y,-0.63,1,ASR-0057,50000,N,N,0.032,,,,,,,,,False,False,False,False,EXACT_DUPLICATE
RID-0046569,CLAIMS_SYS,10-08-2026 10:47,CUS-032003,Zulkifli Pillai,Male,21-03-1988,38,Married,Citizen,Self-Employed,102718,100k-200k,D18,zulkifli.pillai413@example.com,+65 94668821,POL-0046569,16-09-2023,30-10-2023,PRUShield Life,Protection,Agency,Monthly,1960.68,1152000,1960.68,0.234,99,Inforce,34,N,,Y,,N,,,,,319,N,CLM-0046569,04-02-2025,Disability,5326.22,Declined,Treatment not medically necessary,18,N,N,0.71,6,ASR-0022,25000,N,N,0.218,AGT-00119,Jonathan Osman,Established,39,AU-36,Active,25.5,0.248,False,False,False,False,EXACT_DUPLICATE
RID-0041424,CLAIMS_SYS,09-04-2026 13:19,CUS-010183,Cheryl Low,Female,07-05-1974,52,Divorced,Permanent Resident,Education,73958,50k-100k,D19,cheryl.low98@example.com,+65 95947125,POL-0041424,27-10-2025,01-11-2025,PRUShield Standard,Health & IP,Agency,Quarterly,2388.28,235000,2388.28,0.1789,30,Inforce,10,N,,Y,Private Hospital,Y,803.83,803.83,0,0,0,N,,,,,,,,N,N,0.28,9,,,,,,AGT-00023,Aminah Teo,Senior,178,AU-05,Active,75.4,0.496,False,False,False,False,EXACT_DUPLICATE
RID-0022302,POLICY_ADMIN,20-04-2026 08:15,CUS-026595,Samantha Foo,Female,26-03-1991,35,Divorced,Citizen,Executive,30000,Below 50k,D12,samantha.foo492@example.com,+65 96878456,POL-0022302,23-02-2025,05-03-2025,PRUWealth Plus,Savings & Wealth,Agency,Annual,19425.49,150000,19425.49,0.0828,30,Inforce,18,N,,Y,,N,,,,,33,N,CLM-0022302,14-08-2025,Accident,934.06,Approved,,12,N,N,0.19,8,ASR-0019,100000,N,N,0.305,AGT-00116,Vikram Yeo,Established,82,AU-12,Active,59.7,0.45,False,False,False,False,EXACT_DUPLICATE
RID-0036609,CLAIMS_SYS,12-06-2026 18:53,CUS-004170,Jun Hao Turner,Male,01-01-1978,48,Divorced,Citizen,Executive,63311,50k-100k,D27,jun.hao.turner480@example.com,+65 97799289,POL-0036609,07-05-2025,15-06-2025,PRUWealth Plus,Savings & Wealth,Agency,Monthly,51915.29,96000,51915.29,0.0676,5,Inforce,14,N,,Y,,N,,,,,82,N,CLM-0036609,05-04-2026,Day Surgery,1452.6,Approved,,4,N,N,0.32,7,ASR-0043,5000,N,N,0.361,AGT-01164,Cheryl Lim,Established,43,AU-37,Active,88.2,0.199,False,False,False,False,EXACT_DUPLICATE
RID-0006686,AGENCY_MGMT,28-05-2026 15:15,CUS-036146,Jonathan Sharma,Male,17-03-1967,59,Single,Foreigner,Manager,72279,50k-100k,D19,jonathan.sharma2@example.com,+65 85989324,POL-0006686,25-02-2025,09-03-2025,PRUSave Endowment,Savings & Wealth,Broker,Quarterly,43908.85,213000,43908.85,0.064,20,Inforce,18,N,,Y,,N,,,,,50,N,,,,,,,,N,N,0.88,9,,,,,,AGT-00162,Nurul Aisyah Ho,Established,34,AU-14,Active,30,0.087,False,False,False,False,EXACT_DUPLICATE
RID-0013501,AGENCY_MGMT,21-07-2026 15:43,CUS-018636,Jia Hui Chan,Female,23-04-1976,50,Single,Citizen,Education,102926,100k-200k,D02,jia.hui.chan272@example.com,+65 94755663,POL-0013501,25-06-2026,17-07-2026,PRUWealth Plus,Savings & Wealth,Bancassurance,Monthly,11349.96,352000,11349.96,0.0637,15,Inforce,1,N,,Y,,N,,,,,48,N,,,,,,,,N,N,0.51,8,,,,,,,,,,,,,,False,False,False,False,EXACT_DUPLICATE
RID-0039991,CRM,23-03-2026 12:31,CUS-005869,Nicholas Reddy,Male,09-09-1979,47,Married,Citizen,Technician,98489,50k-100k,D05,nicholas.reddy301@example.com,+65 92464861,POL-0039991,10-09-2023,05-10-2023,PRUShield Life,Protection,Agency,Monthly,3778.19,881000,3778.19,0.3127,30,Inforce,35,N,,Y,,N,,,,,58,N,,,,,,,,N,N,0.9,5,,,,,,AGT-01035,Mei Yi Menon,Senior,167,AU-20,Active,50.4,0.418,False,False,False,False,EXACT_DUPLICATE
RID-0043295,CLAIMS_SYS,28-05-2026 22:29,CUS-012740,Zarina Iyer,Female,05-01-1984,42,Divorced,Citizen,Healthcare,79734,50k-100k,D01,zarina.iyer460@example.com,+65 92977842,POL-0043295,17-10-2025,27-10-2025,PRUVantage Legacy,Savings & Wealth,Bancassurance,Monthly,10995.59,94000,10995.59,0.0615,99,Lapsed,10,Y,13-02-2026,N,,N,,,,,342,N,CLM-0043295,16-02-2026,Accident,21784.86,Approved,,24,N,N,0.5,9,ASR-0050,5000,N,N,0.062,,,,,,,,,False,False,False,False,EXACT_DUPLICATE
RID-0028094,AGENCY_MGMT,26-05-2026 04:22,CUS-039664,Mei Yi Sim,Female,10-10-1988,38,Divorced,Citizen,Manager,58083,50k-100k,D07,mei.yi.sim200@example.com,+65 83473196,POL-0028094,23-03-2024,25-04-2024,PRUSelect Vantage,Investment-Linked,Bancassurance,Monthly,35273.23,696000,35273.23,0.0896,30,Inforce,28,N,,Y,,N,,,,,46,N,,,,,,,,N,N,0.61,5,,,,,,,,,,,,,,False,False,False,False,EXACT_DUPLICATE
RID-0003431,AGENCY_MGMT,24-03-2026 22:06,CUS-007628,Wan Ting Mitchell,Female,20-10-1979,47,Widowed,Citizen,Healthcare,85273,50k-100k,D27,wan.ting.mitchell325@example.com,+65 85701259,POL-0003431,06-09-2024,11-09-2024,PRUShield Premier,Health & IP,Agency,Annual,3399.85,1045000,3399.85,0.1279,25,Inforce,24,N,,Y,Public A-Ward,Y,1841.79,1841.79,0,1500,54,Y,,,,,,,,N,N,0.23,9,,,,,,AGT-01166,Muhammad Ariff Aziz,Senior,171,AU-01,Active,67.1,0.048,False,False,False,False,EXACT_DUPLICATE
RID-0021812,CLAIMS_SYS,01-06-2026 21:24,CUS-001088,Joanne Harper,Female,17-07-1983,43,Widowed,Citizen,Sales,84134,50k-100k,D16,joanne.harper63@example.com,+65 94439108,POL-0021812,11-09-2024,18-10-2024,PRULink Global Growth,Investment-Linked,Bancassurance,Annual,23156.45,423000,23156.45,0.1338,25,Inforce,22,N,,Y,,N,,,,,19,N,,,,,,,,N,N,0.81,7,,,,,,,,,,,,,,False,False,False,False,EXACT_DUPLICATE
RID-0011181,CRM,18-06-2026 00:03,CUS-039084,Joanne Teo,Female,15-02-1980,46,Married,Permanent Resident,Executive,72230,50k-100k,D25,joanne.teo28@example.com,+65 94223015,POL-0011181,15-01-2025,01-02-2025,PRULink Assurance,Investment-Linked,Digital,Quarterly,2400.23,809000,2400.23,0.1756,10,Inforce,19,N,,Y,,N,,,,,0,N,CLM-0011181,06-11-2025,Day Surgery,14145.18,Approved,,40,N,N,-0.18,7,ASR-0022,25000,N,N,0.347,,,,,,,,,False,False,False,False,EXACT_DUPLICATE
RID-0040880,CRM,09-06-2026 22:57,CUS-010093,Edwin Koh,Male,22-12-1985,41,Single,Permanent Resident,Executive,255850,200k-400k,D23,edwin.koh255@example.com,+65 94385567,POL-0040880,23-04-2024,21-05-2024,PRUTerm Secure,Protection,Agency,Monthly,7259.9,204000,7259.9,0.3153,25,Inforce,27,N,,Y,,N,,,,,56,Y,CLM-0040880,12-09-2024,Accident,2330.39,Approved,,19,N,N,0.89,8,ASR-0011,50000,N,N,0.141,AGT-00888,Terence Sim,Established,24,AU-24,On Notice,46.6,0.054,False,False,False,False,EXACT_DUPLICATE
RID-0025985,CLAIMS_SYS,19-08-2026 11:24,CUS-019451,Anjali Pillai,Female,07-06-1965,61,Widowed,Citizen,Retired,92391,50k-100k,D04,anjali.pillai47@example.com,+65 93976220,POL-0025985,01-05-2026,24-05-2026,PRUSave Endowment,Savings & Wealth,Bancassurance,Annual,25640.46,468000,25640.46,0.0802,20,Inforce,3,N,,Y,,N,,,,,187,N,CLM-0025985,23-08-2026,Maternity,1441.93,Declined,Policy exclusion clause,30,N,N,0.62,7,ASR-0039,100000,N,N,0.286,,,,,,,,,False,False,False,False,EXACT_DUPLICATE
RID-0000668,POLICY_ADMIN,03-08-2026 01:09,CUS-022904,Arjun Reddy,Male,11-07-1959,67,Widowed,Citizen,Sales,66078,50k-100k,D26,arjun.reddy69@example.com,+65 89969549,POL-0000668,18-01-2023,03-02-2023,PRUSave Endowment,Savings & Wealth,Digital,Quarterly,38203.76,40000,38203.76,0.053,15,Inforce,43,N,,Y,,N,,,,,77,N,CLM-0000668,09-12-2023,Day Surgery,9455.36,Pending,,36,N,N,0.56,10,ASR-0003,10000,N,N,0.303,,,,,,,,,False,False,False,False,EXACT_DUPLICATE
RID-0034117,POLICY_ADMIN,30-06-2026 21:35,CUS-030299,Siti Nadia Iyer,Female,01-03-1996,30,Married,Citizen,Sales,116216,100k-200k,D09,siti.nadia.iyer143@example.com,+65 83727319,POL-0034117,29-06-2025,12-07-2025,PRUSave Endowment,Savings & Wealth,Agency,Quarterly,33735.91,245000,33735.91,0.0476,99,Inforce,13,N,,Y,,N,,,,,0,N,CLM-0034117,02-01-2026,Hospitalisation,2007.12,Partially Approved,,23,N,N,0.13,9,ASR-0046,25000,N,N,0.304,AGT-00729,Valerie Foo,Established,59,AU-28,Active,78.1,0.363,False,False,False,False,EXACT_DUPLICATE
RID-0013649,AGENCY_MGMT,23-08-2026 08:10,CUS-014650,Jonathan Turner,Male,26-09-2005,21,Widowed,Employment Pass,Healthcare,80143,50k-100k,D24,jonathan.turner267@example.com,+65 93974140,POL-0013649,16-10-2023,01-11-2023,PRUSelect Vantage,Investment-Linked,Digital,Monthly,32896.26,835000,32896.26,0.1279,25,Inforce,34,N,,Y,,N,,,,,352,N,CLM-0013649,17-12-2025,Critical Illness,4870.71,Approved,,24,N,N,0.81,8,ASR-0038,100000,N,Y,0.295,,,,,,,,,False,False,False,False,EXACT_DUPLICATE
RID-0042303,CRM,16-05-2026 03:20,CUS-030572,Iskandar Chong,Male,24-11-1991,35,Widowed,Employment Pass,Education,75384,50k-100k,D10,iskandar.chong430@example.com,+65 99069937,POL-0042303,15-04-2025,17-05-2025,PRUExtra Care,Health & IP,Bancassurance,Quarterly,4845.75,922000,4845.75,0.1589,20,Inforce,15,N,,Y,Public A-Ward,Y,2365.92,2365.92,0,1500,57,N,CLM-0042303,25-02-2026,Accident,3150.4,Pending,,58,N,N,0.81,6,ASR-0059,50000,N,N,0.342,,,,,,,,,False,False,False,False,EXACT_DUPLICATE
RID-0009458,CLAIMS_SYS,29-06-2026 01:19,CUS-017857,Rachel Teo,Female,15-06-2005,21,Widowed,Citizen,Sales,64776,50k-100k,D13,rachel.teo182@example.com,+65 93239981,POL-0009458,06-06-2024,30-06-2024,PRUVantage Legacy,Savings & Wealth,Agency,Annual,30802.32,335000,30802.32,0.061,10,Inforce,26,N,,Y,,N,,,,,121,N,CLM-0009458,21-07-2025,Disability,9349.65,Approved,,39,N,N,0.62,8,ASR-0014,5000,N,N,0.356,AGT-00319,Faisal Chong,Senior,51,AU-14,Active,49.3,0.271,False,False,False,False,EXACT_DUPLICATE
RID-0043538,CLAIMS_SYS,26-07-2026 04:51,CUS-004655,Valerie Sharma,Female,15-01-1968,58,Widowed,Permanent Resident,Civil Service,97335,50k-100k,D27,valerie.sharma353@example.com,+65 84516118,POL-0043538,23-05-2026,27-05-2026,PRUFlexiCash,Savings & Wealth,Agency,Monthly,32072.16,174000,32072.16,0.0896,30,Inforce,3,N,,Y,,N,,,,,42,N,CLM-0043538,01-06-2026,Disability,12615.92,Approved,,21,N,N,0.73,6,ASR-0015,25000,Y,Y,0.872,AGT-00869,Terence Tan,Senior,147,AU-34,Active,89.5,0.164,False,False,False,False,EXACT_DUPLICATE
RID-0020925,CRM,31-07-2026 07:45,CUS-025427,Arjun Menon,Male,15-02-1980,46,Single,Citizen,Professional,61595,50k-100k,D19,arjun.menon168@example.com,+65 96860760,POL-0020925,02-08-2023,27-08-2023,PRUShield Standard,Health & IP,Agency,Monthly,7487.17,434000,7487.17,0.1381,25,Matured,36,N,,Y,Public A-Ward,N,,,,,155,Y,,,,,,,,N,N,0.15,5,,,,,,AGT-00088,Marcus Salleh,Established,34,AU-30,Active,74.9,0.354,False,False,False,False,EXACT_DUPLICATE
RID-0033393,CRM,14-04-2026 01:08,CUS-008701,Daniel Turner,Male,06-01-1985,41,Divorced,Citizen,Civil Service,75508,50k-100k,D25,daniel.turner119@example.com,+65 94612009,POL-0033393,04-01-2023,08-02-2023,PRUVantage Legacy,Savings & Wealth,Bancassurance,Monthly,13450.51,80000,13450.51,0.0406,20,Inforce,43,N,,Y,,N,,,,,56,Y,,,,,,,,N,N,0.5,6,,,,,,,,,,,,,,False,False,False,False,EXACT_DUPLICATE
RID-0041553,CLAIMS_SYS,15-04-2026 03:02,CUS-000954,Hui Ling Iyer,Female,07-10-1992,34,Married,Employment Pass,Professional,105818,100k-200k,D08,hui.ling.iyer39@example.com,+65 83484074,POL-0041553,23-08-2023,29-08-2023,PRUActive Term,Protection,Bancassurance,Annual,2197.83,2535000,2197.83,0.2244,10,Lapsed,36,Y,21-12-2024,Y,,N,,,,,191,N,CLM-0041553,26-12-2023,Disability,31963.84,Approved,,27,N,N,-0.05,7,ASR-0029,5000,N,N,0.292,,,,,,,,,False,False,False,False,EXACT_DUPLICATE
RID-0012179,CLAIMS_SYS,20-04-2026 21:45,CUS-031836,Vikram Harper,Male,12-01-1974,52,Married,Citizen,Education,60661,50k-100k,D08,vikram.harper96@example.com,+65 97053336,POL-0012179,30-03-2024,21-04-2024,PRUTerm Secure,Protection,Agency,Monthly,3768.45,1123000,3768.45,0.2841,30,Inforce,28,N,,Y,,N,,,,,353,N,CLM-0012179,09-06-2025,Disability,2926.67,Approved,,12,N,N,0.5,9,ASR-0025,50000,N,N,0.043,AGT-00502,Rachel Salleh,New,5,AU-08,Active,34.4,0.561,False,False,False,False,EXACT_DUPLICATE
RID-0037061,CLAIMS_SYS,15-03-2026 17:56,CUS-022450,Siti Nadia Chua,Female,28-10-1984,42,Widowed,Citizen,Technician,109657,100k-200k,D19,siti.nadia.chua498@example.com,+65 84622786,POL-0037061,04-05-2025,01-06-2025,PRULink Global Growth,Investment-Linked,Bancassurance,Quarterly,36657.2,891000,36657.2,0.1609,99,Inforce,15,N,,Y,,N,,,,,100,Y,,,,,,,,N,N,0.98,7,,,,,,,,,,,,,,False,False,False,False,EXACT_DUPLICATE
RID-0018711,AGENCY_MGMT,22-06-2026 08:09,CUS-027944,Terence Mitchell,Male,20-02-1967,59,Single,Citizen,Education,77137,50k-100k,D02,terence.mitchell362@example.com,+65 85579015,POL-0018711,15-04-2023,14-05-2023,PRUVantage Legacy,Savings & Wealth,Bancassurance,Quarterly,20936.86,449000,20936.86,0.0298,30,Inforce,40,N,,Y,,N,,,,,627,Y,,,,,,,,N,N,0.52,9,,,,,,,,,,,,,,False,False,False,False,EXACT_DUPLICATE
RID-0011092,POLICY_ADMIN,29-08-2026 01:10,CUS-004016,Suresh Ng,Male,05-01-1976,50,Widowed,Employment Pass,Retired,119857,100k-200k,D23,suresh.ng401@example.com,+65 82497223,POL-0011092,06-10-2024,19-11-2024,PRUShield Standard,Health & IP,Agency,Monthly,2125.56,466000,2125.56,0.1506,15,Inforce,21,N,,Y,Public A-Ward,Y,649.92,649.92,0,1500,88,Y,CLM-0011092,13-04-2025,Hospitalisation,18409.94,Declined,Non-disclosure at underwriting,15,N,N,0.38,10,ASR-0056,50000,N,N,0.097,AGT-00545,Samantha Turner,Senior,84,AU-25,Active,36.5,0.266,False,False,False,False,EXACT_DUPLICATE
RID-0001707,AGENCY_MGMT,11-08-2026 17:25,CUS-032868,Xin Yi Harper,Female,04-07-1976,50,Married,Citizen,Healthcare,37957,Below 50k,D28,xin.yi.harper223@example.com,+65 98397742,POL-0001707,13-10-2025,24-10-2025,PRUSave Endowment,Savings & Wealth,Digital,Semi-Annual,44463.89,403000,44463.89,0.0634,15,Lapsed,10,Y,17-04-2026,N,,N,,,,,258,N,CLM-0001707,21-11-2025,Day Surgery,13460.25,Approved,,17,N,N,0.77,10,ASR-0035,25000,N,N,0.119,,,,,,,,,False,False,False,False,EXACT_DUPLICATE
RID-0019250,CRM,11-05-2026 17:30,CUS-014784,Hui Ling Lee,Female,10-06-1981,45,Divorced,Employment Pass,Education,51352,50k-100k,D04,hui.ling.lee30@example.com,+65 88373907,POL-0019250,08-04-2026,08-05-2026,PRUVantage Legacy,Savings & Wealth,Bancassurance,Monthly,35234.28,256000,35234.28,0.068,30,Inforce,3,N,,Y,,N,,,,,9,Y,CLM-0019250,27-06-2026,Maternity,30721.27,Approved,,7,N,N,0.44,10,ASR-0048,25000,N,N,0.111,,,,,,,,,False,False,False,False,EXACT_DUPLICATE
RID-0045486,CLAIMS_SYS,06-03-2026 08:36,CUS-035785,Rachel Ng,Female,27-04-1998,28,Divorced,Foreigner,Civil Service,40709,Below 50k,D22,rachel.ng51@example.com,+65 85818756,POL-0045486,21-05-2025,10-06-2025,PRUVantage Legacy,Savings & Wealth,Bancassurance,Semi-Annual,14303.63,188000,14303.63,0.0698,20,Lapsed,14,Y,10-11-2025,N,,N,,,,,175,N,,,,,,,,N,N,0.77,5,,,,,,,,,,,,,,False,False,False,False,EXACT_DUPLICATE
RID-0023768,CLAIMS_SYS,06-04-2026 17:52,CUS-029028,Valerie Ibrahim,Female,09-12-1972,54,Single,Citizen,Sales,59480,50k-100k,D23,valerie.ibrahim395@example.com,+65 87447877,POL-0023768,01-01-2026,01-02-2026,PRUActive Term,Protection,Agency,Annual,7591.26,2438000,7591.26,0.2678,99,Inforce,7,N,,Y,,N,,,,,0,Y,CLM-0023768,27-04-2026,Disability,2173.31,Approved,,15,N,N,-0.11,7,ASR-0036,25000,N,N,0.014,AGT-00134,Zhi Hao Mitchell,Senior,82,AU-06,Active,29.9,0.388,False,False,False,False,EXACT_DUPLICATE
RID-0006171,POLICY_ADMIN,15-03-2026 00:11,CUS-001432,Vikram Pillai,Male,02-08-1991,35,Widowed,Citizen,Manager,47487,Below 50k,D03,vikram.pillai77@example.com,+65 96535853,POL-0006171,11-07-2025,30-07-2025,PRUActive Term,Protection,Agency,Annual,741.36,1057000,741.36,0.3282,10,Inforce,13,N,,Y,,N,,,,,89,N,,,,,,,,N,N,0.41,6,,,,,,AGT-00385,Cheryl Pillai,New,5,AU-12,Active,66.1,0.412,False,False,False,False,EXACT_DUPLICATE
RID-0000527,CLAIMS_SYS,04-07-2026 19:15,CUS-015439,Cheryl Ong,Female,12-05-1981,45,Divorced,Citizen,Retired,107008,100k-200k,D22,cheryl.ong336@example.com,+65 87989240,POL-0000527,01-06-2025,11-07-2025,PRULink Assurance,Investment-Linked,Bancassurance,Monthly,25676.08,289000,25676.08,0.1136,30,Inforce,13,N,,Y,,N,,,,,68,N,CLM-0000527,02-02-2026,Maternity,10453.55,Approved,,10,N,N,-0.08,8,ASR-0058,100000,N,N,0.349,,,,,,,,,False,False,False,False,EXACT_DUPLICATE
RID-0016099,CLAIMS_SYS,27-08-2026 02:54,CUS-033874,Hui Ling Bennett,Female,17-07-1973,53,Widowed,Employment Pass,Retired,51757,50k-100k,D27,hui.ling.bennett471@example.com,+65 91041117,POL-0016099,23-07-2024,26-07-2024,PRUFlexiCash,Savings & Wealth,Bancassurance,Monthly,37565.63,102000,37565.63,0.0628,5,Surrendered,25,Y,18-01-2025,N,,N,,,,,56,N,CLM-0016099,30-07-2025,Hospitalisation,1472.6,Approved,,1,N,N,0.71,10,ASR-0060,10000,N,N,0.251,,,,,,,,,False,False,False,False,EXACT_DUPLICATE
RID-0037352,POLICY_ADMIN,18-06-2026 04:23,CUS-011365,Arjun Goh,Male,24-11-1992,34,Married,Citizen,Self-Employed,63493,50k-100k,D06,arjun.goh489@example.com,+65 92846755,POL-0037352,04-02-2026,07-02-2026,PRUSave Endowment,Savings & Wealth,Agency,Annual,55283.22,292000,55283.22,0.0455,25,Inforce,6,N,,Y,,N,,,,,41,Y,,,,,,,,N,N,0.37,9,,,,,,AGT-00061,Marcus Menon,Senior,92,AU-19,Active,87.3,0.269,False,False,False,False,EXACT_DUPLICATE
RID-0011031,CLAIMS_SYS,28-03-2026 15:52,CUS-013510,Cheryl Pillai,Female,28-04-1994,32,Married,Citizen,Self-Employed,174538,100k-200k,D27,cheryl.pillai228@example.com,+65 85293352,POL-0011031,21-10-2023,11-11-2023,PRUWealth Plus,Savings & Wealth,Agency,Monthly,3006.85,62000,3006.85,0.0848,20,Inforce,34,N,,Y,,N,,,,,56,N,,,,,,,,N,N,0.01,6,,,,,,AGT-00309,Aminah Low,Established,38,AU-32,Active,28,0.41,False,False,False,False,EXACT_DUPLICATE
RID-0012007,AGENCY_MGMT,02-06-2026 01:02,CUS-021726,Zhi Hao Teo,Male,22-10-2003,23,Widowed,Employment Pass,Manager,89197,50k-100k,D16,zhi.hao.teo346@example.com,+65 94140522,POL-0012007,25-08-2023,03-09-2023,PRUActive Term,Protection,Agency,Monthly,5195.72,352000,5195.72,0.3346,25,Inforce,36,N,,Y,,N,,,,,225,N,,,,,,,,N,N,-0.01,9,,,,,,AGT-00108,Nurul Aisyah Ong,Established,20,AU-25,Active,48.6,0.437,False,False,False,False,EXACT_DUPLICATE
RID-0031680,POLICY_ADMIN,21-05-2026 23:04,CUS-015202,Kavitha Ng,Female,17-04-1987,39,Widowed,Citizen,Healthcare,124432,100k-200k,D22,kavitha.ng240@example.com,+65 91389088,POL-0031680,23-12-2024,23-01-2025,PRUFlexiCash,Savings & Wealth,Bancassurance,Annual,40056.76,157000,40056.76,0.0362,20,Inforce,19,N,,Y,,N,,,,,64,N,,,,,,,,N,N,-0.01,5,,,,,,,,,,,,,,False,False,False,False,EXACT_DUPLICATE
RID-0031157,POLICY_ADMIN,21-03-2026 14:25,CUS-018278,Joanne Aziz,Female,02-07-1999,27,Divorced,Citizen,Education,86067,50k-100k,D25,joanne.aziz253@example.com,+65 83848147,POL-0031157,15-06-2023,25-07-2023,PRUShield A Plus,Health & IP,Digital,Annual,4492.57,1072000,4492.57,0.1782,10,Inforce,37,N,,Y,Private Hospital,Y,1714.44,1714.44,0,2500,20,N,,,,,,,,N,N,0.3,7,,,,,,,,,,,,,,False,False,False,False,EXACT_DUPLICATE
RID-0012162,POLICY_ADMIN,05-05-2026 20:04,CUS-000596,Divya Sim,Female,02-09-1981,45,Divorced,Citizen,Self-Employed,49021,Below 50k,D04,divya.sim117@example.com,+65 99823699,POL-0012162,30-03-2023,02-04-2023,PRULink Global Growth,Investment-Linked,Agency,Quarterly,26820.63,625000,26820.63,0.1708,15,Inforce,41,N,,Y,,N,,,,,267,N,CLM-0012162,28-06-2026,Disability,1578.9,Withdrawn,,18,N,Y,-0.47,5,ASR-0010,50000,N,Y,0.988,AGT-00810,Siti Nadia Ng,Established,51,AU-12,Active,29.9,0.41,False,False,False,False,EXACT_DUPLICATE
RID-0000840,CLAIMS_SYS,25-05-2026 19:04,CUS-003692,Rohan Rahman,Male,07-02-1988,38,Married,Citizen,Manager,121819,100k-200k,D08,rohan.rahman366@example.com,+65 93518564,POL-0000840,24-01-2024,19-02-2024,PRULink Global Growth,Investment-Linked,Agency,Annual,4171.94,345000,4171.94,0.1286,30,Inforce,30,N,,Y,,N,,,,,70,N,CLM-0000840,18-12-2025,Hospitalisation,1157.5,Declined,Premium in arrears,30,N,N,0.37,10,ASR-0009,25000,N,N,0.128,AGT-00719,Zulkifli Yeo,Senior,168,AU-15,Active,59.9,0.293,False,False,False,False,EXACT_DUPLICATE
RID-0047347,POLICY_ADMIN,18-06-2026 14:09,CUS-017679,Siti Nadia Harper,Female,23-04-1998,28,Single,Citizen,Self-Employed,177631,100k-200k,D06,siti.nadia.harper10@example.com,+65 85397038,POL-0047347,29-09-2025,08-11-2025,PRULink Assurance,Investment-Linked,Agency,Annual,25576,244000,25576,0.1258,25,Inforce,9,N,,Y,,N,,,,,154,N,CLM-0047347,26-08-2026,Disability,1855.54,Approved,,23,N,N,0.34,8,ASR-0055,5000,N,N,0.349,AGT-00926,Jonathan Harper,New,12,AU-03,Active,23.8,0.074,False,False,False,False,EXACT_DUPLICATE
RID-0044583,CRM,29-03-2026 16:29,CUS-000200,Arjun Kamal,Male,23-10-1980,46,Divorced,Permanent Resident,Self-Employed,75982,50k-100k,D28,arjun.kamal119@example.com,+65 93764020,POL-0044583,22-06-2024,30-07-2024,PRUWealth Plus,Savings & Wealth,Digital,Monthly,25717.78,152000,25717.78,0.0743,30,Inforce,25,N,,Y,,N,,,,,17,Y,CLM-0044583,16-02-2026,Outpatient Specialist,3305.05,Approved,,23,N,N,-0.08,9,ASR-0013,100000,N,N,0.619,,,,,,,,,False,False,False,False,EXACT_DUPLICATE
RID-0012887,AGENCY_MGMT,17-08-2026 20:46,CUS-034933,Nurul Aisyah Tan,Female,05-09-1972,54,Single,Permanent Resident,Sales,30000,Below 50k,D05,nurul.aisyah.tan456@example.com,+65 92385923,POL-0012887,18-06-2023,20-06-2023,PRUCritical Cover,Protection,Bancassurance,Monthly,1634.17,2360000,1634.17,0.2275,20,Inforce,38,N,,Y,,N,,,,,122,N,,,,,,,,N,N,0.62,10,,,,,,,,,,,,,,False,False,False,False,EXACT_DUPLICATE
RID-0007809,POLICY_ADMIN,09-06-2026 10:11,CUS-024794,Zarina Sharma,Female,15-06-1983,43,Divorced,Foreigner,Civil Service,93803,50k-100k,D13,zarina.sharma321@example.com,+65 93711700,POL-0007809,25-02-2024,18-03-2024,PRUActive Term,Protection,Bancassurance,Semi-Annual,6802.44,361000,6802.44,0.2215,25,Inforce,29,N,,Y,,N,,,,,48,N,CLM-0007809,31-12-2024,Maternity,6231.21,Approved,,1,N,N,0.81,6,ASR-0020,5000,N,N,0.086,,,,,,,,,False,False,False,False,EXACT_DUPLICATE
RID-0038643,AGENCY_MGMT,06-08-2026 04:46,CUS-009951,Kavitha Fraser,Female,05-04-1980,46,Single,Citizen,Retired,157332,100k-200k,D07,kavitha.fraser215@example.com,+65 96118335,POL-0038643,14-11-2024,17-11-2024,PRUActive Term,Protection,Agency,Semi-Annual,1753,2063000,1753,0.2735,99,Inforce,21,N,,Y,,N,,,,,79,N,,,,,,,,N,N,0.39,10,,,,,,AGT-00821,Nurul Aisyah Tan,New,12,AU-27,Active,59.9,0.245,False,False,False,False,EXACT_DUPLICATE
RID-0033462,POLICY_ADMIN,21-07-2026 11:41,CUS-001469,Valerie Toh,Female,28-03-1992,34,Single,Permanent Resident,Technician,37492,Below 50k,D20,valerie.toh203@example.com,+65 91110612,POL-0033462,08-06-2026,06-07-2026,PRUExtra Care,Health & IP,Agency,Quarterly,2163.06,1428000,2163.06,0.1419,15,Inforce,1,N,,Y,Private Hospital,Y,665.62,375.38,10,5000,0,N,CLM-0033462,17-08-2026,Maternity,2750.22,Approved,,24,N,N,0.25,10,ASR-0017,50000,N,N,0.256,AGT-00887,Kavitha Ng,New,8,AU-14,Active,71.8,0.036,False,False,False,False,EXACT_DUPLICATE
RID-0036544,POLICY_ADMIN,23-04-2026 03:37,CUS-030159,Meera Ho,Female,05-02-1964,62,Single,Citizen,Technician,144058,100k-200k,D07,meera.ho324@example.com,+65 89184524,POL-0036544,03-07-2023,07-08-2023,PRUActive Term,Protection,Agency,Annual,5472.38,2065000,5472.38,0.2747,5,Inforce,37,N,,Y,,N,,,,,46,N,CLM-0036544,25-12-2024,Critical Illness,7752.89,Partially Approved,,15,N,N,0.77,10,ASR-0002,25000,N,N,0.216,AGT-00800,Aravind Ibrahim,Established,28,AU-35,Resigned,85.4,0.844,False,False,False,False,EXACT_DUPLICATE
RID-0017482,POLICY_ADMIN,09-03-2026 13:10,CUS-028307,Meera Yusof,Female,22-07-1980,46,Divorced,Citizen,Sales,53578,50k-100k,D06,meera.yusof423@example.com,+65 96193433,POL-0017482,22-06-2023,21-07-2023,PRULink Assurance,Investment-Linked,Agency,Monthly,12069.15,380000,12069.15,0.1172,99,Inforce,37,N,,Y,,N,,,,,26,N,CLM-0017482,01-11-2023,Accident,3526.65,Approved,,22,N,Y,-0.6,3,ASR-0002,25000,N,N,0.079,AGT-00085,Joanne Ong,New,8,AU-33,Active,89.9,0.061,False,False,False,False,EXACT_DUPLICATE
RID-0033856,CRM,10-05-2026 20:10,CUS-026381,Suresh Raj,Male,20-09-1980,46,Single,Citizen,Education,201314,200k-400k,D07,suresh.raj145@example.com,+65 88332354,POL-0033856,23-06-2025,10-07-2025,PRUSave Endowment,Savings & Wealth,Agency,Annual,58685.72,145000,58685.72,0.0542,30,Lapsed,13,Y,03-12-2025,N,,N,,,,,63,N,CLM-0033856,24-08-2026,Outpatient Specialist,28253.93,Approved,,19,N,N,0.05,10,ASR-0045,10000,N,N,0.189,AGT-00666,Deepak Mitchell,Established,47,AU-36,Active,79.5,0.023,False,False,False,False,EXACT_DUPLICATE
RID-0026971,CLAIMS_SYS,23-07-2026 21:34,CUS-016181,Daniel Lee,Male,13-03-2005,21,Single,Employment Pass,Sales,44157,Below 50k,D03,daniel.lee6@example.com,+65 88952291,POL-0026971,15-06-2025,09-07-2025,PRUSave Endowment,Savings & Wealth,Broker,Semi-Annual,34309,191000,34309,0.0451,20,Inforce,13,N,,Y,,N,,,,,0,Y,,,,,,,,N,N,-0.01,10,,,,,,AGT-00528,Arjun Chong,New,1,AU-06,Active,61.5,0.413,False,False,False,False,EXACT_DUPLICATE
RID-0001304,CRM,21-06-2026 10:51,CUS-018766,Divya Sharma,Female,21-04-1993,33,Married,Citizen,Retired,51800,50k-100k,D27,divya.sharma79@example.com,+65 87262704,POL-0001304,04-09-2023,27-09-2023,PRUShield Standard,Health & IP,Bancassurance,Monthly,6657.96,1088000,6657.96,0.1268,15,Inforce,35,N,,Y,Public A-Ward,Y,2564.56,2564.56,0,0,129,N,,,,,,,,N,N,0.43,7,,,,,,,,,,,,,,False,False,False,False,EXACT_DUPLICATE
RID-0014852,CRM,06-08-2026 20:25,CUS-037053,Terence Harper,Male,03-06-1997,29,Divorced,Citizen,Education,242139,200k-400k,D07,terence.harper195@example.com,+65 86292680,POL-0014852,30-12-2025,03-01-2026,PRUWealth Plus,Savings & Wealth,Direct,Annual,11087.56,123000,11087.56,0.0786,99,Inforce,8,N,,Y,,N,,,,,0,N,CLM-0014852,18-02-2026,Accident,5028.36,Partially Approved,,14,N,N,0.13,7,ASR-0034,100000,N,N,0.09,,,,,,,,,False,False,False,False,EXACT_DUPLICATE
