record_id,source_system,last_updated_ts,customer_id,customer_name,gender,date_of_birth,age,marital_status,residency_status,occupation_group,annual_income_sgd,income_band,postal_district,email,mobile_number,policy_id,quote_date,policy_start_date,product_name,product_category,distribution_channel,payment_frequency,annual_premium_sgd,sum_assured_sgd,ape_sgd,nbp_margin_pct,policy_term_years,policy_status,months_inforce,lapse_flag,lapse_date,persistency_13m_flag,ip_plan_tier,rider_attached_flag,rider_premium_before_sgd,rider_premium_after_sgd,copay_pct,deductible_sgd,care_delay_days,chronic_condition_flag,claim_id,claim_date,claim_type,claim_amount_sgd,claim_status,claim_decline_reason,claim_tat_days,disputed_flag,complaint_flag,customer_sentiment_score,nps_score,assessor_id,assessor_approval_limit_sgd,approval_above_limit_flag,sod_breach_flag,fraud_risk_score,agent_id,agent_name,agent_tier,agent_tenure_months,agency_unit,agent_status,agent_productivity_score,agent_attrition_risk,occupation_group_imputed_flag,postal_district_imputed_flag,marital_status_imputed_flag,residency_status_imputed_flag,_match_key,reject_reason
RID-0023513,CLAIMS_SYS,01-04-2026 02:24,CUS-000004,Marcus Hassan,Male,09-08-1987,39,Married,Foreigner,Executive,140569,100k-200k,D04,marcus.hassan453@example.com,+65 89642468,POL-0023513,24-01-2024,05-02-2024,PRUTerm Secure,Protection,Agency,Quarterly,6742.05,1915000,6742.05,0.2599,30,Lapsed,31,Y,21-07-2025,Y,,N,,,,,32,N,CLM-0023513,17-05-2024,Disability,2494.59,Approved,,36,N,N,0.26,6,ASR-0032,25000,N,N,0.042,AGT-00549,Hui Ling Sharma,Established,19,AU-20,Active,48.4,0.186,False,False,False,False,POL0023513|MARCUSHASSAN|19870809,FUZZY_DUPLICATE
RID-0047837,AGENCY_MGMT,01-04-2026 02:41,CUS-001056,DeepakMitchell,Male,24-06-1993,33,Single,Citizen,Executive,228901,200k-400k,D28,DEEPAK.MITCHELL402@EXAMPLE.COM,98928222,POL-0020731,28-01-2024,24-02-2024,PRUShield Life,Protection,Broker,Annual,"S$6,526.47",2504000,6526.47,0.2342,99,Matured,30,N,,Y,,N,,,,,0,Y,,,,,,,,N,N,0.81,8,,,,,,AGT-00491,Denise Kamal,New,2,AU-08,Active,76.5,0.758,False,False,False,False,POL0020731|DEEPAKMITCHELL|19930624,FUZZY_DUPLICATE
RID-0047952,AGENCY_MGMT,01-04-2026 15:22,CUS-021595,Jun Hao Bennett,Male,09-10-1974,52,Married,Citizen,Executive,128526,100k-200k,D26,JUN.HAO.BENNETT339@EXAMPLE.COM,82808892,POL-0012484,27-03-2023,02-04-2023,PRUShield Life,Protection,Digital,Annual,S$853.42,2872000,853.42,0.2524,10,Inforce,41,N,,Y,,N,,,,,12,N,CLM-0012484,09-06-2026,Accident,2422.61,Approved,,35,N,N,-0.12,7,ASR-0006,25000,N,N,0.093,,,,,,,,,False,False,False,False,POL0012484|JUNHAOBENNETT|19741009,FUZZY_DUPLICATE
RID-0025418,CLAIMS_SYS,01-04-2026 18:28,CUS-034895,Rohan Rahman,Male,19-01-1981,45,Single,Citizen,Self-Employed,62063,50k-100k,D22,rohan.rahman226@example.com,+65 96009078,POL-0025418,23-12-2023,17-01-2024,PRUCritical Cover,Protection,Bancassurance,Monthly,4799.19,740000,4799.19,0.2223,5,Inforce,31,N,,Y,,N,,,,,0,N,,,,,,,,N,N,0.82,5,,,,,,,,,,,,,,False,False,False,False,POL0025418|ROHANRAHMAN|19810119,FUZZY_DUPLICATE
RID-0019889,CRM,01-05-2026 05:43,CUS-026394,Jonathan Chan,Male,25-01-1981,45,Widowed,Citizen,Education,144816,100k-200k,D01,jonathan.chan59@example.com,+65 95241098,POL-0019889,16-02-2025,18-03-2025,PRUFlexiCash,Savings & Wealth,Agency,Annual,6124.1,73000,6124.1,0.0857,99,Inforce,17,N,,Y,,N,,,,,153,N,CLM-0019889,09-06-2026,Critical Illness,9124.99,Declined,Non-disclosure at underwriting,27,Y,N,0.89,8,ASR-0023,50000,N,N,0.406,AGT-00382,Siti Nadia Sharma,Established,54,AU-18,Active,74.2,0.211,False,False,False,False,POL0019889|JONATHANCHAN|19810125,FUZZY_DUPLICATE
RID-0028895,CLAIMS_SYS,01-05-2026 05:54,CUS-016415,Aminah Chong,Female,07-06-1986,40,Married,Citizen,Technician,118079,100k-200k,D26,aminah.chong231@example.com,+65 94185184,POL-0028895,27-09-2023,19-10-2023,PRUExtra Care,Health & IP,Agency,Quarterly,1950.02,1150000,1950.02,0.1908,25,Inforce,34,N,,Y,Public A-Ward,Y,871.13,871.13,0,1500,0,N,CLM-0028895,07-01-2024,Accident,1763.59,Declined,Premium in arrears,20,N,N,0.91,9,ASR-0036,25000,N,N,0.163,AGT-00661,Muhammad Ariff Mitchell,Established,14,AU-05,Active,26.3,0.687,False,False,False,False,POL0028895|AMINAHCHONG|19860607,FUZZY_DUPLICATE
RID-0028602,CRM,01-05-2026 07:27,CUS-004992,Lakshmi Neo,Female,06-12-1971,55,Married,Foreigner,Civil Service,128978,100k-200k,D23,lakshmi.neo209@example.com,+65 94040893,POL-0028602,22-08-2025,29-08-2025,PRUShield Standard,Health & IP,Digital,Monthly,6001.45,831000,6001.45,0.1377,30,Inforce,12,N,,Y,Private Hospital,Y,2195.54,2195.54,0,0,50,N,CLM-0028602,14-03-2026,Accident,2087.37,Declined,Outside panel provider,26,N,N,0.3,6,ASR-0017,50000,N,N,0.031,,,,,,,,,False,False,False,False,POL0028602|LAKSHMINEO|19711206,FUZZY_DUPLICATE
RID-0047564,AGENCY_MGMT,01-05-2026 09:17,CUS-038252,Priya Rahman,Female,27-05-1986,40,Widowed,Permanent Resident,Self-Employed,85197,50k-100k,D10,PRIYA.RAHMAN166@EXAMPLE.COM,95450958,POL-0024424,26-08-2025,04-09-2025,PRUFlexiCash,Savings & Wealth,Bancassurance,Annual,"S$7,967.36",351000,7967.36,0.0369,5,Lapsed,12,Y,22-05-2026,N,,N,,,,,0,N,,,,,,,,N,N,0.64,5,,,,,,,,,,,,,,False,False,False,False,POL0024424|PRIYARAHMAN|19860527,FUZZY_DUPLICATE
RID-0048048,CRM,01-05-2026 14:52,CUS-014077,VALERIE SHARMA,Female,03-07-1978,48,Widowed,Citizen,Technician,97029,50k-100k,D22,VALERIE.SHARMA82@EXAMPLE.COM,99286631,POL-0005050,25-07-2025,06-09-2025,PRUVantage Legacy,Savings & Wealth,Agency,Quarterly,"S$31,967.77",65000,31967.77,0.0801,5,Inforce,12,N,,Y,,N,,,,,0,N,CLM-0005050,07-06-2026,Critical Illness,9801.2,Approved,,28,N,N,0.14,10,ASR-0038,100000,N,N,0.275,AGT-00104,Daniel Fraser,Established,93,AU-05,Active,21.9,0.437,False,False,False,False,POL0005050|VALERIESHARMA|19780703,FUZZY_DUPLICATE
RID-0047772,POLICY_ADMIN,01-05-2026 17:22,CUS-034808,Zhi Hao Goh,Male,15-07-1962,64,Divorced,Citizen,Healthcare,30862,Below 50k,D22,ZHI.HAO.GOH489@EXAMPLE.COM,93460575,POL-0004526,13-08-2025,01-09-2025,PRUSave Endowment,Savings & Wealth,Digital,Monthly,"S$35,054.74",267000,35054.74,0.0477,15,Inforce,12,N,,Y,,N,,,,,39,N,CLM-0004526,16-12-2025,Hospitalisation,16395.18,Approved,,12,N,N,0.85,9,ASR-0023,50000,N,N,0.145,,,,,,,,,False,False,False,False,POL0004526|ZHIHAOGOH|19620715,FUZZY_DUPLICATE
RID-0021199,AGENCY_MGMT,01-05-2026 22:31,CUS-023339,Meera Lim,Female,24-02-2005,21,Widowed,Foreigner,Retired,42142,Below 50k,D17,meera.lim366@example.com,+65 99179582,POL-0021199,18-10-2025,03-11-2025,PRULink Assurance,Investment-Linked,Bancassurance,Monthly,10815.12,622000,10815.12,0.1106,5,Lapsed,10,Y,24-03-2026,N,,N,,,,,22,N,,,,,,,,N,N,0.62,8,,,,,,,,,,,,,,False,False,False,False,POL0021199|MEERALIM|20050224,FUZZY_DUPLICATE
RID-0047273,AGENCY_MGMT,01-06-2026 02:15,CUS-018158,Jonathan Wong,Male,28-08-2004,22,Single,Citizen,Retired,104650,100k-200k,D05,jonathan.wong369@example.com,+65 96978918,POL-0047273,01-02-2026,04-03-2026,PRUShield Life,Protection,Bancassurance,Monthly,2883.77,752000,2883.77,0.2761,25,Inforce,6,N,,Y,,N,,,,,84,N,,,,,,,,N,N,-0.01,8,,,,,,,,,,,,,,False,False,False,False,POL0047273|JONATHANWONG|20040828,FUZZY_DUPLICATE
RID-0007078,CRM,01-06-2026 03:31,CUS-011122,Jun Hao Foo,Male,03-09-1986,40,Married,Citizen,Executive,72476,50k-100k,D28,jun.hao.foo491@example.com,+65 83352448,POL-0007078,21-01-2025,03-03-2025,PRUVantage Legacy,Savings & Wealth,Agency,Annual,49555.97,500000,49555.97,0.0462,25,Inforce,18,N,,Y,,N,,,,,111,N,,,,,,,,N,N,0.46,7,,,,,,AGT-00486,Siew Peng Sim,Established,38,AU-26,Active,61.6,0.379,False,False,False,False,POL0007078|JUNHAOFOO|19860903,FUZZY_DUPLICATE
RID-0048053,AGENCY_MGMT,01-06-2026 05:15,CUS-006527,Jonathan Fraser,Male,04-08-1995,31,Divorced,Citizen,Education,87389,50k-100k,D15,JONATHAN.FRASER311@EXAMPLE.COM,97655291,POL-0007104,13-12-2025,31-12-2025,PRUTerm Secure,Protection,Agency,Monthly,"S$4,318.45",826000,4318.45,0.3197,30,Lapsed,8,Y,31-07-2026,N,,N,,,,,87,N,CLM-0007104,17-03-2026,Disability,6633.91,Approved,,9,N,N,0.48,9,ASR-0053,25000,N,N,0.419,AGT-00643,Divya Ho,Senior,143,AU-28,Active,76.1,0.265,False,False,False,False,POL0007104|JONATHANFRASER|19950804,FUZZY_DUPLICATE
RID-0009473,AGENCY_MGMT,01-06-2026 08:01,CUS-000413,Wei Ming Ng,Male,14-07-1978,48,Single,Citizen,Healthcare,77035,50k-100k,D17,wei.ming.ng227@example.com,+65 98025733,POL-0009473,19-07-2025,12-08-2025,PRUFlexiCash,Savings & Wealth,Digital,Quarterly,9690.85,488000,9690.85,0.0505,30,Inforce,12,N,,Y,,N,,,,,101,N,,,,,,,,N,N,0.88,7,,,,,,,,,,,,,,False,False,False,False,POL0009473|WEIMINGNG|19780714,FUZZY_DUPLICATE
RID-0047677,AGENCY_MGMT,01-06-2026 10:04,CUS-024199,NurulAisyahOsman,Female,16-08-1993,33,Divorced,Citizen,Manager,150366,100k-200k,D11,NURUL.AISYAH.OSMAN128@EXAMPLE.COM,98577328,POL-0028451,17-02-2024,18-03-2024,PRUSave Endowment,Savings & Wealth,Bancassurance,Annual,"S$35,211.22",171000,35211.22,0.0414,15,Inforce,29,N,,Y,,N,,,,,36,Y,,,,,,,,N,N,0.33,6,,,,,,,,,,,,,,False,False,False,False,POL0028451|NURULAISYAHOSMAN|19930816,FUZZY_DUPLICATE
RID-0037048,CLAIMS_SYS,01-06-2026 14:13,CUS-002198,Deepak Foo,Male,20-10-2002,24,Married,Employment Pass,Civil Service,62725,50k-100k,D11,deepak.foo473@example.com,+65 98233286,POL-0037048,25-04-2026,19-05-2026,PRUExtra Care,Health & IP,Broker,Quarterly,3711.64,1471000,3711.64,0.1412,30,Inforce,3,N,,Y,Public A-Ward,Y,1897.52,1297.49,15,3500,0,Y,CLM-0037048,31-07-2026,Accident,4333.94,Approved,,13,N,N,0.26,10,ASR-0011,50000,N,N,0.221,AGT-00184,Samantha Seah,New,6,AU-19,Active,36.5,0.43,False,False,False,False,POL0037048|DEEPAKFOO|20021020,FUZZY_DUPLICATE
RID-0048205,POLICY_ADMIN,01-06-2026 16:38,CUS-016502,Anjali Raj,Female,13-06-1974,52,Widowed,Foreigner,Sales,94216,50k-100k,D12,ANJALI.RAJ25@EXAMPLE.COM,88329479,POL-0014035,31-05-2024,03-06-2024,PRUFlexiCash,Savings & Wealth,Bancassurance,Monthly,"S$46,696.86",182000,46696.86,0.0364,5,Lapsed,27,Y,04-11-2024,N,,N,,,,,43,Y,,,,,,,,N,N,-0.09,6,,,,,,,,,,,,,,False,False,False,False,POL0014035|ANJALIRAJ|19740613,FUZZY_DUPLICATE
RID-0015705,CRM,01-06-2026 21:03,CUS-019988,Zhi Hao Raj,Male,19-08-1984,42,Married,Citizen,Healthcare,43598,Below 50k,D17,zhi.hao.raj90@example.com,+65 95878009,POL-0015705,15-02-2024,12-03-2024,PRUFlexiCash,Savings & Wealth,Bancassurance,Annual,57217.95,436000,57217.95,0.0532,99,Inforce,30,N,,Y,,N,,,,,88,Y,CLM-0015705,19-08-2026,Day Surgery,2052.63,Approved,,14,N,N,0.85,10,ASR-0046,25000,N,N,0.199,,,,,,,,,False,False,False,False,POL0015705|ZHIHAORAJ|19840819,FUZZY_DUPLICATE
RID-0048236,CRM,01-07-2026 05:38,CUS-022012,HakimBennett,Male,20-09-1987,39,Single,Citizen,Healthcare,63582,50k-100k,D01,HAKIM.BENNETT177@EXAMPLE.COM,89692295,POL-0031083,24-09-2023,01-11-2023,PRUFlexiCash,Savings & Wealth,Bancassurance,Monthly,"S$18,548.41",115000,18548.41,0.0771,10,Inforce,34,N,,Y,,N,,,,,0,N,CLM-0031083,27-02-2025,Death Benefit,1267.69,Approved,,2,N,N,0.33,8,ASR-0016,100000,N,N,0.139,,,,,,,,,False,False,False,False,POL0031083|HAKIMBENNETT|19870920,FUZZY_DUPLICATE
RID-0047648,POLICY_ADMIN,01-07-2026 08:21,CUS-017263,NURUL AISYAH TAN,Female,16-12-1987,39,Widowed,Citizen,Technician,191408,100k-200k,D06,NURUL.AISYAH.TAN453@EXAMPLE.COM,87415351,POL-0042645,14-09-2025,18-10-2025,PRUActive Term,Protection,Agency,Quarterly,"S$5,862.83",577000,5862.83,0.3148,99,Inforce,10,N,,Y,,N,,,,,134,N,CLM-0042645,21-05-2026,Accident,12929.26,Approved,,21,N,N,0.04,6,ASR-0036,25000,N,N,0.128,AGT-00661,Muhammad Ariff Mitchell,Established,14,AU-05,Active,26.3,0.687,False,False,False,False,POL0042645|NURULAISYAHTAN|19871216,FUZZY_DUPLICATE
RID-0035551,CLAIMS_SYS,01-07-2026 09:06,CUS-031583,Hakim Sharma,Male,03-12-1971,55,Single,Citizen,Sales,30000,Below 50k,D09,hakim.sharma364@example.com,+65 81766577,POL-0035551,01-08-2025,05-08-2025,PRUShield Premier,Health & IP,Bancassurance,Semi-Annual,2394.82,203000,2394.82,0.1257,20,Inforce,13,N,,Y,Public A-Ward,Y,896,896,0,1500,0,N,CLM-0035551,02-08-2026,Outpatient Specialist,5898.33,Approved,,20,N,N,0.3,6,ASR-0021,100000,N,N,0.047,,,,,,,,,False,False,False,False,POL0035551|HAKIMSHARMA|19711203,FUZZY_DUPLICATE
RID-0037689,AGENCY_MGMT,01-07-2026 15:59,CUS-031000,Zulkifli Nair,Male,09-06-1978,48,Single,Permanent Resident,Retired,43474,Below 50k,D22,zulkifli.nair357@example.com,+65 85832139,POL-0037689,26-01-2025,29-01-2025,PRUActive Term,Protection,Digital,Monthly,7840.1,1748000,7840.1,0.3363,10,Inforce,19,N,,Y,,N,,,,,38,Y,,,,,,,,N,N,0.72,8,,,,,,,,,,,,,,False,False,False,False,POL0037689|ZULKIFLINAIR|19780609,FUZZY_DUPLICATE
RID-0048127,CLAIMS_SYS,01-07-2026 17:38,CUS-026452,RACHEL FOO,Female,12-01-1993,33,Divorced,Citizen,Sales,44616,Below 50k,D28,RACHEL.FOO345@EXAMPLE.COM,89298032,POL-0008745,08-12-2025,05-01-2026,PRUShield Standard,Health & IP,Digital,Annual,"S$4,966.97",937000,4966.97,0.1203,25,Inforce,7,N,,Y,Public A-Ward,N,,,,,117,N,,,,,,,,N,N,0.76,6,,,,,,,,,,,,,,False,False,False,False,POL0008745|RACHELFOO|19930112,FUZZY_DUPLICATE
RID-0032933,AGENCY_MGMT,01-08-2026 00:56,CUS-023411,Anjali Yeo,Female,26-10-1990,36,Single,Citizen,Healthcare,88143,50k-100k,D18,anjali.yeo424@example.com,+65 91561976,POL-0032933,07-01-2026,28-01-2026,PRUWealth Plus,Savings & Wealth,Digital,Monthly,56156.81,390000,56156.81,0.0567,5,Inforce,7,N,,Y,,N,,,,,39,Y,CLM-0032933,01-02-2026,Hospitalisation,257.72,Approved,,1,N,N,-0.1,7,ASR-0059,50000,N,N,0.02,,,,,,,,,False,False,False,False,POL0032933|ANJALIYEO|19901026,FUZZY_DUPLICATE
RID-0014351,CLAIMS_SYS,01-08-2026 02:00,CUS-014238,Yong Sheng Yeo,Male,01-05-1968,58,Widowed,Citizen,Education,50859,50k-100k,D13,yong.sheng.yeo9@example.com,+65 96622137,POL-0014351,16-04-2023,15-05-2023,PRUShield Standard,Health & IP,Broker,Monthly,2106.26,1150000,2106.26,0.129,10,Inforce,40,N,,Y,Private Hospital,Y,1088.07,1088.07,0,2500,77,N,CLM-0014351,15-04-2024,Outpatient Specialist,5537.7,Partially Approved,,30,N,N,0.11,8,ASR-0012,100000,N,N,0.33,AGT-01023,Priya Bennett,Established,88,AU-30,Active,82.6,0.411,False,False,False,False,POL0014351|YONGSHENGYEO|19680501,FUZZY_DUPLICATE
RID-0048474,CLAIMS_SYS,01-08-2026 11:03,CUS-030620,MUHAMMAD ARIFF FRASER,Male,09-05-1979,47,Widowed,Employment Pass,Manager,181256,100k-200k,D14,MUHAMMAD.ARIFF.FRASER205@EXAMPLE.COM,81512157,POL-0024281,21-06-2023,24-07-2023,PRUShield Standard,Health & IP,Agency,Semi-Annual,"S$4,900.85",716000,4900.85,0.1458,30,Inforce,37,N,,Y,Private Hospital,Y,2489.26,2489.26,0,1500,46,N,CLM-0024281,21-01-2025,Death Benefit,4587.83,Approved,,24,N,N,0.47,10,ASR-0056,50000,N,N,0.169,AGT-01126,Marcus Low,Established,41,AU-18,Active,52.8,0.426,False,False,False,False,POL0024281|MUHAMMADARIFFFRASER|19790509,FUZZY_DUPLICATE
RID-0005220,CLAIMS_SYS,01-08-2026 20:11,CUS-026082,Marcus Nair,Male,19-12-1999,27,Widowed,Citizen,Manager,30643,Below 50k,D10,marcus.nair420@example.com,+65 83852717,POL-0005220,30-07-2023,31-08-2023,PRULink Global Growth,Investment-Linked,Bancassurance,Annual,38036.93,278000,38036.93,0.1533,30,Inforce,36,N,,Y,,N,,,,,0,N,,,,,,,,N,N,-0.08,10,,,,,,,,,,,,,,False,False,False,False,POL0005220|MARCUSNAIR|19991219,FUZZY_DUPLICATE
RID-0023660,CRM,01-08-2026 22:00,CUS-019180,Deepak Foo,Male,09-09-1991,35,Single,Employment Pass,Self-Employed,47542,Below 50k,D23,deepak.foo111@example.com,+65 85452999,POL-0023660,02-02-2026,12-03-2026,PRUShield Life,Protection,Direct,Annual,4868.99,2882000,4868.99,0.2523,30,Inforce,5,N,,Y,,N,,,,,0,N,CLM-0023660,06-06-2026,Day Surgery,12450.55,Approved,,14,N,N,0.16,7,ASR-0019,100000,N,N,0.308,,,,,,,,,False,False,False,False,POL0023660|DEEPAKFOO|19910909,FUZZY_DUPLICATE
RID-0047872,CRM,01-08-2026 23:33,CUS-038331,Mei Yi Lim,Female,02-04-1985,41,Married,Foreigner,Education,143980,100k-200k,D03,MEI.YI.LIM50@EXAMPLE.COM,96077622,POL-0003967,29-08-2023,02-10-2023,PRUTerm Secure,Protection,Bancassurance,Annual,"S$4,543.22",1849000,4543.22,0.2367,30,Inforce,35,N,,Y,,N,,,,,0,N,,,,,,,,N,N,0.58,6,,,,,,,,,,,,,,False,False,False,False,POL0003967|MEIYILIM|19850402,FUZZY_DUPLICATE
RID-0047640,AGENCY_MGMT,01-09-2026 00:49,CUS-000654,MarcusChua,Male,28-07-1993,33,Married,Permanent Resident,Civil Service,235140,200k-400k,D12,MARCUS.CHUA361@EXAMPLE.COM,86074429,POL-0014335,11-02-2024,17-02-2024,PRUExtra Care,Health & IP,Broker,Monthly,"S$1,847.09",834000,1847.09,0.1587,25,Inforce,30,N,,Y,Private Hospital,Y,668.54,668.54,0,0,115,Y,CLM-0014335,19-04-2026,Outpatient Specialist,1101.95,Approved,,3,N,N,0.59,8,ASR-0003,10000,N,N,0.389,AGT-00358,Valerie Chong,New,8,AU-04,Active,50.1,0.118,False,False,False,False,POL0014335|MARCUSCHUA|19930728,FUZZY_DUPLICATE
RID-0003156,AGENCY_MGMT,01-09-2026 04:39,CUS-022490,Aminah Lim,Female,27-04-1984,42,Married,Permanent Resident,Retired,78017,50k-100k,D15,aminah.lim396@example.com,+65 82445565,POL-0003156,03-07-2026,23-07-2026,PRUWealth Plus,Savings & Wealth,Broker,Annual,18886.26,40000,18886.26,0.0827,30,Inforce,1,N,,Y,,N,,,,,55,N,CLM-0003156,26-07-2026,Critical Illness,8266.26,Approved,,31,N,N,0.77,7,ASR-0008,10000,N,N,0.06,AGT-00372,Hui Ling Fraser,Senior,71,AU-08,Resigned,65.8,0.833,False,False,False,False,POL0003156|AMINAHLIM|19840427,FUZZY_DUPLICATE
RID-0033682,POLICY_ADMIN,01-09-2026 05:03,CUS-026467,Cheryl Toh,Female,12-01-1993,33,Single,Citizen,Manager,32430,Below 50k,D07,cheryl.toh205@example.com,+65 82322237,POL-0033682,19-06-2026,12-07-2026,PRUCritical Cover,Protection,Digital,Monthly,2400.21,2762000,2400.21,0.2631,30,Inforce,1,N,,Y,,N,,,,,95,N,CLM-0033682,03-08-2026,Disability,2319.05,Approved,,13,N,N,0.1,8,ASR-0047,5000,N,N,0.091,,,,,,,,,False,False,False,False,POL0033682|CHERYLTOH|19930112,FUZZY_DUPLICATE
RID-0030712,AGENCY_MGMT,01-09-2026 11:33,CUS-019511,Farah Seah,Female,02-07-1984,42,Single,Citizen,Education,118388,100k-200k,D28,farah.seah343@example.com,+65 83722633,POL-0030712,03-03-2024,17-03-2024,PRUVantage Legacy,Savings & Wealth,Agency,Quarterly,45069.57,203000,45069.57,0.0424,5,Matured,29,N,,Y,,N,,,,,28,N,,,,,,,,N,N,0.94,9,,,,,,AGT-00074,Lakshmi Yeo,New,7,AU-18,Active,32.6,0.2,False,False,False,False,POL0030712|FARAHSEAH|19840702,FUZZY_DUPLICATE
RID-0048252,CLAIMS_SYS,01-09-2026 14:31,CUS-040673,Edwin Bennett,Male,23-07-1973,53,Single,Citizen,Executive,48117,Below 50k,D15,EDWIN.BENNETT72@EXAMPLE.COM,87357565,POL-0013300,23-02-2025,09-04-2025,PRUTerm Secure,Protection,Digital,Semi-Annual,"S$2,075.24",1761000,2075.24,0.2622,99,Inforce,17,N,,Y,,N,,,,,71,N,,,,,,,,N,N,-0.03,6,,,,,,,,,,,,,,False,False,False,False,POL0013300|EDWINBENNETT|19730723,FUZZY_DUPLICATE
RID-0048182,AGENCY_MGMT,01-09-2026 20:38,CUS-026675,DivyaChua,Female,24-04-1979,47,Married,Permanent Resident,Sales,104622,100k-200k,D01,DIVYA.CHUA178@EXAMPLE.COM,85099444,POL-0019594,16-08-2024,03-09-2024,PRUShield A Plus,Health & IP,Digital,Annual,S$947.46,1004000,947.46,0.1848,5,Inforce,24,N,,Y,Private Hospital,Y,341.22,341.22,0,1500,0,N,,,,,,,,N,N,0.67,7,,,,,,,,,,,,,,False,False,False,False,POL0019594|DIVYACHUA|19790424,FUZZY_DUPLICATE
RID-0035166,POLICY_ADMIN,01-09-2026 22:07,CUS-004853,Suresh Raj,Male,02-03-1980,46,Divorced,Citizen,Education,190902,100k-200k,D02,suresh.raj26@example.com,+65 94613333,POL-0035166,24-05-2026,06-07-2026,PRUActive Term,Protection,Agency,Annual,961,2595000,961,0.2452,5,Inforce,1,N,,Y,,N,,,,,124,N,,,,,,,,N,N,0.97,8,,,,,,AGT-00079,Siew Peng Teo,Established,49,AU-10,On Notice,95.3,0.035,False,False,False,False,POL0035166|SURESHRAJ|19800302,FUZZY_DUPLICATE
RID-0047871,CRM,02-04-2026 00:14,CUS-006499,HUI LING PILLAI,Female,08-01-1989,37,Single,Citizen,Healthcare,176256,100k-200k,D17,HUI.LING.PILLAI78@EXAMPLE.COM,81591468,POL-0020822,03-02-2023,09-02-2023,PRUSelect Vantage,Investment-Linked,Bancassurance,Annual,"S$3,952.12",223000,3952.12,0.1287,20,Inforce,43,N,,Y,,N,,,,,42,Y,,,,,,,,N,N,0.2,9,,,,,,,,,,,,,,False,False,False,False,POL0020822|HUILINGPILLAI|19890108,FUZZY_DUPLICATE
RID-0010800,CLAIMS_SYS,02-04-2026 04:50,CUS-014851,Zhi Hao Neo,Male,21-06-1981,45,Divorced,Permanent Resident,Civil Service,59491,50k-100k,D10,zhi.hao.neo58@example.com,+65 95301429,POL-0010800,05-02-2024,17-03-2024,PRUFlexiCash,Savings & Wealth,Agency,Quarterly,27955.74,54000,27955.74,0.0697,30,Inforce,29,N,,Y,,N,,,,,0,N,CLM-0010800,26-01-2025,Maternity,9284.86,Approved,,23,N,N,0.64,6,ASR-0005,10000,N,N,0.18,AGT-00188,Denise Rahman,Established,74,AU-18,Resigned,67.8,0.377,False,False,False,False,POL0010800|ZHIHAONEO|19810621,FUZZY_DUPLICATE
RID-0014944,AGENCY_MGMT,02-04-2026 09:23,CUS-006917,Edwin Pillai,Male,18-02-1964,62,Divorced,Foreigner,Retired,159526,100k-200k,D01,edwin.pillai99@example.com,+65 94177296,POL-0014944,20-06-2023,29-07-2023,PRUWealth Plus,Savings & Wealth,Digital,Annual,44313.21,177000,44313.21,0.0611,10,Lapsed,37,Y,11-08-2026,Y,,N,,,,,104,N,,,,,,,,N,N,0.88,9,,,,,,,,,,,,,,False,False,False,False,POL0014944|EDWINPILLAI|19640218,FUZZY_DUPLICATE
RID-0036710,POLICY_ADMIN,02-04-2026 19:08,CUS-019650,Hui Ling Raj,Female,13-03-1975,51,Single,Citizen,Executive,111629,100k-200k,D25,hui.ling.raj470@example.com,+65 99544287,POL-0036710,23-07-2024,03-08-2024,PRUFlexiCash,Savings & Wealth,Agency,Semi-Annual,51596.81,380000,51596.81,0.0589,25,Inforce,25,N,,Y,,N,,,,,20,Y,CLM-0036710,25-12-2024,Hospitalisation,7467.49,Partially Approved,,26,N,N,0.89,10,ASR-0025,50000,N,N,0.034,AGT-00140,Hui Ling Turner,Established,49,AU-16,Active,62.4,0.122,False,False,False,False,POL0036710|HUILINGRAJ|19750313,FUZZY_DUPLICATE
RID-0048074,POLICY_ADMIN,02-05-2026 08:59,CUS-019399,Siti Nadia Neo,Female,23-05-1985,41,Single,Citizen,Professional,42193,Below 50k,D16,SITI.NADIA.NEO341@EXAMPLE.COM,97839070,POL-0003893,04-08-2024,09-09-2024,PRUSave Endowment,Savings & Wealth,Bancassurance,Annual,"S$32,644.61",246000,32644.61,0.0636,25,Inforce,24,N,,Y,,N,,,,,236,N,CLM-0003893,04-06-2025,Disability,6789.8,Approved,,9,N,Y,-0.3,4,ASR-0005,10000,N,N,0.256,,,,,,,,,False,False,False,False,POL0003893|SITINADIANEO|19850523,FUZZY_DUPLICATE
RID-0014695,CLAIMS_SYS,02-05-2026 10:02,CUS-033310,Lakshmi Kamal,Female,09-02-1986,40,Widowed,Citizen,Retired,108029,100k-200k,D23,lakshmi.kamal121@example.com,+65 81155164,POL-0014695,04-06-2024,16-07-2024,PRUExtra Care,Health & IP,Agency,Monthly,6606.06,1205000,6606.06,0.1275,99,Inforce,25,N,,Y,Public B1-Ward,N,,,,,26,N,,,,,,,,N,N,0.39,10,,,,,,AGT-00745,Nurul Aisyah Goh,Established,83,AU-10,Active,43.6,0.33,False,False,False,False,POL0014695|LAKSHMIKAMAL|19860209,FUZZY_DUPLICATE
RID-0047517,CRM,02-05-2026 14:55,CUS-023799,Faisal Tan,Male,21-10-2000,26,Widowed,Citizen,Healthcare,75251,50k-100k,D10,FAISAL.TAN213@EXAMPLE.COM,95907195,POL-0016396,09-08-2024,14-08-2024,PRUShield Life,Protection,Broker,Monthly,"S$7,195.96",1619000,7195.96,0.2342,5,Inforce,24,N,,Y,,N,,,,,133,N,CLM-0016396,19-06-2025,Critical Illness,28709.96,Approved,,19,N,N,0.59,8,ASR-0008,10000,N,N,0.076,AGT-00736,Priya Ng,Established,42,AU-09,Active,46.7,0.112,False,False,False,False,POL0016396|FAISALTAN|20001021,FUZZY_DUPLICATE
RID-0033568,POLICY_ADMIN,02-05-2026 15:26,CUS-015932,Priya Ng,Female,01-11-1994,32,Widowed,Employment Pass,Retired,155111,100k-200k,D17,priya.ng183@example.com,+65 91492316,POL-0033568,12-01-2025,31-01-2025,PRUSave Endowment,Savings & Wealth,Broker,Monthly,43954.55,258000,43954.55,0.0733,15,Inforce,19,N,,Y,,N,,,,,72,N,CLM-0033568,08-07-2026,Critical Illness,8620.95,Declined,Treatment not medically necessary,33,N,N,0.88,10,ASR-0052,5000,N,N,0.237,AGT-00736,Priya Ng,Established,42,AU-09,Active,46.7,0.112,False,False,False,False,POL0033568|PRIYANG|19941101,FUZZY_DUPLICATE
RID-0043190,POLICY_ADMIN,02-06-2026 04:57,CUS-018219,Meera Mitchell,Female,06-03-1995,31,Married,Permanent Resident,Sales,74521,50k-100k,D05,meera.mitchell303@example.com,+65 94476114,POL-0043190,15-09-2024,22-10-2024,PRUTerm Secure,Protection,Agency,Quarterly,2056.91,1707000,2056.91,0.2397,25,Inforce,22,N,,Y,,N,,,,,104,N,,,,,,,,N,N,0.12,6,,,,,,AGT-00035,Daniel Ibrahim,Established,87,AU-07,Active,35.9,0.027,False,False,False,False,POL0043190|MEERAMITCHELL|19950306,FUZZY_DUPLICATE
RID-0029034,CLAIMS_SYS,02-06-2026 10:36,CUS-021313,Siti Nadia Ng,Female,04-11-2005,21,Widowed,Citizen,Sales,88374,50k-100k,D23,siti.nadia.ng179@example.com,+65 91538343,POL-0029034,20-02-2024,01-04-2024,PRUShield Premier,Health & IP,Agency,Monthly,7310.62,611000,7310.62,0.1381,99,Inforce,29,N,,Y,Public B1-Ward,Y,3223.79,3223.79,0,0,63,N,,,,,,,,N,N,0.39,9,,,,,,AGT-01148,Nicholas Ong,Established,33,AU-37,Active,97.5,0.272,False,False,False,False,POL0029034|SITINADIANG|20051104,FUZZY_DUPLICATE
RID-0048007,CRM,02-06-2026 11:12,CUS-014783,Farah Sim,Female,18-07-1961,65,Divorced,Permanent Resident,Self-Employed,80333,50k-100k,D12,FARAH.SIM243@EXAMPLE.COM,98027902,POL-0016325,11-08-2023,19-09-2023,PRUWealth Plus,Savings & Wealth,Agency,Quarterly,"S$17,229.30",373000,17229.3,0.0469,99,Inforce,35,N,,Y,,N,,,,,74,Y,CLM-0016325,18-10-2023,Critical Illness,5159.62,Approved,,4,N,N,-0.14,10,ASR-0059,50000,N,N,0.289,AGT-00503,Iskandar Ho,Senior,59,AU-29,Active,39.5,0.156,False,False,False,False,POL0016325|FARAHSIM|19610718,FUZZY_DUPLICATE
RID-0047789,CLAIMS_SYS,02-06-2026 11:29,CUS-024878,FarahKoh,Female,07-08-1983,43,Single,Citizen,Manager,37681,Below 50k,D10,FARAH.KOH390@EXAMPLE.COM,92767025,POL-0033597,03-10-2025,28-10-2025,PRUFlexiCash,Savings & Wealth,Bancassurance,Semi-Annual,"S$52,507.96",56000,52507.96,0.0495,20,Lapsed,10,Y,29-04-2026,N,,N,,,,,0,Y,CLM-0033597,05-11-2025,Day Surgery,7737.96,Approved,,19,N,N,0.12,8,ASR-0038,100000,N,Y,0.351,,,,,,,,,False,False,False,False,POL0033597|FARAHKOH|19830807,FUZZY_DUPLICATE
RID-0047811,CRM,02-06-2026 16:12,CUS-011252,Rachel Koh,Female,15-09-1981,45,Married,Citizen,Professional,118161,100k-200k,D14,RACHEL.KOH395@EXAMPLE.COM,83572181,POL-0037056,16-01-2025,21-02-2025,PRUVantage Legacy,Savings & Wealth,Digital,Annual,"S$8,218.09",272000,8218.09,0.0613,30,Inforce,18,N,,Y,,N,,,,,97,N,CLM-0037056,07-03-2025,Day Surgery,6997.9,Approved,,29,N,N,0.35,7,ASR-0056,50000,N,N,0.366,,,,,,,,,False,False,False,False,POL0037056|RACHELKOH|19810915,FUZZY_DUPLICATE
RID-0029315,AGENCY_MGMT,02-06-2026 21:29,CUS-001455,Siti Nadia Aziz,Female,28-06-1990,36,Widowed,Permanent Resident,Professional,37216,Below 50k,D04,siti.nadia.aziz491@example.com,+65 82664413,POL-0029315,14-02-2026,01-03-2026,PRUSelect Vantage,Investment-Linked,Bancassurance,Monthly,11971.04,644000,11971.04,0.1525,30,Surrendered,6,Y,29-07-2026,N,,N,,,,,489,N,,,,,,,,N,N,0.37,5,,,,,,,,,,,,,,False,False,False,False,POL0029315|SITINADIAAZIZ|19900628,FUZZY_DUPLICATE
RID-0036283,CLAIMS_SYS,02-07-2026 03:09,CUS-032195,Aminah Chong,Female,25-01-1985,41,Divorced,Citizen,Manager,107038,100k-200k,D21,aminah.chong314@example.com,+65 91515903,POL-0036283,20-07-2024,13-08-2024,PRUExtra Care,Health & IP,Agency,Annual,7293.18,188000,7293.18,0.2102,20,Inforce,24,N,,Y,Public A-Ward,Y,4007.53,4007.53,0,1500,0,Y,,,,,,,,N,N,0.6,7,,,,,,AGT-00271,Marcus Hassan,New,3,AU-02,Active,77,0.311,False,False,False,False,POL0036283|AMINAHCHONG|19850125,FUZZY_DUPLICATE
RID-0010829,AGENCY_MGMT,02-07-2026 05:55,CUS-006731,Wei Ming Harper,Male,05-05-1994,32,Single,Permanent Resident,Retired,72114,50k-100k,D13,wei.ming.harper192@example.com,+65 92989428,POL-0010829,09-06-2024,27-06-2024,PRUWealth Plus,Savings & Wealth,Agency,Monthly,35302.25,249000,35302.25,0.0583,5,Inforce,26,N,,Y,,N,,,,,43,N,,,,,,,,N,N,0.77,6,,,,,,AGT-00067,Faisal Pillai,Established,32,AU-25,Active,73,0.225,False,False,False,False,POL0010829|WEIMINGHARPER|19940505,FUZZY_DUPLICATE
RID-0048194,CRM,02-07-2026 05:57,CUS-040500,JOANNE GOH,Female,26-10-1984,42,Married,Permanent Resident,Technician,30000,Below 50k,D06,JOANNE.GOH339@EXAMPLE.COM,86715757,POL-0047364,29-03-2026,03-04-2026,PRUShield Premier,Health & IP,Agency,Monthly,"S$3,849.07",1052000,3849.07,0.1813,10,Inforce,5,N,,Y,Public B1-Ward,Y,1244.63,815.1,5,3500,0,Y,CLM-0047364,19-08-2026,Day Surgery,1616.72,Partially Approved,,17,N,N,0.41,7,ASR-0004,100000,N,N,0.153,AGT-00117,Hakim Raj,New,3,AU-18,Active,69.2,0.248,False,False,False,False,POL0047364|JOANNEGOH|19841026,FUZZY_DUPLICATE
RID-0006418,CRM,02-07-2026 09:13,CUS-034618,Jia Hui Fraser,Female,19-08-1986,40,Single,Permanent Resident,Education,59134,50k-100k,D22,jia.hui.fraser98@example.com,+65 98820323,POL-0006418,24-04-2026,17-05-2026,PRUFlexiCash,Savings & Wealth,Digital,Annual,9550.16,284000,9550.16,0.0777,5,Inforce,3,N,,Y,,N,,,,,347,N,CLM-0006418,29-05-2026,Accident,15335.66,Partially Approved,,24,N,N,0.3,7,ASR-0023,50000,N,N,0.173,,,,,,,,,False,False,False,False,POL0006418|JIAHUIFRASER|19860819,FUZZY_DUPLICATE
RID-0025604,POLICY_ADMIN,02-07-2026 12:18,CUS-027940,Nicholas Harper,Male,16-03-1961,65,Single,Citizen,Professional,54966,50k-100k,D27,nicholas.harper383@example.com,+65 81725591,POL-0025604,16-10-2025,14-11-2025,PRUCritical Cover,Protection,Bancassurance,Quarterly,6120.58,1558000,6120.58,0.2488,10,Inforce,9,N,,Y,,N,,,,,0,Y,,,,,,,,N,N,0.42,7,,,,,,,,,,,,,,False,False,False,False,POL0025604|NICHOLASHARPER|19610316,FUZZY_DUPLICATE
RID-0029035,CRM,02-07-2026 12:47,CUS-005267,Anjali Koh,Female,05-05-1989,37,Married,Employment Pass,Healthcare,54992,50k-100k,D10,anjali.koh23@example.com,+65 98943597,POL-0029035,21-07-2023,31-08-2023,PRUSelect Vantage,Investment-Linked,Bancassurance,Monthly,36044.96,343000,36044.96,0.149,15,Lapsed,36,Y,10-01-2025,Y,,N,,,,,207,Y,CLM-0029035,11-12-2023,Critical Illness,666.06,Approved,,19,N,N,0.03,9,ASR-0058,100000,N,N,0.141,,,,,,,,,False,False,False,False,POL0029035|ANJALIKOH|19890505,FUZZY_DUPLICATE
RID-0047943,POLICY_ADMIN,02-07-2026 13:48,CUS-016640,Meera Harper,Female,27-04-1980,46,Divorced,Citizen,Self-Employed,108776,100k-200k,D09,MEERA.HARPER336@EXAMPLE.COM,91021163,POL-0043689,13-04-2023,02-05-2023,PRUWealth Plus,Savings & Wealth,Bancassurance,Monthly,"S$37,436.88",74000,37436.88,0.0759,15,Inforce,40,N,,Y,,N,,,,,180,N,,,,,,,,N,N,0.68,9,,,,,,,,,,,,,,False,False,False,False,POL0043689|MEERAHARPER|19800427,FUZZY_DUPLICATE
RID-0048276,CLAIMS_SYS,02-07-2026 15:54,CUS-003310,CherylSim,Female,06-01-1979,47,Single,Citizen,Self-Employed,78636,50k-100k,D14,CHERYL.SIM115@EXAMPLE.COM,82615071,POL-0008829,30-09-2025,20-10-2025,PRUFlexiCash,Savings & Wealth,Agency,Semi-Annual,"S$58,253.65",188000,58253.65,0.0939,20,Inforce,10,N,,Y,,N,,,,,272,Y,CLM-0008829,17-11-2025,Disability,53515.48,Approved,,31,N,N,0.81,9,ASR-0045,10000,N,N,0.112,AGT-00670,Lakshmi Chua,New,9,AU-39,Active,66.5,0.189,False,False,False,False,POL0008829|CHERYLSIM|19790106,FUZZY_DUPLICATE
RID-0006950,POLICY_ADMIN,02-08-2026 04:54,CUS-030794,Deepak Koh,Male,20-07-1979,47,Married,Citizen,Self-Employed,95652,50k-100k,D20,deepak.koh478@example.com,+65 89318188,POL-0006950,31-05-2026,06-06-2026,PRUFlexiCash,Savings & Wealth,Bancassurance,Monthly,3917,222000,3917,0.058,25,Inforce,2,N,,Y,,N,,,,,121,N,CLM-0006950,04-07-2026,Maternity,3784.75,Partially Approved,,4,N,N,0.27,7,ASR-0047,5000,N,N,0.197,,,,,,,,,False,False,False,False,POL0006950|DEEPAKKOH|19790720,FUZZY_DUPLICATE
RID-0008896,CRM,02-08-2026 05:36,CUS-014997,Lakshmi Wong,Female,22-11-1978,48,Widowed,Employment Pass,Manager,67375,50k-100k,D23,lakshmi.wong59@example.com,+65 92580366,POL-0008896,22-04-2024,06-06-2024,PRUVantage Legacy,Savings & Wealth,Bancassurance,Semi-Annual,30276.65,366000,30276.65,0.0648,20,Inforce,27,N,,Y,,N,,,,,0,N,CLM-0008896,23-04-2026,Critical Illness,3421.73,Partially Approved,,21,N,N,0.96,8,ASR-0041,5000,N,N,0.416,,,,,,,,,False,False,False,False,POL0008896|LAKSHMIWONG|19781122,FUZZY_DUPLICATE
RID-0039436,CRM,02-08-2026 08:41,CUS-033612,Divya Toh,Female,13-03-1977,49,Widowed,Permanent Resident,Self-Employed,123039,100k-200k,D22,divya.toh481@example.com,+65 93897229,POL-0039436,17-01-2023,18-01-2023,PRUVantage Legacy,Savings & Wealth,Broker,Semi-Annual,52127.64,36000,52127.64,0.0682,25,Inforce,44,N,,Y,,N,,,,,106,N,CLM-0039436,23-09-2024,Accident,4624.77,Partially Approved,,22,N,N,-0.02,9,ASR-0001,50000,N,N,0.03,AGT-00834,Kai Xuan Nair,Established,94,AU-25,Resigned,45.5,0.031,False,False,False,False,POL0039436|DIVYATOH|19770313,FUZZY_DUPLICATE
RID-0048177,POLICY_ADMIN,02-08-2026 11:01,CUS-012697,Suresh Tan,Male,27-10-1982,44,Divorced,Citizen,Healthcare,186299,100k-200k,D12,SURESH.TAN462@EXAMPLE.COM,91766849,POL-0032632,29-03-2024,22-04-2024,PRUVantage Legacy,Savings & Wealth,Digital,Monthly,"S$59,721.98",164000,59721.98,0.0924,20,Inforce,28,N,,Y,,N,,,,,64,N,CLM-0032632,29-08-2026,Outpatient Specialist,7019.83,Approved,,32,N,N,0.24,9,ASR-0028,10000,N,N,0.047,,,,,,,,,False,False,False,False,POL0032632|SURESHTAN|19821027,FUZZY_DUPLICATE
RID-0047866,CRM,02-08-2026 16:52,CUS-025562,SiewPengTan,Female,07-01-1999,27,Single,Citizen,Healthcare,89205,50k-100k,D05,SIEW.PENG.TAN374@EXAMPLE.COM,86925779,POL-0019622,18-06-2026,26-06-2026,PRUVantage Legacy,Savings & Wealth,Broker,Quarterly,"S$13,666.26",388000,13666.26,0.0467,25,Inforce,2,N,,Y,,N,,,,,8,Y,,,,,,,,N,N,0.02,7,,,,,,AGT-00120,Marcus Rahman,New,9,AU-40,Active,24.8,0.257,False,False,False,False,POL0019622|SIEWPENGTAN|19990107,FUZZY_DUPLICATE
RID-0047881,CRM,02-08-2026 19:41,CUS-023203,VIKRAM TURNER,Male,12-08-1978,48,Divorced,Citizen,Technician,75810,50k-100k,D01,VIKRAM.TURNER62@EXAMPLE.COM,97504884,POL-0039477,04-04-2026,03-05-2026,PRUVantage Legacy,Savings & Wealth,Agency,Annual,"S$17,235.05",88000,17235.05,0.0878,25,Lapsed,4,Y,22-08-2026,N,,N,,,,,0,N,,,,,,,,N,N,0.15,6,,,,,,AGT-00632,Rachel Salleh,Established,17,AU-34,Active,22.8,0.333,False,False,False,False,POL0039477|VIKRAMTURNER|19780812,FUZZY_DUPLICATE
RID-0026193,AGENCY_MGMT,02-08-2026 23:49,CUS-033109,Anjali Turner,Female,10-06-1974,52,Divorced,Permanent Resident,Executive,32363,Below 50k,D07,anjali.turner430@example.com,+65 96893829,POL-0026193,15-01-2026,27-01-2026,PRUSave Endowment,Savings & Wealth,Bancassurance,Monthly,36231.7,428000,36231.7,0.0295,5,Inforce,7,N,,Y,,N,,,,,20,N,,,,,,,,N,N,0.76,8,,,,,,,,,,,,,,False,False,False,False,POL0026193|ANJALITURNER|19740610,FUZZY_DUPLICATE
RID-0002569,CLAIMS_SYS,03-04-2026 05:34,CUS-036433,Mei Yi Iyer,Female,11-10-1975,51,Married,Employment Pass,Manager,115883,100k-200k,D06,mei.yi.iyer389@example.com,+65 98566694,POL-0002569,08-04-2025,06-05-2025,PRUSave Endowment,Savings & Wealth,Bancassurance,Monthly,28719.37,96000,28719.37,0.0284,10,Inforce,16,N,,Y,,N,,,,,25,N,CLM-0002569,13-04-2026,Day Surgery,5248.01,Partially Approved,,14,N,N,-0.19,10,ASR-0056,50000,N,N,0.115,,,,,,,,,False,False,False,False,POL0002569|MEIYIIYER|19751011,FUZZY_DUPLICATE
RID-0047518,POLICY_ADMIN,03-04-2026 10:36,CUS-037081,FaisalSeah,Male,22-11-1973,53,Divorced,Citizen,Professional,73264,50k-100k,D14,FAISAL.SEAH414@EXAMPLE.COM,96246734,POL-0006323,05-03-2025,30-03-2025,PRUVantage Legacy,Savings & Wealth,Digital,Monthly,"S$21,406.65",479000,21406.65,0.0874,99,Inforce,17,N,,Y,,N,,,,,0,N,CLM-0006323,15-01-2026,Maternity,2324.39,Approved,,36,N,Y,-0.65,1,ASR-0039,100000,N,N,0.373,,,,,,,,,False,False,False,False,POL0006323|FAISALSEAH|19731122,FUZZY_DUPLICATE
RID-0048420,POLICY_ADMIN,03-05-2026 00:23,CUS-000453,HAKIM IBRAHIM,Male,26-10-1985,41,Divorced,Permanent Resident,Executive,99652,50k-100k,D15,HAKIM.IBRAHIM22@EXAMPLE.COM,92907572,POL-0041894,15-03-2024,13-04-2024,PRUActive Term,Protection,Digital,Annual,"S$6,042.18",929000,6042.18,0.3212,30,Lapsed,29,Y,16-08-2024,N,,N,,,,,14,N,CLM-0041894,14-08-2024,Outpatient Specialist,1765.22,Partially Approved,,19,N,N,0.04,10,ASR-0017,50000,N,N,0.092,,,,,,,,,False,False,False,False,POL0041894|HAKIMIBRAHIM|19851026,FUZZY_DUPLICATE
RID-0048009,POLICY_ADMIN,03-05-2026 03:02,CUS-021424,DENISE WONG,Female,27-08-1974,52,Widowed,Employment Pass,Civil Service,195508,100k-200k,D07,DENISE.WONG310@EXAMPLE.COM,86161544,POL-0035525,04-06-2025,18-06-2025,PRUSave Endowment,Savings & Wealth,Bancassurance,Quarterly,"S$15,510.83",310000,15510.83,0.068,15,Inforce,14,N,,Y,,N,,,,,206,N,CLM-0035525,18-03-2026,Accident,2173.65,Pending,,37,N,N,0.07,9,ASR-0055,5000,N,N,0.233,,,,,,,,,False,False,False,False,POL0035525|DENISEWONG|19740827,FUZZY_DUPLICATE
RID-0039597,AGENCY_MGMT,03-05-2026 03:08,CUS-027875,Kai Xuan Seah,Male,16-06-1983,43,Divorced,Employment Pass,Manager,90208,50k-100k,D02,kai.xuan.seah18@example.com,+65 81536561,POL-0039597,15-08-2024,06-09-2024,PRUShield Standard,Health & IP,Bancassurance,Annual,4902.96,262000,4902.96,0.1107,15,Inforce,24,N,,Y,Public A-Ward,Y,1588.54,1588.54,0,1500,89,N,CLM-0039597,03-02-2026,Disability,5855.81,Declined,Treatment not medically necessary,35,N,N,0.39,6,ASR-0032,25000,N,N,0.348,,,,,,,,,False,False,False,False,POL0039597|KAIXUANSEAH|19830616,FUZZY_DUPLICATE
RID-0047946,AGENCY_MGMT,03-05-2026 05:08,CUS-040270,ROHAN WONG,Male,24-03-1975,51,Divorced,Permanent Resident,Executive,168628,100k-200k,D08,ROHAN.WONG220@EXAMPLE.COM,98705628,POL-0025089,24-02-2026,28-02-2026,PRUWealth Plus,Savings & Wealth,Digital,Quarterly,"S$48,235.48",109000,48235.48,0.0674,10,Inforce,6,N,,Y,,N,,,,,51,N,,,,,,,,N,N,0.91,5,,,,,,,,,,,,,,False,False,False,False,POL0025089|ROHANWONG|19750324,FUZZY_DUPLICATE
RID-0047608,POLICY_ADMIN,03-05-2026 06:44,CUS-033706,ROHAN KAMAL,Male,25-12-1990,36,Widowed,Citizen,Healthcare,45354,Below 50k,D27,ROHAN.KAMAL465@EXAMPLE.COM,84742102,POL-0007508,08-11-2024,25-11-2024,PRUExtra Care,Health & IP,Agency,Monthly,"S$4,254.15",1005000,4254.15,0.2036,25,Inforce,21,N,,Y,Private Hospital,Y,1346.22,1346.22,0,1500,81,N,CLM-0007508,12-12-2025,Disability,1090.61,Approved,,17,N,N,-0.03,9,ASR-0024,50000,N,N,0.188,AGT-01109,Denise Low,Established,82,AU-35,Active,41.6,0.533,False,False,False,False,POL0007508|ROHANKAMAL|19901225,FUZZY_DUPLICATE
RID-0030347,AGENCY_MGMT,03-05-2026 11:15,CUS-035060,Zhi Hao Goh,Male,19-08-1985,41,Married,Citizen,Civil Service,37427,Below 50k,D22,zhi.hao.goh244@example.com,+65 82882044,POL-0030347,08-01-2024,09-02-2024,PRUExtra Care,Health & IP,Bancassurance,Monthly,3515.21,436000,3515.21,0.1364,99,Inforce,31,N,,Y,Private Hospital,N,,,,,71,N,CLM-0030347,31-07-2024,Maternity,5452.47,Approved,,21,N,N,0.07,10,ASR-0009,25000,N,N,0.368,,,,,,,,,False,False,False,False,POL0030347|ZHIHAOGOH|19850819,FUZZY_DUPLICATE
RID-0048136,POLICY_ADMIN,03-05-2026 16:51,CUS-009621,MuhammadAriffPillai,Male,15-03-1985,41,Single,Citizen,Executive,80389,50k-100k,D09,MUHAMMAD.ARIFF.PILLAI140@EXAMPLE.COM,95553736,POL-0014660,11-01-2023,03-02-2023,PRUShield A Plus,Health & IP,Bancassurance,Monthly,"S$5,527.66",1458000,5527.66,0.1016,25,Inforce,43,N,,Y,Public B1-Ward,Y,2066.99,2066.99,0,0,17,N,CLM-0014660,02-03-2023,Death Benefit,1006.85,Pending,,77,N,N,0.57,9,ASR-0052,5000,N,N,0.007,,,,,,,,,False,False,False,False,POL0014660|MUHAMMADARIFFPILLAI|19850315,FUZZY_DUPLICATE
RID-0048456,CLAIMS_SYS,03-05-2026 23:18,CUS-024536,JUN HAO RAJ,Male,01-07-1995,31,Widowed,Employment Pass,Sales,162662,100k-200k,D19,JUN.HAO.RAJ400@EXAMPLE.COM,91180977,POL-0025471,16-05-2024,22-06-2024,PRUFlexiCash,Savings & Wealth,Agency,Annual,"S$52,136.47",395000,52136.47,0.0876,99,Inforce,26,N,,Y,,N,,,,,38,N,CLM-0025471,28-07-2024,Hospitalisation,2084.46,Approved,,16,N,N,0.94,7,ASR-0027,25000,N,N,0.419,AGT-00256,Siew Peng Low,Established,71,AU-39,Active,74.5,0.15,False,False,False,False,POL0025471|JUNHAORAJ|19950701,FUZZY_DUPLICATE
RID-0024410,CLAIMS_SYS,03-06-2026 08:33,CUS-029650,Jun Hao Reddy,Male,17-08-1965,61,Married,Citizen,Healthcare,204741,200k-400k,D25,jun.hao.reddy123@example.com,+65 98434696,POL-0024410,25-01-2025,01-03-2025,PRUTerm Secure,Protection,Bancassurance,Monthly,7138.38,1384000,7138.38,0.2156,15,Inforce,18,N,,Y,,N,,,,,70,Y,,,,,,,,N,N,0.67,6,,,,,,,,,,,,,,False,False,False,False,POL0024410|JUNHAOREDDY|19650817,FUZZY_DUPLICATE
RID-0043076,POLICY_ADMIN,03-06-2026 09:38,CUS-034543,Iskandar Sim,Male,12-04-1994,32,Widowed,Employment Pass,Technician,30000,Below 50k,D19,iskandar.sim12@example.com,+65 85287160,POL-0043076,22-05-2024,17-06-2024,PRUFlexiCash,Savings & Wealth,Bancassurance,Annual,18624.9,57000,18624.9,0.0537,30,Inforce,26,N,,Y,,N,,,,,0,N,CLM-0043076,18-10-2025,Critical Illness,9524.19,Approved,,33,N,N,0.05,10,ASR-0041,5000,N,N,0.038,,,,,,,,,False,False,False,False,POL0043076|ISKANDARSIM|19940412,FUZZY_DUPLICATE
RID-0015643,CRM,03-06-2026 14:19,CUS-012216,Wan Ting Bennett,Female,03-01-1986,40,Divorced,Citizen,Retired,33693,Below 50k,D16,wan.ting.bennett288@example.com,+65 82962841,POL-0015643,07-06-2024,28-06-2024,PRUActive Term,Protection,Agency,Quarterly,3275.05,1950000,3275.05,0.2945,99,Inforce,26,N,,Y,,N,,,,,32,N,CLM-0015643,28-12-2025,Critical Illness,31563.19,Partially Approved,,11,N,N,0.91,9,ASR-0054,5000,N,N,0.292,AGT-00435,Zarina Ibrahim,Senior,53,AU-37,Active,26,0.373,False,False,False,False,POL0015643|WANTINGBENNETT|19860103,FUZZY_DUPLICATE
RID-0048181,POLICY_ADMIN,03-06-2026 18:49,CUS-036004,Xin Yi Lim,Female,04-02-1979,47,Divorced,Citizen,Executive,63841,50k-100k,D16,XIN.YI.LIM8@EXAMPLE.COM,83959684,POL-0016928,30-03-2024,16-04-2024,PRUShield Life,Protection,Bancassurance,Monthly,"S$8,976.15",1205000,8976.15,0.2664,20,Inforce,28,N,,Y,,N,,,,,6,Y,CLM-0016928,22-05-2024,Maternity,15480.57,Pending,,75,N,N,0.79,8,ASR-0057,50000,N,N,0.194,,,,,,,,,False,False,False,False,POL0016928|XINYILIM|19790204,FUZZY_DUPLICATE
RID-0018695,AGENCY_MGMT,03-06-2026 20:15,CUS-000236,Jia Hui Teo,Female,08-04-1964,62,Married,Permanent Resident,Sales,73683,50k-100k,D05,jia.hui.teo58@example.com,+65 83302411,POL-0018695,25-07-2024,07-09-2024,PRUSave Endowment,Savings & Wealth,Digital,Monthly,26979.08,87000,26979.08,0.0614,5,Matured,24,N,,Y,,N,,,,,214,Y,,,,,,,,N,N,-0.01,10,,,,,,,,,,,,,,False,False,False,False,POL0018695|JIAHUITEO|19640408,FUZZY_DUPLICATE
RID-0011569,CLAIMS_SYS,03-06-2026 23:23,CUS-000711,Lakshmi Aziz,Female,21-11-1998,28,Divorced,Citizen,Education,140990,100k-200k,D27,lakshmi.aziz373@example.com,+65 85492439,POL-0011569,26-03-2023,27-03-2023,PRUWealth Plus,Savings & Wealth,Agency,Annual,41117.98,223000,41117.98,0.0914,20,Inforce,41,N,,Y,,N,,,,,154,N,,,,,,,,N,N,0.81,5,,,,,,AGT-00512,Deepak Kumar,Established,67,AU-01,Active,51.5,0.092,False,False,False,False,POL0011569|LAKSHMIAZIZ|19981121,FUZZY_DUPLICATE
RID-0033069,POLICY_ADMIN,03-07-2026 02:57,CUS-034637,Daniel Osman,Male,17-11-1983,43,Single,Citizen,Executive,82580,50k-100k,D03,daniel.osman104@example.com,+65 96309970,POL-0033069,03-06-2023,03-07-2023,PRUFlexiCash,Savings & Wealth,Agency,Annual,26356.69,114000,26356.69,0.0663,5,Inforce,38,N,,Y,,N,,,,,0,N,CLM-0033069,15-07-2025,Accident,15448.11,Pending,,34,N,N,0.89,8,ASR-0016,100000,N,N,0.3,AGT-00703,Aravind Tan,Established,26,AU-35,Active,82.9,0.563,False,False,False,False,POL0033069|DANIELOSMAN|19831117,FUZZY_DUPLICATE
RID-0047550,AGENCY_MGMT,03-07-2026 04:05,CUS-038169,Samantha Hassan,Female,24-07-1989,37,Single,Employment Pass,Education,133828,100k-200k,D28,SAMANTHA.HASSAN288@EXAMPLE.COM,81711823,POL-0038661,06-08-2024,27-08-2024,PRUWealth Plus,Savings & Wealth,Agency,Annual,"S$44,482.78",136000,44482.78,0.0628,15,Inforce,24,N,,Y,,N,,,,,96,N,CLM-0038661,05-05-2025,Critical Illness,3093.66,Approved,,31,N,N,0.49,7,ASR-0054,5000,N,N,0.014,AGT-00748,Kai Xuan Teo,Established,17,AU-26,Active,95.6,0.08,False,False,False,False,POL0038661|SAMANTHAHASSAN|19890724,FUZZY_DUPLICATE
RID-0025799,CLAIMS_SYS,03-07-2026 05:46,CUS-029157,Kavitha Rahman,Female,28-12-1960,66,Single,Foreigner,Retired,89251,50k-100k,D10,kavitha.rahman187@example.com,+65 97177023,POL-0025799,07-05-2023,11-05-2023,PRUShield Standard,Health & IP,Bancassurance,Monthly,1086.32,1482000,1086.32,0.1535,25,Inforce,40,N,,Y,Public B1-Ward,Y,555.78,555.78,0,1500,12,N,CLM-0025799,13-10-2025,Disability,29297.13,Approved,,30,N,N,0.77,10,ASR-0010,50000,N,Y,0.704,,,,,,,,,False,False,False,False,POL0025799|KAVITHARAHMAN|19601228,FUZZY_DUPLICATE
RID-0034221,AGENCY_MGMT,03-07-2026 06:51,CUS-030631,Aminah Chan,Female,12-12-1961,65,Divorced,Citizen,Sales,30000,Below 50k,D11,aminah.chan371@example.com,+65 94798191,POL-0034221,17-01-2024,01-02-2024,PRUShield Life,Protection,Agency,Monthly,916.76,988000,916.76,0.2321,10,Inforce,31,N,,Y,,N,,,,,54,N,CLM-0034221,15-06-2026,Death Benefit,2554.5,Approved,,4,N,N,0.06,9,ASR-0039,100000,N,N,0.262,AGT-01087,Nicholas Osman,Established,68,AU-26,Active,40.3,0.131,False,False,False,False,POL0034221|AMINAHCHAN|19611212,FUZZY_DUPLICATE
RID-0048468,CRM,03-07-2026 06:52,CUS-030098,Zulkifli Koh,Male,18-07-1961,65,Single,Citizen,Technician,84498,50k-100k,D07,ZULKIFLI.KOH455@EXAMPLE.COM,95841463,POL-0034946,06-11-2023,10-11-2023,PRUSelect Vantage,Investment-Linked,Agency,Annual,"S$35,687.33",236000,35687.33,0.1736,20,Inforce,34,N,,Y,,N,,,,,108,N,,,,,,,,N,N,0.01,6,,,,,,AGT-00219,Wan Ting Turner,Established,34,AU-22,Active,57.3,0.212,False,False,False,False,POL0034946|ZULKIFLIKOH|19610718,FUZZY_DUPLICATE
RID-0045580,CRM,03-07-2026 17:13,CUS-011065,Chee Keong Sharma,Male,09-12-1962,64,Married,Citizen,Education,100462,100k-200k,D14,chee.keong.sharma398@example.com,+65 82667940,POL-0045580,24-12-2025,17-01-2026,PRUExtra Care,Health & IP,Agency,Monthly,6043.81,1434000,6043.81,0.1707,15,Inforce,7,N,,Y,Public B1-Ward,Y,1975.42,1975.42,0,1500,48,N,,,,,,,,N,N,0.93,10,,,,,,AGT-00353,Joanne Toh,Senior,172,AU-06,Active,92.7,0.507,False,False,False,False,POL0045580|CHEEKEONGSHARMA|19621209,FUZZY_DUPLICATE
RID-0034473,CRM,03-07-2026 20:30,CUS-017597,Valerie Chong,Female,23-09-1981,45,Widowed,Citizen,Healthcare,79486,50k-100k,D16,valerie.chong237@example.com,+65 95463396,POL-0034473,05-03-2025,04-04-2025,PRUSave Endowment,Savings & Wealth,Agency,Semi-Annual,23558.63,118000,23558.63,0.0703,10,Inforce,17,N,,Y,,N,,,,,144,Y,,,,,,,,N,N,0.68,9,,,,,,AGT-00902,Xin Yi Lee,Established,13,AU-18,Active,46.8,0.321,False,False,False,False,POL0034473|VALERIECHONG|19810923,FUZZY_DUPLICATE
RID-0048292,POLICY_ADMIN,03-07-2026 21:26,CUS-011781,Chee Keong Teo,Male,21-03-1985,41,Single,Citizen,Manager,138153,100k-200k,D08,CHEE.KEONG.TEO200@EXAMPLE.COM,89486032,POL-0041881,11-04-2025,10-05-2025,PRUExtra Care,Health & IP,Bancassurance,Annual,"S$5,470.25",505000,5470.25,0.1508,30,Inforce,15,N,,Y,Private Hospital,Y,2778.45,2778.45,0,1500,99,N,,,,,,,,N,N,0.53,5,,,,,,,,,,,,,,False,False,False,False,POL0041881|CHEEKEONGTEO|19850321,FUZZY_DUPLICATE
RID-0021247,CRM,03-08-2026 03:46,CUS-005588,Valerie Koh,Female,01-08-1983,43,Widowed,Citizen,Technician,67105,50k-100k,D18,valerie.koh317@example.com,+65 96483503,POL-0021247,22-12-2024,28-12-2024,PRUShield Standard,Health & IP,Broker,Annual,6883.04,255000,6883.04,0.2029,5,Inforce,20,N,,Y,Public A-Ward,N,,,,,0,N,,,,,,,,N,N,0.41,8,,,,,,AGT-00891,Divya Rahman,Senior,177,AU-31,Active,40.8,0.419,False,False,False,False,POL0021247|VALERIEKOH|19830801,FUZZY_DUPLICATE
RID-0048134,CLAIMS_SYS,03-08-2026 09:06,CUS-039527,Wan Ting Fraser,Female,07-10-1987,39,Widowed,Employment Pass,Executive,256510,200k-400k,D17,WAN.TING.FRASER136@EXAMPLE.COM,91711191,POL-0006735,01-07-2024,14-07-2024,PRUExtra Care,Health & IP,Agency,Monthly,"S$2,092.60",1400000,2092.6,0.1522,20,Inforce,25,N,,Y,Public A-Ward,Y,647.99,647.99,0,1500,40,N,CLM-0006735,28-08-2026,Hospitalisation,7463.47,Approved,,1,N,N,0.87,6,ASR-0047,5000,N,N,0.401,AGT-00119,Jonathan Osman,Established,39,AU-36,Active,25.5,0.248,False,False,False,False,POL0006735|WANTINGFRASER|19871007,FUZZY_DUPLICATE
RID-0006463,AGENCY_MGMT,03-08-2026 12:17,CUS-021127,Daniel Yeo,Male,25-08-2005,21,Married,Permanent Resident,Technician,140237,100k-200k,D08,daniel.yeo478@example.com,+65 82032306,POL-0006463,31-01-2023,20-02-2023,PRUCritical Cover,Protection,Agency,Monthly,2530.42,2886000,2530.42,0.2904,30,Inforce,42,N,,Y,,N,,,,,228,N,CLM-0006463,21-11-2024,Hospitalisation,5344.42,Approved,,27,N,N,0.19,6,ASR-0027,25000,N,N,0.119,AGT-01193,Daniel Iyer,Established,52,AU-14,Active,94.5,0.405,False,False,False,False,POL0006463|DANIELYEO|20050825,FUZZY_DUPLICATE
RID-0041591,POLICY_ADMIN,04-04-2026 08:18,CUS-039785,Aminah Menon,Female,12-05-1981,45,Married,Employment Pass,Manager,47380,Below 50k,D27,aminah.menon336@example.com,+65 95429138,POL-0041591,10-01-2025,28-01-2025,PRUActive Term,Protection,Bancassurance,Quarterly,6274.03,1105000,6274.03,0.1842,30,Inforce,19,N,,Y,,N,,,,,8,N,,,,,,,,N,N,0.39,9,,,,,,,,,,,,,,False,False,False,False,POL0041591|AMINAHMENON|19810512,FUZZY_DUPLICATE
RID-0023707,POLICY_ADMIN,04-04-2026 09:27,CUS-024314,Divya Osman,Female,24-05-2005,21,Divorced,Permanent Resident,Civil Service,60041,50k-100k,D24,divya.osman333@example.com,+65 82481899,POL-0023707,13-08-2024,17-09-2024,PRUSelect Vantage,Investment-Linked,Agency,Monthly,13720.66,347000,13720.66,0.1524,5,Inforce,23,N,,Y,,N,,,,,129,N,CLM-0023707,15-01-2026,Accident,13090.67,Approved,,21,N,N,0.73,10,ASR-0008,10000,N,N,0.342,AGT-00186,Suresh Ho,Established,55,AU-38,Active,58.6,0.178,False,False,False,False,POL0023707|DIVYAOSMAN|20050524,FUZZY_DUPLICATE
RID-0033937,CRM,04-05-2026 00:09,CUS-034124,Valerie Reddy,Female,08-08-1983,43,Married,Citizen,Manager,94765,50k-100k,D18,valerie.reddy430@example.com,+65 92377268,POL-0033937,01-09-2023,24-09-2023,PRUSelect Vantage,Investment-Linked,Broker,Annual,22251.94,542000,22251.94,0.1477,10,Inforce,35,N,,Y,,N,,,,,265,N,,,,,,,,N,N,0.75,9,,,,,,AGT-00664,Lakshmi Salleh,Senior,67,AU-08,Active,92.7,0.638,False,False,False,False,POL0033937|VALERIEREDDY|19830808,FUZZY_DUPLICATE
RID-0018677,CLAIMS_SYS,04-05-2026 02:34,CUS-015684,Valerie Ong,Female,02-05-1992,34,Single,Citizen,Retired,46158,Below 50k,D06,valerie.ong494@example.com,+65 94618497,POL-0018677,10-12-2023,12-12-2023,PRUShield Life,Protection,Digital,Semi-Annual,4910.97,617000,4910.97,0.2822,99,Lapsed,33,Y,06-06-2026,Y,,N,,,,,0,N,CLM-0018677,23-03-2025,Accident,2531.47,Approved,,14,N,N,0.23,7,ASR-0050,5000,N,N,0.239,,,,,,,,,False,False,False,False,POL0018677|VALERIEONG|19920502,FUZZY_DUPLICATE
RID-0048373,AGENCY_MGMT,04-05-2026 06:43,CUS-022952,Kavitha Mitchell,Female,26-12-1969,57,Married,Citizen,Sales,88567,50k-100k,D13,KAVITHA.MITCHELL65@EXAMPLE.COM,88152161,POL-0033268,10-11-2024,30-11-2024,PRUSave Endowment,Savings & Wealth,Digital,Semi-Annual,"S$26,432.13",365000,26432.13,0.0543,30,Inforce,21,N,,Y,,N,,,,,0,N,CLM-0033268,26-12-2025,Death Benefit,2914.05,Declined,Premium in arrears,22,N,N,0.31,9,ASR-0028,10000,N,N,0.126,,,,,,,,,False,False,False,False,POL0033268|KAVITHAMITCHELL|19691226,FUZZY_DUPLICATE
RID-0048400,POLICY_ADMIN,04-05-2026 10:04,CUS-033766,MARCUS GOH,Male,27-08-1987,39,Divorced,Citizen,Civil Service,46673,Below 50k,D14,MARCUS.GOH185@EXAMPLE.COM,97370210,POL-0046705,09-02-2026,12-03-2026,PRUShield A Plus,Health & IP,Agency,Monthly,"S$3,062.41",683000,3062.41,0.1569,5,Inforce,5,N,,Y,Public A-Ward,N,,,,,142,N,CLM-0046705,19-05-2026,Critical Illness,432.32,Approved,,19,N,N,0.37,10,ASR-0041,5000,N,N,0.068,AGT-00551,Hakim Wright,New,1,AU-04,Active,82.1,0.243,False,False,False,False,POL0046705|MARCUSGOH|19870827,FUZZY_DUPLICATE
RID-0027227,POLICY_ADMIN,04-06-2026 00:11,CUS-000233,Siew Peng Fraser,Female,06-05-1983,43,Married,Citizen,Professional,68443,50k-100k,D02,siew.peng.fraser309@example.com,+65 83391393,POL-0027227,18-11-2023,30-11-2023,PRULink Assurance,Investment-Linked,Agency,Annual,33928.55,265000,33928.55,0.1116,20,Lapsed,33,Y,08-10-2025,Y,,N,,,,,186,N,,,,,,,,N,N,0.77,5,,,,,,AGT-00298,Jonathan Salleh,Established,81,AU-22,Active,41.1,0.122,False,False,False,False,POL0027227|SIEWPENGFRASER|19830506,FUZZY_DUPLICATE
RID-0047931,AGENCY_MGMT,04-06-2026 04:46,CUS-008825,PriyaFraser,Female,16-02-1987,39,Divorced,Citizen,Manager,146531,100k-200k,D01,PRIYA.FRASER153@EXAMPLE.COM,89251449,POL-0042010,28-07-2024,08-09-2024,PRUSave Endowment,Savings & Wealth,Bancassurance,Monthly,"S$33,586.38",139000,33586.38,0.0396,5,Inforce,24,N,,Y,,N,,,,,116,N,,,,,,,,N,N,0.61,5,,,,,,,,,,,,,,False,False,False,False,POL0042010|PRIYAFRASER|19870216,FUZZY_DUPLICATE
RID-0026001,CRM,04-06-2026 10:11,CUS-025989,Iskandar Ho,Male,23-10-1998,28,Widowed,Citizen,Education,68366,50k-100k,D23,iskandar.ho245@example.com,+65 85558532,POL-0026001,25-01-2023,02-03-2023,PRUShield Premier,Health & IP,Bancassurance,Annual,6820.78,916000,6820.78,0.1345,5,Inforce,42,N,,Y,Private Hospital,Y,2931.56,2931.56,0,1500,0,N,CLM-0026001,25-06-2024,Maternity,5476.18,Approved,,18,N,N,0.98,8,ASR-0002,25000,N,N,0.12,,,,,,,,,False,False,False,False,POL0026001|ISKANDARHO|19981023,FUZZY_DUPLICATE
RID-0047510,CLAIMS_SYS,04-06-2026 14:36,CUS-007988,Anjali Fraser,Female,11-09-1992,34,Widowed,Permanent Resident,Education,150153,100k-200k,D15,ANJALI.FRASER82@EXAMPLE.COM,91696494,POL-0005633,06-03-2024,22-03-2024,PRUWealth Plus,Savings & Wealth,Agency,Annual,"S$30,140.67",65000,30140.67,0.049,99,Inforce,29,N,,Y,,N,,,,,137,N,,,,,,,,N,N,0.82,9,,,,,,AGT-00993,Suresh Menon,New,1,AU-10,On Notice,80.8,0.107,False,False,False,False,POL0005633|ANJALIFRASER|19920911,FUZZY_DUPLICATE
RID-0031881,CRM,04-07-2026 01:57,CUS-010096,Zhi Hao Lee,Male,09-06-1992,34,Widowed,Citizen,Professional,41586,Below 50k,D12,zhi.hao.lee94@example.com,+65 93413812,POL-0031881,18-06-2023,14-07-2023,PRUVantage Legacy,Savings & Wealth,Agency,Annual,48383.31,366000,48383.31,0.0687,15,Cancelled,38,Y,21-01-2025,Y,,N,,,,,70,Y,CLM-0031881,14-10-2024,Outpatient Specialist,1420.39,Approved,,24,N,N,-0.18,9,ASR-0059,50000,N,N,0.108,AGT-00106,Jonathan Foo,Established,68,AU-33,Active,94.1,0.165,False,False,False,False,POL0031881|ZHIHAOLEE|19920609,FUZZY_DUPLICATE
RID-0048443,CLAIMS_SYS,04-07-2026 11:01,CUS-000200,Jonathan Sharma,Male,18-11-1999,27,Married,Citizen,Self-Employed,76749,50k-100k,D04,JONATHAN.SHARMA183@EXAMPLE.COM,99019066,POL-0007055,16-10-2024,23-10-2024,PRUFlexiCash,Savings & Wealth,Agency,Quarterly,"S$42,073.22",468000,42073.22,0.0745,30,Inforce,22,N,,Y,,N,,,,,121,N,CLM-0007055,07-06-2026,Outpatient Specialist,8903.43,Approved,,22,N,N,0.86,8,ASR-0022,25000,N,N,0.306,AGT-00077,Lakshmi Toh,Established,93,AU-12,Active,64.8,0.1,False,False,False,False,POL0007055|JONATHANSHARMA|19991118,FUZZY_DUPLICATE
RID-0047974,CRM,04-07-2026 18:53,CUS-030112,Vikram Ong,Male,08-03-1986,40,Single,Permanent Resident,Education,61881,50k-100k,D04,VIKRAM.ONG470@EXAMPLE.COM,82744424,POL-0021672,05-05-2023,12-06-2023,PRUShield Standard,Health & IP,Bancassurance,Monthly,S$600.33,432000,600.33,0.1366,10,Inforce,39,N,,Y,Private Hospital,Y,231.87,231.87,0,2500,85,N,CLM-0021672,06-06-2026,Accident,1754.79,Declined,Treatment not medically necessary,14,N,N,0.52,8,ASR-0014,5000,N,N,0.165,,,,,,,,,False,False,False,False,POL0021672|VIKRAMONG|19860308,FUZZY_DUPLICATE
RID-0047774,AGENCY_MGMT,04-07-2026 19:13,CUS-033302,Cheryl Chan,Female,12-01-2000,26,Married,Citizen,Manager,30000,Below 50k,D17,CHERYL.CHAN445@EXAMPLE.COM,88069039,POL-0043120,12-09-2024,21-09-2024,PRULink Global Growth,Investment-Linked,Agency,Annual,"S$29,415.40",831000,29415.4,0.1041,25,Inforce,23,N,,Y,,N,,,,,137,N,,,,,,,,N,N,0.23,9,,,,,,AGT-00808,Farah Rahman,Established,47,AU-06,Active,51.9,0.677,False,False,False,False,POL0043120|CHERYLCHAN|20000112,FUZZY_DUPLICATE
RID-0023937,AGENCY_MGMT,04-07-2026 19:20,CUS-005375,Nicholas Osman,Male,12-07-1977,49,Married,Citizen,Technician,101602,100k-200k,D21,nicholas.osman21@example.com,+65 81409685,POL-0023937,16-11-2024,16-12-2024,PRUActive Term,Protection,Agency,Semi-Annual,8900.63,924000,8900.63,0.3056,5,Inforce,20,N,,Y,,N,,,,,0,N,,,,,,,,N,N,0.72,5,,,,,,AGT-00128,Priya Ho,Senior,37,AU-38,Active,38.4,0.337,False,False,False,False,POL0023937|NICHOLASOSMAN|19770712,FUZZY_DUPLICATE
RID-0048021,POLICY_ADMIN,04-07-2026 20:27,CUS-036656,ZHI HAO TOH,Male,03-12-1995,31,Single,Citizen,Technician,123787,100k-200k,D27,ZHI.HAO.TOH231@EXAMPLE.COM,87164080,POL-0016620,31-05-2023,23-06-2023,PRUVantage Legacy,Savings & Wealth,Bancassurance,Annual,"S$4,566.06",265000,4566.06,0.0539,10,Inforce,38,N,,Y,,N,,,,,0,N,,,,,,,,N,N,0.14,10,,,,,,,,,,,,,,False,False,False,False,POL0016620|ZHIHAOTOH|19951203,FUZZY_DUPLICATE
RID-0047861,CLAIMS_SYS,04-08-2026 07:01,CUS-015404,JunHaoLow,Male,28-10-1992,34,Widowed,Citizen,Professional,37366,Below 50k,D16,JUN.HAO.LOW208@EXAMPLE.COM,91380226,POL-0032715,18-02-2024,20-03-2024,PRUFlexiCash,Savings & Wealth,Agency,Semi-Annual,"S$41,743.77",31000,41743.77,0.0407,10,Inforce,29,N,,Y,,N,,,,,117,N,,,,,,,,N,N,0.81,6,,,,,,AGT-00227,Lakshmi Fraser,Senior,52,AU-21,Active,91.1,0.323,False,False,False,False,POL0032715|JUNHAOLOW|19921028,FUZZY_DUPLICATE
RID-0048408,CLAIMS_SYS,04-08-2026 08:14,CUS-002237,Marcus Yusof,Male,03-10-1971,55,Single,Permanent Resident,Executive,120630,100k-200k,D22,MARCUS.YUSOF226@EXAMPLE.COM,82071528,POL-0037977,14-05-2025,30-05-2025,PRUFlexiCash,Savings & Wealth,Bancassurance,Annual,"S$35,804.74",272000,35804.74,0.0723,10,Lapsed,15,Y,17-10-2025,N,,N,,,,,154,Y,CLM-0037977,18-05-2026,Death Benefit,1212,Pending,,26,N,N,0.46,9,ASR-0009,25000,N,N,0.332,,,,,,,,,False,False,False,False,POL0037977|MARCUSYUSOF|19711003,FUZZY_DUPLICATE
RID-0001385,POLICY_ADMIN,04-08-2026 15:50,CUS-029878,Siti Nadia Foo,Female,04-06-2002,24,Divorced,Employment Pass,Healthcare,118805,100k-200k,D14,siti.nadia.foo249@example.com,+65 83652637,POL-0001385,23-06-2026,26-06-2026,PRUShield Premier,Health & IP,Agency,Monthly,4924.4,436000,4924.4,0.1543,20,Inforce,2,N,,Y,Private Hospital,Y,2348.99,1112.89,5,1500,93,N,,,,,,,,N,N,0.59,8,,,,,,AGT-00471,Jia Hui Sim,Established,74,AU-01,Active,21.1,0.187,False,False,False,False,POL0001385|SITINADIAFOO|20020604,FUZZY_DUPLICATE
RID-0047598,POLICY_ADMIN,04-08-2026 19:11,CUS-036626,Jun Hao Reddy,Male,19-05-1974,52,Single,Permanent Resident,Education,58265,50k-100k,D23,JUN.HAO.REDDY306@EXAMPLE.COM,99564571,POL-0014605,09-10-2023,13-10-2023,PRUCritical Cover,Protection,Bancassurance,Monthly,"S$8,731.25",1909000,8731.25,0.2805,20,Inforce,35,N,,Y,,N,,,,,91,N,CLM-0014605,18-06-2026,Accident,6194.07,Approved,,8,N,N,-0.18,7,ASR-0057,50000,N,N,0.059,,,,,,,,,False,False,False,False,POL0014605|JUNHAOREDDY|19740519,FUZZY_DUPLICATE
RID-0047883,POLICY_ADMIN,05-03-2026 00:13,CUS-017225,Terence Salleh,Male,18-07-1975,51,Single,Employment Pass,Sales,101832,100k-200k,D22,TERENCE.SALLEH48@EXAMPLE.COM,85440341,POL-0013588,02-11-2024,03-12-2024,PRUSelect Vantage,Investment-Linked,Bancassurance,Quarterly,"S$31,948.24",194000,31948.24,0.1066,20,Lapsed,21,Y,05-04-2025,N,,N,,,,,0,N,CLM-0013588,30-01-2025,Accident,19410.66,Approved,,9,N,N,0.83,8,ASR-0003,10000,N,N,0.249,,,,,,,,,False,False,False,False,POL0013588|TERENCESALLEH|19750718,FUZZY_DUPLICATE
RID-0047966,CRM,05-03-2026 20:47,CUS-040413,DivyaGoh,Female,01-10-1990,36,Single,Citizen,Manager,74752,50k-100k,D08,DIVYA.GOH353@EXAMPLE.COM,89743644,POL-0009496,25-09-2023,06-11-2023,PRULink Assurance,Investment-Linked,Agency,Quarterly,"S$34,807.85",344000,34807.85,0.1775,30,Inforce,34,N,,Y,,N,,,,,9,N,,,,,,,,N,N,0.05,8,,,,,,AGT-00354,Terence Osman,New,9,AU-38,Active,97.9,0.071,False,False,False,False,POL0009496|DIVYAGOH|19901001,FUZZY_DUPLICATE
RID-0048470,AGENCY_MGMT,05-03-2026 23:43,CUS-007050,ZarinaSharma,Female,24-04-1987,39,Married,Citizen,Sales,137023,100k-200k,D11,ZARINA.SHARMA399@EXAMPLE.COM,99980764,POL-0031502,01-10-2024,01-11-2024,PRUVantage Legacy,Savings & Wealth,Agency,Monthly,"S$22,236.94",124000,22236.94,0.0531,20,Inforce,22,N,,Y,,N,,,,,249,N,,,,,,,,N,N,0.2,9,,,,,,AGT-01006,Priya Chong,New,6,AU-37,Active,50.8,0.424,False,False,False,False,POL0031502|ZARINASHARMA|19870424,FUZZY_DUPLICATE
RID-0026822,POLICY_ADMIN,05-04-2026 02:37,CUS-027750,Priya Yeo,Female,26-04-1992,34,Married,Citizen,Professional,39260,Below 50k,D25,priya.yeo235@example.com,+65 91466962,POL-0026822,14-01-2024,06-02-2024,PRUSave Endowment,Savings & Wealth,Bancassurance,Semi-Annual,26755.25,213000,26755.25,0.0492,15,Inforce,31,N,,Y,,N,,,,,0,N,CLM-0026822,19-11-2025,Maternity,2227.31,Approved,,11,N,N,0.37,10,ASR-0043,5000,N,N,0.006,,,,,,,,,False,False,False,False,POL0026822|PRIYAYEO|19920426,FUZZY_DUPLICATE
RID-0048039,CRM,05-04-2026 05:19,CUS-029881,JUN HAO KAMAL,Male,25-12-1978,48,Widowed,Permanent Resident,Technician,110132,100k-200k,D03,JUN.HAO.KAMAL95@EXAMPLE.COM,91307679,POL-0015306,24-04-2023,25-05-2023,PRUExtra Care,Health & IP,Agency,Monthly,"S$6,865.76",633000,6865.76,0.2127,5,Inforce,39,N,,Y,Private Hospital,Y,3707.41,3707.41,0,2500,0,Y,CLM-0015306,15-07-2025,Death Benefit,5522.68,Partially Approved,,11,N,N,0.64,9,ASR-0058,100000,N,N,0.357,AGT-00102,Anjali Aziz,Established,86,AU-31,Active,74.2,0.41,False,False,False,False,POL0015306|JUNHAOKAMAL|19781225,FUZZY_DUPLICATE
RID-0018405,AGENCY_MGMT,05-04-2026 06:35,CUS-021412,Muhammad Ariff Yeo,Male,22-10-1977,49,Married,Citizen,Retired,85355,50k-100k,D04,muhammad.ariff.yeo337@example.com,+65 94887137,POL-0018405,26-05-2023,01-06-2023,PRUCritical Cover,Protection,Agency,Monthly,6917.57,1052000,6917.57,0.3063,5,Inforce,39,N,,Y,,N,,,,,0,N,,,,,,,,N,N,0.58,8,,,,,,AGT-00219,Wan Ting Turner,Established,34,AU-22,Active,57.3,0.212,False,False,False,False,POL0018405|MUHAMMADARIFFYEO|19771022,FUZZY_DUPLICATE
RID-0046551,CRM,05-05-2026 02:03,CUS-012647,Siti Nadia Hassan,Female,08-09-1965,61,Married,Permanent Resident,Healthcare,72134,50k-100k,D18,siti.nadia.hassan371@example.com,+65 89490876,POL-0046551,07-11-2024,09-11-2024,PRUCritical Cover,Protection,Bancassurance,Quarterly,5646.67,419000,5646.67,0.2785,30,Inforce,22,N,,Y,,N,,,,,186,N,,,,,,,,N,N,0.23,5,,,,,,,,,,,,,,False,False,False,False,POL0046551|SITINADIAHASSAN|19650908,FUZZY_DUPLICATE
RID-0048343,CLAIMS_SYS,05-05-2026 06:43,CUS-015828,Divya Ibrahim,Female,06-01-1992,34,Widowed,Citizen,Self-Employed,68025,50k-100k,D20,DIVYA.IBRAHIM422@EXAMPLE.COM,94353038,POL-0043654,08-08-2023,09-08-2023,PRUCritical Cover,Protection,Agency,Semi-Annual,"S$1,760.12",1816000,1760.12,0.2999,20,Lapsed,37,Y,11-02-2025,Y,,N,,,,,322,Y,,,,,,,,N,N,0.69,9,,,,,,AGT-00429,Valerie Bennett,Established,45,AU-28,Active,57.3,0.284,False,False,False,False,POL0043654|DIVYAIBRAHIM|19920106,FUZZY_DUPLICATE
RID-0022463,POLICY_ADMIN,05-05-2026 09:02,CUS-011841,Kavitha Low,Female,03-02-1984,42,Married,Citizen,Self-Employed,91100,50k-100k,D27,kavitha.low287@example.com,+65 99523787,POL-0022463,26-12-2024,19-01-2025,PRUVantage Legacy,Savings & Wealth,Agency,Monthly,47875.05,394000,47875.05,0.045,20,Inforce,19,N,,Y,,N,,,,,59,N,CLM-0022463,24-01-2026,Day Surgery,10553.72,Approved,,21,N,N,0.24,7,ASR-0018,25000,N,N,0.03,AGT-00551,Hakim Wright,New,1,AU-04,Active,82.1,0.243,False,False,False,False,POL0022463|KAVITHALOW|19840203,FUZZY_DUPLICATE
RID-0019325,CRM,05-05-2026 14:13,CUS-000377,Marcus Foo,Male,27-07-1979,47,Divorced,Citizen,Healthcare,81957,50k-100k,D01,marcus.foo412@example.com,+65 88745132,POL-0019325,14-12-2025,21-01-2026,PRUFlexiCash,Savings & Wealth,Bancassurance,Annual,16379.03,56000,16379.03,0.0329,20,Inforce,7,N,,Y,,N,,,,,92,N,CLM-0019325,25-07-2026,Outpatient Specialist,13287.88,Pending,,31,N,N,0.02,8,ASR-0031,100000,N,N,0.254,,,,,,,,,False,False,False,False,POL0019325|MARCUSFOO|19790727,FUZZY_DUPLICATE
RID-0048411,POLICY_ADMIN,05-05-2026 19:15,CUS-015308,DEEPAK RAHMAN,Male,22-09-2001,25,Divorced,Citizen,Self-Employed,86326,50k-100k,D18,DEEPAK.RAHMAN324@EXAMPLE.COM,86840205,POL-0044847,26-07-2025,15-08-2025,PRUFlexiCash,Savings & Wealth,Agency,Monthly,"S$9,248.12",229000,9248.12,0.0946,5,Inforce,12,N,,Y,,N,,,,,0,N,CLM-0044847,31-05-2026,Disability,7847.72,Approved,,21,N,N,0.6,8,ASR-0013,100000,N,N,0.837,AGT-01074,Arjun Wright,Established,17,AU-22,Active,22.4,0.191,False,False,False,False,POL0044847|DEEPAKRAHMAN|20010922,FUZZY_DUPLICATE
RID-0019898,POLICY_ADMIN,05-05-2026 21:49,CUS-034243,Marcus Raj,Male,02-04-1987,39,Married,Citizen,Professional,92024,50k-100k,D26,marcus.raj183@example.com,+65 91197189,POL-0019898,05-02-2026,17-03-2026,PRUShield A Plus,Health & IP,Digital,Monthly,4547.15,484000,4547.15,0.1657,20,Inforce,5,N,,Y,Public B1-Ward,Y,1624.45,1624.45,0,2500,655,N,,,,,,,,N,N,0.99,10,,,,,,,,,,,,,,False,False,False,False,POL0019898|MARCUSRAJ|19870402,FUZZY_DUPLICATE
RID-0048260,AGENCY_MGMT,05-05-2026 23:43,CUS-012234,FAISAL NAIR,Male,03-06-1982,44,Single,Citizen,Professional,39061,Below 50k,D03,FAISAL.NAIR444@EXAMPLE.COM,85788990,POL-0007814,22-06-2024,27-06-2024,PRUShield Life,Protection,Agency,Semi-Annual,"S$6,182.11",885000,6182.11,0.2379,25,Inforce,26,N,,Y,,N,,,,,0,N,CLM-0007814,23-05-2026,Accident,903.3,Approved,,5,N,N,-0.17,6,ASR-0041,5000,N,N,0.028,AGT-00844,Wan Ting Kamal,Senior,165,AU-40,Active,55.3,0.132,False,False,False,False,POL0007814|FAISALNAIR|19820603,FUZZY_DUPLICATE
RID-0047607,CRM,05-05-2026 23:51,CUS-028524,Valerie Wright,Female,02-12-1998,28,Widowed,Employment Pass,Professional,62320,50k-100k,D13,VALERIE.WRIGHT8@EXAMPLE.COM,99728649,POL-0005306,21-08-2024,04-10-2024,PRUShield A Plus,Health & IP,Direct,Monthly,"S$6,791.15",1054000,6791.15,0.171,99,Inforce,23,N,,Y,Public B1-Ward,N,,,,,203,N,CLM-0005306,22-11-2024,Disability,9483.83,Partially Approved,,25,N,N,0.06,7,ASR-0005,10000,N,N,0.253,,,,,,,,,False,False,False,False,POL0005306|VALERIEWRIGHT|19981202,FUZZY_DUPLICATE
RID-0025726,CRM,05-06-2026 00:56,CUS-015489,Arjun Chua,Male,06-08-1982,44,Widowed,Citizen,Manager,67309,50k-100k,D28,arjun.chua469@example.com,+65 82459739,POL-0025726,16-07-2025,17-07-2025,PRUExtra Care,Health & IP,Broker,Monthly,3345.87,1126000,3345.87,0.1844,99,Inforce,13,N,,Y,Public A-Ward,Y,1501.6,1501.6,0,2500,279,N,CLM-0025726,20-07-2025,Maternity,13488.09,Declined,Outside panel provider,15,N,N,0.45,9,ASR-0015,25000,N,Y,0.817,AGT-00677,Xin Yi Chua,New,12,AU-22,Active,21.9,0.316,False,False,False,False,POL0025726|ARJUNCHUA|19820806,FUZZY_DUPLICATE
RID-0047801,CLAIMS_SYS,05-06-2026 01:19,CUS-040861,Kai Xuan Teo,Male,07-06-1965,61,Widowed,Citizen,Civil Service,30000,Below 50k,D18,KAI.XUAN.TEO57@EXAMPLE.COM,85746433,POL-0036067,04-01-2025,19-01-2025,PRUShield A Plus,Health & IP,Agency,Monthly,"S$2,123.06",540000,2123.06,0.1477,10,Lapsed,19,Y,25-11-2025,N,Private Hospital,Y,942.03,942.03,0,0,38,N,,,,,,,,N,N,0.44,5,,,,,,AGT-00121,Kavitha Neo,Senior,119,AU-36,Active,56.1,0.18,False,False,False,False,POL0036067|KAIXUANTEO|19650607,FUZZY_DUPLICATE
RID-0011918,CRM,05-06-2026 15:36,CUS-030082,Arjun Turner,Male,06-07-2002,24,Single,Citizen,Executive,202300,200k-400k,D07,arjun.turner175@example.com,+65 84532773,POL-0011918,16-07-2023,17-08-2023,PRUFlexiCash,Savings & Wealth,Agency,Monthly,4507.39,224000,4507.39,0.0944,10,Inforce,37,N,,Y,,N,,,,,151,N,CLM-0011918,30-10-2024,Hospitalisation,13242.77,Declined,Documentation incomplete,10,N,N,0.05,6,ASR-0004,100000,N,N,0.133,AGT-00672,Cheryl Mitchell,Established,48,AU-36,Resigned,35.4,0.122,False,False,False,False,POL0011918|ARJUNTURNER|20020706,FUZZY_DUPLICATE
RID-0024768,CLAIMS_SYS,05-06-2026 16:06,CUS-012101,Rohan Yeo,Male,26-10-1994,32,Divorced,Citizen,Civil Service,104628,100k-200k,D18,rohan.yeo90@example.com,+65 92055770,POL-0024768,12-11-2024,27-11-2024,PRUVantage Legacy,Savings & Wealth,Agency,Monthly,38444.23,221000,38444.23,0.0392,25,Matured,21,N,,Y,,N,,,,,14,N,,,,,,,,N,N,0.99,5,,,,,,AGT-00456,Chee Keong Toh,Senior,52,AU-29,Active,46.8,0.445,False,False,False,False,POL0024768|ROHANYEO|19941026,FUZZY_DUPLICATE
RID-0047969,CLAIMS_SYS,05-06-2026 17:35,CUS-006735,Aminah Lim,Female,21-07-2005,21,Divorced,Citizen,Executive,81692,50k-100k,D17,AMINAH.LIM99@EXAMPLE.COM,89606048,POL-0038922,08-05-2026,02-06-2026,PRUShield Premier,Health & IP,Bancassurance,Monthly,"S$4,352.86",228000,4352.86,0.1108,10,Inforce,3,N,,Y,Private Hospital,Y,1627.17,900.94,10,1500,135,N,CLM-0038922,28-08-2026,Day Surgery,4514.53,Declined,Documentation incomplete,7,N,N,0.01,10,ASR-0019,100000,N,N,0.296,,,,,,,,,False,False,False,False,POL0038922|AMINAHLIM|20050721,FUZZY_DUPLICATE
RID-0047570,CRM,05-07-2026 00:18,CUS-028298,Chee Keong Mitchell,Male,06-03-1980,46,Single,Citizen,Technician,72679,50k-100k,D23,CHEE.KEONG.MITCHELL173@EXAMPLE.COM,96166617,POL-0016970,22-05-2024,18-06-2024,PRUSave Endowment,Savings & Wealth,Agency,Monthly,"S$36,944.00",295000,36944,0.0689,25,Inforce,26,N,,Y,,N,,,,,177,Y,CLM-0016970,14-12-2024,Disability,10566.07,Approved,,15,N,N,-0.01,8,ASR-0033,25000,N,N,0.341,AGT-00995,Marcus Fraser,New,7,AU-35,Active,28.4,0.631,False,False,False,False,POL0016970|CHEEKEONGMITCHELL|19800306,FUZZY_DUPLICATE
RID-0025438,POLICY_ADMIN,05-07-2026 04:36,CUS-014087,Jia Hui Foo,Female,15-01-1991,35,Widowed,Citizen,Civil Service,107403,100k-200k,D16,jia.hui.foo288@example.com,+65 97146420,POL-0025438,26-08-2024,29-08-2024,PRUWealth Plus,Savings & Wealth,Agency,Annual,52813.22,348000,52813.22,0.0679,30,Inforce,24,N,,Y,,N,,,,,365,N,CLM-0025438,07-01-2026,Accident,2661.36,Partially Approved,,31,N,N,0.86,8,ASR-0015,25000,Y,Y,0.666,AGT-00756,Farah Tan,Established,93,AU-15,Active,96.5,0.334,False,False,False,False,POL0025438|JIAHUIFOO|19910115,FUZZY_DUPLICATE
RID-0047982,POLICY_ADMIN,05-07-2026 09:21,CUS-000169,Divya Tan,Female,04-01-1964,62,Widowed,Citizen,Sales,71039,50k-100k,D17,DIVYA.TAN410@EXAMPLE.COM,81215952,POL-0042989,21-02-2026,02-04-2026,PRUExtra Care,Health & IP,Agency,Monthly,"S$4,521.97",786000,4521.97,0.1432,10,Inforce,5,N,,Y,Public A-Ward,Y,2207.03,1240.14,15,3500,57,N,CLM-0042989,18-04-2026,Outpatient Specialist,23923.85,Partially Approved,,1,N,N,0.6,7,ASR-0013,100000,Y,N,0.872,AGT-00091,Edwin Lee,Established,53,AU-18,Resigned,78.8,0.298,False,False,False,False,POL0042989|DIVYATAN|19640104,FUZZY_DUPLICATE
RID-0048338,AGENCY_MGMT,05-07-2026 10:24,CUS-032243,YongShengSim,Male,17-10-1987,39,Single,Citizen,Education,89793,50k-100k,D13,YONG.SHENG.SIM448@EXAMPLE.COM,98291941,POL-0015800,13-05-2024,16-06-2024,PRUShield Standard,Health & IP,Bancassurance,Semi-Annual,"S$2,167.51",1401000,2167.51,0.1501,5,Inforce,26,N,,Y,Private Hospital,Y,682.92,682.92,0,2500,76,N,CLM-0015800,05-05-2026,Day Surgery,16365.14,Declined,Documentation incomplete,24,N,N,0.61,8,ASR-0007,25000,N,N,0.028,,,,,,,,,False,False,False,False,POL0015800|YONGSHENGSIM|19871017,FUZZY_DUPLICATE
RID-0026535,CRM,05-07-2026 16:19,CUS-037699,Wei Ming Menon,Male,19-12-1985,41,Married,Citizen,Education,50717,50k-100k,D28,wei.ming.menon414@example.com,+65 85443200,POL-0026535,09-10-2025,04-11-2025,PRUFlexiCash,Savings & Wealth,Bancassurance,Annual,55745.26,485000,55745.26,0.0745,5,Inforce,10,N,,Y,,N,,,,,204,Y,CLM-0026535,30-01-2026,Hospitalisation,6701.66,Approved,,15,N,N,-0.15,7,ASR-0029,5000,N,N,0.026,,,,,,,,,False,False,False,False,POL0026535|WEIMINGMENON|19851219,FUZZY_DUPLICATE
RID-0004338,AGENCY_MGMT,05-07-2026 19:58,CUS-001553,Zarina Wong,Female,03-11-2005,21,Widowed,Citizen,Manager,30000,Below 50k,D12,zarina.wong220@example.com,+65 94235320,POL-0004338,26-07-2025,11-08-2025,PRUCritical Cover,Protection,Agency,Annual,6937.68,1312000,6937.68,0.3077,15,Inforce,12,N,,Y,,N,,,,,78,N,CLM-0004338,23-07-2026,Day Surgery,986.39,Approved,,34,N,N,0.64,8,ASR-0004,100000,N,N,0.395,AGT-00680,Wan Ting Yeo,Established,92,AU-10,Active,23.6,0.448,False,False,False,False,POL0004338|ZARINAWONG|20051103,FUZZY_DUPLICATE
RID-0021823,POLICY_ADMIN,05-07-2026 21:50,CUS-014404,Samantha Chan,Female,28-05-1961,65,Divorced,Employment Pass,Education,88148,50k-100k,D04,samantha.chan219@example.com,+65 91157049,POL-0021823,13-04-2026,25-04-2026,PRUVantage Legacy,Savings & Wealth,Agency,Monthly,26200.1,351000,26200.1,0.0856,30,Inforce,4,N,,Y,,N,,,,,149,N,,,,,,,,N,N,0.97,8,,,,,,AGT-00707,Siew Peng Wong,New,12,AU-05,Active,30.8,0.582,False,False,False,False,POL0021823|SAMANTHACHAN|19610528,FUZZY_DUPLICATE
RID-0008675,CLAIMS_SYS,05-07-2026 21:57,CUS-009725,Terence Nair,Male,03-05-1984,42,Married,Citizen,Sales,99171,50k-100k,D25,terence.nair288@example.com,+65 93132732,POL-0008675,11-04-2026,18-05-2026,PRUShield Life,Protection,Broker,Quarterly,8713.57,232000,8713.57,0.3351,5,Inforce,3,N,,Y,,N,,,,,6,N,CLM-0008675,24-05-2026,Death Benefit,3243.79,Approved,,15,N,N,0.02,9,ASR-0023,50000,N,N,0.374,AGT-00996,Aravind Rahman,Established,68,AU-38,On Notice,81.1,0.048,False,False,False,False,POL0008675|TERENCENAIR|19840503,FUZZY_DUPLICATE
RID-0036060,POLICY_ADMIN,05-08-2026 07:23,CUS-018306,Wan Ting Raj,Female,25-10-1968,58,Single,Permanent Resident,Professional,86040,50k-100k,D02,wan.ting.raj212@example.com,+65 92360287,POL-0036060,24-04-2026,07-06-2026,PRUTerm Secure,Protection,Bancassurance,Annual,7780,2140000,7780,0.2259,5,Matured,2,N,,Y,,N,,,,,29,N,,,,,,,,N,N,0.96,9,,,,,,,,,,,,,,False,False,False,False,POL0036060|WANTINGRAJ|19681025,FUZZY_DUPLICATE
RID-0048183,AGENCY_MGMT,05-08-2026 12:20,CUS-007594,Priya Aziz,Female,23-04-2002,24,Married,Employment Pass,Healthcare,86413,50k-100k,D19,PRIYA.AZIZ72@EXAMPLE.COM,87281110,POL-0000315,22-07-2025,26-08-2025,PRUFlexiCash,Savings & Wealth,Bancassurance,Annual,"S$54,084.42",35000,54084.42,0.0395,25,Inforce,12,N,,Y,,N,,,,,308,N,CLM-0000315,14-11-2025,Outpatient Specialist,9953.9,Approved,,24,N,N,0.77,9,ASR-0022,25000,N,N,0.333,,,,,,,,,False,False,False,False,POL0000315|PRIYAAZIZ|20020423,FUZZY_DUPLICATE
RID-0048298,CLAIMS_SYS,05-08-2026 13:06,CUS-033726,Divya Aziz,Female,09-09-1997,29,Married,Citizen,Self-Employed,52261,50k-100k,D13,DIVYA.AZIZ417@EXAMPLE.COM,99893811,POL-0045683,07-07-2023,01-08-2023,PRUVantage Legacy,Savings & Wealth,Agency,Monthly,"S$42,819.32",175000,42819.32,0.0843,15,Inforce,37,N,,Y,,N,,,,,0,N,CLM-0045683,20-08-2024,Critical Illness,1393.8,Approved,,18,N,N,-0.15,10,ASR-0054,5000,N,N,0.355,AGT-00623,Zulkifli Goh,New,3,AU-13,Active,47.6,0.426,False,False,False,False,POL0045683|DIVYAAZIZ|19970909,FUZZY_DUPLICATE
RID-0034188,CRM,05-08-2026 18:09,CUS-003626,Hakim Pillai,Male,11-09-1989,37,Widowed,Citizen,Retired,85928,50k-100k,D03,hakim.pillai220@example.com,+65 86758102,POL-0034188,17-05-2026,21-06-2026,PRUWealth Plus,Savings & Wealth,Bancassurance,Quarterly,34596.97,268000,34596.97,0.0365,30,Inforce,2,N,,Y,,N,,,,,0,N,CLM-0034188,07-07-2026,Death Benefit,8622.43,Approved,,8,N,N,0.59,7,ASR-0027,25000,N,N,0.158,,,,,,,,,False,False,False,False,POL0034188|HAKIMPILLAI|19890911,FUZZY_DUPLICATE
RID-0047678,CRM,05-08-2026 18:28,CUS-031957,JONATHAN AZIZ,Male,24-06-1971,55,Widowed,Citizen,Civil Service,37964,Below 50k,D15,JONATHAN.AZIZ367@EXAMPLE.COM,89897285,POL-0028333,22-01-2026,05-02-2026,PRUWealth Plus,Savings & Wealth,Agency,Annual,"S$30,683.82",34000,30683.82,0.0948,30,Inforce,6,N,,Y,,N,,,,,281,Y,,,,,,,,N,N,0.81,10,,,,,,AGT-00059,Siew Peng Aziz,Senior,173,AU-35,Active,94.2,0.577,False,False,False,False,POL0028333|JONATHANAZIZ|19710624,FUZZY_DUPLICATE
RID-0048079,POLICY_ADMIN,06-03-2026 02:05,CUS-039608,Jia Hui Wright,Female,26-02-1984,42,Divorced,Permanent Resident,Manager,79857,50k-100k,D26,JIA.HUI.WRIGHT152@EXAMPLE.COM,81583118,POL-0010726,25-04-2025,03-05-2025,PRULink Global Growth,Investment-Linked,Bancassurance,Monthly,"S$17,584.98",242000,17584.98,0.1606,25,Inforce,16,N,,Y,,N,,,,,54,Y,CLM-0010726,04-08-2025,Outpatient Specialist,2279.59,Approved,,21,N,Y,-1,0,ASR-0020,5000,N,N,0.064,,,,,,,,,False,False,False,False,POL0010726|JIAHUIWRIGHT|19840226,FUZZY_DUPLICATE
RID-0048228,AGENCY_MGMT,06-03-2026 07:14,CUS-029450,Wan Ting Lim,Female,11-06-1978,48,Divorced,Citizen,Education,129182,100k-200k,D16,WAN.TING.LIM52@EXAMPLE.COM,82876142,POL-0024337,28-05-2024,21-06-2024,PRULink Global Growth,Investment-Linked,Digital,Monthly,"S$35,479.37",174000,35479.37,0.1282,5,Inforce,26,N,,Y,,N,,,,,103,N,,,,,,,,N,N,0.08,6,,,,,,,,,,,,,,False,False,False,False,POL0024337|WANTINGLIM|19780611,FUZZY_DUPLICATE
RID-0047669,CLAIMS_SYS,06-03-2026 08:46,CUS-017049,Suresh Sharma,Male,28-07-1990,36,Married,Permanent Resident,Healthcare,49406,Below 50k,D01,SURESH.SHARMA8@EXAMPLE.COM,92106001,POL-0002863,13-01-2024,19-02-2024,PRULink Assurance,Investment-Linked,Bancassurance,Monthly,"S$13,090.86",516000,13090.86,0.1078,20,Inforce,30,N,,Y,,N,,,,,34,N,CLM-0002863,04-08-2026,Maternity,12623.79,Approved,,22,N,N,0.36,10,ASR-0045,10000,N,N,0.303,,,,,,,,,False,False,False,False,POL0002863|SURESHSHARMA|19900728,FUZZY_DUPLICATE
RID-0048111,POLICY_ADMIN,06-03-2026 12:32,CUS-032752,ANJALI TURNER,Female,07-06-2001,25,Married,Permanent Resident,Healthcare,35171,Below 50k,D04,ANJALI.TURNER195@EXAMPLE.COM,99457297,POL-0021776,23-02-2024,24-03-2024,PRUShield Standard,Health & IP,Agency,Annual,S$507.16,1198000,507.16,0.194,10,Inforce,29,N,,Y,Public A-Ward,Y,271.22,271.22,0,0,76,N,CLM-0021776,21-11-2025,Disability,10477.79,Approved,,13,N,N,0.58,9,ASR-0036,25000,N,N,0.071,AGT-00704,Divya Chong,Senior,81,AU-09,Active,40.6,0.393,False,False,False,False,POL0021776|ANJALITURNER|20010607,FUZZY_DUPLICATE
RID-0048227,AGENCY_MGMT,06-03-2026 16:30,CUS-027141,VikramIbrahim,Male,20-02-1961,65,Widowed,Citizen,Sales,31918,Below 50k,D24,VIKRAM.IBRAHIM380@EXAMPLE.COM,91750106,POL-0010428,17-11-2023,24-11-2023,PRUWealth Plus,Savings & Wealth,Direct,Annual,"S$14,712.78",406000,14712.78,0.084,99,Inforce,33,N,,Y,,N,,,,,293,N,CLM-0010428,18-12-2025,Outpatient Specialist,5370.84,Declined,Documentation incomplete,13,N,N,0.26,10,ASR-0054,5000,N,N,0.151,,,,,,,,,False,False,False,False,POL0010428|VIKRAMIBRAHIM|19610220,FUZZY_DUPLICATE
RID-0048029,AGENCY_MGMT,06-03-2026 17:56,CUS-032828,SamanthaChong,Female,23-08-1982,44,Single,Citizen,Manager,181367,100k-200k,D14,SAMANTHA.CHONG279@EXAMPLE.COM,94305087,POL-0040404,03-10-2024,29-10-2024,PRUShield Standard,Health & IP,Agency,Quarterly,"S$5,232.61",257000,5232.61,0.1362,5,Inforce,22,N,,Y,Public B1-Ward,Y,2062.54,2062.54,0,0,188,Y,CLM-0040404,25-07-2025,Disability,355.95,Pending,,45,N,N,0.19,8,ASR-0007,25000,N,N,0.182,AGT-00320,Iskandar Pillai,New,10,AU-01,Active,47.3,0.25,False,False,False,False,POL0040404|SAMANTHACHONG|19820823,FUZZY_DUPLICATE
RID-0048291,AGENCY_MGMT,06-04-2026 03:00,CUS-033658,Mei Yi Neo,Female,02-08-1968,58,Divorced,Permanent Resident,Healthcare,31305,Below 50k,D25,MEI.YI.NEO201@EXAMPLE.COM,81749363,POL-0002211,09-03-2024,18-04-2024,PRUVantage Legacy,Savings & Wealth,Agency,Monthly,"S$30,930.08",384000,30930.08,0.0565,5,Inforce,28,N,,Y,,N,,,,,65,N,CLM-0002211,09-01-2026,Day Surgery,4990.57,Partially Approved,,30,N,N,0.58,7,ASR-0003,10000,N,N,0.205,AGT-00890,Hakim Neo,Established,66,AU-22,Active,89.2,0.26,False,False,False,False,POL0002211|MEIYINEO|19680802,FUZZY_DUPLICATE
RID-0002267,AGENCY_MGMT,06-04-2026 04:04,CUS-009344,Samantha Yeo,Female,04-07-1993,33,Divorced,Citizen,Executive,102799,100k-200k,D15,samantha.yeo359@example.com,+65 98810380,POL-0002267,06-01-2024,09-02-2024,PRUSave Endowment,Savings & Wealth,Agency,Monthly,22398.1,117000,22398.1,0.0554,99,Inforce,31,N,,Y,,N,,,,,0,N,,,,,,,,N,N,0.48,10,,,,,,AGT-00421,Joanne Fraser,New,6,AU-32,Active,42.5,0.38,False,False,False,False,POL0002267|SAMANTHAYEO|19930704,FUZZY_DUPLICATE
RID-0048041,CRM,06-05-2026 04:03,CUS-002906,YONG SHENG FRASER,Male,16-04-1980,46,Single,Citizen,Healthcare,60002,50k-100k,D05,YONG.SHENG.FRASER150@EXAMPLE.COM,93041474,POL-0020159,01-04-2024,09-04-2024,PRUShield Standard,Health & IP,Bancassurance,Semi-Annual,"S$3,102.21",382000,3102.21,0.1531,30,Surrendered,29,Y,04-05-2026,Y,Public B1-Ward,Y,1383.38,1383.38,0,0,103,N,CLM-0020159,02-11-2024,Death Benefit,17938.03,Approved,,9,N,N,0.68,7,ASR-0011,50000,N,N,0.37,,,,,,,,,False,False,False,False,POL0020159|YONGSHENGFRASER|19800416,FUZZY_DUPLICATE
RID-0048316,CRM,06-05-2026 06:39,CUS-005539,Yong Sheng Salleh,Male,28-01-1996,30,Single,Permanent Resident,Healthcare,74069,50k-100k,D16,YONG.SHENG.SALLEH437@EXAMPLE.COM,98351180,POL-0024380,24-08-2025,04-10-2025,PRUSelect Vantage,Investment-Linked,Bancassurance,Quarterly,"S$36,261.66",643000,36261.66,0.1542,30,Inforce,11,N,,Y,,N,,,,,16,N,CLM-0024380,29-08-2026,Hospitalisation,1638.42,Approved,,26,N,N,0.38,7,ASR-0021,100000,N,N,0.086,,,,,,,,,False,False,False,False,POL0024380|YONGSHENGSALLEH|19960128,FUZZY_DUPLICATE
RID-0047806,CRM,06-05-2026 06:58,CUS-018394,Divya Osman,Female,16-08-2004,22,Widowed,Employment Pass,Professional,165390,100k-200k,D01,DIVYA.OSMAN426@EXAMPLE.COM,95381513,POL-0044145,16-12-2025,17-12-2025,PRUShield Premier,Health & IP,Bancassurance,Semi-Annual,"S$6,886.29",192000,6886.29,0.1147,20,Inforce,8,N,,Y,Private Hospital,Y,1988.7,1988.7,0,2500,62,N,,,,,,,,N,N,0.36,5,,,,,,,,,,,,,,False,False,False,False,POL0044145|DIVYAOSMAN|20040816,FUZZY_DUPLICATE
RID-0021521,CRM,06-05-2026 10:17,CUS-040551,Kavitha Chong,Female,03-08-1986,40,Married,Employment Pass,Civil Service,46205,Below 50k,D08,kavitha.chong366@example.com,+65 83442287,POL-0021521,12-07-2023,24-07-2023,PRUVantage Legacy,Savings & Wealth,Agency,Semi-Annual,7672.68,179000,7672.68,0.0354,30,Inforce,37,N,,Y,,N,,,,,0,Y,,,,,,,,N,N,0.47,5,,,,,,AGT-00905,Kavitha Yeo,New,10,AU-39,Active,25.2,0.339,False,False,False,False,POL0021521|KAVITHACHONG|19860803,FUZZY_DUPLICATE
RID-0009979,AGENCY_MGMT,06-05-2026 13:56,CUS-040939,Priya Chua,Female,15-01-1970,56,Married,Citizen,Technician,40264,Below 50k,D28,priya.chua407@example.com,+65 85857554,POL-0009979,07-07-2023,15-07-2023,PRUShield Standard,Health & IP,Bancassurance,Annual,2471.51,952000,2471.51,0.1328,5,Inforce,38,N,,Y,Public B1-Ward,Y,1351.84,1351.84,0,1500,5,N,CLM-0009979,19-01-2026,Death Benefit,2682.61,Approved,,1,N,N,0.51,9,ASR-0020,5000,N,N,0.104,,,,,,,,,False,False,False,False,POL0009979|PRIYACHUA|19700115,FUZZY_DUPLICATE
RID-0048362,POLICY_ADMIN,06-05-2026 19:58,CUS-032646,TerenceHarper,Male,22-08-1983,43,Widowed,Citizen,Executive,68870,50k-100k,D05,TERENCE.HARPER401@EXAMPLE.COM,85896635,POL-0013628,08-11-2023,02-12-2023,PRUShield A Plus,Health & IP,Bancassurance,Annual,"S$5,665.35",1498000,5665.35,0.1749,5,Inforce,33,N,,Y,Public A-Ward,Y,2673.12,2673.12,0,2500,10,N,CLM-0013628,13-05-2024,Hospitalisation,9897.49,Partially Approved,,20,N,N,0.83,9,ASR-0047,5000,N,N,0.252,,,,,,,,,False,False,False,False,POL0013628|TERENCEHARPER|19830822,FUZZY_DUPLICATE
RID-0048172,POLICY_ADMIN,06-05-2026 20:50,CUS-011184,Anjali Tan,Female,07-03-1996,30,Married,Citizen,Technician,50558,50k-100k,D01,ANJALI.TAN41@EXAMPLE.COM,95670420,POL-0012959,21-02-2025,10-03-2025,PRULink Global Growth,Investment-Linked,Bancassurance,Monthly,"S$4,032.36",627000,4032.36,0.1423,5,Inforce,18,N,,Y,,N,,,,,119,N,,,,,,,,N,N,0.53,6,,,,,,,,,,,,,,False,False,False,False,POL0012959|ANJALITAN|19960307,FUZZY_DUPLICATE
RID-0048441,CRM,06-06-2026 05:07,CUS-022845,Cheryl Nair,Female,13-11-2003,23,Divorced,Citizen,Executive,270765,200k-400k,D28,CHERYL.NAIR297@EXAMPLE.COM,91036199,POL-0014685,24-01-2025,01-02-2025,PRUVantage Legacy,Savings & Wealth,Agency,Quarterly,"S$41,492.09",222000,41492.09,0.0907,20,Surrendered,19,Y,10-01-2026,N,,N,,,,,39,Y,CLM-0014685,06-02-2026,Accident,43249.3,Withdrawn,,26,N,N,-0.07,6,ASR-0032,25000,N,N,0.328,AGT-00403,Zhi Hao Wong,New,11,AU-28,Active,41.2,0.217,False,False,False,False,POL0014685|CHERYLNAIR|20031113,FUZZY_DUPLICATE
RID-0047595,CRM,06-06-2026 05:20,CUS-024625,ValerieSalleh,Female,21-05-2005,21,Single,Citizen,Civil Service,81114,50k-100k,D13,VALERIE.SALLEH45@EXAMPLE.COM,95275492,POL-0021094,16-01-2023,26-02-2023,PRUFlexiCash,Savings & Wealth,Agency,Annual,"S$30,660.19",55000,30660.19,0.0497,5,Inforce,42,N,,Y,,N,,,,,0,N,,,,,,,,N,N,0.14,9,,,,,,AGT-00156,Deepak Seah,New,8,AU-39,Active,58.4,0.176,False,False,False,False,POL0021094|VALERIESALLEH|20050521,FUZZY_DUPLICATE
RID-0048484,AGENCY_MGMT,06-06-2026 05:58,CUS-040552,Lakshmi Hassan,Female,13-11-1992,34,Married,Citizen,Technician,30082,Below 50k,D19,LAKSHMI.HASSAN369@EXAMPLE.COM,91284627,POL-0045224,25-04-2025,08-05-2025,PRUShield Standard,Health & IP,Agency,Annual,"S$2,977.69",1238000,2977.69,0.1389,30,Inforce,16,N,,Y,Private Hospital,Y,990.88,990.88,0,0,66,N,,,,,,,,N,N,0.46,7,,,,,,AGT-00037,Muhammad Ariff Hassan,Established,55,AU-32,Active,40.3,0.134,False,False,False,False,POL0045224|LAKSHMIHASSAN|19921113,FUZZY_DUPLICATE
RID-0012264,AGENCY_MGMT,06-06-2026 11:12,CUS-019404,Wei Ming Iyer,Male,28-02-1988,38,Widowed,Employment Pass,Self-Employed,79762,50k-100k,D25,wei.ming.iyer157@example.com,+65 88643107,POL-0012264,28-03-2023,11-05-2023,PRUVantage Legacy,Savings & Wealth,Bancassurance,Quarterly,59505.3,351000,59505.3,0.0601,5,Lapsed,40,Y,06-10-2024,Y,,N,,,,,0,N,CLM-0012264,01-09-2023,Accident,1593.67,Approved,,15,N,N,0.87,8,ASR-0040,100000,N,N,0.01,,,,,,,,,False,False,False,False,POL0012264|WEIMINGIYER|19880228,FUZZY_DUPLICATE
RID-0033941,AGENCY_MGMT,06-06-2026 16:21,CUS-033704,Daniel Yeo,Male,03-09-1970,56,Single,Citizen,Self-Employed,35446,Below 50k,D12,daniel.yeo366@example.com,+65 86483310,POL-0033941,21-11-2024,20-12-2024,PRUTerm Secure,Protection,Agency,Annual,4107.97,2447000,4107.97,0.2977,99,Inforce,20,N,,Y,,N,,,,,36,Y,CLM-0033941,11-06-2026,Hospitalisation,9266.63,Approved,,15,N,N,0.95,9,ASR-0044,50000,N,N,0.364,AGT-01065,Farah Ong,New,2,AU-03,Resigned,58.1,0.063,False,False,False,False,POL0033941|DANIELYEO|19700903,FUZZY_DUPLICATE
RID-0048267,CRM,06-07-2026 01:03,CUS-007781,Aminah Goh,Female,02-12-1988,38,Single,Citizen,Professional,83026,50k-100k,D05,AMINAH.GOH190@EXAMPLE.COM,95949012,POL-0002967,09-09-2025,04-10-2025,PRULink Assurance,Investment-Linked,Agency,Quarterly,"S$36,352.52",120000,36352.52,0.1041,99,Inforce,11,N,,Y,,N,,,,,210,N,CLM-0002967,21-07-2026,Death Benefit,19287.99,Approved,,10,N,N,0.8,7,ASR-0017,50000,N,N,0.267,AGT-00814,Nicholas Seah,Senior,125,AU-24,Active,58.4,0.368,False,False,False,False,POL0002967|AMINAHGOH|19881202,FUZZY_DUPLICATE
RID-0047945,CRM,06-07-2026 05:21,CUS-012659,JoanneWong,Female,12-11-1971,55,Widowed,Permanent Resident,Manager,81672,50k-100k,D07,JOANNE.WONG198@EXAMPLE.COM,88363330,POL-0043182,25-06-2023,29-06-2023,PRUShield A Plus,Health & IP,Agency,Semi-Annual,"S$1,477.51",217000,1477.51,0.1995,25,Inforce,38,N,,Y,Private Hospital,Y,625.5,625.5,0,2500,250,N,CLM-0043182,25-03-2025,Critical Illness,4066.87,Partially Approved,,29,N,N,0.94,6,ASR-0011,50000,N,N,0.224,AGT-00008,Wan Ting Pillai,Senior,37,AU-35,Active,59.6,0.454,False,False,False,False,POL0043182|JOANNEWONG|19711112,FUZZY_DUPLICATE
RID-0047642,AGENCY_MGMT,06-07-2026 07:03,CUS-015563,WeiMingHarper,Male,13-10-2005,21,Widowed,Permanent Resident,Retired,54258,50k-100k,D09,WEI.MING.HARPER373@EXAMPLE.COM,87277993,POL-0009280,01-02-2023,06-03-2023,PRULink Global Growth,Investment-Linked,Bancassurance,Quarterly,"S$15,703.12",313000,15703.12,0.0798,25,Inforce,42,N,,Y,,N,,,,,112,N,,,,,,,,N,N,0.84,7,,,,,,,,,,,,,,False,False,False,False,POL0009280|WEIMINGHARPER|20051013,FUZZY_DUPLICATE
RID-0030412,AGENCY_MGMT,06-08-2026 02:52,CUS-033617,Meera Salleh,Female,05-06-1996,30,Divorced,Citizen,Executive,157929,100k-200k,D10,meera.salleh161@example.com,+65 96810086,POL-0030412,26-06-2025,21-07-2025,PRUExtra Care,Health & IP,Agency,Monthly,2555.16,350000,2555.16,0.165,10,Inforce,13,N,,Y,Public A-Ward,Y,874.23,874.23,0,0,15,N,CLM-0030412,21-02-2026,Death Benefit,33607.78,Approved,,14,N,N,0.62,9,ASR-0008,10000,N,N,0.413,AGT-01150,Suresh Chua,New,1,AU-22,Active,63.2,0.256,False,False,False,False,POL0030412|MEERASALLEH|19960605,FUZZY_DUPLICATE
RID-0005792,POLICY_ADMIN,06-08-2026 03:01,CUS-025884,Hui Ling Sim,Female,09-08-2000,26,Married,Employment Pass,Technician,41287,Below 50k,D11,hui.ling.sim401@example.com,+65 87248372,POL-0005792,02-12-2025,08-01-2026,PRUWealth Plus,Savings & Wealth,Agency,Monthly,19532.71,159000,19532.71,0.0355,20,Inforce,7,N,,Y,,N,,,,,0,N,CLM-0005792,09-08-2026,Maternity,1774.17,Approved,,28,N,N,0.3,7,ASR-0042,10000,N,N,0.108,AGT-00023,Aminah Teo,Senior,178,AU-05,Active,75.4,0.496,False,False,False,False,POL0005792|HUILINGSIM|20000809,FUZZY_DUPLICATE
RID-0047935,CLAIMS_SYS,06-08-2026 05:24,CUS-017731,Muhammad Ariff Raj,Male,09-11-1970,56,Married,Citizen,Education,214511,200k-400k,D19,MUHAMMAD.ARIFF.RAJ176@EXAMPLE.COM,85312537,POL-0043957,23-10-2025,24-11-2025,PRUWealth Plus,Savings & Wealth,Broker,Monthly,"S$52,939.14",189000,52939.14,0.0588,25,Inforce,9,N,,Y,,N,,,,,17,N,,,,,,,,N,N,0.43,10,,,,,,AGT-00118,Suresh Salleh,New,4,AU-08,Resigned,70.9,0.36,False,False,False,False,POL0043957|MUHAMMADARIFFRAJ|19701109,FUZZY_DUPLICATE
RID-0047586,CRM,06-08-2026 12:15,CUS-005876,Suresh Ibrahim,Male,17-12-1960,66,Married,Employment Pass,Professional,77055,50k-100k,D09,SURESH.IBRAHIM69@EXAMPLE.COM,83877034,POL-0010879,16-06-2026,28-07-2026,PRUWealth Plus,Savings & Wealth,Agency,Semi-Annual,"S$58,549.95",210000,58549.95,0.0563,99,Inforce,1,N,,Y,,N,,,,,73,N,CLM-0010879,20-08-2026,Disability,13541.12,Declined,Waiting period not served,19,N,N,0.36,9,ASR-0004,100000,N,N,0.063,AGT-00835,Jia Hui Seah,New,7,AU-16,Active,93.2,0.183,False,False,False,False,POL0010879|SURESHIBRAHIM|19601217,FUZZY_DUPLICATE
RID-0031548,POLICY_ADMIN,06-08-2026 15:21,CUS-037364,Kavitha Aziz,Female,15-11-1990,36,Divorced,Citizen,Executive,66104,50k-100k,D18,kavitha.aziz297@example.com,+65 86525945,POL-0031548,30-09-2024,19-10-2024,PRUSelect Vantage,Investment-Linked,Bancassurance,Semi-Annual,8439.13,703000,8439.13,0.1121,15,Inforce,22,N,,Y,,N,,,,,37,N,CLM-0031548,16-01-2025,Hospitalisation,9168.63,Approved,,18,N,N,0.32,10,ASR-0039,100000,N,N,0.286,,,,,,,,,False,False,False,False,POL0031548|KAVITHAAZIZ|19901115,FUZZY_DUPLICATE
RID-0021287,CLAIMS_SYS,06-08-2026 18:08,CUS-037225,Nurul Aisyah Lim,Female,02-02-1997,29,Married,Permanent Resident,Civil Service,438746,Above 400k,D02,nurul.aisyah.lim400@example.com,+65 87480464,POL-0021287,16-01-2025,01-03-2025,PRUActive Term,Protection,Agency,Annual,1968.62,2777000,1968.62,0.2963,20,Inforce,18,N,,Y,,N,,,,,165,N,,,,,,,,N,N,0.44,8,,,,,,AGT-00327,Nurul Aisyah Sharma,New,10,AU-19,Active,95.9,0.083,False,False,False,False,POL0021287|NURULAISYAHLIM|19970202,FUZZY_DUPLICATE
RID-0013788,AGENCY_MGMT,06-08-2026 22:30,CUS-037628,Joanne Kamal,Female,01-09-1987,39,Married,Citizen,Education,66902,50k-100k,D06,joanne.kamal232@example.com,+65 84930690,POL-0013788,27-10-2025,17-11-2025,PRUFlexiCash,Savings & Wealth,Bancassurance,Annual,24150.39,454000,24150.39,0.0659,10,Inforce,9,N,,Y,,N,,,,,32,N,CLM-0013788,15-05-2026,Maternity,18993.73,Approved,,21,N,N,0.58,6,ASR-0028,10000,N,N,0.413,,,,,,,,,False,False,False,False,POL0013788|JOANNEKAMAL|19870901,FUZZY_DUPLICATE
RID-0036864,POLICY_ADMIN,06-08-2026 23:47,CUS-035286,Siew Peng Kumar,Female,09-05-1984,42,Divorced,Citizen,Professional,80687,50k-100k,D19,siew.peng.kumar236@example.com,+65 94476798,POL-0036864,04-05-2026,18-06-2026,PRUShield A Plus,Health & IP,Agency,Quarterly,7236.42,1210000,7236.42,0.1765,30,Inforce,2,N,,Y,Public A-Ward,Y,3758.03,2493.66,5,1500,0,N,CLM-0036864,16-07-2026,Maternity,1492.76,Approved,,20,N,N,0.18,6,ASR-0010,50000,Y,Y,0.574,AGT-00504,Nurul Aisyah Sim,MDRT,125,AU-36,Active,51.8,0.087,False,False,False,False,POL0036864|SIEWPENGKUMAR|19840509,FUZZY_DUPLICATE
RID-0040063,AGENCY_MGMT,07-03-2026 00:44,CUS-003483,Muhammad Ariff Lee,Male,18-07-1988,38,Single,Permanent Resident,Retired,44764,Below 50k,D24,muhammad.ariff.lee79@example.com,+65 84167233,POL-0040063,02-12-2023,15-12-2023,PRUFlexiCash,Savings & Wealth,Digital,Annual,3401.37,252000,3401.37,0.0802,25,Lapsed,33,Y,30-08-2026,Y,,N,,,,,0,N,CLM-0040063,21-06-2024,Death Benefit,1709.29,Approved,,2,N,N,0.1,8,ASR-0023,50000,N,N,0.134,,,,,,,,,False,False,False,False,POL0040063|MUHAMMADARIFFLEE|19880718,FUZZY_DUPLICATE
RID-0048043,AGENCY_MGMT,07-03-2026 07:09,CUS-006155,Zhi Hao Wong,Male,28-08-1979,47,Divorced,Employment Pass,Civil Service,207930,200k-400k,D23,ZHI.HAO.WONG402@EXAMPLE.COM,89213820,POL-0035852,11-11-2023,07-12-2023,PRUTerm Secure,Protection,Agency,Monthly,"S$5,847.63",1299000,5847.63,0.3185,30,Cancelled,33,Y,10-10-2024,N,,N,,,,,280,N,CLM-0035852,21-12-2024,Accident,1795.13,Approved,,9,N,N,-0.2,6,ASR-0053,25000,N,N,0.392,AGT-00539,Anjali Chan,Established,55,AU-37,Active,37,0.141,False,False,False,False,POL0035852|ZHIHAOWONG|19790828,FUZZY_DUPLICATE
RID-0020106,CLAIMS_SYS,07-03-2026 13:26,CUS-021840,Cheryl Kumar,Female,28-08-1970,56,Widowed,Citizen,Technician,142386,100k-200k,D13,cheryl.kumar198@example.com,+65 93039150,POL-0020106,28-05-2025,19-06-2025,PRUCritical Cover,Protection,Bancassurance,Quarterly,5995.33,251000,5995.33,0.2431,5,Inforce,14,N,,Y,,N,,,,,0,N,,,,,,,,N,N,0.1,7,,,,,,,,,,,,,,False,False,False,False,POL0020106|CHERYLKUMAR|19700828,FUZZY_DUPLICATE
RID-0048103,AGENCY_MGMT,07-03-2026 16:41,CUS-019574,MuhammadAriffLow,Male,03-12-2000,26,Married,Citizen,Manager,103816,100k-200k,D25,MUHAMMAD.ARIFF.LOW285@EXAMPLE.COM,85431369,POL-0016675,27-12-2024,09-01-2025,PRUVantage Legacy,Savings & Wealth,Agency,Annual,"S$10,514.72",427000,10514.72,0.0929,30,Inforce,20,N,,Y,,N,,,,,0,Y,,,,,,,,N,N,0.35,5,,,,,,AGT-00877,Joanne Turner,Established,15,AU-27,Active,26.9,0.248,False,False,False,False,POL0016675|MUHAMMADARIFFLOW|20001203,FUZZY_DUPLICATE
RID-0048207,POLICY_ADMIN,07-04-2026 04:37,CUS-003524,Chee Keong Ho,Male,15-07-1988,38,Married,Citizen,Healthcare,44597,Below 50k,D10,CHEE.KEONG.HO300@EXAMPLE.COM,82098424,POL-0026683,03-01-2026,05-02-2026,PRUShield A Plus,Health & IP,Bancassurance,Monthly,"S$5,183.42",1018000,5183.42,0.1376,15,Inforce,6,N,,Y,Public B1-Ward,Y,1600.53,1600.53,0,2500,83,N,,,,,,,,N,N,0.76,9,,,,,,,,,,,,,,False,False,False,False,POL0026683|CHEEKEONGHO|19880715,FUZZY_DUPLICATE
RID-0037420,POLICY_ADMIN,07-04-2026 06:33,CUS-032230,Chee Keong Harper,Male,06-02-2001,25,Single,Foreigner,Sales,58896,50k-100k,D09,chee.keong.harper95@example.com,+65 91971786,POL-0037420,11-12-2024,29-12-2024,PRUExtra Care,Health & IP,Bancassurance,Annual,3326.97,1348000,3326.97,0.137,15,Inforce,20,N,,Y,Public A-Ward,Y,974.76,974.76,0,1500,44,N,,,,,,,,N,N,0.87,6,,,,,,,,,,,,,,False,False,False,False,POL0037420|CHEEKEONGHARPER|20010206,FUZZY_DUPLICATE
RID-0048219,POLICY_ADMIN,07-04-2026 08:09,CUS-022440,JonathanChua,Male,22-09-2001,25,Widowed,Citizen,Executive,115522,100k-200k,D19,JONATHAN.CHUA482@EXAMPLE.COM,84916609,POL-0007435,23-03-2024,29-03-2024,PRUWealth Plus,Savings & Wealth,Bancassurance,Monthly,"S$19,771.27",100000,19771.27,0.0363,10,Matured,29,N,,Y,,N,,,,,40,N,,,,,,,,N,N,0.71,10,,,,,,,,,,,,,,False,False,False,False,POL0007435|JONATHANCHUA|20010922,FUZZY_DUPLICATE
RID-0048492,AGENCY_MGMT,07-04-2026 11:33,CUS-028907,Nicholas Neo,Male,14-05-1970,56,Divorced,Foreigner,Professional,85007,50k-100k,D07,NICHOLAS.NEO486@EXAMPLE.COM,92496558,POL-0036776,24-02-2024,14-03-2024,PRUExtra Care,Health & IP,Agency,Monthly,"S$3,796.72",1225000,3796.72,0.1619,25,Inforce,30,N,,Y,Public B1-Ward,Y,1918.1,1918.1,0,0,59,N,CLM-0036776,03-12-2025,Outpatient Specialist,6136.51,Approved,,28,N,N,0.16,8,ASR-0019,100000,N,N,0.087,AGT-00674,Hakim Raj,New,3,AU-38,Active,78.5,0.285,False,False,False,False,POL0036776|NICHOLASNEO|19700514,FUZZY_DUPLICATE
RID-0013090,POLICY_ADMIN,07-04-2026 14:07,CUS-015031,Arjun Ibrahim,Male,10-08-1992,34,Single,Citizen,Civil Service,105663,100k-200k,D24,arjun.ibrahim99@example.com,+65 94699669,POL-0013090,04-11-2024,16-12-2024,PRUSelect Vantage,Investment-Linked,Bancassurance,Monthly,44797.42,268000,44797.42,0.1017,30,Inforce,20,N,,Y,,N,,,,,77,N,CLM-0013090,13-09-2025,Death Benefit,1080.14,Partially Approved,,19,N,N,-0.15,9,ASR-0043,5000,N,N,0.091,,,,,,,,,False,False,False,False,POL0013090|ARJUNIBRAHIM|19920810,FUZZY_DUPLICATE
RID-0032867,POLICY_ADMIN,07-04-2026 15:37,CUS-013282,Yong Sheng Koh,Male,07-11-1965,61,Divorced,Employment Pass,Education,46357,Below 50k,D12,yong.sheng.koh481@example.com,+65 96123446,POL-0032867,07-11-2025,24-11-2025,PRUTerm Secure,Protection,Digital,Annual,4402.7,2264000,4402.7,0.2418,20,Inforce,9,N,,Y,,N,,,,,0,Y,CLM-0032867,02-12-2025,Accident,1531.2,Partially Approved,,10,N,N,0.61,9,ASR-0009,25000,N,N,0.175,,,,,,,,,False,False,False,False,POL0032867|YONGSHENGKOH|19651107,FUZZY_DUPLICATE
RID-0035567,CRM,07-04-2026 18:45,CUS-006868,Valerie Ho,Female,16-05-1991,35,Widowed,Citizen,Retired,97687,50k-100k,D08,valerie.ho324@example.com,+65 87209935,POL-0035567,16-03-2025,30-04-2025,PRUSave Endowment,Savings & Wealth,Agency,Quarterly,46391.53,476000,46391.53,0.049,99,Inforce,16,N,,Y,,N,,,,,9,N,,,,,,,,N,N,0.95,9,,,,,,AGT-01090,Zarina Seah,Established,67,AU-26,Active,81.1,0.393,False,False,False,False,POL0035567|VALERIEHO|19910516,FUZZY_DUPLICATE
RID-0043355,CLAIMS_SYS,07-04-2026 20:02,CUS-026552,Rohan Sim,Male,05-09-1981,45,Divorced,Citizen,Executive,149993,100k-200k,D01,rohan.sim31@example.com,+65 82457497,POL-0043355,08-11-2023,18-12-2023,PRUSave Endowment,Savings & Wealth,Direct,Quarterly,29059.75,319000,29059.75,0.0791,99,Inforce,32,N,,Y,,N,,,,,154,N,,,,,,,,N,N,0.91,8,,,,,,,,,,,,,,False,False,False,False,POL0043355|ROHANSIM|19810905,FUZZY_DUPLICATE
RID-0020197,CLAIMS_SYS,07-05-2026 00:37,CUS-029916,Hui Ling Hassan,Female,21-02-1996,30,Single,Employment Pass,Technician,155548,100k-200k,D17,hui.ling.hassan218@example.com,+65 95991457,POL-0020197,08-11-2025,19-11-2025,PRUTerm Secure,Protection,Agency,Monthly,7304.65,257000,7304.65,0.2682,30,Inforce,9,N,,Y,,N,,,,,226,Y,CLM-0020197,04-12-2025,Outpatient Specialist,11304.41,Approved,,31,N,N,0.94,10,ASR-0055,5000,N,N,0.239,AGT-01071,Kavitha Turner,New,2,AU-26,Active,73.2,0.4,False,False,False,False,POL0020197|HUILINGHASSAN|19960221,FUZZY_DUPLICATE
RID-0047674,AGENCY_MGMT,07-05-2026 04:26,CUS-011866,MuhammadAriffAziz,Male,15-09-1970,56,Divorced,Employment Pass,Technician,125338,100k-200k,D06,MUHAMMAD.ARIFF.AZIZ57@EXAMPLE.COM,87077721,POL-0022496,24-07-2023,20-08-2023,PRUTerm Secure,Protection,Agency,Annual,"S$7,421.66",1263000,7421.66,0.3291,20,Inforce,36,N,,Y,,N,,,,,157,N,,,,,,,,N,N,0.29,6,,,,,,AGT-00349,Siew Peng Low,New,11,AU-10,Active,25.7,0.332,False,False,False,False,POL0022496|MUHAMMADARIFFAZIZ|19700915,FUZZY_DUPLICATE
RID-0041038,POLICY_ADMIN,07-05-2026 06:06,CUS-027127,Xin Yi Ong,Female,25-01-1971,55,Widowed,Citizen,Sales,81021,50k-100k,D04,xin.yi.ong404@example.com,+65 91924540,POL-0041038,16-02-2026,28-03-2026,PRUShield Premier,Health & IP,Bancassurance,Semi-Annual,1333.68,571000,1333.68,0.1098,99,Inforce,5,N,,Y,Private Hospital,Y,586.4,586.4,0,1500,7,N,CLM-0041038,12-05-2026,Outpatient Specialist,1816.29,Approved,,27,N,N,0.81,9,ASR-0023,50000,N,N,0.285,,,,,,,,,False,False,False,False,POL0041038|XINYIONG|19710125,FUZZY_DUPLICATE
RID-0046143,CRM,07-05-2026 13:16,CUS-027236,Jia Hui Osman,Female,14-08-2005,21,Widowed,Citizen,Self-Employed,30343,Below 50k,D02,jia.hui.osman173@example.com,+65 95860679,POL-0046143,14-03-2023,03-04-2023,PRUCritical Cover,Protection,Bancassurance,Quarterly,1662.35,2752000,1662.35,0.1865,25,Inforce,41,N,,Y,,N,,,,,100,N,CLM-0046143,03-03-2026,Death Benefit,1523.14,Approved,,17,N,N,0.33,7,ASR-0016,100000,N,N,0.328,,,,,,,,,False,False,False,False,POL0046143|JIAHUIOSMAN|20050814,FUZZY_DUPLICATE
RID-0032159,CLAIMS_SYS,07-05-2026 15:52,CUS-019569,Denise Ibrahim,Female,28-12-1998,28,Widowed,Citizen,Technician,32616,Below 50k,D17,denise.ibrahim333@example.com,+65 89676094,POL-0032159,26-03-2024,30-04-2024,PRUFlexiCash,Savings & Wealth,Bancassurance,Annual,50080.25,216000,50080.25,0.0663,30,Inforce,28,N,,Y,,N,,,,,0,Y,CLM-0032159,19-03-2026,Accident,20760.39,Approved,,30,N,N,0.48,7,ASR-0013,100000,N,N,0.672,,,,,,,,,False,False,False,False,POL0032159|DENISEIBRAHIM|19981228,FUZZY_DUPLICATE
RID-0015493,CLAIMS_SYS,07-05-2026 16:27,CUS-011032,Valerie Sharma,Female,04-01-1962,64,Divorced,Citizen,Professional,73606,50k-100k,D26,valerie.sharma467@example.com,+65 92166603,POL-0015493,11-08-2024,20-08-2024,PRUSave Endowment,Savings & Wealth,Digital,Quarterly,54843.1,336000,54843.1,0.0855,25,Inforce,24,N,,Y,,N,,,,,0,N,,,,,,,,N,N,0.07,6,,,,,,,,,,,,,,False,False,False,False,POL0015493|VALERIESHARMA|19620104,FUZZY_DUPLICATE
RID-0045204,POLICY_ADMIN,07-05-2026 17:18,CUS-017833,Siew Peng Goh,Female,16-07-1976,50,Married,Citizen,Self-Employed,93758,50k-100k,D21,siew.peng.goh497@example.com,+65 98143345,POL-0045204,22-07-2024,26-08-2024,PRUActive Term,Protection,Broker,Monthly,1346.21,731000,1346.21,0.3212,15,Inforce,24,N,,Y,,N,,,,,12,N,,,,,,,,N,N,0.8,9,,,,,,AGT-00970,Iskandar Bennett,Senior,125,AU-40,Active,56.8,0.415,False,False,False,False,POL0045204|SIEWPENGGOH|19760716,FUZZY_DUPLICATE
RID-0034099,POLICY_ADMIN,07-06-2026 01:23,CUS-001910,Joanne Harper,Female,21-10-1992,34,Single,Permanent Resident,Civil Service,30000,Below 50k,D13,joanne.harper480@example.com,+65 85504937,POL-0034099,03-11-2025,22-11-2025,PRUShield Premier,Health & IP,Broker,Semi-Annual,4422.5,107000,4422.5,0.2146,10,Inforce,9,N,,Y,Public B1-Ward,Y,2091.82,2091.82,0,0,0,N,CLM-0034099,15-12-2025,Maternity,2040.63,Partially Approved,,31,N,N,0.2,10,ASR-0003,10000,N,N,0.352,AGT-00626,Jia Hui Hassan,New,7,AU-38,Resigned,30.9,0.355,False,False,False,False,POL0034099|JOANNEHARPER|19921021,FUZZY_DUPLICATE
RID-0015758,CRM,07-06-2026 03:45,CUS-025512,Lakshmi Mitchell,Female,15-07-1978,48,Divorced,Citizen,Technician,48517,Below 50k,D07,lakshmi.mitchell126@example.com,+65 86251181,POL-0015758,10-06-2025,18-06-2025,PRULink Assurance,Investment-Linked,Bancassurance,Annual,38544.27,657000,38544.27,0.0853,15,Inforce,14,N,,Y,,N,,,,,64,N,CLM-0015758,07-03-2026,Outpatient Specialist,2097.07,Pending,,22,N,N,0.13,6,ASR-0023,50000,N,N,0.148,,,,,,,,,False,False,False,False,POL0015758|LAKSHMIMITCHELL|19780715,FUZZY_DUPLICATE
RID-0029768,POLICY_ADMIN,07-06-2026 07:36,CUS-021128,Aminah Ong,Female,25-08-1991,35,Single,Citizen,Civil Service,70339,50k-100k,D16,aminah.ong374@example.com,+65 86990698,POL-0029768,08-11-2024,01-12-2024,PRUVantage Legacy,Savings & Wealth,Agency,Monthly,5352.1,272000,5352.1,0.0603,5,Inforce,21,N,,Y,,N,,,,,0,N,,,,,,,,N,N,0.57,5,,,,,,AGT-00296,Samantha Osman,Established,26,AU-03,Active,22.2,0.309,False,False,False,False,POL0029768|AMINAHONG|19910825,FUZZY_DUPLICATE
RID-0048186,CRM,07-06-2026 09:27,CUS-031747,DENISE FOO,Female,11-06-1989,37,Divorced,Citizen,Professional,104635,100k-200k,D21,DENISE.FOO316@EXAMPLE.COM,89538881,POL-0042111,25-05-2024,04-07-2024,PRULink Global Growth,Investment-Linked,Bancassurance,Monthly,"S$11,143.76",626000,11143.76,0.115,10,Inforce,26,N,,Y,,N,,,,,136,Y,CLM-0042111,14-06-2025,Day Surgery,2522,Declined,Outside panel provider,30,N,N,0.17,10,ASR-0017,50000,N,N,0.011,,,,,,,,,False,False,False,False,POL0042111|DENISEFOO|19890611,FUZZY_DUPLICATE
RID-0029967,CLAIMS_SYS,07-06-2026 11:21,CUS-033309,Suresh Ibrahim,Male,07-08-1960,66,Married,Citizen,Self-Employed,50385,50k-100k,D12,suresh.ibrahim213@example.com,+65 99458610,POL-0029967,02-07-2025,31-07-2025,PRUFlexiCash,Savings & Wealth,Bancassurance,Annual,53794.99,417000,53794.99,0.0417,15,Inforce,13,N,,Y,,N,,,,,80,N,CLM-0029967,22-07-2026,Hospitalisation,1304.74,Approved,,20,N,N,-0.07,6,ASR-0009,25000,N,N,0.288,,,,,,,,,False,False,False,False,POL0029967|SURESHIBRAHIM|19600807,FUZZY_DUPLICATE
RID-0047704,CRM,07-06-2026 13:52,CUS-027061,DENISE MITCHELL,Female,12-01-1996,30,Single,Citizen,Manager,155466,100k-200k,D12,DENISE.MITCHELL176@EXAMPLE.COM,93124183,POL-0029212,30-06-2024,04-08-2024,PRUShield A Plus,Health & IP,Agency,Annual,"S$2,542.89",387000,2542.89,0.1709,20,Inforce,25,N,,Y,Public A-Ward,Y,1269.33,1269.33,0,1500,4,Y,,,,,,,,N,N,0.48,10,,,,,,AGT-01100,Nicholas Ibrahim,Senior,147,AU-09,Active,74.3,0.203,False,False,False,False,POL0029212|DENISEMITCHELL|19960112,FUZZY_DUPLICATE
RID-0048294,CRM,07-06-2026 19:43,CUS-039650,KavithaKamal,Female,14-08-1991,35,Widowed,Employment Pass,Education,53769,50k-100k,D26,KAVITHA.KAMAL103@EXAMPLE.COM,83202889,POL-0035449,20-07-2025,27-07-2025,PRUExtra Care,Health & IP,Agency,Semi-Annual,"S$5,410.38",1413000,5410.38,0.1774,99,Surrendered,13,Y,06-11-2025,N,Public B1-Ward,Y,2628.24,2628.24,0,2500,0,N,CLM-0035449,27-07-2026,Death Benefit,1117.3,Approved,,21,N,N,0.79,6,ASR-0033,25000,N,N,0.288,AGT-00156,Deepak Seah,New,8,AU-39,Active,58.4,0.176,False,False,False,False,POL0035449|KAVITHAKAMAL|19910814,FUZZY_DUPLICATE
RID-0033004,POLICY_ADMIN,07-07-2026 02:21,CUS-001564,Deepak Toh,Male,12-04-1986,40,Married,Citizen,Education,103949,100k-200k,D01,deepak.toh413@example.com,+65 85365007,POL-0033004,23-01-2025,28-01-2025,PRULink Global Growth,Investment-Linked,Agency,Quarterly,23157.14,768000,23157.14,0.1104,99,Inforce,19,N,,Y,,N,,,,,25,N,,,,,,,,N,N,0.48,7,,,,,,AGT-01188,Aravind Menon,New,5,AU-01,Active,94.9,0.445,False,False,False,False,POL0033004|DEEPAKTOH|19860412,FUZZY_DUPLICATE
RID-0047915,CRM,07-07-2026 15:27,CUS-003714,WEI MING FOO,Male,15-01-1996,30,Widowed,Permanent Resident,Healthcare,83415,50k-100k,D03,WEI.MING.FOO128@EXAMPLE.COM,85802949,POL-0026294,20-11-2025,22-12-2025,PRUFlexiCash,Savings & Wealth,Bancassurance,Monthly,"S$43,555.68",238000,43555.68,0.0521,99,Inforce,8,N,,Y,,N,,,,,48,Y,,,,,,,,N,N,-0.06,5,,,,,,,,,,,,,,False,False,False,False,POL0026294|WEIMINGFOO|19960115,FUZZY_DUPLICATE
RID-0021644,CRM,07-07-2026 16:17,CUS-032593,Cheryl Seah,Female,27-07-1987,39,Single,Permanent Resident,Civil Service,57866,50k-100k,D24,cheryl.seah210@example.com,+65 88513854,POL-0021644,14-11-2024,07-12-2024,PRUVantage Legacy,Savings & Wealth,Agency,Monthly,44825.93,194000,44825.93,0.0486,99,Inforce,21,N,,Y,,N,,,,,0,N,CLM-0021644,26-03-2025,Day Surgery,2016.76,Approved,,13,N,N,0.82,8,ASR-0039,100000,N,N,0.073,AGT-00354,Terence Osman,New,9,AU-38,Active,97.9,0.071,False,False,False,False,POL0021644|CHERYLSEAH|19870727,FUZZY_DUPLICATE
RID-0022582,CRM,07-07-2026 17:34,CUS-017252,Denise Kumar,Female,21-03-1984,42,Single,Permanent Resident,Education,98865,50k-100k,D10,denise.kumar89@example.com,+65 85713590,POL-0022582,04-11-2025,27-11-2025,PRUFlexiCash,Savings & Wealth,Digital,Annual,30520.42,456000,30520.42,0.0536,10,Inforce,9,N,,Y,,N,,,,,0,N,CLM-0022582,18-06-2026,Death Benefit,1560.31,Approved,,28,N,N,0.87,8,ASR-0050,5000,N,N,0.12,,,,,,,,,False,False,False,False,POL0022582|DENISEKUMAR|19840321,FUZZY_DUPLICATE
RID-0047701,CRM,07-07-2026 18:29,CUS-026523,ZHI HAO IYER,Male,21-04-1989,37,Divorced,Citizen,Civil Service,78233,50k-100k,D06,ZHI.HAO.IYER294@EXAMPLE.COM,97210588,POL-0032965,18-02-2026,01-03-2026,PRUExtra Care,Health & IP,Agency,Semi-Annual,S$460.18,126000,460.18,0.1725,5,Inforce,6,N,,Y,Private Hospital,Y,151.31,151.31,0,1500,37,N,,,,,,,,N,N,0.36,6,,,,,,AGT-00437,Siti Nadia Sim,Senior,133,AU-09,Active,40.8,0.276,False,False,False,False,POL0032965|ZHIHAOIYER|19890421,FUZZY_DUPLICATE
RID-0048455,AGENCY_MGMT,07-07-2026 21:26,CUS-012501,Meera Seah,Female,03-02-1970,56,Divorced,Citizen,Professional,103066,100k-200k,D12,MEERA.SEAH322@EXAMPLE.COM,88060636,POL-0010222,16-04-2026,22-05-2026,PRUShield Premier,Health & IP,Agency,Quarterly,"S$1,153.27",597000,1153.27,0.1884,10,Inforce,3,N,,Y,Public A-Ward,N,,,,,0,N,CLM-0010222,03-08-2026,Maternity,4427.66,Approved,,30,N,N,0.74,10,ASR-0030,25000,N,N,0.224,AGT-00418,Iskandar Lee,New,3,AU-14,Resigned,58.8,0.372,False,False,False,False,POL0010222|MEERASEAH|19700203,FUZZY_DUPLICATE
RID-0025869,CRM,07-08-2026 12:43,CUS-021353,Zulkifli Ng,Male,02-08-1972,54,Divorced,Permanent Resident,Education,41359,Below 50k,D11,zulkifli.ng6@example.com,+65 87987426,POL-0025869,30-10-2024,06-12-2024,PRUShield Life,Protection,Agency,Annual,5717.09,588000,5717.09,0.3186,20,Inforce,21,N,,Y,,N,,,,,36,N,CLM-0025869,03-12-2025,Outpatient Specialist,1798.48,Withdrawn,,27,N,N,0.77,8,ASR-0030,25000,N,N,0.335,AGT-00591,Aminah Ong,Established,50,AU-23,Active,56.9,0.102,False,False,False,False,POL0025869|ZULKIFLING|19720802,FUZZY_DUPLICATE
RID-0047560,POLICY_ADMIN,07-08-2026 14:06,CUS-001895,ZARINA GOH,Female,09-04-1984,42,Single,Citizen,Self-Employed,35130,Below 50k,D17,ZARINA.GOH468@EXAMPLE.COM,91318900,POL-0025974,28-04-2026,08-06-2026,PRUShield A Plus,Health & IP,Broker,Annual,S$747.29,1421000,747.29,0.1428,20,Matured,2,N,,Y,Public A-Ward,Y,313.75,153.54,10,3500,49,N,,,,,,,,N,N,0.99,8,,,,,,AGT-00761,Priya Teo,MDRT,149,AU-06,Active,80.5,0.499,False,False,False,False,POL0025974|ZARINAGOH|19840409,FUZZY_DUPLICATE
RID-0004271,CRM,07-08-2026 14:27,CUS-026808,Anjali Kamal,Female,20-08-1993,33,Divorced,Citizen,Manager,108206,100k-200k,D04,anjali.kamal284@example.com,+65 83424674,POL-0004271,04-03-2025,18-03-2025,PRUWealth Plus,Savings & Wealth,Agency,Annual,52199.38,313000,52199.38,0.0524,20,Inforce,17,N,,Y,,N,,,,,47,N,CLM-0004271,24-01-2026,Critical Illness,11792.42,Approved,,24,N,N,0.02,9,ASR-0006,25000,N,N,0.341,AGT-00532,Farah Iyer,New,10,AU-13,Active,62.2,0.252,False,False,False,False,POL0004271|ANJALIKAMAL|19930820,FUZZY_DUPLICATE
RID-0048477,CLAIMS_SYS,07-08-2026 15:04,CUS-022776,ZarinaKamal,Female,26-11-1979,47,Married,Foreigner,Technician,115941,100k-200k,D04,ZARINA.KAMAL438@EXAMPLE.COM,97626919,POL-0011261,10-01-2024,06-02-2024,PRUActive Term,Protection,Agency,Annual,"S$7,865.77",2444000,7865.77,0.3189,20,Inforce,31,N,,Y,,N,,,,,0,N,CLM-0011261,27-08-2025,Outpatient Specialist,3412.43,Partially Approved,,14,N,N,0.44,7,ASR-0034,100000,N,N,0.213,AGT-01097,Denise Menon,Senior,176,AU-32,Active,39.1,0.226,False,False,False,False,POL0011261|ZARINAKAMAL|19791126,FUZZY_DUPLICATE
RID-0022197,CRM,07-08-2026 19:15,CUS-011522,Cheryl Seah,Female,19-01-1954,72,Widowed,Foreigner,Technician,46455,Below 50k,D27,cheryl.seah125@example.com,+65 82110297,POL-0022197,10-05-2026,12-06-2026,PRUExtra Care,Health & IP,Bancassurance,Annual,5749.41,1097000,5749.41,0.1561,15,Inforce,2,N,,Y,Public B1-Ward,Y,3105.92,1462.93,10,5000,0,N,,,,,,,,N,N,-0.04,8,,,,,,,,,,,,,,False,False,False,False,POL0022197|CHERYLSEAH|19540119,FUZZY_DUPLICATE
RID-0047863,AGENCY_MGMT,07-08-2026 20:46,CUS-035764,VikramSeah,Male,25-06-1986,40,Married,Employment Pass,Manager,110699,100k-200k,D18,VIKRAM.SEAH367@EXAMPLE.COM,97804813,POL-0045606,06-04-2024,11-04-2024,PRUShield Standard,Health & IP,Agency,Annual,"S$1,974.29",728000,1974.29,0.1782,99,Cancelled,29,Y,28-12-2024,N,Private Hospital,Y,954.05,954.05,0,0,198,N,,,,,,,,N,N,0.79,5,,,,,,AGT-00649,Deepak Tan,Established,87,AU-18,Active,68.3,0.246,False,False,False,False,POL0045606|VIKRAMSEAH|19860625,FUZZY_DUPLICATE
RID-0048318,AGENCY_MGMT,07-08-2026 21:07,CUS-032547,JIA HUI NAIR,Female,28-12-1978,48,Divorced,Citizen,Education,70334,50k-100k,D16,JIA.HUI.NAIR339@EXAMPLE.COM,82910828,POL-0043732,01-03-2024,01-04-2024,PRUActive Term,Protection,Agency,Monthly,"S$6,728.10",1143000,6728.1,0.2802,10,Inforce,29,N,,Y,,N,,,,,159,N,CLM-0043732,19-11-2025,Hospitalisation,9501.49,Approved,,15,N,N,0.02,6,ASR-0052,5000,N,N,0.371,AGT-00701,Jonathan Aziz,Established,75,AU-27,Active,69.9,0.303,False,False,False,False,POL0043732|JIAHUINAIR|19781228,FUZZY_DUPLICATE
RID-0048391,CLAIMS_SYS,07-08-2026 21:47,CUS-032895,RohanReddy,Male,01-11-1974,52,Widowed,Citizen,Civil Service,80982,50k-100k,D24,ROHAN.REDDY61@EXAMPLE.COM,94447050,POL-0008585,13-10-2025,18-11-2025,PRUWealth Plus,Savings & Wealth,Agency,Monthly,"S$33,368.60",158000,33368.6,0.0355,20,Inforce,9,N,,Y,,N,,,,,253,Y,,,,,,,,N,N,0.8,9,,,,,,AGT-00204,Kavitha Ibrahim,MDRT,66,AU-20,Resigned,80.1,0.252,False,False,False,False,POL0008585|ROHANREDDY|19741101,FUZZY_DUPLICATE
RID-0024994,AGENCY_MGMT,07-08-2026 23:09,CUS-006831,Marcus Ibrahim,Male,13-10-1975,51,Divorced,Citizen,Healthcare,39001,Below 50k,D17,marcus.ibrahim362@example.com,+65 92920776,POL-0024994,28-08-2025,09-10-2025,PRUShield Life,Protection,Digital,Monthly,965.11,518000,965.11,0.3036,5,Inforce,10,N,,Y,,N,,,,,42,N,,,,,,,,N,N,0.5,7,,,,,,,,,,,,,,False,False,False,False,POL0024994|MARCUSIBRAHIM|19751013,FUZZY_DUPLICATE
RID-0009438,CRM,07-08-2026 23:30,CUS-003351,Nurul Aisyah Wright,Female,24-09-1981,45,Divorced,Permanent Resident,Sales,57584,50k-100k,D15,nurul.aisyah.wright213@example.com,+65 94650161,POL-0009438,23-05-2025,03-06-2025,PRUCritical Cover,Protection,Agency,Annual,1089.9,2718000,1089.9,0.2291,15,Inforce,15,N,,Y,,N,,,,,0,N,CLM-0009438,06-12-2025,Critical Illness,14983.91,Partially Approved,,17,N,N,0.92,6,ASR-0052,5000,N,N,0.415,AGT-00315,Anjali Menon,New,6,AU-40,Active,41.5,0.268,False,False,False,False,POL0009438|NURULAISYAHWRIGHT|19810924,FUZZY_DUPLICATE
RID-0047904,POLICY_ADMIN,08-03-2026 10:28,CUS-021272,Vikram Chan,Male,10-02-2000,26,Widowed,Permanent Resident,Technician,104758,100k-200k,D05,VIKRAM.CHAN386@EXAMPLE.COM,88001025,POL-0042979,27-12-2024,04-02-2025,PRUShield A Plus,Health & IP,Agency,Annual,"S$1,583.60",402000,1583.6,0.1259,10,Inforce,19,N,,Y,Public B1-Ward,Y,650.2,650.2,0,1500,7,N,CLM-0042979,11-08-2025,Maternity,2169.75,Approved,,27,N,N,0.21,9,ASR-0007,25000,N,N,0.284,AGT-00761,Priya Teo,MDRT,149,AU-06,Active,80.5,0.499,False,False,False,False,POL0042979|VIKRAMCHAN|20000210,FUZZY_DUPLICATE
RID-0028947,AGENCY_MGMT,08-03-2026 14:34,CUS-001457,Marcus Neo,Male,02-09-1973,53,Married,Citizen,Self-Employed,121155,100k-200k,D01,marcus.neo111@example.com,+65 85045542,POL-0028947,01-05-2024,08-06-2024,PRUCritical Cover,Protection,Agency,Monthly,2503.31,2656000,2503.31,0.2746,25,Inforce,27,N,,Y,,N,,,,,68,N,,,,,,,,N,N,0.06,10,,,,,,AGT-01088,Rachel Ong,Senior,177,AU-38,Active,96.4,0.09,False,False,False,False,POL0028947|MARCUSNEO|19730902,FUZZY_DUPLICATE
RID-0048086,POLICY_ADMIN,08-03-2026 17:06,CUS-038807,JiaHuiReddy,Female,26-03-1982,44,Widowed,Foreigner,Education,30000,Below 50k,D04,JIA.HUI.REDDY45@EXAMPLE.COM,99439373,POL-0025532,13-01-2023,27-02-2023,PRUExtra Care,Health & IP,Bancassurance,Annual,"S$4,864.40",684000,4864.4,0.1555,20,Inforce,42,N,,Y,Public B1-Ward,Y,1636.43,1636.43,0,1500,43,N,CLM-0025532,06-11-2024,Hospitalisation,891.41,Approved,,14,N,N,0.11,8,ASR-0013,100000,Y,N,0.715,,,,,,,,,False,False,False,False,POL0025532|JIAHUIREDDY|19820326,FUZZY_DUPLICATE
RID-0011493,POLICY_ADMIN,08-03-2026 18:23,CUS-009202,Wan Ting Lee,Female,05-06-1997,29,Single,Citizen,Sales,82312,50k-100k,D03,wan.ting.lee463@example.com,+65 81245411,POL-0011493,29-05-2023,16-06-2023,PRUSave Endowment,Savings & Wealth,Agency,Monthly,50129.92,325000,50129.92,0.0771,15,Lapsed,39,Y,06-07-2024,N,,N,,,,,137,N,,,,,,,,N,N,0.39,7,,,,,,AGT-00884,Samantha Sim,Senior,140,AU-16,Active,87.5,0.091,False,False,False,False,POL0011493|WANTINGLEE|19970605,FUZZY_DUPLICATE
RID-0048357,CLAIMS_SYS,08-03-2026 20:59,CUS-018063,HAKIM IBRAHIM,Male,10-07-1976,50,Widowed,Citizen,Sales,91138,50k-100k,D25,HAKIM.IBRAHIM42@EXAMPLE.COM,89427356,POL-0014202,08-04-2024,29-04-2024,PRUVantage Legacy,Savings & Wealth,Broker,Monthly,"S$13,845.20",263000,13845.2,0.0689,20,Surrendered,28,Y,02-09-2025,Y,,N,,,,,0,N,,,,,,,,N,N,0.64,9,,,,,,AGT-00296,Samantha Osman,Established,26,AU-03,Active,22.2,0.309,False,False,False,False,POL0014202|HAKIMIBRAHIM|19760710,FUZZY_DUPLICATE
RID-0048052,AGENCY_MGMT,08-03-2026 21:53,CUS-000099,ISKANDAR PILLAI,Male,21-02-1996,30,Widowed,Foreigner,Technician,42715,Below 50k,D24,ISKANDAR.PILLAI263@EXAMPLE.COM,99411467,POL-0046196,18-11-2025,12-12-2025,PRUWealth Plus,Savings & Wealth,Agency,Monthly,"S$50,061.14",153000,50061.14,0.0486,25,Inforce,8,N,,Y,,N,,,,,54,N,CLM-0046196,04-06-2026,Hospitalisation,6390.12,Pending,,39,N,N,0.81,10,ASR-0049,100000,N,N,0.046,AGT-00952,Muhammad Ariff Iyer,New,7,AU-19,Active,40.6,0.416,False,False,False,False,POL0046196|ISKANDARPILLAI|19960221,FUZZY_DUPLICATE
RID-0025061,POLICY_ADMIN,08-03-2026 22:46,CUS-017249,Nurul Aisyah Ong,Female,27-07-1966,60,Widowed,Citizen,Technician,111323,100k-200k,D20,nurul.aisyah.ong179@example.com,+65 85084346,POL-0025061,18-03-2025,27-03-2025,PRUShield Life,Protection,Digital,Monthly,5726.79,1239000,5726.79,0.3096,5,Inforce,17,N,,Y,,N,,,,,0,N,,,,,,,,N,N,0.77,9,,,,,,,,,,,,,,False,False,False,False,POL0025061|NURULAISYAHONG|19660727,FUZZY_DUPLICATE
RID-0048466,AGENCY_MGMT,08-04-2026 06:21,CUS-037890,Denise Toh,Female,21-08-1985,41,Divorced,Employment Pass,Self-Employed,65595,50k-100k,D01,DENISE.TOH480@EXAMPLE.COM,94708121,POL-0035346,27-11-2023,30-12-2023,PRUTerm Secure,Protection,Agency,Quarterly,"S$8,753.24",1456000,8753.24,0.2452,10,Inforce,32,N,,Y,,N,,,,,55,N,CLM-0035346,15-07-2026,Maternity,1612.77,Approved,,17,N,N,-0.13,10,ASR-0003,10000,N,N,0.185,AGT-00457,Denise Salleh,Established,71,AU-39,Resigned,35.3,0.042,False,False,False,False,POL0035346|DENISETOH|19850821,FUZZY_DUPLICATE
RID-0048354,AGENCY_MGMT,08-04-2026 10:06,CUS-005943,SureshSim,Male,04-03-1993,33,Single,Citizen,Education,35019,Below 50k,D07,SURESH.SIM24@EXAMPLE.COM,83586568,POL-0000709,20-06-2025,05-07-2025,PRUVantage Legacy,Savings & Wealth,Agency,Monthly,"S$34,769.10",374000,34769.1,0.0636,5,Inforce,14,N,,Y,,N,,,,,0,N,,,,,,,,N,N,0.87,9,,,,,,AGT-00081,Jun Hao Sim,Established,17,AU-12,Active,23.6,0.109,False,False,False,False,POL0000709|SURESHSIM|19930304,FUZZY_DUPLICATE
RID-0047616,CLAIMS_SYS,08-04-2026 10:35,CUS-025727,AnjaliTeo,Female,21-08-1976,50,Single,Foreigner,Civil Service,82161,50k-100k,D15,ANJALI.TEO335@EXAMPLE.COM,88723484,POL-0007949,21-02-2024,09-03-2024,PRUFlexiCash,Savings & Wealth,Agency,Monthly,"S$38,866.03",409000,38866.03,0.0794,30,Inforce,30,N,,Y,,N,,,,,98,N,CLM-0007949,02-04-2025,Maternity,15194.08,Declined,Outside panel provider,28,N,N,0.33,9,ASR-0030,25000,N,N,0.264,AGT-00018,Edwin Menon,Senior,132,AU-31,Active,39.8,0.357,False,False,False,False,POL0007949|ANJALITEO|19760821,FUZZY_DUPLICATE
RID-0047955,CRM,08-04-2026 20:48,CUS-034029,Cheryl Lee,Female,18-02-1976,50,Single,Citizen,Retired,46082,Below 50k,D01,CHERYL.LEE449@EXAMPLE.COM,85613161,POL-0018258,10-12-2023,18-12-2023,PRUActive Term,Protection,Agency,Monthly,"S$3,066.53",2056000,3066.53,0.3235,30,Inforce,32,N,,Y,,N,,,,,117,N,CLM-0018258,01-03-2024,Death Benefit,7363.43,Approved,,3,N,N,0.57,10,ASR-0050,5000,N,N,0.364,AGT-00194,Aminah Hassan,Established,92,AU-01,Active,88.7,0.231,False,False,False,False,POL0018258|CHERYLLEE|19760218,FUZZY_DUPLICATE
RID-0036055,CRM,08-04-2026 23:52,CUS-030702,Zhi Hao Iyer,Male,14-06-2001,25,Divorced,Permanent Resident,Professional,74579,50k-100k,D12,zhi.hao.iyer399@example.com,+65 82113052,POL-0036055,18-08-2025,11-09-2025,PRUWealth Plus,Savings & Wealth,Broker,Monthly,45602.24,430000,45602.24,0.0786,10,Inforce,11,N,,Y,,N,,,,,61,N,CLM-0036055,17-12-2025,Death Benefit,18150.62,Approved,,21,N,N,0.09,6,ASR-0058,100000,N,N,0.033,AGT-00046,Aravind Koh,New,2,AU-02,Active,54.7,0.113,False,False,False,False,POL0036055|ZHIHAOIYER|20010614,FUZZY_DUPLICATE
RID-0007994,CRM,08-05-2026 18:30,CUS-000793,Priya Sharma,Female,19-03-1976,50,Single,Citizen,Professional,52783,50k-100k,D14,priya.sharma334@example.com,+65 99128406,POL-0007994,20-10-2024,25-11-2024,PRUActive Term,Protection,Agency,Monthly,4728.47,1627000,4728.47,0.2621,25,Inforce,21,N,,Y,,N,,,,,91,Y,CLM-0007994,29-12-2025,Death Benefit,2027.04,Approved,,35,N,N,0.92,10,ASR-0039,100000,N,N,0.081,AGT-01042,Muhammad Ariff Sim,Established,39,AU-29,Active,68,0.291,False,False,False,False,POL0007994|PRIYASHARMA|19760319,FUZZY_DUPLICATE
RID-0048460,POLICY_ADMIN,08-05-2026 20:04,CUS-036955,Cheryl Koh,Female,06-10-1975,51,Single,Citizen,Sales,75565,50k-100k,D28,CHERYL.KOH195@EXAMPLE.COM,94688241,POL-0043188,29-03-2024,24-04-2024,PRUShield Standard,Health & IP,Agency,Monthly,"S$7,441.67",539000,7441.67,0.1266,15,Inforce,28,N,,Y,Public B1-Ward,Y,2308.07,2308.07,0,2500,81,N,CLM-0043188,23-04-2026,Critical Illness,9421.42,Pending,,21,N,N,0.06,9,ASR-0018,25000,N,N,0.082,AGT-00581,Edwin Turner,Established,81,AU-01,Resigned,34.2,0.175,False,False,False,False,POL0043188|CHERYLKOH|19751006,FUZZY_DUPLICATE
RID-0047526,POLICY_ADMIN,08-05-2026 21:06,CUS-019201,Yong Sheng Raj,Male,11-08-1966,60,Widowed,Citizen,Sales,91449,50k-100k,D01,YONG.SHENG.RAJ260@EXAMPLE.COM,84548102,POL-0032332,30-10-2025,19-11-2025,PRUShield Premier,Health & IP,Broker,Quarterly,"S$6,660.99",668000,6660.99,0.1676,99,Inforce,9,N,,Y,Public B1-Ward,Y,2784.45,2784.45,0,1500,0,N,,,,,,,,N,N,-0.04,7,,,,,,AGT-00340,Wei Ming Chua,Established,56,AU-34,Active,90.9,0.36,False,False,False,False,POL0032332|YONGSHENGRAJ|19660811,FUZZY_DUPLICATE
RID-0048321,AGENCY_MGMT,08-05-2026 23:41,CUS-034526,Jia Hui Menon,Female,14-07-1993,33,Widowed,Citizen,Executive,61889,50k-100k,D24,JIA.HUI.MENON463@EXAMPLE.COM,89392457,POL-0037487,30-03-2024,13-04-2024,PRUFlexiCash,Savings & Wealth,Bancassurance,Quarterly,"S$49,581.42",371000,49581.42,0.0602,5,Inforce,29,N,,Y,,N,,,,,143,N,CLM-0037487,03-05-2025,Critical Illness,11112.9,Partially Approved,,6,N,N,0.24,10,ASR-0050,5000,N,N,0.382,,,,,,,,,False,False,False,False,POL0037487|JIAHUIMENON|19930714,FUZZY_DUPLICATE
RID-0047559,AGENCY_MGMT,08-06-2026 04:27,CUS-018026,JonathanYusof,Male,06-12-1978,48,Divorced,Permanent Resident,Healthcare,53140,50k-100k,D09,JONATHAN.YUSOF448@EXAMPLE.COM,86045356,POL-0028628,20-09-2023,06-10-2023,PRUVantage Legacy,Savings & Wealth,Bancassurance,Semi-Annual,"S$47,590.54",492000,47590.54,0.0365,5,Inforce,35,N,,Y,,N,,,,,51,N,CLM-0028628,11-01-2026,Disability,871.74,Approved,,11,N,N,0.73,6,ASR-0050,5000,N,N,0.416,,,,,,,,,False,False,False,False,POL0028628|JONATHANYUSOF|19781206,FUZZY_DUPLICATE
RID-0047671,CLAIMS_SYS,08-06-2026 10:35,CUS-040706,Denise Rahman,Female,10-05-1991,35,Married,Permanent Resident,Professional,62370,50k-100k,D06,DENISE.RAHMAN430@EXAMPLE.COM,83468599,POL-0001655,11-02-2025,13-02-2025,PRUVantage Legacy,Savings & Wealth,Agency,Monthly,"S$12,304.46",405000,12304.46,0.0648,15,Inforce,18,N,,Y,,N,,,,,0,N,CLM-0001655,20-05-2025,Death Benefit,4461.84,Approved,,25,N,N,-0.03,8,ASR-0035,25000,N,N,0.303,AGT-00658,Divya Yeo,Established,53,AU-22,Active,95.3,0.18,False,False,False,False,POL0001655|DENISERAHMAN|19910510,FUZZY_DUPLICATE
RID-0041122,CLAIMS_SYS,08-06-2026 21:37,CUS-025778,Rohan Seah,Male,20-10-1996,30,Divorced,Citizen,Manager,48383,Below 50k,D23,rohan.seah278@example.com,+65 89284923,POL-0041122,26-11-2023,27-11-2023,PRUActive Term,Protection,Agency,Annual,5974.13,1849000,5974.13,0.2393,30,Inforce,33,N,,Y,,N,,,,,281,Y,,,,,,,,N,N,0.72,9,,,,,,AGT-00048,Jun Hao Harper,Established,56,AU-04,Active,43.6,0.169,False,False,False,False,POL0041122|ROHANSEAH|19961020,FUZZY_DUPLICATE
RID-0016893,CLAIMS_SYS,08-07-2026 01:45,CUS-040606,Jonathan Osman,Male,27-03-2000,26,Widowed,Citizen,Civil Service,104220,100k-200k,D08,jonathan.osman176@example.com,+65 86464468,POL-0016893,11-02-2025,06-03-2025,PRULink Global Growth,Investment-Linked,Direct,Annual,35691.39,543000,35691.39,0.1419,15,Surrendered,18,Y,21-01-2026,N,,N,,,,,37,N,,,,,,,,N,N,0.42,7,,,,,,,,,,,,,,False,False,False,False,POL0016893|JONATHANOSMAN|20000327,FUZZY_DUPLICATE
RID-0038399,POLICY_ADMIN,08-07-2026 13:14,CUS-003541,Siew Peng Chua,Female,12-04-1991,35,Married,Citizen,Sales,131520,100k-200k,D06,siew.peng.chua39@example.com,+65 91665860,POL-0038399,12-05-2024,29-05-2024,PRUWealth Plus,Savings & Wealth,Agency,Annual,22337.58,402000,22337.58,0.0384,30,Lapsed,27,Y,26-12-2024,N,,N,,,,,0,Y,CLM-0038399,28-04-2026,Critical Illness,3719.25,Partially Approved,,17,N,N,0.2,9,ASR-0018,25000,N,N,0.19,AGT-00013,Iskandar Sharma,MDRT,159,AU-10,Active,78.2,0.219,False,False,False,False,POL0038399|SIEWPENGCHUA|19910412,FUZZY_DUPLICATE
RID-0044330,CLAIMS_SYS,08-08-2026 01:19,CUS-017543,Terence Aziz,Male,27-06-1986,40,Divorced,Employment Pass,Manager,114893,100k-200k,D08,terence.aziz309@example.com,+65 85655430,POL-0044330,04-09-2024,23-09-2024,PRUCritical Cover,Protection,Direct,Monthly,3358.28,1076000,3358.28,0.3033,25,Lapsed,23,Y,06-01-2026,Y,,N,,,,,70,N,CLM-0044330,02-03-2025,Day Surgery,2143.45,Approved,,18,N,N,0.68,6,ASR-0017,50000,N,N,0.142,,,,,,,,,False,False,False,False,POL0044330|TERENCEAZIZ|19860627,FUZZY_DUPLICATE
RID-0047650,CRM,08-08-2026 04:22,CUS-039996,Hui Ling Chong,Female,02-08-1978,48,Single,Citizen,Education,69246,50k-100k,D27,HUI.LING.CHONG150@EXAMPLE.COM,96806823,POL-0007954,11-05-2026,19-06-2026,PRUSave Endowment,Savings & Wealth,Agency,Monthly,"S$57,476.90",162000,57476.9,0.0503,5,Inforce,2,N,,Y,,N,,,,,182,N,,,,,,,,N,N,0.73,7,,,,,,AGT-00325,Samantha Menon,Established,72,AU-37,Active,44.6,0.069,False,False,False,False,POL0007954|HUILINGCHONG|19780802,FUZZY_DUPLICATE
RID-0047581,CLAIMS_SYS,08-08-2026 07:14,CUS-033289,SURESH LOW,Male,28-03-1990,36,Single,Citizen,Technician,55835,50k-100k,D16,SURESH.LOW426@EXAMPLE.COM,99212655,POL-0008387,30-04-2025,22-05-2025,PRUWealth Plus,Savings & Wealth,Agency,Monthly,"S$48,545.64",132000,48545.64,0.0605,20,Inforce,15,N,,Y,,N,,,,,125,N,CLM-0008387,06-03-2026,Critical Illness,9550.49,Declined,Waiting period not served,18,N,N,0.5,6,ASR-0013,100000,N,N,0.926,AGT-01116,Faisal Chua,New,9,AU-11,Active,35.5,0.429,False,False,False,False,POL0008387|SURESHLOW|19900328,FUZZY_DUPLICATE
RID-0047600,CRM,08-08-2026 13:57,CUS-025311,SIEW PENG HASSAN,Female,19-06-1969,57,Married,Permanent Resident,Professional,182153,100k-200k,D20,SIEW.PENG.HASSAN324@EXAMPLE.COM,85531461,POL-0005011,22-07-2024,11-08-2024,PRUSave Endowment,Savings & Wealth,Bancassurance,Annual,"S$34,199.93",77000,34199.93,0.051,15,Inforce,25,N,,Y,,N,,,,,44,N,CLM-0005011,21-02-2025,Accident,6978.79,Approved,,30,N,N,0.2,9,ASR-0032,25000,N,N,0.159,,,,,,,,,False,False,False,False,POL0005011|SIEWPENGHASSAN|19690619,FUZZY_DUPLICATE
RID-0047777,CRM,08-08-2026 16:56,CUS-035596,ArjunWright,Male,10-04-1978,48,Married,Permanent Resident,Retired,90809,50k-100k,D26,ARJUN.WRIGHT470@EXAMPLE.COM,81301237,POL-0038602,25-02-2026,02-04-2026,PRUShield Life,Protection,Agency,Quarterly,"S$7,110.30",774000,7110.3,0.2979,99,Inforce,5,N,,Y,,N,,,,,62,N,,,,,,,,N,N,0.77,10,,,,,,AGT-00930,Lakshmi Ng,New,11,AU-26,Resigned,56.7,0.255,False,False,False,False,POL0038602|ARJUNWRIGHT|19780410,FUZZY_DUPLICATE
RID-0048333,CLAIMS_SYS,08-08-2026 18:56,CUS-007088,Valerie Toh,Female,07-03-2005,21,Married,Permanent Resident,Retired,35192,Below 50k,D04,VALERIE.TOH144@EXAMPLE.COM,98733860,POL-0014295,12-10-2025,24-10-2025,PRUWealth Plus,Savings & Wealth,Bancassurance,Annual,"S$54,045.50",466000,54045.5,0.0591,15,Surrendered,10,Y,17-05-2026,N,,N,,,,,0,N,CLM-0014295,29-08-2026,Outpatient Specialist,1728.67,Approved,,2,N,N,0,9,ASR-0057,50000,N,Y,0.134,,,,,,,,,False,False,False,False,POL0014295|VALERIETOH|20050307,FUZZY_DUPLICATE
RID-0024638,CRM,08-08-2026 20:04,CUS-040882,Wan Ting Goh,Female,07-02-2004,22,Married,Citizen,Retired,92560,50k-100k,D20,wan.ting.goh196@example.com,+65 98286194,POL-0024638,07-12-2025,03-01-2026,PRUShield Standard,Health & IP,Bancassurance,Monthly,924.32,647000,924.32,0.1342,10,Surrendered,8,Y,18-06-2026,N,Public B1-Ward,Y,408.57,408.57,0,0,281,Y,CLM-0024638,28-05-2026,Day Surgery,7995.11,Pending,,20,N,N,0.1,6,ASR-0045,10000,N,N,0.238,,,,,,,,,False,False,False,False,POL0024638|WANTINGGOH|20040207,FUZZY_DUPLICATE
RID-0048217,POLICY_ADMIN,09-03-2026 07:14,CUS-002781,MeiYiHarper,Female,15-04-1987,39,Single,Citizen,Manager,61262,50k-100k,D13,MEI.YI.HARPER180@EXAMPLE.COM,95361901,POL-0023846,16-05-2024,14-06-2024,PRULink Assurance,Investment-Linked,Bancassurance,Semi-Annual,"S$3,105.14",505000,3105.14,0.0847,99,Inforce,26,N,,Y,,N,,,,,92,N,,,,,,,,N,N,0.31,8,,,,,,,,,,,,,,False,False,False,False,POL0023846|MEIYIHARPER|19870415,FUZZY_DUPLICATE
RID-0009257,CLAIMS_SYS,09-03-2026 09:53,CUS-016978,Siew Peng Yeo,Female,25-07-1968,58,Divorced,Employment Pass,Professional,116131,100k-200k,D25,siew.peng.yeo243@example.com,+65 88583116,POL-0009257,12-12-2025,09-01-2026,PRUShield A Plus,Health & IP,Direct,Annual,7068.57,393000,7068.57,0.14,30,Inforce,7,N,,Y,Public B1-Ward,Y,2900.25,2900.25,0,1500,42,N,,,,,,,,N,N,0.37,9,,,,,,,,,,,,,,False,False,False,False,POL0009257|SIEWPENGYEO|19680725,FUZZY_DUPLICATE
RID-0047539,AGENCY_MGMT,09-04-2026 02:41,CUS-001584,YONG SHENG TAN,Male,13-06-1995,31,Single,Citizen,Civil Service,200030,200k-400k,D05,YONG.SHENG.TAN96@EXAMPLE.COM,95318750,POL-0020007,29-04-2024,29-05-2024,PRUSave Endowment,Savings & Wealth,Bancassurance,Quarterly,"S$48,911.68",144000,48911.68,0.0334,99,Inforce,27,N,,Y,,N,,,,,37,Y,CLM-0020007,07-09-2024,Disability,17121.59,Declined,Treatment not medically necessary,24,N,N,0.96,8,ASR-0049,100000,N,N,0.331,,,,,,,,,False,False,False,False,POL0020007|YONGSHENGTAN|19950613,FUZZY_DUPLICATE
RID-0011376,CLAIMS_SYS,09-04-2026 12:43,CUS-011783,Siti Nadia Kamal,Female,28-04-1972,54,Married,Permanent Resident,Executive,30000,Below 50k,D23,siti.nadia.kamal101@example.com,+65 98197088,POL-0011376,17-06-2025,28-07-2025,PRUSave Endowment,Savings & Wealth,Agency,Quarterly,48414.97,312000,48414.97,0.064,25,Inforce,13,N,,Y,,N,,,,,23,N,,,,,,,,N,N,0.37,5,,,,,,AGT-00977,Mei Yi Ibrahim,New,4,AU-11,Active,86,0.537,False,False,False,False,POL0011376|SITINADIAKAMAL|19720428,FUZZY_DUPLICATE
RID-0016186,AGENCY_MGMT,09-04-2026 13:29,CUS-021773,Vikram Kamal,Male,04-06-1980,46,Married,Citizen,Self-Employed,68496,50k-100k,D17,vikram.kamal392@example.com,+65 92024034,POL-0016186,25-06-2023,25-07-2023,PRULink Assurance,Investment-Linked,Agency,Quarterly,38904.03,792000,38904.03,0.1209,20,Inforce,37,N,,Y,,N,,,,,81,Y,CLM-0016186,20-04-2024,Critical Illness,27786.86,Partially Approved,,22,N,N,0.28,7,ASR-0002,25000,N,N,0.082,AGT-00350,Daniel Toh,Senior,134,AU-22,Active,25.1,0.232,False,False,False,False,POL0016186|VIKRAMKAMAL|19800604,FUZZY_DUPLICATE
RID-0047081,CRM,09-04-2026 14:25,CUS-009650,Aminah Toh,Female,19-02-1970,56,Single,Citizen,Healthcare,90698,50k-100k,D02,aminah.toh467@example.com,+65 95030842,POL-0047081,25-07-2025,30-07-2025,PRUCritical Cover,Protection,Agency,Annual,918.05,2598000,918.05,0.2742,15,Inforce,13,N,,Y,,N,,,,,31,N,,,,,,,,N,N,-0.02,5,,,,,,AGT-00421,Joanne Fraser,New,6,AU-32,Active,42.5,0.38,False,False,False,False,POL0047081|AMINAHTOH|19700219,FUZZY_DUPLICATE
RID-0037579,AGENCY_MGMT,09-04-2026 16:47,CUS-025930,Meera Foo,Female,27-06-1997,29,Widowed,Citizen,Executive,110910,100k-200k,D16,meera.foo443@example.com,+65 91445097,POL-0037579,30-05-2025,20-06-2025,PRUFlexiCash,Savings & Wealth,Broker,Quarterly,21816.53,115000,21816.53,0.0666,5,Inforce,14,N,,Y,,N,,,,,18,N,CLM-0037579,14-02-2026,Death Benefit,11471.49,Declined,Non-disclosure at underwriting,14,N,N,0.34,10,ASR-0025,50000,N,N,0.234,AGT-00214,Vikram Reddy,Established,66,AU-22,Resigned,70.6,0.042,False,False,False,False,POL0037579|MEERAFOO|19970627,FUZZY_DUPLICATE
RID-0047694,POLICY_ADMIN,09-04-2026 18:17,CUS-039325,Kai Xuan Rahman,Male,02-03-1983,43,Married,Permanent Resident,Self-Employed,39151,Below 50k,D26,KAI.XUAN.RAHMAN169@EXAMPLE.COM,87812506,POL-0004927,07-10-2025,28-10-2025,PRUSave Endowment,Savings & Wealth,Agency,Annual,"S$49,432.39",52000,49432.39,0.04,25,Inforce,10,N,,Y,,N,,,,,0,N,CLM-0004927,21-02-2026,Critical Illness,9716.75,Declined,Treatment not medically necessary,13,N,N,0.94,10,ASR-0043,5000,N,N,0.11,AGT-00608,Jia Hui Wong,Senior,163,AU-19,On Notice,20.2,0.408,False,False,False,False,POL0004927|KAIXUANRAHMAN|19830302,FUZZY_DUPLICATE
RID-0047629,POLICY_ADMIN,09-04-2026 22:29,CUS-012538,Siti Nadia Hassan,Female,02-03-1985,41,Widowed,Foreigner,Manager,87579,50k-100k,D26,SITI.NADIA.HASSAN249@EXAMPLE.COM,87068801,POL-0039068,21-10-2023,07-11-2023,PRUWealth Plus,Savings & Wealth,Agency,Quarterly,"S$40,376.67",414000,40376.67,0.0669,10,Inforce,34,N,,Y,,N,,,,,0,N,CLM-0039068,28-07-2025,Day Surgery,1847.62,Partially Approved,,7,N,N,0.85,7,ASR-0053,25000,N,N,0.063,AGT-00474,Wei Ming Yusof,New,2,AU-32,Active,84.2,0.341,False,False,False,False,POL0039068|SITINADIAHASSAN|19850302,FUZZY_DUPLICATE
RID-0047647,CLAIMS_SYS,09-05-2026 01:53,CUS-008746,MEI YI WRIGHT,Female,26-05-1990,36,Widowed,Permanent Resident,Civil Service,56898,50k-100k,D05,MEI.YI.WRIGHT99@EXAMPLE.COM,96909846,POL-0036562,25-07-2024,19-08-2024,PRUCritical Cover,Protection,Agency,Monthly,"S$7,431.49",1334000,7431.49,0.2379,25,Inforce,24,N,,Y,,N,,,,,58,N,,,,,,,,N,N,0.67,8,,,,,,AGT-00502,Rachel Salleh,New,5,AU-08,Active,34.4,0.561,False,False,False,False,POL0036562|MEIYIWRIGHT|19900526,FUZZY_DUPLICATE
RID-0048226,AGENCY_MGMT,09-05-2026 02:00,CUS-009334,YONG SHENG NEO,Male,18-10-1986,40,Widowed,Citizen,Self-Employed,69642,50k-100k,D06,YONG.SHENG.NEO220@EXAMPLE.COM,81560088,POL-0033879,14-07-2024,05-08-2024,PRUSave Endowment,Savings & Wealth,Agency,Annual,"S$58,693.72",179000,58693.72,0.036,30,Matured,25,N,,Y,,N,,,,,20,Y,,,,,,,,N,N,0.37,10,,,,,,AGT-01194,Suresh Sim,New,7,AU-20,Active,30.6,0.22,False,False,False,False,POL0033879|YONGSHENGNEO|19861018,FUZZY_DUPLICATE
RID-0010639,CRM,09-05-2026 05:45,CUS-035734,Zarina Koh,Female,02-06-1986,40,Widowed,Citizen,Healthcare,65519,50k-100k,D20,zarina.koh142@example.com,+65 86698455,POL-0010639,30-08-2025,12-09-2025,PRUShield Life,Protection,Bancassurance,Monthly,1497.04,1178000,1497.04,0.2271,99,Matured,11,N,,Y,,N,,,,,182,N,CLM-0010639,27-07-2026,Day Surgery,11470.56,Partially Approved,,7,N,Y,-0.32,3,ASR-0060,10000,N,N,0.137,,,,,,,,,False,False,False,False,POL0010639|ZARINAKOH|19860602,FUZZY_DUPLICATE
RID-0048483,CLAIMS_SYS,09-05-2026 06:32,CUS-020848,Priya Yusof,Female,24-12-1975,51,Married,Citizen,Professional,30000,Below 50k,D13,PRIYA.YUSOF298@EXAMPLE.COM,85888577,POL-0010029,01-12-2025,05-01-2026,PRUVantage Legacy,Savings & Wealth,Bancassurance,Annual,"S$34,131.51",372000,34131.51,0.0627,20,Inforce,7,N,,Y,,N,,,,,0,N,CLM-0010029,28-02-2026,Day Surgery,1388.21,Approved,,24,N,N,0.3,8,ASR-0044,50000,N,N,0.115,,,,,,,,,False,False,False,False,POL0010029|PRIYAYUSOF|19751224,FUZZY_DUPLICATE
RID-0047842,CRM,09-05-2026 14:01,CUS-009351,Joanne Hassan,Female,19-04-1986,40,Single,Employment Pass,Retired,135702,100k-200k,D24,JOANNE.HASSAN431@EXAMPLE.COM,92824394,POL-0040376,22-07-2025,03-08-2025,PRUShield Premier,Health & IP,Digital,Semi-Annual,"S$2,006.09",1011000,2006.09,0.1479,5,Lapsed,13,Y,25-11-2025,N,Public B1-Ward,Y,770.39,770.39,0,1500,42,N,CLM-0040376,24-06-2026,Accident,8560.74,Approved,,24,N,N,0.22,6,ASR-0049,100000,N,N,0.39,,,,,,,,,False,False,False,False,POL0040376|JOANNEHASSAN|19860419,FUZZY_DUPLICATE
RID-0048124,CLAIMS_SYS,09-05-2026 17:50,CUS-002619,Faisal Goh,Male,12-02-1988,38,Widowed,Citizen,Sales,139604,100k-200k,D27,FAISAL.GOH270@EXAMPLE.COM,86058207,POL-0033712,14-12-2025,26-12-2025,PRUShield Standard,Health & IP,Bancassurance,Annual,"S$3,505.72",666000,3505.72,0.0948,99,Inforce,8,N,,Y,Public B1-Ward,Y,1198.21,1198.21,0,1500,100,N,CLM-0033712,06-03-2026,Outpatient Specialist,4723.81,Approved,,12,N,N,0.04,9,ASR-0055,5000,N,N,0.239,,,,,,,,,False,False,False,False,POL0033712|FAISALGOH|19880212,FUZZY_DUPLICATE
RID-0015227,AGENCY_MGMT,09-05-2026 19:11,CUS-006204,Yong Sheng Pillai,Male,04-01-1977,49,Divorced,Citizen,Executive,81289,50k-100k,D11,yong.sheng.pillai448@example.com,+65 93796398,POL-0015227,26-04-2025,15-05-2025,PRUWealth Plus,Savings & Wealth,Agency,Monthly,35865.09,212000,35865.09,0.0432,5,Inforce,15,N,,Y,,N,,,,,54,N,CLM-0015227,03-05-2026,Hospitalisation,3984,Approved,,25,N,N,0.89,7,ASR-0013,100000,N,N,0.892,AGT-00130,Joanne Wright,Established,29,AU-31,Active,69.3,0.353,False,False,False,False,POL0015227|YONGSHENGPILLAI|19770104,FUZZY_DUPLICATE
RID-0016389,CRM,09-05-2026 22:04,CUS-029938,Lakshmi Foo,Female,27-02-1980,46,Divorced,Citizen,Education,85852,50k-100k,D07,lakshmi.foo232@example.com,+65 87248603,POL-0016389,06-04-2025,04-05-2025,PRUActive Term,Protection,Digital,Semi-Annual,7838.19,1651000,7838.19,0.2657,10,Inforce,16,N,,Y,,N,,,,,0,N,CLM-0016389,09-05-2025,Maternity,4265.18,Declined,Non-disclosure at underwriting,11,Y,N,0.55,6,ASR-0007,25000,N,N,0.245,,,,,,,,,False,False,False,False,POL0016389|LAKSHMIFOO|19800227,FUZZY_DUPLICATE
RID-0048011,POLICY_ADMIN,09-06-2026 04:17,CUS-000976,ZarinaWright,Female,20-07-1998,28,Married,Citizen,Executive,47667,Below 50k,D27,ZARINA.WRIGHT195@EXAMPLE.COM,99831161,POL-0016982,19-05-2023,17-06-2023,PRUCritical Cover,Protection,Bancassurance,Semi-Annual,"S$7,092.63",2388000,7092.63,0.1714,20,Inforce,39,N,,Y,,N,,,,,66,Y,CLM-0016982,18-12-2024,Maternity,6207.5,Declined,Treatment not medically necessary,22,N,N,0.02,9,ASR-0042,10000,N,N,0.207,,,,,,,,,False,False,False,False,POL0016982|ZARINAWRIGHT|19980720,FUZZY_DUPLICATE
RID-0002652,AGENCY_MGMT,09-06-2026 11:31,CUS-030464,Vikram Harper,Male,28-02-1982,44,Married,Foreigner,Professional,65465,50k-100k,D17,vikram.harper278@example.com,+65 83032108,POL-0002652,24-04-2023,22-05-2023,PRUCritical Cover,Protection,Bancassurance,Quarterly,3178.3,2645000,3178.3,0.2797,99,Inforce,39,N,,Y,,N,,,,,246,Y,,,,,,,,N,N,0.9,10,,,,,,,,,,,,,,False,False,False,False,POL0002652|VIKRAMHARPER|19820228,FUZZY_DUPLICATE
RID-0047589,CLAIMS_SYS,09-06-2026 14:17,CUS-015041,ZulkifliReddy,Male,11-12-1989,37,Married,Citizen,Sales,108786,100k-200k,D13,ZULKIFLI.REDDY170@EXAMPLE.COM,86555228,POL-0036577,05-08-2024,11-09-2024,PRUFlexiCash,Savings & Wealth,Agency,Annual,"S$27,277.95",377000,27277.95,0.0753,99,Matured,24,N,,Y,,N,,,,,46,N,,,,,,,,N,N,0.4,10,,,,,,AGT-00637,Daniel Foo,New,12,AU-13,Active,67,0.415,False,False,False,False,POL0036577|ZULKIFLIREDDY|19891211,FUZZY_DUPLICATE
RID-0042174,CRM,09-06-2026 17:45,CUS-004862,Zhi Hao Reddy,Male,05-10-1991,35,Married,Citizen,Executive,68040,50k-100k,D03,zhi.hao.reddy174@example.com,+65 93372637,POL-0042174,09-02-2023,20-02-2023,PRUWealth Plus,Savings & Wealth,Digital,Monthly,24041.23,370000,24041.23,0.0701,15,Inforce,42,N,,Y,,N,,,,,29,N,CLM-0042174,09-05-2024,Disability,3606.68,Approved,,13,N,N,0.3,7,ASR-0033,25000,N,N,0.204,,,,,,,,,False,False,False,False,POL0042174|ZHIHAOREDDY|19911005,FUZZY_DUPLICATE
RID-0001002,POLICY_ADMIN,09-06-2026 18:20,CUS-026222,Samantha Chan,Female,16-12-1979,47,Divorced,Employment Pass,Executive,92850,50k-100k,D10,samantha.chan54@example.com,+65 87252921,POL-0001002,25-12-2023,05-01-2024,PRUFlexiCash,Savings & Wealth,Agency,Annual,27198.61,283000,27198.61,0.0708,10,Inforce,32,N,,Y,,N,,,,,169,Y,CLM-0001002,20-06-2025,Day Surgery,1963.44,Approved,,18,N,N,0.41,9,ASR-0022,25000,N,N,0.01,AGT-00784,Mei Yi Lee,Established,61,AU-18,Active,86.7,0.246,False,False,False,False,POL0001002|SAMANTHACHAN|19791216,FUZZY_DUPLICATE
RID-0014544,CLAIMS_SYS,09-06-2026 19:49,CUS-011559,Suresh Ong,Male,03-09-1983,43,Widowed,Citizen,Self-Employed,66972,50k-100k,D10,suresh.ong271@example.com,+65 81507106,POL-0014544,30-07-2023,22-08-2023,PRUFlexiCash,Savings & Wealth,Digital,Quarterly,8146.72,463000,8146.72,0.065,25,Inforce,36,N,,Y,,N,,,,,43,N,,,,,,,,N,N,0.08,9,,,,,,,,,,,,,,False,False,False,False,POL0014544|SURESHONG|19830903,FUZZY_DUPLICATE
RID-0004235,POLICY_ADMIN,09-07-2026 01:05,CUS-007651,Valerie Raj,Female,26-02-1983,43,Married,Citizen,Civil Service,87265,50k-100k,D17,valerie.raj409@example.com,+65 93230549,POL-0004235,22-07-2025,06-08-2025,PRUCritical Cover,Protection,Bancassurance,Annual,4591.56,2713000,4591.56,0.1927,5,Inforce,13,N,,Y,,N,,,,,0,N,,,,,,,,N,N,-0.01,9,,,,,,,,,,,,,,False,False,False,False,POL0004235|VALERIERAJ|19830226,FUZZY_DUPLICATE
RID-0021791,AGENCY_MGMT,09-07-2026 14:32,CUS-011243,Nicholas Kamal,Male,03-09-1981,45,Married,Citizen,Healthcare,96605,50k-100k,D06,nicholas.kamal175@example.com,+65 84207900,POL-0021791,27-05-2024,30-05-2024,PRUWealth Plus,Savings & Wealth,Broker,Annual,11383.77,82000,11383.77,0.0751,15,Inforce,27,N,,Y,,N,,,,,281,Y,CLM-0021791,18-09-2024,Death Benefit,2316.88,Approved,,14,N,N,0.95,7,ASR-0025,50000,N,N,0.339,AGT-00059,Siew Peng Aziz,Senior,173,AU-35,Active,94.2,0.577,False,False,False,False,POL0021791|NICHOLASKAMAL|19810903,FUZZY_DUPLICATE
RID-0047826,CRM,09-07-2026 18:49,CUS-007150,Samantha Hassan,Female,04-12-1957,69,Divorced,Citizen,Healthcare,157627,100k-200k,D17,SAMANTHA.HASSAN371@EXAMPLE.COM,92111283,POL-0044238,06-01-2023,18-02-2023,PRUSave Endowment,Savings & Wealth,Bancassurance,Monthly,"S$7,282.69",33000,7282.69,0.0489,20,Inforce,43,N,,Y,,N,,,,,62,N,,,,,,,,N,N,0.28,9,,,,,,,,,,,,,,False,False,False,False,POL0044238|SAMANTHAHASSAN|19571204,FUZZY_DUPLICATE
RID-0046754,POLICY_ADMIN,09-08-2026 05:10,CUS-007527,Wei Ming Lim,Male,18-05-1976,50,Married,Permanent Resident,Self-Employed,116290,100k-200k,D20,wei.ming.lim64@example.com,+65 86256547,POL-0046754,26-08-2023,28-08-2023,PRUSave Endowment,Savings & Wealth,Agency,Quarterly,22473.89,417000,22473.89,0.0535,99,Inforce,36,N,,Y,,N,,,,,176,N,CLM-0046754,25-10-2025,Maternity,1071.48,Approved,,10,N,N,0.54,7,ASR-0050,5000,N,N,0.164,AGT-00234,Divya Low,Senior,144,AU-19,Active,66.6,0.242,False,False,False,False,POL0046754|WEIMINGLIM|19760518,FUZZY_DUPLICATE
RID-0029571,AGENCY_MGMT,09-08-2026 06:39,CUS-030016,Kavitha Toh,Female,12-12-1993,33,Married,Foreigner,Professional,124426,100k-200k,D17,kavitha.toh493@example.com,+65 88543369,POL-0029571,01-06-2026,13-06-2026,PRUCritical Cover,Protection,Broker,Monthly,8960.84,462000,8960.84,0.2261,20,Inforce,2,N,,Y,,N,,,,,140,N,,,,,,,,N,N,0.88,9,,,,,,AGT-00136,Kai Xuan Ong,Established,47,AU-10,Active,98.7,0.027,False,False,False,False,POL0029571|KAVITHATOH|19931212,FUZZY_DUPLICATE
RID-0048300,CLAIMS_SYS,09-08-2026 12:22,CUS-028620,Faisal Harper,Male,21-03-1979,47,Widowed,Citizen,Technician,39258,Below 50k,D18,FAISAL.HARPER378@EXAMPLE.COM,97080982,POL-0014193,24-09-2023,06-11-2023,PRUWealth Plus,Savings & Wealth,Agency,Quarterly,"S$8,651.06",152000,8651.06,0.0747,20,Inforce,34,N,,Y,,N,,,,,48,N,CLM-0014193,01-05-2024,Death Benefit,2832.27,Approved,,15,N,N,0.1,10,ASR-0054,5000,N,N,0.176,AGT-00432,Kavitha Bennett,Established,25,AU-24,Active,92.7,0.209,False,False,False,False,POL0014193|FAISALHARPER|19790321,FUZZY_DUPLICATE
RID-0047843,AGENCY_MGMT,09-08-2026 20:17,CUS-025976,KavithaNeo,Female,14-11-1971,55,Widowed,Citizen,Healthcare,47368,Below 50k,D19,KAVITHA.NEO348@EXAMPLE.COM,94127876,POL-0047175,27-09-2024,06-10-2024,PRUShield Premier,Health & IP,Agency,Quarterly,"S$3,594.83",206000,3594.83,0.1546,20,Inforce,23,N,,Y,Public A-Ward,Y,1220.23,1220.23,0,0,68,N,CLM-0047175,10-02-2025,Critical Illness,2944.46,Partially Approved,,25,N,N,0.6,10,ASR-0028,10000,N,N,0.406,AGT-00089,Kavitha Iyer,Senior,147,AU-04,Active,85,0.384,False,False,False,False,POL0047175|KAVITHANEO|19711114,FUZZY_DUPLICATE
RID-0018988,CRM,09-08-2026 20:20,CUS-015830,Siew Peng Raj,Female,06-08-2005,21,Widowed,Foreigner,Technician,30000,Below 50k,D12,siew.peng.raj207@example.com,+65 89556629,POL-0018988,24-06-2024,31-07-2024,PRUWealth Plus,Savings & Wealth,Agency,Quarterly,31709.57,53000,31709.57,0.0864,20,Inforce,25,N,,Y,,N,,,,,25,N,CLM-0018988,25-01-2026,Maternity,2846.93,Approved,,13,N,N,0.03,10,ASR-0046,25000,N,N,0.229,AGT-01056,Rachel Tan,New,4,AU-26,Active,84.6,0.42,False,False,False,False,POL0018988|SIEWPENGRAJ|20050806,FUZZY_DUPLICATE
RID-0047507,POLICY_ADMIN,10-03-2026 07:28,CUS-012152,AminahChua,Female,05-10-1983,43,Single,Employment Pass,Healthcare,73185,50k-100k,D25,AMINAH.CHUA424@EXAMPLE.COM,84686090,POL-0002735,15-05-2023,23-06-2023,PRUTerm Secure,Protection,Bancassurance,Monthly,"S$1,899.20",1153000,1899.2,0.2404,30,Inforce,38,N,,Y,,N,,,,,146,N,,,,,,,,N,N,0.54,7,,,,,,,,,,,,,,False,False,False,False,POL0002735|AMINAHCHUA|19831005,FUZZY_DUPLICATE
RID-0048067,CLAIMS_SYS,10-03-2026 12:21,CUS-033694,Arjun Turner,Male,07-06-1973,53,Widowed,Citizen,Self-Employed,44604,Below 50k,D22,ARJUN.TURNER164@EXAMPLE.COM,86851889,POL-0042445,17-09-2023,05-10-2023,PRUSave Endowment,Savings & Wealth,Agency,Monthly,"S$51,405.62",497000,51405.62,0.0645,30,Inforce,35,N,,Y,,N,,,,,49,N,,,,,,,,N,N,0.6,6,,,,,,AGT-00140,Hui Ling Turner,Established,49,AU-16,Active,62.4,0.122,False,False,False,False,POL0042445|ARJUNTURNER|19730607,FUZZY_DUPLICATE
RID-0048409,CRM,10-03-2026 14:52,CUS-022282,Rohan Aziz,Male,22-09-1994,32,Single,Employment Pass,Education,86987,50k-100k,D17,ROHAN.AZIZ176@EXAMPLE.COM,87305242,POL-0027295,15-11-2023,16-11-2023,PRUShield Premier,Health & IP,Agency,Monthly,"S$2,368.11",200000,2368.11,0.1581,15,Inforce,34,N,,Y,Private Hospital,Y,1136.15,1136.15,0,1500,59,Y,CLM-0027295,03-10-2024,Critical Illness,15189.84,Partially Approved,,23,N,N,0.04,10,ASR-0040,100000,N,N,0.201,AGT-00677,Xin Yi Chua,New,12,AU-22,Active,21.9,0.316,False,False,False,False,POL0027295|ROHANAZIZ|19940922,FUZZY_DUPLICATE
RID-0048493,CLAIMS_SYS,10-03-2026 19:11,CUS-018381,MeiYiIyer,Female,25-09-1984,42,Widowed,Citizen,Professional,80406,50k-100k,D01,MEI.YI.IYER440@EXAMPLE.COM,92732389,POL-0016899,02-01-2024,10-02-2024,PRUVantage Legacy,Savings & Wealth,Broker,Semi-Annual,"S$51,554.05",263000,51554.05,0.053,20,Inforce,31,N,,Y,,N,,,,,3,Y,,,,,,,,N,N,0.77,10,,,,,,AGT-00065,Farah Mitchell,Established,16,AU-33,Active,84.4,0.352,False,False,False,False,POL0016899|MEIYIIYER|19840925,FUZZY_DUPLICATE
RID-0047636,POLICY_ADMIN,10-03-2026 21:07,CUS-033684,HUI LING LIM,Female,25-09-1982,44,Single,Citizen,Civil Service,138706,100k-200k,D05,HUI.LING.LIM374@EXAMPLE.COM,83049313,POL-0033228,31-10-2023,14-12-2023,PRUShield Standard,Health & IP,Agency,Monthly,"S$2,968.69",180000,2968.69,0.193,20,Inforce,33,N,,Y,Public A-Ward,Y,1423.56,1423.56,0,1500,17,N,CLM-0033228,04-08-2024,Accident,21403.91,Approved,,12,N,N,0.7,10,ASR-0042,10000,N,N,0.019,AGT-00163,Nurul Aisyah Wong,Senior,74,AU-15,Active,46.5,0.207,False,False,False,False,POL0033228|HUILINGLIM|19820925,FUZZY_DUPLICATE
RID-0039765,CRM,10-04-2026 01:55,CUS-028438,Rachel Reddy,Female,24-03-1970,56,Widowed,Employment Pass,Manager,110901,100k-200k,D18,rachel.reddy140@example.com,+65 91362439,POL-0039765,19-01-2024,13-02-2024,PRULink Assurance,Investment-Linked,Direct,Annual,16174.57,153000,16174.57,0.1563,10,Inforce,31,N,,Y,,N,,,,,5,N,,,,,,,,N,N,0.13,10,,,,,,,,,,,,,,False,False,False,False,POL0039765|RACHELREDDY|19700324,FUZZY_DUPLICATE
RID-0047820,CLAIMS_SYS,10-04-2026 05:13,CUS-037986,Siti Nadia Harper,Female,02-02-1983,43,Divorced,Citizen,Retired,35483,Below 50k,D14,SITI.NADIA.HARPER68@EXAMPLE.COM,81770820,POL-0027621,26-07-2023,17-08-2023,PRUShield Standard,Health & IP,Digital,Annual,"S$3,252.61",1111000,3252.61,0.1513,30,Surrendered,37,Y,27-11-2023,N,Public A-Ward,Y,1700.49,1700.49,0,2500,0,N,CLM-0027621,26-12-2024,Maternity,3696.15,Approved,,18,N,N,0.25,7,ASR-0049,100000,N,N,0.018,,,,,,,,,False,False,False,False,POL0027621|SITINADIAHARPER|19830202,FUZZY_DUPLICATE
RID-0047634,AGENCY_MGMT,10-04-2026 12:13,CUS-040051,Hui Ling Reddy,Female,27-01-1981,45,Divorced,Employment Pass,Manager,54855,50k-100k,D06,HUI.LING.REDDY296@EXAMPLE.COM,87370058,POL-0034061,18-09-2025,21-10-2025,PRUSelect Vantage,Investment-Linked,Bancassurance,Annual,"S$41,550.24",410000,41550.24,0.1365,30,Inforce,10,N,,Y,,N,,,,,95,Y,,,,,,,,N,N,0.62,6,,,,,,,,,,,,,,False,False,False,False,POL0034061|HUILINGREDDY|19810127,FUZZY_DUPLICATE
RID-0048403,AGENCY_MGMT,10-04-2026 15:36,CUS-027753,DEEPAK HARPER,Male,25-07-1978,48,Single,Permanent Resident,Retired,101509,100k-200k,D17,DEEPAK.HARPER316@EXAMPLE.COM,89020064,POL-0018108,14-11-2025,14-12-2025,PRUSave Endowment,Savings & Wealth,Digital,Monthly,"S$6,859.46",385000,6859.46,0.0443,30,Inforce,8,N,,Y,,N,,,,,113,N,,,,,,,,N,N,0.38,5,,,,,,,,,,,,,,False,False,False,False,POL0018108|DEEPAKHARPER|19780725,FUZZY_DUPLICATE
RID-0048422,AGENCY_MGMT,10-05-2026 03:00,CUS-019295,Rachel Chan,Female,15-12-1992,34,Single,Citizen,Education,86338,50k-100k,D01,RACHEL.CHAN77@EXAMPLE.COM,91470052,POL-0044367,26-04-2026,09-05-2026,PRUActive Term,Protection,Agency,Semi-Annual,"S$6,636.06",802000,6636.06,0.2628,10,Inforce,3,N,,Y,,N,,,,,0,Y,CLM-0044367,23-07-2026,Hospitalisation,6954.44,Approved,,17,N,N,0.64,7,ASR-0042,10000,N,N,0.374,AGT-00917,Lakshmi Fraser,New,4,AU-33,Active,89.3,0.353,False,False,False,False,POL0044367|RACHELCHAN|19921215,FUZZY_DUPLICATE
RID-0048061,AGENCY_MGMT,10-05-2026 06:10,CUS-021034,VIKRAM SALLEH,Male,02-11-1999,27,Divorced,Foreigner,Professional,166247,100k-200k,D24,VIKRAM.SALLEH356@EXAMPLE.COM,83314211,POL-0030624,12-07-2025,18-08-2025,PRUVantage Legacy,Savings & Wealth,Digital,Annual,"S$57,454.78",175000,57454.78,0.0421,20,Inforce,12,N,,Y,,N,,,,,187,N,,,,,,,,N,N,0.03,5,,,,,,,,,,,,,,False,False,False,False,POL0030624|VIKRAMSALLEH|19991102,FUZZY_DUPLICATE
RID-0048377,POLICY_ADMIN,10-05-2026 06:15,CUS-016993,AravindKamal,Male,25-12-1994,32,Married,Citizen,Healthcare,108101,100k-200k,D01,ARAVIND.KAMAL338@EXAMPLE.COM,82513895,POL-0015223,04-06-2025,14-07-2025,PRUFlexiCash,Savings & Wealth,Agency,Annual,"S$55,256.74",426000,55256.74,0.0598,99,Inforce,13,N,,Y,,N,,,,,10,Y,,,,,,,,N,N,0.72,10,,,,,,AGT-00556,Zhi Hao Menon,New,4,AU-39,Active,97.2,0.357,False,False,False,False,POL0015223|ARAVINDKAMAL|19941225,FUZZY_DUPLICATE
RID-0014542,CLAIMS_SYS,10-05-2026 08:13,CUS-018747,Hui Ling Hassan,Female,20-01-1978,48,Married,Permanent Resident,Healthcare,56865,50k-100k,D28,hui.ling.hassan137@example.com,+65 86200304,POL-0014542,29-04-2026,03-05-2026,PRUShield A Plus,Health & IP,Direct,Monthly,5251.27,300000,5251.27,0.2127,20,Matured,4,N,,Y,Private Hospital,N,,,,,140,N,CLM-0014542,24-05-2026,Critical Illness,1322.82,Approved,,19,N,N,-0.11,9,ASR-0046,25000,N,N,0.181,,,,,,,,,False,False,False,False,POL0014542|HUILINGHASSAN|19780120,FUZZY_DUPLICATE
RID-0021023,AGENCY_MGMT,10-05-2026 08:30,CUS-018846,Terence Neo,Male,11-04-1982,44,Divorced,Citizen,Healthcare,229536,200k-400k,D20,terence.neo229@example.com,+65 84599829,POL-0021023,20-02-2026,29-03-2026,PRUSave Endowment,Savings & Wealth,Agency,Annual,58315.05,496000,58315.05,0.0949,20,Lapsed,5,Y,17-08-2026,N,,N,,,,,22,N,,,,,,,,N,N,0,5,,,,,,AGT-00070,Priya Wright,New,1,AU-10,Active,67.1,0.328,False,False,False,False,POL0021023|TERENCENEO|19820411,FUZZY_DUPLICATE
RID-0047567,CLAIMS_SYS,10-06-2026 01:04,CUS-028438,Rohan Seah,Male,19-10-2005,21,Married,Permanent Resident,Technician,30000,Below 50k,D27,ROHAN.SEAH290@EXAMPLE.COM,89357052,POL-0042640,05-01-2025,19-01-2025,PRUSave Endowment,Savings & Wealth,Bancassurance,Monthly,"S$33,453.10",247000,33453.1,0.0582,15,Inforce,19,N,,Y,,N,,,,,16,Y,,,,,,,,N,N,0.96,8,,,,,,,,,,,,,,False,False,False,False,POL0042640|ROHANSEAH|20051019,FUZZY_DUPLICATE
RID-0018255,CLAIMS_SYS,10-06-2026 05:05,CUS-012508,Jun Hao Nair,Male,15-10-1977,49,Widowed,Citizen,Professional,60302,50k-100k,D18,jun.hao.nair492@example.com,+65 87804247,POL-0018255,06-07-2024,20-08-2024,PRUSelect Vantage,Investment-Linked,Agency,Annual,31006.88,222000,31006.88,0.1601,15,Inforce,24,N,,Y,,N,,,,,39,N,CLM-0018255,07-01-2026,Accident,2088.09,Approved,,27,N,N,0.6,9,ASR-0031,100000,N,N,0.065,AGT-00796,Jun Hao Aziz,New,4,AU-31,Active,89.7,0.364,False,False,False,False,POL0018255|JUNHAONAIR|19771015,FUZZY_DUPLICATE
RID-0044108,CRM,10-06-2026 11:19,CUS-026878,Aravind Pillai,Male,28-01-1988,38,Divorced,Citizen,Civil Service,116061,100k-200k,D27,aravind.pillai463@example.com,+65 85422364,POL-0044108,19-08-2024,22-09-2024,PRULink Global Growth,Investment-Linked,Broker,Monthly,40385.42,81000,40385.42,0.1768,20,Inforce,23,N,,Y,,N,,,,,70,N,CLM-0044108,24-03-2025,Critical Illness,6420.88,Approved,,15,N,N,0.79,7,ASR-0012,100000,N,N,0.109,AGT-00057,Chee Keong Wong,Senior,159,AU-36,Active,30,0.348,False,False,False,False,POL0044108|ARAVINDPILLAI|19880128,FUZZY_DUPLICATE
RID-0048452,AGENCY_MGMT,10-06-2026 14:42,CUS-037505,Meera Wright,Female,06-11-1999,27,Divorced,Citizen,Executive,135442,100k-200k,D09,MEERA.WRIGHT90@EXAMPLE.COM,85903075,POL-0004460,29-10-2024,11-12-2024,PRUShield Premier,Health & IP,Bancassurance,Annual,"S$7,289.48",1497000,7289.48,0.1384,25,Inforce,20,N,,Y,Public B1-Ward,Y,2801.68,2801.68,0,1500,146,Y,CLM-0004460,08-12-2025,Maternity,5756.48,Declined,Premium in arrears,7,N,N,0.05,8,ASR-0022,25000,N,N,0.195,,,,,,,,,False,False,False,False,POL0004460|MEERAWRIGHT|19991106,FUZZY_DUPLICATE
RID-0016216,CLAIMS_SYS,10-07-2026 02:38,CUS-039511,Divya Harper,Female,14-10-1999,27,Single,Citizen,Civil Service,55766,50k-100k,D24,divya.harper487@example.com,+65 83884157,POL-0016216,19-10-2023,26-11-2023,PRUCritical Cover,Protection,Bancassurance,Annual,2474.35,248000,2474.35,0.262,99,Inforce,33,N,,Y,,N,,,,,116,N,,,,,,,,N,N,0.91,9,,,,,,,,,,,,,,False,False,False,False,POL0016216|DIVYAHARPER|19991014,FUZZY_DUPLICATE
RID-0047534,CRM,10-07-2026 04:59,CUS-015354,Mei Yi Harper,Female,26-01-1984,42,Widowed,Citizen,Executive,43708,Below 50k,D03,MEI.YI.HARPER354@EXAMPLE.COM,88777309,POL-0037813,30-05-2023,06-07-2023,PRUVantage Legacy,Savings & Wealth,Agency,Annual,"S$32,861.33",403000,32861.33,0.043,10,Matured,38,N,,Y,,N,,,,,0,N,,,,,,,,N,N,0.45,6,,,,,,AGT-00498,Daniel Foo,Established,37,AU-25,Active,83.8,0.445,False,False,False,False,POL0037813|MEIYIHARPER|19840126,FUZZY_DUPLICATE
RID-0029954,CLAIMS_SYS,10-07-2026 09:06,CUS-013075,Joanne Aziz,Female,01-01-1994,32,Single,Permanent Resident,Manager,39349,Below 50k,D27,joanne.aziz145@example.com,+65 99895323,POL-0029954,16-01-2024,26-01-2024,PRUFlexiCash,Savings & Wealth,Direct,Quarterly,53878.39,97000,53878.39,0.0642,20,Inforce,31,N,,Y,,N,,,,,130,N,CLM-0029954,13-12-2024,Hospitalisation,2968.59,Approved,,3,N,N,-0.18,9,ASR-0002,25000,N,N,0.41,,,,,,,,,False,False,False,False,POL0029954|JOANNEAZIZ|19940101,FUZZY_DUPLICATE
RID-0048244,AGENCY_MGMT,10-07-2026 18:20,CUS-006006,Terence Yeo,Male,05-04-1978,48,Married,Employment Pass,Civil Service,65861,50k-100k,D18,TERENCE.YEO434@EXAMPLE.COM,84523416,POL-0047037,03-01-2026,04-02-2026,PRULink Assurance,Investment-Linked,Agency,Semi-Annual,"S$43,134.21",881000,43134.21,0.1471,10,Inforce,6,N,,Y,,N,,,,,132,N,CLM-0047037,16-04-2026,Accident,1991.55,Approved,,27,N,N,0.55,10,ASR-0010,50000,N,N,0.563,AGT-00126,Lakshmi Harper,MDRT,117,AU-33,Resigned,56.9,0.177,False,False,False,False,POL0047037|TERENCEYEO|19780405,FUZZY_DUPLICATE
RID-0046127,CRM,10-07-2026 22:48,CUS-005504,Aravind Chong,Male,10-11-1992,34,Married,Citizen,Sales,37010,Below 50k,D13,aravind.chong385@example.com,+65 91365991,POL-0046127,27-06-2025,02-08-2025,PRUVantage Legacy,Savings & Wealth,Agency,Monthly,45816.69,299000,45816.69,0.0562,5,Inforce,13,N,,Y,,N,,,,,30,N,CLM-0046127,24-05-2026,Critical Illness,8429.93,Withdrawn,,22,N,N,0.9,6,ASR-0036,25000,N,N,0.037,AGT-01051,Farah Menon,MDRT,71,AU-21,Active,37.9,0.348,False,False,False,False,POL0046127|ARAVINDCHONG|19921110,FUZZY_DUPLICATE
RID-0047508,CLAIMS_SYS,10-07-2026 23:07,CUS-004171,Cheryl Teo,Female,27-07-2005,21,Widowed,Foreigner,Technician,43771,Below 50k,D28,CHERYL.TEO454@EXAMPLE.COM,88653688,POL-0012810,12-09-2023,19-09-2023,PRUShield A Plus,Health & IP,Agency,Monthly,"S$6,279.22",1418000,6279.22,0.1962,15,Inforce,35,N,,Y,Private Hospital,Y,3250.18,3250.18,0,0,239,N,,,,,,,,N,N,0.91,10,,,,,,AGT-00695,Siti Nadia Menon,New,2,AU-13,Active,99.8,0.41,False,False,False,False,POL0012810|CHERYLTEO|20050727,FUZZY_DUPLICATE
RID-0034105,CRM,10-08-2026 00:35,CUS-039945,Mei Yi Tan,Female,21-07-1993,33,Divorced,Citizen,Manager,155143,100k-200k,D23,mei.yi.tan403@example.com,+65 95275617,POL-0034105,09-03-2023,13-03-2023,PRUTerm Secure,Protection,Agency,Annual,7617.81,1740000,7617.81,0.308,30,Inforce,42,N,,Y,,N,,,,,81,Y,,,,,,,,N,N,0.91,10,,,,,,AGT-00793,Chee Keong Kumar,New,2,AU-06,Active,86,0.838,False,False,False,False,POL0034105|MEIYITAN|19930721,FUZZY_DUPLICATE
RID-0047942,AGENCY_MGMT,10-08-2026 05:42,CUS-021214,NICHOLAS WONG,Male,22-09-1977,49,Widowed,Citizen,Executive,61945,50k-100k,D27,NICHOLAS.WONG385@EXAMPLE.COM,86625082,POL-0004911,11-06-2025,24-06-2025,PRUShield Life,Protection,Direct,Semi-Annual,"S$1,031.84",1449000,1031.84,0.258,10,Inforce,14,N,,Y,,N,,,,,17,N,CLM-0004911,20-01-2026,Day Surgery,42014.49,Approved,,24,N,N,0.27,6,ASR-0036,25000,N,N,0.21,,,,,,,,,False,False,False,False,POL0004911|NICHOLASWONG|19770922,FUZZY_DUPLICATE
RID-0047706,CRM,10-08-2026 10:17,CUS-013243,AMINAH LOW,Female,10-03-1967,59,Divorced,Citizen,Sales,188147,100k-200k,D14,AMINAH.LOW389@EXAMPLE.COM,86414981,POL-0022002,31-03-2024,02-04-2024,PRUSave Endowment,Savings & Wealth,Agency,Monthly,"S$12,504.47",74000,12504.47,0.0752,10,Inforce,29,N,,Y,,N,,,,,133,N,CLM-0022002,21-05-2024,Critical Illness,4645.63,Approved,,35,N,N,0.23,9,ASR-0039,100000,N,N,0.291,AGT-01035,Mei Yi Menon,Senior,167,AU-20,Active,50.4,0.418,False,False,False,False,POL0022002|AMINAHLOW|19670310,FUZZY_DUPLICATE
RID-0011548,CRM,10-08-2026 12:11,CUS-034067,Marcus Goh,Male,13-04-1994,32,Divorced,Citizen,Technician,60038,50k-100k,D19,marcus.goh179@example.com,+65 81217396,POL-0011548,19-09-2023,06-10-2023,PRUTerm Secure,Protection,Agency,Quarterly,4022.91,1805000,4022.91,0.2528,20,Inforce,35,N,,Y,,N,,,,,32,Y,,,,,,,,N,N,0.32,10,,,,,,AGT-01193,Daniel Iyer,Established,52,AU-14,Active,94.5,0.405,False,False,False,False,POL0011548|MARCUSGOH|19940413,FUZZY_DUPLICATE
RID-0048361,POLICY_ADMIN,10-08-2026 16:54,CUS-040397,Iskandar Lim,Male,07-10-1975,51,Single,Citizen,Retired,52881,50k-100k,D11,ISKANDAR.LIM145@EXAMPLE.COM,96309977,POL-0025118,20-08-2023,01-09-2023,PRUTerm Secure,Protection,Bancassurance,Monthly,"S$6,476.29",1649000,6476.29,0.2038,20,Inforce,36,N,,Y,,N,,,,,99,N,,,,,,,,N,N,0.31,6,,,,,,,,,,,,,,False,False,False,False,POL0025118|ISKANDARLIM|19751007,FUZZY_DUPLICATE
RID-0048064,AGENCY_MGMT,11-03-2026 02:11,CUS-031011,KaiXuanOng,Male,24-06-1972,54,Widowed,Citizen,Healthcare,90814,50k-100k,D20,KAI.XUAN.ONG412@EXAMPLE.COM,96989389,POL-0012679,01-12-2025,10-01-2026,PRULink Assurance,Investment-Linked,Agency,Quarterly,"S$25,612.67",115000,25612.67,0.1469,5,Inforce,7,N,,Y,,N,,,,,81,Y,CLM-0012679,12-01-2026,Maternity,5764.99,Partially Approved,,17,N,N,0.47,9,ASR-0017,50000,N,N,0.352,AGT-00682,Hakim Iyer,Established,58,AU-05,Active,53.5,0.647,False,False,False,False,POL0012679|KAIXUANONG|19720624,FUZZY_DUPLICATE
RID-0048173,POLICY_ADMIN,11-03-2026 05:10,CUS-027056,XinYiWright,Female,27-01-1973,53,Married,Citizen,Self-Employed,127375,100k-200k,D15,XIN.YI.WRIGHT235@EXAMPLE.COM,91530555,POL-0017304,22-02-2025,05-03-2025,PRUTerm Secure,Protection,Bancassurance,Quarterly,"S$1,997.94",1936000,1997.94,0.272,99,Inforce,18,N,,Y,,N,,,,,45,N,CLM-0017304,14-07-2025,Critical Illness,1692.87,Approved,,37,N,Y,-0.91,2,ASR-0034,100000,N,N,0.202,,,,,,,,,False,False,False,False,POL0017304|XINYIWRIGHT|19730127,FUZZY_DUPLICATE
RID-0047927,CLAIMS_SYS,11-03-2026 10:22,CUS-024524,LAKSHMI IYER,Female,24-03-1996,30,Divorced,Citizen,Professional,210895,200k-400k,D03,LAKSHMI.IYER264@EXAMPLE.COM,91714672,POL-0020229,22-04-2025,12-05-2025,PRUShield Standard,Health & IP,Agency,Quarterly,"S$3,382.23",1326000,3382.23,0.2137,30,Inforce,15,N,,Y,Private Hospital,Y,1524.22,1524.22,0,1500,0,Y,,,,,,,,N,N,0.28,9,,,,,,AGT-01011,Aminah Rahman,New,5,AU-26,Active,87,0.151,False,False,False,False,POL0020229|LAKSHMIIYER|19960324,FUZZY_DUPLICATE
RID-0002729,POLICY_ADMIN,11-03-2026 16:41,CUS-008814,Nicholas Ong,Male,07-02-1999,27,Married,Employment Pass,Civil Service,70252,50k-100k,D25,nicholas.ong310@example.com,+65 88620540,POL-0002729,04-01-2024,08-02-2024,PRUFlexiCash,Savings & Wealth,Bancassurance,Quarterly,6994.89,117000,6994.89,0.0431,15,Inforce,31,N,,Y,,N,,,,,109,N,,,,,,,,N,N,0,6,,,,,,,,,,,,,,False,False,False,False,POL0002729|NICHOLASONG|19990207,FUZZY_DUPLICATE
RID-0035963,CRM,11-03-2026 21:43,CUS-007707,Vikram Sim,Male,10-02-1996,30,Divorced,Employment Pass,Self-Employed,58453,50k-100k,D17,vikram.sim245@example.com,+65 98284709,POL-0035963,27-10-2025,02-11-2025,PRUCritical Cover,Protection,Bancassurance,Quarterly,6210.05,1263000,6210.05,0.262,10,Inforce,10,N,,Y,,N,,,,,75,N,CLM-0035963,21-11-2025,Critical Illness,100762.05,Partially Approved,,15,N,N,0.58,10,ASR-0025,50000,N,N,0.306,,,,,,,,,False,False,False,False,POL0035963|VIKRAMSIM|19960210,FUZZY_DUPLICATE
RID-0027617,CRM,11-04-2026 05:49,CUS-005015,Zhi Hao Harper,Male,01-03-1966,60,Single,Permanent Resident,Civil Service,138979,100k-200k,D04,zhi.hao.harper151@example.com,+65 94680993,POL-0027617,14-06-2025,24-06-2025,PRULink Assurance,Investment-Linked,Digital,Semi-Annual,5483.58,481000,5483.58,0.1235,25,Inforce,14,N,,Y,,N,,,,,130,N,CLM-0027617,01-06-2026,Outpatient Specialist,23121.56,Approved,,16,N,N,0.23,8,ASR-0059,50000,N,N,0.023,,,,,,,,,False,False,False,False,POL0027617|ZHIHAOHARPER|19660301,FUZZY_DUPLICATE
RID-0035703,POLICY_ADMIN,11-04-2026 06:51,CUS-024357,Xin Yi Chong,Female,26-09-1993,33,Married,Citizen,Retired,130850,100k-200k,D19,xin.yi.chong67@example.com,+65 97810037,POL-0035703,18-06-2024,21-06-2024,PRUActive Term,Protection,Digital,Annual,3089.49,2170000,3089.49,0.227,10,Inforce,26,N,,Y,,N,,,,,111,N,,,,,,,,N,N,0.43,10,,,,,,,,,,,,,,False,False,False,False,POL0035703|XINYICHONG|19930926,FUZZY_DUPLICATE
RID-0002480,POLICY_ADMIN,11-04-2026 13:48,CUS-008759,Arjun Kumar,Male,20-09-1968,58,Married,Citizen,Civil Service,38969,Below 50k,D23,arjun.kumar395@example.com,+65 81841884,POL-0002480,01-12-2025,05-12-2025,PRUWealth Plus,Savings & Wealth,Bancassurance,Annual,13109.51,138000,13109.51,0.0476,99,Inforce,9,N,,Y,,N,,,,,0,N,CLM-0002480,16-06-2026,Day Surgery,2277.29,Withdrawn,,24,N,Y,-0.33,2,ASR-0012,100000,N,N,0.38,,,,,,,,,False,False,False,False,POL0002480|ARJUNKUMAR|19680920,FUZZY_DUPLICATE
RID-0047710,AGENCY_MGMT,11-05-2026 00:06,CUS-000536,Wan Ting Turner,Female,16-06-1982,44,Widowed,Citizen,Manager,52909,50k-100k,D18,WAN.TING.TURNER337@EXAMPLE.COM,92512880,POL-0036422,28-08-2023,25-09-2023,PRULink Global Growth,Investment-Linked,Agency,Annual,"S$11,446.89",636000,11446.89,0.1007,30,Inforce,35,N,,Y,,N,,,,,19,N,CLM-0036422,04-04-2024,Day Surgery,2469.28,Approved,,13,N,N,0.1,10,ASR-0060,10000,N,N,0.401,AGT-00614,Priya Kamal,New,3,AU-31,Active,45.9,0.475,False,False,False,False,POL0036422|WANTINGTURNER|19820616,FUZZY_DUPLICATE
RID-0048060,CRM,11-05-2026 01:53,CUS-034346,Aravind Kumar,Male,20-11-1973,53,Widowed,Citizen,Self-Employed,122656,100k-200k,D19,ARAVIND.KUMAR155@EXAMPLE.COM,82915727,POL-0014690,06-12-2025,03-01-2026,PRUShield A Plus,Health & IP,Bancassurance,Monthly,"S$2,984.43",588000,2984.43,0.1432,25,Inforce,8,N,,Y,Public A-Ward,Y,1254.27,1254.27,0,2500,74,Y,CLM-0014690,03-05-2026,Day Surgery,5510.73,Approved,,19,N,N,0.07,8,ASR-0054,5000,N,N,0.022,,,,,,,,,False,False,False,False,POL0014690|ARAVINDKUMAR|19731120,FUZZY_DUPLICATE
RID-0048199,AGENCY_MGMT,11-05-2026 05:04,CUS-023287,Daniel Yusof,Male,14-01-1979,47,Married,Permanent Resident,Manager,127421,100k-200k,D08,DANIEL.YUSOF193@EXAMPLE.COM,86172741,POL-0007559,31-01-2024,09-02-2024,PRUTerm Secure,Protection,Agency,Monthly,"S$5,179.61",2985000,5179.61,0.257,10,Inforce,31,N,,Y,,N,,,,,47,N,,,,,,,,N,N,0.62,9,,,,,,AGT-00132,Rohan Teo,New,7,AU-22,Active,74.6,0.051,False,False,False,False,POL0007559|DANIELYUSOF|19790114,FUZZY_DUPLICATE
RID-0048272,CRM,11-05-2026 06:23,CUS-025653,Nurul Aisyah Iyer,Female,07-08-1974,52,Divorced,Foreigner,Civil Service,36064,Below 50k,D20,NURUL.AISYAH.IYER439@EXAMPLE.COM,88966039,POL-0035808,30-01-2025,02-02-2025,PRUExtra Care,Health & IP,Agency,Monthly,"S$2,681.86",1389000,2681.86,0.1746,5,Inforce,19,N,,Y,Public A-Ward,N,,,,,49,Y,CLM-0035808,05-04-2026,Outpatient Specialist,11969.5,Pending,,20,N,Y,-0.69,3,ASR-0059,50000,N,N,0.129,AGT-00228,Hui Ling Kamal,Established,79,AU-17,Active,79.5,0.064,False,False,False,False,POL0035808|NURULAISYAHIYER|19740807,FUZZY_DUPLICATE
RID-0029827,POLICY_ADMIN,11-05-2026 09:10,CUS-006313,Rohan Osman,Male,17-04-1977,49,Widowed,Citizen,Retired,54303,50k-100k,D03,rohan.osman70@example.com,+65 97508025,POL-0029827,10-11-2023,11-12-2023,PRUCritical Cover,Protection,Bancassurance,Monthly,7013.94,1014000,7013.94,0.2051,99,Inforce,33,N,,Y,,N,,,,,197,N,CLM-0029827,10-08-2025,Hospitalisation,1537.75,Declined,Waiting period not served,29,N,N,0.78,9,ASR-0017,50000,N,N,0.311,,,,,,,,,False,False,False,False,POL0029827|ROHANOSMAN|19770417,FUZZY_DUPLICATE
RID-0048010,CLAIMS_SYS,11-05-2026 11:46,CUS-038771,WanTingRaj,Female,20-02-1990,36,Single,Permanent Resident,Technician,148828,100k-200k,D12,WAN.TING.RAJ8@EXAMPLE.COM,85084200,POL-0011206,22-06-2025,30-07-2025,PRULink Global Growth,Investment-Linked,Digital,Monthly,"S$11,123.13",347000,11123.13,0.1498,25,Inforce,13,N,,Y,,N,,,,,112,N,,,,,,,,N,N,0.61,5,,,,,,,,,,,,,,False,False,False,False,POL0011206|WANTINGRAJ|19900220,FUZZY_DUPLICATE
RID-0047977,CLAIMS_SYS,11-05-2026 14:13,CUS-015131,RACHEL LOW,Female,07-08-1985,41,Divorced,Citizen,Technician,41271,Below 50k,D04,RACHEL.LOW431@EXAMPLE.COM,84633113,POL-0026206,27-10-2024,16-11-2024,PRUShield A Plus,Health & IP,Bancassurance,Monthly,"S$2,406.16",1110000,2406.16,0.1321,30,Inforce,21,N,,Y,Private Hospital,Y,685.76,685.76,0,2500,119,Y,CLM-0026206,28-07-2025,Disability,23174.69,Partially Approved,,35,N,N,0.53,7,ASR-0028,10000,N,N,0.01,,,,,,,,,False,False,False,False,POL0026206|RACHELLOW|19850807,FUZZY_DUPLICATE
RID-0047947,CRM,11-06-2026 02:21,CUS-036782,WanTingReddy,Female,04-07-1982,44,Single,Employment Pass,Executive,66972,50k-100k,D26,WAN.TING.REDDY254@EXAMPLE.COM,83398707,POL-0004140,10-05-2026,13-05-2026,PRUSelect Vantage,Investment-Linked,Agency,Annual,"S$7,332.54",417000,7332.54,0.1309,99,Inforce,3,N,,Y,,N,,,,,78,N,,,,,,,,N,N,0.53,7,,,,,,AGT-00791,Arjun Mitchell,Senior,132,AU-15,Active,80.5,0.049,False,False,False,False,POL0004140|WANTINGREDDY|19820704,FUZZY_DUPLICATE
RID-0000081,CLAIMS_SYS,11-06-2026 11:01,CUS-014869,Vikram Sim,Male,23-06-1996,30,Married,Foreigner,Self-Employed,68679,50k-100k,D26,vikram.sim325@example.com,+65 92827702,POL-0000081,10-04-2025,25-05-2025,PRUSave Endowment,Savings & Wealth,Agency,Monthly,51084.34,321000,51084.34,0.0848,10,Inforce,15,N,,Y,,N,,,,,22,N,CLM-0000081,10-07-2025,Maternity,4442.79,Approved,,29,N,N,0.1,7,ASR-0040,100000,N,N,0.331,AGT-00192,Muhammad Ariff Ong,Established,84,AU-13,Active,90.9,0.316,False,False,False,False,POL0000081|VIKRAMSIM|19960623,FUZZY_DUPLICATE
RID-0048032,POLICY_ADMIN,11-06-2026 16:08,CUS-015874,VikramTeo,Male,04-08-1980,46,Single,Citizen,Self-Employed,98292,50k-100k,D24,VIKRAM.TEO480@EXAMPLE.COM,88215097,POL-0002553,01-01-2026,14-02-2026,PRUVantage Legacy,Savings & Wealth,Agency,Monthly,"S$39,387.60",44000,39387.6,0.0865,5,Inforce,6,N,,Y,,N,,,,,124,N,,,,,,,,N,N,0.1,8,,,,,,AGT-00619,Hui Ling Koh,Established,67,AU-07,Active,75.2,0.276,False,False,False,False,POL0002553|VIKRAMTEO|19800804,FUZZY_DUPLICATE
RID-0002173,AGENCY_MGMT,11-06-2026 21:34,CUS-006848,Meera Goh,Female,05-07-1991,35,Divorced,Citizen,Civil Service,81168,50k-100k,D23,meera.goh308@example.com,+65 99828656,POL-0002173,12-03-2026,10-04-2026,PRUVantage Legacy,Savings & Wealth,Bancassurance,Quarterly,31058.87,328000,31058.87,0.0373,30,Inforce,4,N,,Y,,N,,,,,38,N,CLM-0002173,19-08-2026,Maternity,6580.2,Approved,,13,N,N,0.16,7,ASR-0056,50000,N,N,0.306,,,,,,,,,False,False,False,False,POL0002173|MEERAGOH|19910705,FUZZY_DUPLICATE
RID-0048396,AGENCY_MGMT,11-07-2026 02:31,CUS-040657,Marcus Harper,Male,13-08-1986,40,Widowed,Citizen,Self-Employed,142584,100k-200k,D20,MARCUS.HARPER283@EXAMPLE.COM,99018368,POL-0039126,16-03-2025,24-03-2025,PRUWealth Plus,Savings & Wealth,Digital,Monthly,"S$3,992.56",245000,3992.56,0.0428,30,Inforce,17,N,,Y,,N,,,,,0,Y,,,,,,,,N,N,0.61,5,,,,,,,,,,,,,,False,False,False,False,POL0039126|MARCUSHARPER|19860813,FUZZY_DUPLICATE
RID-0047739,CRM,11-07-2026 04:53,CUS-032460,ZhiHaoIyer,Male,03-07-1963,63,Widowed,Citizen,Technician,62254,50k-100k,D11,ZHI.HAO.IYER349@EXAMPLE.COM,84637616,POL-0035135,25-07-2025,07-09-2025,PRUCritical Cover,Protection,Agency,Quarterly,"S$5,056.84",1603000,5056.84,0.2915,99,Inforce,11,N,,Y,,N,,,,,377,N,CLM-0035135,07-11-2025,Accident,34262.73,Declined,Premium in arrears,21,N,N,0.37,7,ASR-0019,100000,N,N,0.335,AGT-00755,Xin Yi Turner,New,2,AU-16,Active,21.8,0.146,False,False,False,False,POL0035135|ZHIHAOIYER|19630703,FUZZY_DUPLICATE
RID-0048093,CLAIMS_SYS,11-07-2026 05:33,CUS-014284,JONATHAN RAHMAN,Male,26-10-1980,46,Married,Employment Pass,Healthcare,75833,50k-100k,D21,JONATHAN.RAHMAN485@EXAMPLE.COM,97645563,POL-0034118,18-01-2023,07-02-2023,PRUExtra Care,Health & IP,Agency,Annual,"S$4,565.98",1085000,4565.98,0.2101,25,Inforce,43,N,,Y,Private Hospital,Y,1869.84,1869.84,0,0,189,N,,,,,,,,N,N,0.27,10,,,,,,AGT-00667,Jonathan Salleh,Established,45,AU-35,Active,75.6,0.57,False,False,False,False,POL0034118|JONATHANRAHMAN|19801026,FUZZY_DUPLICATE
RID-0047838,CRM,11-07-2026 15:04,CUS-031571,NurulAisyahKoh,Female,06-03-1960,66,Married,Employment Pass,Civil Service,30451,Below 50k,D13,NURUL.AISYAH.KOH1@EXAMPLE.COM,99315538,POL-0033431,20-02-2023,25-03-2023,PRUCritical Cover,Protection,Bancassurance,Monthly,"S$4,509.37",1236000,4509.37,0.2344,10,Inforce,41,N,,Y,,N,,,,,24,Y,CLM-0033431,18-03-2025,Disability,1103.85,Partially Approved,,18,N,N,0.75,10,ASR-0038,100000,N,N,0.397,,,,,,,,,False,False,False,False,POL0033431|NURULAISYAHKOH|19600306,FUZZY_DUPLICATE
RID-0047765,POLICY_ADMIN,11-07-2026 15:49,CUS-015788,Denise Nair,Female,13-12-1979,47,Single,Employment Pass,Retired,77662,50k-100k,D14,DENISE.NAIR466@EXAMPLE.COM,87142054,POL-0000777,20-09-2023,15-10-2023,PRUVantage Legacy,Savings & Wealth,Agency,Monthly,"S$41,838.56",317000,41838.56,0.06,20,Inforce,35,N,,Y,,N,,,,,0,N,,,,,,,,N,N,0.64,7,,,,,,AGT-00853,Meera Chong,Established,31,AU-21,Active,68,0.418,False,False,False,False,POL0000777|DENISENAIR|19791213,FUZZY_DUPLICATE
RID-0048069,AGENCY_MGMT,11-07-2026 23:29,CUS-034997,Divya Wong,Female,19-02-1986,40,Single,Permanent Resident,Executive,59371,50k-100k,D05,DIVYA.WONG125@EXAMPLE.COM,82645532,POL-0039593,10-11-2023,22-11-2023,PRUShield Life,Protection,Agency,Semi-Annual,"S$7,150.14",910000,7150.14,0.2941,15,Matured,33,N,,Y,,N,,,,,96,N,,,,,,,,N,N,0.98,7,,,,,,AGT-00770,Joanne Ong,Senior,124,AU-28,Active,81.8,0.034,False,False,False,False,POL0039593|DIVYAWONG|19860219,FUZZY_DUPLICATE
RID-0047953,AGENCY_MGMT,11-08-2026 03:40,CUS-029727,FarahOng,Female,11-01-1964,62,Widowed,Citizen,Education,31841,Below 50k,D06,FARAH.ONG19@EXAMPLE.COM,84827954,POL-0024287,20-06-2026,22-07-2026,PRUVantage Legacy,Savings & Wealth,Bancassurance,Semi-Annual,"S$31,050.15",363000,31050.15,0.0749,30,Inforce,1,N,,Y,,N,,,,,23,N,,,,,,,,N,N,0.71,10,,,,,,,,,,,,,,False,False,False,False,POL0024287|FARAHONG|19640111,FUZZY_DUPLICATE
RID-0048187,CRM,11-08-2026 13:56,CUS-002862,Wan Ting Ong,Female,19-02-1984,42,Widowed,Permanent Resident,Professional,55797,50k-100k,D19,WAN.TING.ONG232@EXAMPLE.COM,85930081,POL-0011489,09-06-2025,02-07-2025,PRUFlexiCash,Savings & Wealth,Agency,Semi-Annual,"S$23,923.35",359000,23923.35,0.0838,15,Inforce,14,N,,Y,,N,,,,,241,N,CLM-0011489,29-01-2026,Disability,1894.07,Pending,,36,N,N,0.02,9,ASR-0001,50000,N,N,0.15,AGT-00768,Priya Bennett,Established,50,AU-19,Active,25.2,0.124,False,False,False,False,POL0011489|WANTINGONG|19840219,FUZZY_DUPLICATE
RID-0036563,POLICY_ADMIN,11-08-2026 17:43,CUS-031084,Suresh Chan,Male,21-02-1975,51,Divorced,Citizen,Sales,202176,200k-400k,D15,suresh.chan449@example.com,+65 98400152,POL-0036563,21-02-2025,02-03-2025,PRUCritical Cover,Protection,Agency,Semi-Annual,2067.56,294000,2067.56,0.2753,30,Inforce,18,N,,Y,,N,,,,,0,N,CLM-0036563,28-07-2025,Outpatient Specialist,8331.39,Approved,,7,N,N,0.55,7,ASR-0043,5000,N,N,0.141,AGT-00556,Zhi Hao Menon,New,4,AU-39,Active,97.2,0.357,False,False,False,False,POL0036563|SURESHCHAN|19750221,FUZZY_DUPLICATE
RID-0007084,AGENCY_MGMT,11-08-2026 23:45,CUS-011789,Jun Hao Ng,Male,14-10-1983,43,Widowed,Permanent Resident,Technician,80600,50k-100k,D22,jun.hao.ng333@example.com,+65 97462735,POL-0007084,26-09-2024,16-10-2024,PRUCritical Cover,Protection,Bancassurance,Monthly,7708.18,1269000,7708.18,0.197,99,Lapsed,22,Y,26-07-2025,N,,N,,,,,0,N,,,,,,,,N,N,0.05,7,,,,,,,,,,,,,,False,False,False,False,POL0007084|JUNHAONG|19831014,FUZZY_DUPLICATE
RID-0048247,CRM,12-03-2026 07:52,CUS-014785,CHERYL KOH,Female,12-10-1955,71,Single,Citizen,Sales,100549,100k-200k,D19,CHERYL.KOH311@EXAMPLE.COM,89511404,POL-0038529,18-12-2024,28-12-2024,PRUWealth Plus,Savings & Wealth,Agency,Annual,"S$59,086.02",480000,59086.02,0.0825,20,Inforce,20,N,,Y,,N,,,,,118,N,CLM-0038529,18-03-2025,Accident,5158.45,Approved,,24,N,N,0.12,10,ASR-0046,25000,N,N,0.371,AGT-00016,Terence Ng,Established,69,AU-03,Active,57.5,0.257,False,False,False,False,POL0038529|CHERYLKOH|19551012,FUZZY_DUPLICATE
RID-0009522,CRM,12-03-2026 20:56,CUS-006414,Meera Ong,Female,09-03-1976,50,Single,Permanent Resident,Civil Service,77415,50k-100k,D03,meera.ong415@example.com,+65 84802378,POL-0009522,19-03-2025,29-04-2025,PRUShield Premier,Health & IP,Agency,Annual,1523.71,799000,1523.71,0.1222,99,Inforce,16,N,,Y,Public B1-Ward,Y,673.86,673.86,0,2500,223,N,,,,,,,,N,N,0.92,10,,,,,,AGT-00252,Daniel Yeo,Established,50,AU-07,Active,80.8,0.417,False,False,False,False,POL0009522|MEERAONG|19760309,FUZZY_DUPLICATE
RID-0026823,AGENCY_MGMT,12-04-2026 10:06,CUS-024568,Kai Xuan Bennett,Male,15-10-1971,55,Married,Citizen,Sales,63270,50k-100k,D22,kai.xuan.bennett271@example.com,+65 83542284,POL-0026823,13-06-2024,23-07-2024,PRUTerm Secure,Protection,Agency,Annual,6903.71,2072000,6903.71,0.2893,99,Inforce,25,N,,Y,,N,,,,,48,N,,,,,,,,N,N,0.38,7,,,,,,AGT-00585,Faisal Iyer,Established,85,AU-11,Active,81,0.846,False,False,False,False,POL0026823|KAIXUANBENNETT|19711015,FUZZY_DUPLICATE
RID-0021874,CRM,12-04-2026 11:35,CUS-022940,Vikram Hassan,Male,20-04-1965,61,Single,Citizen,Sales,157372,100k-200k,D27,vikram.hassan200@example.com,+65 96052391,POL-0021874,28-07-2025,14-08-2025,PRUFlexiCash,Savings & Wealth,Agency,Annual,54203.42,229000,54203.42,0.071,15,Inforce,12,N,,Y,,N,,,,,17,N,,,,,,,,N,N,0.1,9,,,,,,AGT-00689,Siew Peng Nair,Established,72,AU-31,Active,77.6,0.539,False,False,False,False,POL0021874|VIKRAMHASSAN|19650420,FUZZY_DUPLICATE
RID-0023923,CLAIMS_SYS,12-04-2026 15:03,CUS-010573,Aminah Mitchell,Female,11-02-1994,32,Single,Citizen,Technician,33649,Below 50k,D23,aminah.mitchell366@example.com,+65 86181526,POL-0023923,15-12-2023,18-01-2024,PRUFlexiCash,Savings & Wealth,Agency,Semi-Annual,45283.64,82000,45283.64,0.07,10,Cancelled,31,Y,20-09-2025,Y,,N,,,,,66,Y,CLM-0023923,17-06-2024,Death Benefit,3984.15,Partially Approved,,12,N,N,0.96,9,ASR-0044,50000,N,N,0.387,AGT-01153,Jonathan Aziz,Senior,60,AU-30,Active,73.6,0.431,False,False,False,False,POL0023923|AMINAHMITCHELL|19940211,FUZZY_DUPLICATE
RID-0047675,POLICY_ADMIN,12-04-2026 17:30,CUS-023787,Jonathan Ho,Male,09-05-1982,44,Widowed,Permanent Resident,Manager,71829,50k-100k,D16,JONATHAN.HO75@EXAMPLE.COM,86141058,POL-0016085,11-09-2024,07-10-2024,PRUFlexiCash,Savings & Wealth,Bancassurance,Quarterly,"S$23,595.16",253000,23595.16,0.0378,30,Inforce,23,N,,Y,,N,,,,,15,N,,,,,,,,N,N,0.09,5,,,,,,,,,,,,,,False,False,False,False,POL0016085|JONATHANHO|19820509,FUZZY_DUPLICATE
RID-0048262,CRM,12-04-2026 21:02,CUS-004079,WeiMingReddy,Male,26-06-1985,41,Widowed,Citizen,Civil Service,31794,Below 50k,D26,WEI.MING.REDDY267@EXAMPLE.COM,87453125,POL-0043877,24-06-2025,22-07-2025,PRUCritical Cover,Protection,Bancassurance,Annual,"S$1,136.11",1151000,1136.11,0.19,25,Inforce,13,N,,Y,,N,,,,,60,N,,,,,,,,N,N,0.21,6,,,,,,,,,,,,,,False,False,False,False,POL0043877|WEIMINGREDDY|19850626,FUZZY_DUPLICATE
RID-0043905,CRM,12-05-2026 02:01,CUS-031688,Iskandar Harper,Male,20-09-1974,52,Single,Citizen,Sales,152091,100k-200k,D13,iskandar.harper88@example.com,+65 98695797,POL-0043905,27-03-2024,10-05-2024,PRUVantage Legacy,Savings & Wealth,Agency,Annual,52885.31,437000,52885.31,0.0433,15,Inforce,28,N,,Y,,N,,,,,0,N,CLM-0043905,23-11-2025,Hospitalisation,1576.14,Approved,,19,N,N,0.23,7,ASR-0039,100000,N,N,0.308,AGT-01035,Mei Yi Menon,Senior,167,AU-20,Active,50.4,0.418,False,False,False,False,POL0043905|ISKANDARHARPER|19740920,FUZZY_DUPLICATE
RID-0047898,CLAIMS_SYS,12-05-2026 03:56,CUS-030534,Siti Nadia Lee,Female,12-09-1977,49,Divorced,Permanent Resident,Healthcare,71476,50k-100k,D07,SITI.NADIA.LEE49@EXAMPLE.COM,83345647,POL-0047462,03-04-2025,29-04-2025,PRUVantage Legacy,Savings & Wealth,Agency,Semi-Annual,"S$8,965.21",95000,8965.21,0.0526,25,Inforce,16,N,,Y,,N,,,,,110,Y,CLM-0047462,06-04-2026,Disability,2543.12,Approved,,12,N,Y,-0.98,5,ASR-0023,50000,N,N,0.244,AGT-01089,Siew Peng Seah,Established,70,AU-19,Active,27.6,0.174,False,False,False,False,POL0047462|SITINADIALEE|19770912,FUZZY_DUPLICATE
RID-0002953,CRM,12-05-2026 06:37,CUS-019759,Yong Sheng Ong,Male,26-12-1971,55,Single,Citizen,Sales,175965,100k-200k,D27,yong.sheng.ong80@example.com,+65 99062060,POL-0002953,05-02-2024,18-03-2024,PRUVantage Legacy,Savings & Wealth,Bancassurance,Annual,5394.32,98000,5394.32,0.0444,20,Inforce,29,N,,Y,,N,,,,,88,N,CLM-0002953,09-10-2024,Disability,2969.2,Approved,,2,N,N,0.95,8,ASR-0056,50000,N,N,0.259,,,,,,,,,False,False,False,False,POL0002953|YONGSHENGONG|19711226,FUZZY_DUPLICATE
RID-0048101,CLAIMS_SYS,12-05-2026 08:03,CUS-032423,MeeraAziz,Female,18-10-1980,46,Single,Citizen,Professional,96706,50k-100k,D01,MEERA.AZIZ287@EXAMPLE.COM,87548021,POL-0026317,23-07-2023,06-09-2023,PRUSelect Vantage,Investment-Linked,Agency,Monthly,"S$38,304.84",327000,38304.84,0.1133,15,Inforce,36,N,,Y,,N,,,,,0,N,,,,,,,,N,N,0.23,9,,,,,,AGT-00159,Hui Ling Ong,New,3,AU-23,Active,28,0.346,False,False,False,False,POL0026317|MEERAAZIZ|19801018,FUZZY_DUPLICATE
RID-0024097,POLICY_ADMIN,12-05-2026 16:20,CUS-006602,Arjun Goh,Male,21-12-2004,22,Single,Employment Pass,Civil Service,121898,100k-200k,D01,arjun.goh370@example.com,+65 85047465,POL-0024097,11-04-2023,14-04-2023,PRUTerm Secure,Protection,Agency,Annual,1526.05,1963000,1526.05,0.2758,10,Surrendered,41,Y,22-12-2025,Y,,N,,,,,126,N,CLM-0024097,04-09-2024,Disability,2323.56,Approved,,25,N,N,0.56,9,ASR-0043,5000,N,N,0.219,AGT-00002,Vikram Low,Senior,39,AU-13,Active,86.3,0.335,False,False,False,False,POL0024097|ARJUNGOH|20041221,FUZZY_DUPLICATE
RID-0047655,POLICY_ADMIN,12-05-2026 16:52,CUS-014489,PRIYA TEO,Female,06-01-1982,44,Single,Citizen,Civil Service,78829,50k-100k,D07,PRIYA.TEO458@EXAMPLE.COM,89910332,POL-0041946,12-05-2024,08-06-2024,PRULink Assurance,Investment-Linked,Agency,Quarterly,"S$42,444.49",872000,42444.49,0.1018,25,Inforce,27,N,,Y,,N,,,,,26,N,CLM-0041946,17-02-2026,Outpatient Specialist,3910.37,Approved,,20,N,N,0.96,10,ASR-0054,5000,N,N,0.157,AGT-00487,Arjun Kumar,Established,83,AU-33,Active,85.2,0.356,False,False,False,False,POL0041946|PRIYATEO|19820106,FUZZY_DUPLICATE
RID-0033888,CRM,12-05-2026 23:15,CUS-004945,Arjun Teo,Male,12-02-1983,43,Married,Permanent Resident,Retired,104543,100k-200k,D15,arjun.teo435@example.com,+65 81829184,POL-0033888,03-11-2024,12-11-2024,PRUShield A Plus,Health & IP,Bancassurance,Monthly,2066.22,718000,2066.22,0.1422,20,Surrendered,21,Y,28-06-2026,Y,Public B1-Ward,N,,,,,39,N,CLM-0033888,16-01-2026,Critical Illness,7346.86,Approved,,11,N,N,0.43,10,ASR-0003,10000,N,N,0.404,,,,,,,,,False,False,False,False,POL0033888|ARJUNTEO|19830212,FUZZY_DUPLICATE
RID-0048031,POLICY_ADMIN,12-06-2026 00:54,CUS-013750,JIA HUI FOO,Female,27-01-1981,45,Divorced,Citizen,Healthcare,37730,Below 50k,D04,JIA.HUI.FOO378@EXAMPLE.COM,85697872,POL-0046538,20-04-2026,04-06-2026,PRUCritical Cover,Protection,Digital,Quarterly,"S$1,638.10",1113000,1638.1,0.2581,25,Inforce,2,N,,Y,,N,,,,,0,N,,,,,,,,N,N,-0.06,9,,,,,,,,,,,,,,False,False,False,False,POL0046538|JIAHUIFOO|19810127,FUZZY_DUPLICATE
RID-0048056,POLICY_ADMIN,12-06-2026 16:46,CUS-015370,NurulAisyahAziz,Female,01-11-1976,50,Single,Citizen,Civil Service,72926,50k-100k,D01,NURUL.AISYAH.AZIZ207@EXAMPLE.COM,88562515,POL-0046993,05-05-2026,26-05-2026,PRUShield A Plus,Health & IP,Agency,Monthly,"S$2,186.03",278000,2186.03,0.1979,99,Inforce,3,N,,Y,Private Hospital,N,,,,,26,N,CLM-0046993,09-08-2026,Accident,4376.9,Approved,,14,N,N,-0.11,6,ASR-0034,100000,N,N,0.303,AGT-00342,Zarina Neo,New,11,AU-11,Active,88.8,0.7,False,False,False,False,POL0046993|NURULAISYAHAZIZ|19761101,FUZZY_DUPLICATE
RID-0048478,CLAIMS_SYS,12-07-2026 05:11,CUS-017171,Farah Bennett,Female,19-09-2000,26,Divorced,Citizen,Professional,93882,50k-100k,D21,FARAH.BENNETT354@EXAMPLE.COM,96851383,POL-0025481,18-01-2025,07-02-2025,PRUActive Term,Protection,Agency,Monthly,"S$4,101.70",2078000,4101.7,0.2265,99,Inforce,19,N,,Y,,N,,,,,13,Y,CLM-0025481,25-08-2025,Maternity,17687,Approved,,19,N,N,0.36,7,ASR-0037,50000,N,N,0.003,AGT-00190,Denise Yeo,Senior,161,AU-12,Active,72.7,0.079,False,False,False,False,POL0025481|FARAHBENNETT|20000919,FUZZY_DUPLICATE
RID-0048489,AGENCY_MGMT,12-07-2026 08:52,CUS-033371,Jonathan Neo,Male,05-05-1991,35,Single,Citizen,Education,30000,Below 50k,D07,JONATHAN.NEO349@EXAMPLE.COM,82065968,POL-0043285,23-09-2025,02-11-2025,PRUSave Endowment,Savings & Wealth,Agency,Annual,"S$15,513.34",90000,15513.34,0.0505,20,Inforce,10,N,,Y,,N,,,,,84,Y,,,,,,,,N,N,0,9,,,,,,AGT-00598,Arjun Nair,Senior,102,AU-03,Active,70.3,0.351,False,False,False,False,POL0043285|JONATHANNEO|19910505,FUZZY_DUPLICATE
RID-0048113,AGENCY_MGMT,12-07-2026 10:33,CUS-002726,Joanne Aziz,Female,03-06-1986,40,Divorced,Permanent Resident,Retired,79307,50k-100k,D23,JOANNE.AZIZ73@EXAMPLE.COM,87292943,POL-0027695,13-05-2026,16-06-2026,PRUActive Term,Protection,Agency,Monthly,"S$4,501.57",1218000,4501.57,0.2651,99,Inforce,2,N,,Y,,N,,,,,44,N,,,,,,,,N,N,0.89,10,,,,,,AGT-00497,Zhi Hao Raj,Senior,80,AU-22,Active,72.1,0.123,False,False,False,False,POL0027695|JOANNEAZIZ|19860603,FUZZY_DUPLICATE
RID-0048218,CRM,12-08-2026 02:40,CUS-031476,DENISE LIM,Female,24-11-1978,48,Widowed,Citizen,Sales,97503,50k-100k,D25,DENISE.LIM121@EXAMPLE.COM,93113824,POL-0019292,11-11-2023,20-12-2023,PRUSave Endowment,Savings & Wealth,Agency,Monthly,"S$5,916.02",89000,5916.02,0.0853,25,Inforce,32,N,,Y,,N,,,,,172,N,CLM-0019292,14-06-2026,Outpatient Specialist,44098.67,Declined,Treatment not medically necessary,13,N,N,0.03,8,ASR-0042,10000,Y,N,0.221,AGT-00157,Kavitha Lee,New,2,AU-38,Active,38.7,0.133,False,False,False,False,POL0019292|DENISELIM|19781124,FUZZY_DUPLICATE
RID-0045243,POLICY_ADMIN,12-08-2026 04:53,CUS-009484,Zulkifli Kamal,Male,12-11-1972,54,Divorced,Permanent Resident,Healthcare,30000,Below 50k,D04,zulkifli.kamal21@example.com,+65 92314527,POL-0045243,04-04-2025,16-05-2025,PRUShield Premier,Health & IP,Bancassurance,Annual,2875.25,1399000,2875.25,0.1243,20,Inforce,15,N,,Y,Public B1-Ward,Y,881.03,881.03,0,1500,187,N,CLM-0045243,29-07-2025,Disability,3259.75,Partially Approved,,20,N,N,0,7,ASR-0020,5000,N,N,0.214,,,,,,,,,False,False,False,False,POL0045243|ZULKIFLIKAMAL|19721112,FUZZY_DUPLICATE
RID-0006760,POLICY_ADMIN,12-08-2026 06:01,CUS-014260,Chee Keong Koh,Male,25-02-1968,58,Single,Citizen,Sales,178962,100k-200k,D21,chee.keong.koh26@example.com,+65 92670019,POL-0006760,02-03-2026,11-04-2026,PRUCritical Cover,Protection,Agency,Annual,2932.98,854000,2932.98,0.2351,5,Inforce,4,N,,Y,,N,,,,,60,N,CLM-0006760,14-06-2026,Death Benefit,5741.3,Approved,,1,N,N,0.21,7,ASR-0005,10000,N,N,0.065,AGT-00061,Marcus Menon,Senior,92,AU-19,Active,87.3,0.269,False,False,False,False,POL0006760|CHEEKEONGKOH|19680225,FUZZY_DUPLICATE
RID-0022747,POLICY_ADMIN,12-08-2026 10:43,CUS-009265,Kai Xuan Reddy,Male,19-04-1972,54,Divorced,Citizen,Sales,34062,Below 50k,D17,kai.xuan.reddy301@example.com,+65 95778388,POL-0022747,27-01-2026,12-02-2026,PRUVantage Legacy,Savings & Wealth,Bancassurance,Quarterly,41950.69,241000,41950.69,0.0673,30,Inforce,6,N,,Y,,N,,,,,140,N,CLM-0022747,02-07-2026,Critical Illness,6398.98,Declined,Pre-existing condition,24,N,N,0.66,9,ASR-0026,10000,N,N,0.063,,,,,,,,,False,False,False,False,POL0022747|KAIXUANREDDY|19720419,FUZZY_DUPLICATE
RID-0008779,CLAIMS_SYS,12-08-2026 11:34,CUS-007032,Zulkifli Wong,Male,02-03-2001,25,Married,Citizen,Self-Employed,83581,50k-100k,D02,zulkifli.wong378@example.com,+65 82688422,POL-0008779,14-12-2025,04-01-2026,PRUSave Endowment,Savings & Wealth,Digital,Monthly,57987.15,227000,57987.15,0.0793,99,Inforce,8,N,,Y,,N,,,,,110,N,CLM-0008779,07-05-2026,Maternity,1039.28,Pending,,50,N,N,0.4,8,ASR-0005,10000,N,N,0.256,,,,,,,,,False,False,False,False,POL0008779|ZULKIFLIWONG|20010302,FUZZY_DUPLICATE
RID-0027834,POLICY_ADMIN,12-08-2026 12:55,CUS-012900,Faisal Lim,Male,12-01-1992,34,Married,Citizen,Healthcare,74825,50k-100k,D19,faisal.lim270@example.com,+65 82309334,POL-0027834,03-06-2026,14-06-2026,PRUVantage Legacy,Savings & Wealth,Bancassurance,Annual,27582.54,246000,27582.54,0.0323,15,Inforce,2,N,,Y,,N,,,,,76,Y,,,,,,,,N,N,0.81,5,,,,,,,,,,,,,,False,False,False,False,POL0027834|FAISALLIM|19920112,FUZZY_DUPLICATE
RID-0047814,CLAIMS_SYS,12-08-2026 13:47,CUS-007260,Marcus Yeo,Male,11-07-1977,49,Single,Foreigner,Technician,61019,50k-100k,D12,MARCUS.YEO477@EXAMPLE.COM,84370379,POL-0037722,09-10-2025,31-10-2025,PRULink Global Growth,Investment-Linked,Bancassurance,Semi-Annual,"S$6,074.88",486000,6074.88,0.1145,10,Inforce,10,N,,Y,,N,,,,,13,Y,CLM-0037722,14-11-2025,Outpatient Specialist,26658.9,Partially Approved,,17,N,N,0.8,8,ASR-0038,100000,N,N,0.159,,,,,,,,,False,False,False,False,POL0037722|MARCUSYEO|19770711,FUZZY_DUPLICATE
RID-0016072,POLICY_ADMIN,12-08-2026 14:55,CUS-037715,Aminah Ong,Female,06-01-1990,36,Widowed,Permanent Resident,Sales,52866,50k-100k,D12,aminah.ong465@example.com,+65 91050246,POL-0016072,24-04-2024,08-06-2024,PRUShield Standard,Health & IP,Agency,Monthly,3245.72,471000,3245.72,0.1529,5,Inforce,27,N,,Y,Public A-Ward,N,,,,,150,N,CLM-0016072,24-03-2026,Outpatient Specialist,15197.59,Approved,,28,N,N,0.66,8,ASR-0039,100000,N,N,0.079,AGT-00245,Kavitha Menon,New,6,AU-12,Active,35.8,0.39,False,False,False,False,POL0016072|AMINAHONG|19900106,FUZZY_DUPLICATE
RID-0047740,CLAIMS_SYS,12-08-2026 14:59,CUS-003147,Wan Ting Chan,Female,19-08-1988,38,Widowed,Permanent Resident,Education,87998,50k-100k,D10,WAN.TING.CHAN405@EXAMPLE.COM,99942711,POL-0032485,04-08-2024,16-09-2024,PRULink Global Growth,Investment-Linked,Bancassurance,Quarterly,"S$41,481.27",894000,41481.27,0.1169,20,Inforce,23,N,,Y,,N,,,,,52,N,,,,,,,,N,N,0.77,9,,,,,,,,,,,,,,False,False,False,False,POL0032485|WANTINGCHAN|19880819,FUZZY_DUPLICATE
RID-0048138,AGENCY_MGMT,12-08-2026 20:41,CUS-026977,PRIYA CHAN,Female,22-04-2005,21,Divorced,Citizen,Retired,52617,50k-100k,D17,PRIYA.CHAN418@EXAMPLE.COM,93589366,POL-0037876,04-03-2023,22-03-2023,PRUShield Life,Protection,Broker,Monthly,"S$1,921.69",1418000,1921.69,0.2434,15,Inforce,41,N,,Y,,N,,,,,20,N,,,,,,,,N,N,0,8,,,,,,AGT-01162,Lakshmi Pillai,Established,31,AU-21,Active,45.7,0.213,False,False,False,False,POL0037876|PRIYACHAN|20050422,FUZZY_DUPLICATE
RID-0047844,CLAIMS_SYS,12-08-2026 22:26,CUS-019630,Samantha Aziz,Female,20-12-1993,33,Married,Citizen,Professional,52008,50k-100k,D13,SAMANTHA.AZIZ71@EXAMPLE.COM,83153613,POL-0016083,25-12-2024,20-01-2025,PRUSave Endowment,Savings & Wealth,Bancassurance,Semi-Annual,"S$10,873.47",437000,10873.47,0.0492,15,Surrendered,19,Y,06-07-2025,N,,N,,,,,0,N,,,,,,,,N,N,-0.06,7,,,,,,,,,,,,,,False,False,False,False,POL0016083|SAMANTHAAZIZ|19931220,FUZZY_DUPLICATE
RID-0022973,CRM,13-03-2026 04:30,CUS-013480,Denise Chan,Female,14-09-1981,45,Single,Citizen,Technician,316900,200k-400k,D18,denise.chan80@example.com,+65 87737864,POL-0022973,22-01-2026,24-01-2026,PRUSelect Vantage,Investment-Linked,Bancassurance,Monthly,27413.29,891000,27413.29,0.0846,5,Inforce,7,N,,Y,,N,,,,,43,N,CLM-0022973,02-08-2026,Disability,3139.31,Declined,Policy exclusion clause,1,N,N,0.78,10,ASR-0051,5000,N,N,0.272,,,,,,,,,False,False,False,False,POL0022973|DENISECHAN|19810914,FUZZY_DUPLICATE
RID-0048170,AGENCY_MGMT,13-03-2026 08:26,CUS-013617,DEEPAK WRIGHT,Male,07-02-1982,44,Divorced,Employment Pass,Manager,113832,100k-200k,D01,DEEPAK.WRIGHT216@EXAMPLE.COM,91297495,POL-0014677,20-06-2025,10-07-2025,PRUFlexiCash,Savings & Wealth,Agency,Annual,"S$37,762.99",392000,37762.99,0.0513,99,Inforce,13,N,,Y,,N,,,,,0,Y,CLM-0014677,05-10-2025,Death Benefit,3380.92,Withdrawn,,30,N,N,0.66,7,ASR-0015,25000,Y,N,0.757,AGT-00842,Meera Ng,Established,12,AU-19,Active,74.5,0.243,False,False,False,False,POL0014677|DEEPAKWRIGHT|19820207,FUZZY_DUPLICATE
RID-0044876,AGENCY_MGMT,13-03-2026 10:45,CUS-016646,Farah Menon,Female,26-03-1986,40,Divorced,Citizen,Retired,85014,50k-100k,D16,farah.menon270@example.com,+65 85462700,POL-0044876,26-09-2025,14-10-2025,PRUWealth Plus,Savings & Wealth,Digital,Monthly,32402.52,192000,32402.52,0.0845,10,Inforce,10,N,,Y,,N,,,,,0,N,CLM-0044876,25-02-2026,Critical Illness,2732.92,Declined,Premium in arrears,40,N,N,0.64,10,ASR-0021,100000,N,N,0.381,,,,,,,,,False,False,False,False,POL0044876|FARAHMENON|19860326,FUZZY_DUPLICATE
RID-0022789,POLICY_ADMIN,13-04-2026 15:47,CUS-019831,Zarina Harper,Female,07-12-1985,41,Single,Employment Pass,Self-Employed,73467,50k-100k,D08,zarina.harper293@example.com,+65 92965915,POL-0022789,15-09-2025,21-09-2025,PRUShield A Plus,Health & IP,Bancassurance,Annual,2474.37,877000,2474.37,0.143,10,Inforce,11,N,,Y,Public B1-Ward,Y,767.63,767.63,0,1500,59,N,,,,,,,,N,N,0.12,9,,,,,,,,,,,,,,False,False,False,False,POL0022789|ZARINAHARPER|19851207,FUZZY_DUPLICATE
RID-0025686,CRM,13-05-2026 01:19,CUS-012816,Farah Wright,Female,23-05-1967,59,Single,Employment Pass,Sales,111499,100k-200k,D11,farah.wright276@example.com,+65 91808346,POL-0025686,16-08-2025,29-08-2025,PRUActive Term,Protection,Direct,Semi-Annual,988.15,2679000,988.15,0.2503,10,Inforce,12,N,,Y,,N,,,,,189,N,CLM-0025686,08-07-2026,Maternity,11971.91,Withdrawn,,37,N,N,0.1,9,ASR-0034,100000,N,N,0.265,,,,,,,,,False,False,False,False,POL0025686|FARAHWRIGHT|19670523,FUZZY_DUPLICATE
RID-0047897,POLICY_ADMIN,13-05-2026 06:01,CUS-029349,JonathanOng,Male,23-07-1995,31,Single,Permanent Resident,Manager,55733,50k-100k,D23,JONATHAN.ONG439@EXAMPLE.COM,84466498,POL-0008522,30-12-2024,03-02-2025,PRUActive Term,Protection,Bancassurance,Annual,"S$7,861.52",1899000,7861.52,0.2467,10,Inforce,19,N,,Y,,N,,,,,95,N,,,,,,,,N,N,-0.08,5,,,,,,,,,,,,,,False,False,False,False,POL0008522|JONATHANONG|19950723,FUZZY_DUPLICATE
RID-0034240,AGENCY_MGMT,13-05-2026 06:46,CUS-005763,Marcus Neo,Male,14-03-1984,42,Widowed,Citizen,Executive,42856,Below 50k,D11,marcus.neo381@example.com,+65 99760670,POL-0034240,06-10-2023,27-10-2023,PRUShield Life,Protection,Bancassurance,Annual,1695.66,514000,1695.66,0.2161,99,Inforce,34,N,,Y,,N,,,,,13,N,CLM-0034240,11-10-2024,Day Surgery,6303.25,Approved,,23,N,N,0.9,10,ASR-0022,25000,N,N,0.241,,,,,,,,,False,False,False,False,POL0034240|MARCUSNEO|19840314,FUZZY_DUPLICATE
RID-0039150,POLICY_ADMIN,13-06-2026 05:45,CUS-008695,Priya Goh,Female,19-01-1987,39,Single,Citizen,Healthcare,50100,50k-100k,D15,priya.goh376@example.com,+65 98397900,POL-0039150,04-04-2026,14-05-2026,PRUShield Standard,Health & IP,Agency,Semi-Annual,4604.07,558000,4604.07,0.1716,30,Inforce,3,N,,Y,Public B1-Ward,Y,1869.21,1258.88,15,2500,28,Y,CLM-0039150,01-06-2026,Critical Illness,4980.66,Approved,,21,N,N,0.99,7,ASR-0028,10000,N,N,0.399,AGT-00512,Deepak Kumar,Established,67,AU-01,Active,51.5,0.092,False,False,False,False,POL0039150|PRIYAGOH|19870119,FUZZY_DUPLICATE
RID-0048117,CLAIMS_SYS,13-06-2026 07:14,CUS-012361,Siti Nadia Turner,Female,16-11-1996,30,Single,Employment Pass,Professional,68146,50k-100k,D07,SITI.NADIA.TURNER85@EXAMPLE.COM,92940003,POL-0005202,18-03-2024,29-04-2024,PRUVantage Legacy,Savings & Wealth,Agency,Monthly,"S$3,704.81",300000,3704.81,0.083,20,Inforce,28,N,,Y,,N,,,,,20,N,CLM-0005202,23-05-2025,Accident,1360.05,Approved,,20,N,N,0.75,6,ASR-0060,10000,N,N,0.211,AGT-00324,Aminah Foo,Senior,102,AU-08,Active,76.7,0.467,False,False,False,False,POL0005202|SITINADIATURNER|19961116,FUZZY_DUPLICATE
RID-0015955,AGENCY_MGMT,13-06-2026 08:32,CUS-038153,Nurul Aisyah Mitchell,Female,04-08-1986,40,Married,Citizen,Executive,93253,50k-100k,D17,nurul.aisyah.mitchell217@example.com,+65 91193612,POL-0015955,18-04-2024,25-04-2024,PRUShield Life,Protection,Broker,Annual,2541.42,1681000,2541.42,0.3322,15,Inforce,28,N,,Y,,N,,,,,0,N,,,,,,,,N,N,0.41,10,,,,,,AGT-01180,Hui Ling Aziz,MDRT,77,AU-38,Active,61,0.1,False,False,False,False,POL0015955|NURULAISYAHMITCHELL|19860804,FUZZY_DUPLICATE
RID-0048253,CRM,13-06-2026 09:00,CUS-032502,Terence Hassan,Male,02-02-1997,29,Widowed,Employment Pass,Executive,50289,50k-100k,D28,TERENCE.HASSAN391@EXAMPLE.COM,98471569,POL-0043482,20-01-2024,15-02-2024,PRUSave Endowment,Savings & Wealth,Digital,Monthly,"S$12,387.33",311000,12387.33,0.0516,10,Inforce,30,N,,Y,,N,,,,,27,Y,,,,,,,,N,N,0.94,10,,,,,,,,,,,,,,False,False,False,False,POL0043482|TERENCEHASSAN|19970202,FUZZY_DUPLICATE
RID-0029910,POLICY_ADMIN,13-06-2026 13:15,CUS-039727,Jun Hao Nair,Male,28-04-1990,36,Married,Employment Pass,Professional,51833,50k-100k,D03,jun.hao.nair402@example.com,+65 96192586,POL-0029910,10-08-2024,05-09-2024,PRUCritical Cover,Protection,Digital,Monthly,1101.26,2087000,1101.26,0.2311,5,Inforce,24,N,,Y,,N,,,,,0,N,,,,,,,,N,N,0.75,10,,,,,,,,,,,,,,False,False,False,False,POL0029910|JUNHAONAIR|19900428,FUZZY_DUPLICATE
RID-0010529,AGENCY_MGMT,13-06-2026 13:59,CUS-020981,Arjun Ong,Male,22-10-1993,33,Single,Permanent Resident,Professional,85362,50k-100k,D14,arjun.ong315@example.com,+65 99623560,POL-0010529,25-12-2024,04-01-2025,PRUVantage Legacy,Savings & Wealth,Bancassurance,Annual,17254.62,64000,17254.62,0.0676,15,Inforce,20,N,,Y,,N,,,,,159,N,CLM-0010529,26-01-2026,Maternity,13379.9,Approved,,16,N,N,0,8,ASR-0021,100000,N,N,0.348,,,,,,,,,False,False,False,False,POL0010529|ARJUNONG|19931022,FUZZY_DUPLICATE
RID-0047511,CRM,13-06-2026 15:40,CUS-000161,DanielTeo,Male,15-02-1994,32,Single,Permanent Resident,Professional,209535,200k-400k,D14,DANIEL.TEO422@EXAMPLE.COM,91739915,POL-0044443,22-12-2025,31-12-2025,PRUWealth Plus,Savings & Wealth,Agency,Monthly,"S$39,672.24",248000,39672.24,0.0616,99,Inforce,8,N,,Y,,N,,,,,235,Y,CLM-0044443,12-08-2026,Outpatient Specialist,2099.41,Declined,Non-disclosure at underwriting,13,Y,Y,-0.51,2,ASR-0054,5000,N,N,0.162,AGT-01087,Nicholas Osman,Established,68,AU-26,Active,40.3,0.131,False,False,False,False,POL0044443|DANIELTEO|19940215,FUZZY_DUPLICATE
RID-0047855,CRM,13-07-2026 04:24,CUS-021510,Wan Ting Chua,Female,06-08-1988,38,Divorced,Citizen,Retired,131438,100k-200k,D03,WAN.TING.CHUA329@EXAMPLE.COM,82386822,POL-0041640,01-05-2023,02-06-2023,PRUActive Term,Protection,Agency,Monthly,"S$1,256.28",1020000,1256.28,0.3283,20,Inforce,39,N,,Y,,N,,,,,377,N,,,,,,,,N,N,0.41,7,,,,,,AGT-00505,Aminah Seah,New,4,AU-18,Active,32.3,0.221,False,False,False,False,POL0041640|WANTINGCHUA|19880806,FUZZY_DUPLICATE
RID-0016108,CRM,13-07-2026 07:53,CUS-002515,Samantha Chua,Female,23-05-1974,52,Divorced,Employment Pass,Self-Employed,55950,50k-100k,D27,samantha.chua17@example.com,+65 92616332,POL-0016108,13-11-2024,13-12-2024,PRUShield A Plus,Health & IP,Bancassurance,Monthly,3428.45,1114000,3428.45,0.1534,10,Inforce,20,N,,Y,Public B1-Ward,Y,1222.9,1222.9,0,0,57,N,CLM-0016108,28-08-2026,Death Benefit,1964.65,Partially Approved,,22,N,N,0.98,7,ASR-0012,100000,N,N,0.114,,,,,,,,,False,False,False,False,POL0016108|SAMANTHACHUA|19740523,FUZZY_DUPLICATE
RID-0025308,POLICY_ADMIN,13-07-2026 14:21,CUS-032835,Anjali Teo,Female,28-03-1975,51,Widowed,Citizen,Technician,129442,100k-200k,D12,anjali.teo393@example.com,+65 84688248,POL-0025308,20-08-2025,01-09-2025,PRUShield Standard,Health & IP,Bancassurance,Quarterly,1948.72,983000,1948.72,0.0886,5,Inforce,12,N,,Y,Public B1-Ward,Y,579.76,579.76,0,1500,87,N,CLM-0025308,12-04-2026,Day Surgery,4595.71,Partially Approved,,20,N,N,0.01,6,ASR-0026,10000,N,N,0.2,,,,,,,,,False,False,False,False,POL0025308|ANJALITEO|19750328,FUZZY_DUPLICATE
RID-0047914,AGENCY_MGMT,13-07-2026 17:41,CUS-022450,Divya Rahman,Female,08-01-1999,27,Single,Employment Pass,Education,69100,50k-100k,D14,DIVYA.RAHMAN250@EXAMPLE.COM,83598029,POL-0032438,27-12-2024,06-02-2025,PRULink Global Growth,Investment-Linked,Agency,Semi-Annual,"S$31,354.13",259000,31354.13,0.1758,25,Inforce,19,N,,Y,,N,,,,,0,N,CLM-0032438,27-05-2026,Outpatient Specialist,74229.05,Approved,,24,N,N,0.04,9,ASR-0002,25000,N,N,0.208,AGT-00937,Xin Yi Harper,Established,27,AU-22,Active,92.8,0.055,False,False,False,False,POL0032438|DIVYARAHMAN|19990108,FUZZY_DUPLICATE
RID-0045884,AGENCY_MGMT,13-07-2026 18:18,CUS-018198,Siti Nadia Iyer,Female,04-11-1991,35,Divorced,Citizen,Technician,91218,50k-100k,D16,siti.nadia.iyer115@example.com,+65 96593451,POL-0045884,25-03-2024,09-05-2024,PRUTerm Secure,Protection,Digital,Annual,8809.28,1070000,8809.28,0.2689,5,Inforce,28,N,,Y,,N,,,,,37,N,CLM-0045884,14-05-2024,Critical Illness,13687.68,Approved,,25,N,N,0.44,6,ASR-0025,50000,N,N,0.337,,,,,,,,,False,False,False,False,POL0045884|SITINADIAIYER|19911104,FUZZY_DUPLICATE
RID-0034536,CRM,13-07-2026 19:19,CUS-019798,Hakim Fraser,Male,04-06-1962,64,Divorced,Citizen,Civil Service,76355,50k-100k,D11,hakim.fraser341@example.com,+65 88489228,POL-0034536,26-04-2024,13-05-2024,PRUVantage Legacy,Savings & Wealth,Bancassurance,Monthly,9561.05,267000,9561.05,0.0611,25,Lapsed,28,Y,08-10-2025,Y,,N,,,,,182,N,CLM-0034536,19-10-2025,Maternity,1132.27,Partially Approved,,20,N,N,0.9,6,ASR-0045,10000,N,N,0.254,,,,,,,,,False,False,False,False,POL0034536|HAKIMFRASER|19620604,FUZZY_DUPLICATE
RID-0047981,POLICY_ADMIN,13-08-2026 00:49,CUS-028008,Deepak Koh,Male,22-02-1978,48,Single,Citizen,Technician,89805,50k-100k,D04,DEEPAK.KOH331@EXAMPLE.COM,82485330,POL-0002214,17-07-2023,26-08-2023,PRUSave Endowment,Savings & Wealth,Agency,Semi-Annual,"S$17,704.73",247000,17704.73,0.0504,99,Inforce,36,N,,Y,,N,,,,,16,N,,,,,,,,N,N,0.97,10,,,,,,AGT-00920,Hui Ling Menon,Established,44,AU-38,Active,35.9,0.148,False,False,False,False,POL0002214|DEEPAKKOH|19780222,FUZZY_DUPLICATE
RID-0027046,CLAIMS_SYS,13-08-2026 10:10,CUS-029890,Siti Nadia Tan,Female,01-10-1975,51,Single,Permanent Resident,Technician,71252,50k-100k,D18,siti.nadia.tan54@example.com,+65 89235365,POL-0027046,06-08-2025,07-08-2025,PRUCritical Cover,Protection,Bancassurance,Quarterly,2892.41,2077000,2892.41,0.2212,99,Inforce,13,N,,Y,,N,,,,,172,Y,CLM-0027046,22-01-2026,Day Surgery,6234.93,Approved,,14,N,N,0.53,8,ASR-0031,100000,N,N,0.389,,,,,,,,,False,False,False,False,POL0027046|SITINADIATAN|19751001,FUZZY_DUPLICATE
RID-0029468,CRM,13-08-2026 13:54,CUS-037096,Deepak Rahman,Male,23-08-1970,56,Widowed,Citizen,Healthcare,143925,100k-200k,D12,deepak.rahman132@example.com,+65 95144617,POL-0029468,02-04-2026,13-04-2026,PRUWealth Plus,Savings & Wealth,Agency,Semi-Annual,50950.09,193000,50950.09,0.0798,30,Inforce,4,N,,Y,,N,,,,,0,N,,,,,,,,N,N,0.32,9,,,,,,AGT-00545,Samantha Turner,Senior,84,AU-25,Active,36.5,0.266,False,False,False,False,POL0029468|DEEPAKRAHMAN|19700823,FUZZY_DUPLICATE
RID-0038144,POLICY_ADMIN,13-08-2026 15:24,CUS-022926,Samantha Sim,Female,04-07-1988,38,Single,Citizen,Retired,66716,50k-100k,D09,samantha.sim375@example.com,+65 93495278,POL-0038144,28-08-2025,10-09-2025,PRUTerm Secure,Protection,Bancassurance,Annual,6766.4,934000,6766.4,0.2047,10,Inforce,11,N,,Y,,N,,,,,191,Y,CLM-0038144,03-10-2025,Disability,6393.63,Approved,,27,N,N,0.09,7,ASR-0039,100000,N,N,0.134,,,,,,,,,False,False,False,False,POL0038144|SAMANTHASIM|19880704,FUZZY_DUPLICATE
RID-0035351,AGENCY_MGMT,13-08-2026 16:53,CUS-009473,Jia Hui Ng,Female,04-05-1991,35,Single,Citizen,Healthcare,68234,50k-100k,D08,jia.hui.ng405@example.com,+65 97621298,POL-0035351,24-03-2026,30-04-2026,PRUShield Standard,Health & IP,Agency,Annual,6446.81,904000,6446.81,0.1737,15,Inforce,4,N,,Y,Public A-Ward,Y,2075.8,980.49,15,3500,48,N,,,,,,,,N,N,0.91,10,,,,,,AGT-00122,Iskandar Chan,Established,17,AU-06,Active,37.3,0.363,False,False,False,False,POL0035351|JIAHUING|19910504,FUZZY_DUPLICATE
RID-0048020,CRM,14-03-2026 01:18,CUS-008908,Zarina Fraser,Female,26-10-2005,21,Single,Citizen,Sales,191224,100k-200k,D06,ZARINA.FRASER402@EXAMPLE.COM,95119690,POL-0010877,02-03-2023,24-03-2023,PRUActive Term,Protection,Bancassurance,Annual,"S$7,610.48",511000,7610.48,0.2375,25,Inforce,41,N,,Y,,N,,,,,67,N,CLM-0010877,10-11-2024,Hospitalisation,189.7,Approved,,6,N,N,0.61,9,ASR-0040,100000,N,N,0.11,,,,,,,,,False,False,False,False,POL0010877|ZARINAFRASER|20051026,FUZZY_DUPLICATE
RID-0044226,AGENCY_MGMT,14-03-2026 03:14,CUS-022885,Iskandar Wong,Male,10-01-1978,48,Married,Permanent Resident,Manager,69888,50k-100k,D21,iskandar.wong49@example.com,+65 92426220,POL-0044226,18-10-2025,02-11-2025,PRUExtra Care,Health & IP,Broker,Monthly,4183.06,262000,4183.06,0.2033,99,Inforce,10,N,,Y,Private Hospital,Y,1195.73,1195.73,0,0,0,N,CLM-0044226,09-07-2026,Maternity,1372.7,Approved,,8,N,N,0.78,9,ASR-0044,50000,N,N,0.256,AGT-00001,Joanne Turner,Established,72,AU-01,Active,56.2,0.021,False,False,False,False,POL0044226|ISKANDARWONG|19780110,FUZZY_DUPLICATE
RID-0027414,POLICY_ADMIN,14-03-2026 06:24,CUS-022958,Siew Peng Chong,Female,25-07-2001,25,Married,Citizen,Education,90882,50k-100k,D18,siew.peng.chong66@example.com,+65 85165613,POL-0027414,10-01-2025,09-02-2025,PRUActive Term,Protection,Agency,Semi-Annual,982.16,691000,982.16,0.3386,99,Inforce,18,N,,Y,,N,,,,,267,N,,,,,,,,N,N,0.05,7,,,,,,AGT-00131,Denise Rahman,Established,56,AU-11,Active,30.5,0.382,False,False,False,False,POL0027414|SIEWPENGCHONG|20010725,FUZZY_DUPLICATE
RID-0020707,CRM,14-03-2026 06:31,CUS-026155,Aminah Harper,Female,11-01-1977,49,Widowed,Permanent Resident,Sales,84162,50k-100k,D23,aminah.harper13@example.com,+65 84707376,POL-0020707,10-03-2025,24-04-2025,PRUCritical Cover,Protection,Agency,Annual,2898.82,2706000,2898.82,0.251,99,Inforce,16,N,,Y,,N,,,,,17,N,CLM-0020707,15-10-2025,Maternity,12584.4,Approved,,19,N,N,-0.19,9,ASR-0056,50000,N,N,0.152,AGT-00386,Zulkifli Fraser,MDRT,141,AU-10,Active,90,0.249,False,False,False,False,POL0020707|AMINAHHARPER|19770111,FUZZY_DUPLICATE
RID-0047985,CRM,14-03-2026 10:44,CUS-010633,Yong Sheng Nair,Male,24-08-1988,38,Single,Citizen,Healthcare,53198,50k-100k,D25,YONG.SHENG.NAIR250@EXAMPLE.COM,94721225,POL-0026996,21-07-2025,11-08-2025,PRUVantage Legacy,Savings & Wealth,Agency,Monthly,"S$38,392.40",195000,38392.4,0.0803,99,Inforce,12,N,,Y,,N,,,,,15,N,CLM-0026996,28-07-2026,Hospitalisation,2440.42,Approved,,1,N,N,0.53,8,ASR-0023,50000,N,N,0.384,AGT-00452,Aravind Ibrahim,MDRT,206,AU-35,Active,65.3,0.552,False,False,False,False,POL0026996|YONGSHENGNAIR|19880824,FUZZY_DUPLICATE
RID-0036179,CLAIMS_SYS,14-04-2026 06:18,CUS-001988,Cheryl Harper,Female,14-02-1971,55,Married,Citizen,Technician,92897,50k-100k,D16,cheryl.harper485@example.com,+65 81057240,POL-0036179,13-10-2024,15-10-2024,PRUShield Standard,Health & IP,Agency,Annual,5085.14,857000,5085.14,0.1409,99,Inforce,22,N,,Y,Private Hospital,Y,1921.78,1921.78,0,1500,237,N,CLM-0036179,05-10-2025,Hospitalisation,21626.57,Partially Approved,,24,N,N,0.45,8,ASR-0046,25000,N,N,0.184,AGT-01153,Jonathan Aziz,Senior,60,AU-30,Active,73.6,0.431,False,False,False,False,POL0036179|CHERYLHARPER|19710214,FUZZY_DUPLICATE
RID-0048394,POLICY_ADMIN,14-04-2026 08:56,CUS-008929,Cheryl Sim,Female,21-08-1985,41,Married,Citizen,Executive,233905,200k-400k,D09,CHERYL.SIM77@EXAMPLE.COM,99590537,POL-0019618,24-07-2023,20-08-2023,PRUCritical Cover,Protection,Bancassurance,Annual,"S$3,259.19",1430000,3259.19,0.2207,5,Inforce,36,N,,Y,,N,,,,,0,N,CLM-0019618,11-07-2024,Maternity,3104.27,Approved,,27,N,N,0.39,10,ASR-0057,50000,N,N,0.007,,,,,,,,,False,False,False,False,POL0019618|CHERYLSIM|19850821,FUZZY_DUPLICATE
RID-0008657,POLICY_ADMIN,14-04-2026 18:31,CUS-010628,Nicholas Kamal,Male,03-07-1980,46,Married,Citizen,Executive,91840,50k-100k,D09,nicholas.kamal105@example.com,+65 96972715,POL-0008657,01-01-2023,22-01-2023,PRUVantage Legacy,Savings & Wealth,Agency,Annual,40086.4,88000,40086.4,0.0549,5,Inforce,43,N,,Y,,N,,,,,23,N,CLM-0008657,31-03-2023,Hospitalisation,2405.59,Pending,,26,N,Y,-0.74,5,ASR-0010,50000,N,Y,0.961,AGT-00820,Valerie Chong,Senior,132,AU-37,Active,43.1,0.131,False,False,False,False,POL0008657|NICHOLASKAMAL|19800703,FUZZY_DUPLICATE
RID-0047532,CRM,14-04-2026 19:26,CUS-036540,LakshmiNeo,Female,28-09-1984,42,Married,Citizen,Executive,63922,50k-100k,D14,LAKSHMI.NEO174@EXAMPLE.COM,95685647,POL-0037605,01-06-2025,08-06-2025,PRUVantage Legacy,Savings & Wealth,Agency,Annual,"S$43,229.58",238000,43229.58,0.0932,99,Inforce,15,N,,Y,,N,,,,,105,Y,,,,,,,,N,N,-0.04,8,,,,,,AGT-00776,Terence Harper,Established,44,AU-23,Active,39.1,0.24,False,False,False,False,POL0037605|LAKSHMINEO|19840928,FUZZY_DUPLICATE
RID-0048480,CRM,14-04-2026 19:36,CUS-005758,Meera Osman,Female,20-07-2005,21,Single,Citizen,Retired,97436,50k-100k,D25,MEERA.OSMAN438@EXAMPLE.COM,91407339,POL-0025560,25-05-2023,04-07-2023,PRUVantage Legacy,Savings & Wealth,Bancassurance,Monthly,"S$57,077.26",383000,57077.26,0.0592,5,Inforce,38,N,,Y,,N,,,,,87,N,CLM-0025560,24-10-2023,Accident,10340.99,Partially Approved,,14,N,N,0.9,7,ASR-0027,25000,N,N,0.079,,,,,,,,,False,False,False,False,POL0025560|MEERAOSMAN|20050720,FUZZY_DUPLICATE
RID-0048414,AGENCY_MGMT,14-04-2026 21:20,CUS-022546,ISKANDAR FRASER,Male,15-05-1975,51,Divorced,Citizen,Retired,264572,200k-400k,D03,ISKANDAR.FRASER18@EXAMPLE.COM,91019828,POL-0011522,11-09-2023,17-10-2023,PRUFlexiCash,Savings & Wealth,Bancassurance,Semi-Annual,"S$30,871.20",251000,30871.2,0.0735,20,Inforce,35,N,,Y,,N,,,,,0,N,CLM-0011522,22-06-2025,Hospitalisation,52016.68,Approved,,14,N,N,0.75,9,ASR-0039,100000,N,N,0.008,,,,,,,,,False,False,False,False,POL0011522|ISKANDARFRASER|19750515,FUZZY_DUPLICATE
RID-0012797,POLICY_ADMIN,14-05-2026 00:17,CUS-037614,Siti Nadia Chua,Female,13-07-1995,31,Divorced,Citizen,Education,51742,50k-100k,D04,siti.nadia.chua481@example.com,+65 94775557,POL-0012797,20-10-2024,22-11-2024,PRUSave Endowment,Savings & Wealth,Bancassurance,Annual,13866.13,174000,13866.13,0.0415,99,Inforce,21,N,,Y,,N,,,,,36,Y,,,,,,,,N,N,0.93,8,,,,,,,,,,,,,,False,False,False,False,POL0012797|SITINADIACHUA|19950713,FUZZY_DUPLICATE
RID-0047530,CRM,14-05-2026 11:46,CUS-017303,Jonathan Rahman,Male,11-07-1977,49,Single,Permanent Resident,Healthcare,121821,100k-200k,D05,JONATHAN.RAHMAN247@EXAMPLE.COM,85516526,POL-0026247,29-05-2023,01-06-2023,PRUSave Endowment,Savings & Wealth,Agency,Monthly,"S$48,008.60",157000,48008.6,0.0727,25,Inforce,39,N,,Y,,N,,,,,240,N,CLM-0026247,16-08-2023,Hospitalisation,4279.78,Withdrawn,,21,N,N,0.2,8,ASR-0044,50000,N,N,0.146,AGT-00085,Joanne Ong,New,8,AU-33,Active,89.9,0.061,False,False,False,False,POL0026247|JONATHANRAHMAN|19770711,FUZZY_DUPLICATE
RID-0047573,CLAIMS_SYS,14-05-2026 11:50,CUS-005936,HAKIM TURNER,Male,09-06-1994,32,Single,Citizen,Self-Employed,165800,100k-200k,D08,HAKIM.TURNER359@EXAMPLE.COM,93513407,POL-0023553,19-03-2024,10-04-2024,PRUCritical Cover,Protection,Broker,Annual,"S$1,540.69",1080000,1540.69,0.2941,30,Inforce,29,N,,Y,,N,,,,,0,N,,,,,,,,N,N,0.02,10,,,,,,AGT-00439,Nurul Aisyah Wright,New,1,AU-28,Active,45.7,0.185,False,False,False,False,POL0023553|HAKIMTURNER|19940609,FUZZY_DUPLICATE
RID-0047808,CLAIMS_SYS,14-05-2026 12:11,CUS-040694,JoanneNg,Female,08-10-1977,49,Widowed,Citizen,Professional,49206,Below 50k,D10,JOANNE.NG331@EXAMPLE.COM,86276487,POL-0045299,08-03-2024,30-03-2024,PRULink Global Growth,Investment-Linked,Bancassurance,Monthly,"S$35,335.71",372000,35335.71,0.0913,20,Inforce,29,N,,Y,,N,,,,,186,N,CLM-0045299,27-08-2024,Outpatient Specialist,3091.64,Approved,,16,N,N,0.35,10,ASR-0052,5000,N,N,0.231,,,,,,,,,False,False,False,False,POL0045299|JOANNENG|19771008,FUZZY_DUPLICATE
RID-0023945,CRM,14-06-2026 06:30,CUS-009863,Iskandar Chua,Male,15-09-1970,56,Divorced,Citizen,Professional,100911,100k-200k,D15,iskandar.chua456@example.com,+65 92237897,POL-0023945,03-11-2024,08-11-2024,PRUCritical Cover,Protection,Bancassurance,Quarterly,1454.2,2298000,1454.2,0.1915,10,Inforce,22,N,,Y,,N,,,,,88,N,CLM-0023945,11-11-2025,Day Surgery,4435.35,Partially Approved,,26,N,N,0.65,6,ASR-0026,10000,N,N,0.23,,,,,,,,,False,False,False,False,POL0023945|ISKANDARCHUA|19700915,FUZZY_DUPLICATE
RID-0008564,CRM,14-06-2026 10:36,CUS-031933,Faisal Wright,Male,11-06-1981,45,Single,Foreigner,Manager,120857,100k-200k,D17,faisal.wright497@example.com,+65 91440170,POL-0008564,20-05-2026,03-06-2026,PRUFlexiCash,Savings & Wealth,Bancassurance,Monthly,11817.72,459000,11817.72,0.0659,30,Inforce,3,N,,Y,,N,,,,,12,N,,,,,,,,N,N,0.8,8,,,,,,,,,,,,,,False,False,False,False,POL0008564|FAISALWRIGHT|19810611,FUZZY_DUPLICATE
RID-0048102,CRM,14-06-2026 20:12,CUS-002171,Aravind Neo,Male,13-04-1990,36,Single,Citizen,Civil Service,86041,50k-100k,D04,ARAVIND.NEO144@EXAMPLE.COM,97055321,POL-0030499,28-06-2023,30-07-2023,PRUShield Life,Protection,Bancassurance,Monthly,"S$1,331.45",931000,1331.45,0.2296,20,Inforce,37,N,,Y,,N,,,,,110,N,,,,,,,,N,N,0.87,10,,,,,,,,,,,,,,False,False,False,False,POL0030499|ARAVINDNEO|19900413,FUZZY_DUPLICATE
RID-0047908,CLAIMS_SYS,14-06-2026 23:03,CUS-021235,NurulAisyahLee,Female,11-12-1973,53,Widowed,Foreigner,Healthcare,206142,200k-400k,D17,NURUL.AISYAH.LEE264@EXAMPLE.COM,87353818,POL-0013223,24-10-2025,29-11-2025,PRUShield A Plus,Health & IP,Bancassurance,Annual,"S$5,810.05",211000,5810.05,0.1313,15,Inforce,9,N,,Y,Public A-Ward,N,,,,,82,N,CLM-0013223,01-08-2026,Day Surgery,29671.7,Approved,,36,N,N,0.02,9,ASR-0011,50000,N,N,0.214,,,,,,,,,False,False,False,False,POL0013223|NURULAISYAHLEE|19731211,FUZZY_DUPLICATE
RID-0048022,CRM,14-07-2026 00:16,CUS-003432,ISKANDAR CHONG,Male,13-07-1984,42,Married,Citizen,Executive,217429,200k-400k,D13,ISKANDAR.CHONG437@EXAMPLE.COM,83969406,POL-0015538,05-04-2026,01-05-2026,PRUWealth Plus,Savings & Wealth,Bancassurance,Monthly,"S$18,575.85",168000,18575.85,0.0606,99,Inforce,4,N,,Y,,N,,,,,14,N,CLM-0015538,10-05-2026,Critical Illness,1301.57,Approved,,1,N,N,-0.1,7,ASR-0039,100000,N,N,0.182,,,,,,,,,False,False,False,False,POL0015538|ISKANDARCHONG|19840713,FUZZY_DUPLICATE
RID-0047712,CLAIMS_SYS,14-07-2026 03:48,CUS-005361,Valerie Rahman,Female,10-06-1986,40,Widowed,Permanent Resident,Self-Employed,104151,100k-200k,D20,VALERIE.RAHMAN41@EXAMPLE.COM,96618161,POL-0016333,11-03-2025,22-04-2025,PRUExtra Care,Health & IP,Broker,Annual,"S$2,204.71",1420000,2204.71,0.1653,20,Inforce,16,N,,Y,Private Hospital,Y,730.28,730.28,0,0,0,N,,,,,,,,N,N,0.94,9,,,,,,AGT-00748,Kai Xuan Teo,Established,17,AU-26,Active,95.6,0.08,False,False,False,False,POL0016333|VALERIERAHMAN|19860610,FUZZY_DUPLICATE
RID-0047933,CRM,14-07-2026 05:26,CUS-000696,YONG SHENG LIM,Male,26-10-1971,55,Divorced,Citizen,Technician,39851,Below 50k,D13,YONG.SHENG.LIM103@EXAMPLE.COM,88602021,POL-0037241,21-06-2023,08-07-2023,PRUShield Life,Protection,Bancassurance,Semi-Annual,S$831.21,186000,831.21,0.2533,25,Inforce,38,N,,Y,,N,,,,,0,N,CLM-0037241,05-12-2024,Death Benefit,6781.98,Approved,,4,N,N,0.19,6,ASR-0022,25000,N,N,0.217,,,,,,,,,False,False,False,False,POL0037241|YONGSHENGLIM|19711026,FUZZY_DUPLICATE
RID-0025035,CRM,14-07-2026 10:16,CUS-019915,Nurul Aisyah Tan,Female,27-04-1976,50,Single,Citizen,Retired,30000,Below 50k,D10,nurul.aisyah.tan196@example.com,+65 94428788,POL-0025035,10-05-2025,11-06-2025,PRUWealth Plus,Savings & Wealth,Agency,Semi-Annual,38261.59,449000,38261.59,0.0471,15,Inforce,14,N,,Y,,N,,,,,0,N,,,,,,,,N,N,0.96,8,,,,,,AGT-00050,Rohan Aziz,Established,64,AU-04,Active,79.1,0.224,False,False,False,False,POL0025035|NURULAISYAHTAN|19760427,FUZZY_DUPLICATE
RID-0007001,CLAIMS_SYS,14-07-2026 12:42,CUS-023426,Nicholas Sim,Male,22-02-1990,36,Divorced,Employment Pass,Education,48473,Below 50k,D16,nicholas.sim160@example.com,+65 98073295,POL-0007001,10-04-2026,12-05-2026,PRUFlexiCash,Savings & Wealth,Agency,Monthly,15722.19,489000,15722.19,0.0352,25,Inforce,3,N,,Y,,N,,,,,290,N,,,,,,,,N,N,0.15,8,,,,,,AGT-00724,Yong Sheng Osman,Established,78,AU-10,Active,50.8,0.376,False,False,False,False,POL0007001|NICHOLASSIM|19900222,FUZZY_DUPLICATE
RID-0047817,CRM,14-07-2026 15:55,CUS-035808,MUHAMMAD ARIFF OSMAN,Male,24-04-1993,33,Widowed,Citizen,Education,95963,50k-100k,D04,MUHAMMAD.ARIFF.OSMAN58@EXAMPLE.COM,96621062,POL-0011087,05-07-2025,02-08-2025,PRUCritical Cover,Protection,Agency,Quarterly,S$795.66,1156000,795.66,0.2807,5,Inforce,13,N,,Y,,N,,,,,0,N,CLM-0011087,17-10-2025,Maternity,1297.08,Partially Approved,,6,N,Y,-0.64,3,ASR-0028,10000,N,N,0.149,AGT-00078,Mei Yi Goh,Established,62,AU-18,Active,53.3,0.029,False,False,False,False,POL0011087|MUHAMMADARIFFOSMAN|19930424,FUZZY_DUPLICATE
RID-0047601,POLICY_ADMIN,14-07-2026 16:25,CUS-039508,Meera Menon,Female,11-04-1970,56,Widowed,Employment Pass,Education,135779,100k-200k,D07,MEERA.MENON458@EXAMPLE.COM,99975520,POL-0038566,06-05-2024,10-06-2024,PRUVantage Legacy,Savings & Wealth,Agency,Annual,"S$6,583.58",247000,6583.58,0.0911,99,Lapsed,27,Y,27-01-2025,N,,N,,,,,42,N,CLM-0038566,27-08-2024,Day Surgery,184.48,Approved,,1,N,N,0.79,9,ASR-0015,25000,N,N,0.828,AGT-00202,Siti Nadia Teo,Established,31,AU-10,Active,37.8,0.333,False,False,False,False,POL0038566|MEERAMENON|19700411,FUZZY_DUPLICATE
RID-0047688,CLAIMS_SYS,14-07-2026 17:35,CUS-021154,Joanne Raj,Female,21-02-1973,53,Widowed,Citizen,Healthcare,92951,50k-100k,D28,JOANNE.RAJ442@EXAMPLE.COM,94700035,POL-0007685,11-01-2026,22-02-2026,PRUWealth Plus,Savings & Wealth,Agency,Monthly,"S$3,764.14",409000,3764.14,0.0684,30,Inforce,6,N,,Y,,N,,,,,25,Y,,,,,,,,N,N,0.85,6,,,,,,AGT-00465,Muhammad Ariff Pillai,Established,76,AU-15,Active,60.2,0.1,False,False,False,False,POL0007685|JOANNERAJ|19730221,FUZZY_DUPLICATE
RID-0017316,POLICY_ADMIN,14-08-2026 00:14,CUS-036122,Wan Ting Kumar,Female,01-10-2000,26,Divorced,Citizen,Manager,101578,100k-200k,D01,wan.ting.kumar41@example.com,+65 94557555,POL-0017316,06-10-2023,21-10-2023,PRULink Global Growth,Investment-Linked,Agency,Quarterly,5845.73,666000,5845.73,0.1706,10,Inforce,34,N,,Y,,N,,,,,77,N,CLM-0017316,26-02-2026,Maternity,36979.15,Approved,,11,N,N,-0.06,7,ASR-0058,100000,N,N,0.329,AGT-00322,Edwin Salleh,Established,70,AU-13,Active,50.1,0.266,False,False,False,False,POL0017316|WANTINGKUMAR|20001001,FUZZY_DUPLICATE
RID-0024361,POLICY_ADMIN,14-08-2026 01:42,CUS-012744,Wei Ming Neo,Male,02-10-1987,39,Widowed,Foreigner,Education,128601,100k-200k,D01,wei.ming.neo73@example.com,+65 98211548,POL-0024361,31-05-2026,15-07-2026,PRUCritical Cover,Protection,Agency,Monthly,3772.68,1950000,3772.68,0.2297,15,Inforce,1,N,,Y,,N,,,,,262,N,,,,,,,,N,N,0.25,9,,,,,,AGT-00618,Hui Ling Wright,New,5,AU-01,Active,89.5,0.311,False,False,False,False,POL0024361|WEIMINGNEO|19871002,FUZZY_DUPLICATE
RID-0046592,CRM,14-08-2026 01:55,CUS-007477,Jonathan Wright,Male,13-04-1981,45,Divorced,Citizen,Sales,30000,Below 50k,D28,jonathan.wright484@example.com,+65 84265340,POL-0046592,15-09-2023,16-09-2023,PRUFlexiCash,Savings & Wealth,Agency,Monthly,42000.36,177000,42000.36,0.0601,5,Lapsed,36,Y,13-01-2026,Y,,N,,,,,207,N,CLM-0046592,12-12-2023,Critical Illness,1641.72,Approved,,25,N,N,0.56,8,ASR-0022,25000,N,N,0.222,AGT-00043,Edwin Salleh,Established,59,AU-12,Active,85,0.056,False,False,False,False,POL0046592|JONATHANWRIGHT|19810413,FUZZY_DUPLICATE
RID-0047867,AGENCY_MGMT,14-08-2026 01:55,CUS-037628,Hakim Yeo,Male,16-05-1991,35,Married,Citizen,Retired,85868,50k-100k,D12,HAKIM.YEO472@EXAMPLE.COM,82397749,POL-0015208,18-02-2023,30-03-2023,PRUShield Standard,Health & IP,Bancassurance,Monthly,"S$6,989.23",681000,6989.23,0.1292,15,Inforce,41,N,,Y,Public B1-Ward,N,,,,,0,N,CLM-0015208,23-12-2023,Day Surgery,3240.32,Approved,,16,N,N,0.95,7,ASR-0029,5000,N,N,0.002,,,,,,,,,False,False,False,False,POL0015208|HAKIMYEO|19910516,FUZZY_DUPLICATE
RID-0000254,CRM,14-08-2026 03:16,CUS-010820,Valerie Salleh,Female,25-07-1986,40,Divorced,Citizen,Executive,154413,100k-200k,D18,valerie.salleh292@example.com,+65 81719548,POL-0000254,12-04-2023,15-04-2023,PRUWealth Plus,Savings & Wealth,Agency,Monthly,55135.59,76000,55135.59,0.0889,25,Lapsed,41,Y,15-07-2024,Y,,N,,,,,141,Y,,,,,,,,N,N,0.41,7,,,,,,AGT-00460,Samantha Menon,New,6,AU-23,Resigned,50.1,0.237,False,False,False,False,POL0000254|VALERIESALLEH|19860725,FUZZY_DUPLICATE
RID-0047557,POLICY_ADMIN,14-08-2026 03:54,CUS-025760,WeiMingGoh,Male,04-10-1961,65,Married,Citizen,Civil Service,51441,50k-100k,D16,WEI.MING.GOH118@EXAMPLE.COM,88057712,POL-0040992,30-09-2023,06-10-2023,PRUExtra Care,Health & IP,Bancassurance,Annual,S$852.25,358000,852.25,0.1377,30,Inforce,35,N,,Y,Public B1-Ward,Y,418.85,418.85,0,0,0,N,CLM-0040992,24-12-2023,Day Surgery,2646.85,Approved,,32,N,N,0,6,ASR-0006,25000,N,N,0.408,,,,,,,,,False,False,False,False,POL0040992|WEIMINGGOH|19611004,FUZZY_DUPLICATE
RID-0048432,CLAIMS_SYS,14-08-2026 13:43,CUS-009046,WAN TING LIM,Female,24-08-1952,74,Single,Permanent Resident,Technician,159461,100k-200k,D01,WAN.TING.LIM279@EXAMPLE.COM,88539740,POL-0027498,19-01-2025,12-02-2025,PRUSelect Vantage,Investment-Linked,Agency,Annual,"S$31,899.62",154000,31899.62,0.1543,30,Inforce,18,N,,Y,,N,,,,,11,N,CLM-0027498,06-04-2025,Accident,2724.78,Approved,,19,N,N,-0.12,10,ASR-0015,25000,Y,N,0.804,AGT-00001,Joanne Turner,Established,72,AU-01,Active,56.2,0.021,False,False,False,False,POL0027498|WANTINGLIM|19520824,FUZZY_DUPLICATE
RID-0033388,CLAIMS_SYS,14-08-2026 21:08,CUS-028126,Zarina Sim,Female,08-03-1975,51,Single,Citizen,Manager,54530,50k-100k,D21,zarina.sim81@example.com,+65 88975357,POL-0033388,09-01-2024,31-01-2024,PRUVantage Legacy,Savings & Wealth,Broker,Quarterly,9317.13,465000,9317.13,0.0405,30,Inforce,31,N,,Y,,N,,,,,0,N,,,,,,,,N,N,0.06,9,,,,,,AGT-00161,Kai Xuan Osman,Senior,114,AU-31,Active,74.5,0.71,False,False,False,False,POL0033388|ZARINASIM|19750308,FUZZY_DUPLICATE
RID-0048393,CLAIMS_SYS,14-08-2026 22:46,CUS-020553,Muhammad Ariff Sim,Male,22-05-1971,55,Divorced,Citizen,Manager,74510,50k-100k,D16,MUHAMMAD.ARIFF.SIM227@EXAMPLE.COM,84202781,POL-0040812,13-12-2025,21-01-2026,PRUShield Standard,Health & IP,Agency,Semi-Annual,"S$4,523.81",1193000,4523.81,0.1846,10,Inforce,7,N,,Y,Public B1-Ward,Y,2185.89,2185.89,0,1500,0,N,CLM-0040812,07-04-2026,Death Benefit,723.92,Approved,,16,N,N,-0.08,6,ASR-0011,50000,N,N,0.41,AGT-00905,Kavitha Yeo,New,10,AU-39,Active,25.2,0.339,False,False,False,False,POL0040812|MUHAMMADARIFFSIM|19710522,FUZZY_DUPLICATE
RID-0047524,AGENCY_MGMT,15-03-2026 02:40,CUS-035465,Samantha Neo,Female,09-05-1975,51,Married,Foreigner,Technician,80199,50k-100k,D14,SAMANTHA.NEO125@EXAMPLE.COM,81169719,POL-0038658,21-01-2024,16-02-2024,PRUFlexiCash,Savings & Wealth,Agency,Monthly,"S$32,245.69",106000,32245.69,0.0568,15,Inforce,30,N,,Y,,N,,,,,45,N,CLM-0038658,13-01-2026,Hospitalisation,2067.83,Approved,,17,N,N,0.31,7,ASR-0016,100000,N,N,0.299,AGT-00181,Iskandar Teo,Established,36,AU-07,Active,56.1,0.391,False,False,False,False,POL0038658|SAMANTHANEO|19750509,FUZZY_DUPLICATE
RID-0048482,POLICY_ADMIN,15-03-2026 16:12,CUS-024240,CHERYL TURNER,Female,28-08-1950,76,Married,Foreigner,Technician,121068,100k-200k,D16,CHERYL.TURNER200@EXAMPLE.COM,92156487,POL-0012448,19-06-2023,12-07-2023,PRUSave Endowment,Savings & Wealth,Agency,Monthly,"S$38,717.37",276000,38717.37,0.0728,10,Inforce,38,N,,Y,,N,,,,,0,Y,CLM-0012448,14-08-2025,Death Benefit,1662.24,Partially Approved,,22,N,N,0.07,7,ASR-0031,100000,N,N,0.121,AGT-01157,Vikram Menon,New,4,AU-13,Active,47,0.1,False,False,False,False,POL0012448|CHERYLTURNER|19500828,FUZZY_DUPLICATE
RID-0009128,AGENCY_MGMT,15-03-2026 21:13,CUS-001417,Kai Xuan Chua,Male,20-05-1978,48,Widowed,Citizen,Technician,30000,Below 50k,D27,kai.xuan.chua50@example.com,+65 82753746,POL-0009128,07-05-2025,03-06-2025,PRUShield Life,Protection,Bancassurance,Quarterly,6091.56,2990000,6091.56,0.2393,15,Inforce,15,N,,Y,,N,,,,,11,N,CLM-0009128,12-08-2025,Death Benefit,1748.21,Approved,,35,N,N,0.49,8,ASR-0058,100000,N,N,0.25,,,,,,,,,False,False,False,False,POL0009128|KAIXUANCHUA|19780520,FUZZY_DUPLICATE
RID-0047836,CLAIMS_SYS,15-04-2026 10:28,CUS-040212,Deepak Sim,Male,08-02-1977,49,Married,Permanent Resident,Manager,99287,50k-100k,D16,DEEPAK.SIM76@EXAMPLE.COM,92209999,POL-0014214,13-10-2025,25-10-2025,PRULink Global Growth,Investment-Linked,Broker,Monthly,"S$20,626.95",888000,20626.95,0.1293,25,Inforce,10,N,,Y,,N,,,,,136,N,CLM-0014214,22-02-2026,Accident,11613.45,Declined,Pre-existing condition,11,N,N,0.32,7,ASR-0056,50000,N,N,0.031,AGT-01166,Muhammad Ariff Aziz,Senior,171,AU-01,Active,67.1,0.048,False,False,False,False,POL0014214|DEEPAKSIM|19770208,FUZZY_DUPLICATE
RID-0048198,POLICY_ADMIN,15-04-2026 15:22,CUS-040667,LAKSHMI HARPER,Female,06-12-1964,62,Divorced,Permanent Resident,Civil Service,30000,Below 50k,D16,LAKSHMI.HARPER134@EXAMPLE.COM,89990312,POL-0005922,27-03-2025,20-04-2025,PRUWealth Plus,Savings & Wealth,Agency,Monthly,"S$39,074.88",456000,39074.88,0.0766,30,Inforce,16,N,,Y,,N,,,,,39,N,CLM-0005922,28-03-2026,Outpatient Specialist,5090.27,Approved,,27,N,N,0.55,8,ASR-0056,50000,N,N,0.419,AGT-00948,Marcus Ho,Senior,158,AU-05,Active,39.4,0.626,False,False,False,False,POL0005922|LAKSHMIHARPER|19641206,FUZZY_DUPLICATE
RID-0048365,CRM,15-04-2026 16:04,CUS-035920,Siti Nadia Ong,Female,08-03-1974,52,Single,Citizen,Sales,56057,50k-100k,D08,SITI.NADIA.ONG463@EXAMPLE.COM,81323590,POL-0026582,12-04-2024,19-04-2024,PRUWealth Plus,Savings & Wealth,Agency,Annual,"S$37,118.60",315000,37118.6,0.0433,10,Inforce,28,N,,Y,,N,,,,,0,Y,CLM-0026582,31-08-2026,Disability,3737.29,Approved,,9,N,N,0.42,9,ASR-0028,10000,N,N,0.251,AGT-00088,Marcus Salleh,Established,34,AU-30,Active,74.9,0.354,False,False,False,False,POL0026582|SITINADIAONG|19740308,FUZZY_DUPLICATE
RID-0048212,CLAIMS_SYS,15-04-2026 18:09,CUS-024465,AnjaliHarper,Female,22-01-1967,59,Divorced,Citizen,Healthcare,96069,50k-100k,D14,ANJALI.HARPER291@EXAMPLE.COM,93866522,POL-0012991,30-11-2023,08-01-2024,PRUVantage Legacy,Savings & Wealth,Bancassurance,Semi-Annual,"S$14,304.20",87000,14304.2,0.0537,20,Inforce,32,N,,Y,,N,,,,,51,N,CLM-0012991,22-01-2026,Outpatient Specialist,1966.19,Declined,Outside panel provider,17,N,N,0.59,10,ASR-0051,5000,N,N,0.403,,,,,,,,,False,False,False,False,POL0012991|ANJALIHARPER|19670122,FUZZY_DUPLICATE
RID-0048070,CLAIMS_SYS,15-04-2026 19:55,CUS-010321,XIN YI RAJ,Female,02-01-2005,21,Single,Foreigner,Executive,137913,100k-200k,D07,XIN.YI.RAJ398@EXAMPLE.COM,82266765,POL-0016383,26-10-2025,17-11-2025,PRUSelect Vantage,Investment-Linked,Agency,Monthly,"S$23,036.21",896000,23036.21,0.1074,10,Inforce,9,N,,Y,,N,,,,,78,N,CLM-0016383,01-02-2026,Maternity,5247.12,Declined,Premium in arrears,17,N,N,-0.16,7,ASR-0040,100000,N,N,0.312,AGT-00302,Kavitha Mitchell,MDRT,176,AU-07,Active,57.4,0.399,False,False,False,False,POL0016383|XINYIRAJ|20050102,FUZZY_DUPLICATE
RID-0047870,CLAIMS_SYS,15-04-2026 23:02,CUS-036744,MUHAMMAD ARIFF ONG,Male,01-01-1972,54,Widowed,Citizen,Professional,85826,50k-100k,D02,MUHAMMAD.ARIFF.ONG408@EXAMPLE.COM,85638388,POL-0025776,07-05-2025,30-05-2025,PRUCritical Cover,Protection,Bancassurance,Monthly,"S$8,811.88",1528000,8811.88,0.1703,20,Inforce,15,N,,Y,,N,,,,,130,N,CLM-0025776,25-05-2026,Death Benefit,19112.72,Approved,,17,N,N,0.57,9,ASR-0040,100000,N,N,0.208,,,,,,,,,False,False,False,False,POL0025776|MUHAMMADARIFFONG|19720101,FUZZY_DUPLICATE
RID-0047900,CRM,15-05-2026 04:58,CUS-035221,JUN HAO SEAH,Male,05-03-1984,42,Divorced,Citizen,Sales,59987,50k-100k,D06,JUN.HAO.SEAH489@EXAMPLE.COM,84919364,POL-0020032,09-04-2023,20-04-2023,PRUShield Premier,Health & IP,Bancassurance,Monthly,"S$6,345.42",1315000,6345.42,0.103,5,Lapsed,41,Y,08-06-2026,Y,Public B1-Ward,Y,1895.44,1895.44,0,2500,0,N,CLM-0020032,27-06-2023,Accident,14303.73,Declined,Outside panel provider,1,N,Y,-0.79,1,ASR-0058,100000,N,N,0.198,,,,,,,,,False,False,False,False,POL0020032|JUNHAOSEAH|19840305,FUZZY_DUPLICATE
RID-0048057,POLICY_ADMIN,15-05-2026 10:17,CUS-029912,Arjun Hassan,Male,10-07-1965,61,Widowed,Citizen,Sales,235120,200k-400k,D13,ARJUN.HASSAN278@EXAMPLE.COM,94153182,POL-0043219,12-05-2024,01-06-2024,PRUFlexiCash,Savings & Wealth,Agency,Monthly,"S$35,167.43",413000,35167.43,0.094,20,Inforce,27,N,,Y,,N,,,,,50,N,,,,,,,,N,N,-0.08,7,,,,,,AGT-00751,Farah Ho,MDRT,113,AU-33,Active,52.9,0.161,False,False,False,False,POL0043219|ARJUNHASSAN|19650710,FUZZY_DUPLICATE
RID-0042569,CLAIMS_SYS,15-06-2026 02:11,CUS-025674,Yong Sheng Low,Male,13-11-1993,33,Married,Citizen,Technician,30000,Below 50k,D24,yong.sheng.low459@example.com,+65 95345374,POL-0042569,10-07-2025,16-07-2025,PRUWealth Plus,Savings & Wealth,Bancassurance,Annual,52127.33,456000,52127.33,0.0748,5,Inforce,13,N,,Y,,N,,,,,18,N,,,,,,,,N,N,0.71,10,,,,,,,,,,,,,,False,False,False,False,POL0042569|YONGSHENGLOW|19931113,FUZZY_DUPLICATE
RID-0048277,CLAIMS_SYS,15-06-2026 16:37,CUS-002449,Xin Yi Koh,Female,14-06-1959,67,Married,Citizen,Retired,30000,Below 50k,D25,XIN.YI.KOH156@EXAMPLE.COM,96256696,POL-0013557,23-02-2026,31-03-2026,PRUShield Life,Protection,Agency,Annual,"S$7,055.67",1709000,7055.67,0.2904,20,Inforce,5,N,,Y,,N,,,,,53,N,CLM-0013557,15-04-2026,Hospitalisation,490.35,Partially Approved,,21,N,N,0.12,6,ASR-0011,50000,N,N,0.139,AGT-00520,Iskandar Lim,New,2,AU-25,Active,55.3,0.279,False,False,False,False,POL0013557|XINYIKOH|19590614,FUZZY_DUPLICATE
RID-0048092,CLAIMS_SYS,15-06-2026 18:09,CUS-010363,LakshmiChan,Female,20-12-1983,43,Married,Foreigner,Civil Service,166402,100k-200k,D03,LAKSHMI.CHAN393@EXAMPLE.COM,86301113,POL-0022845,22-03-2026,28-04-2026,PRUCritical Cover,Protection,Bancassurance,Monthly,"S$8,878.99",1059000,8878.99,0.2595,15,Inforce,4,N,,Y,,N,,,,,0,N,CLM-0022845,05-08-2026,Maternity,36172.69,Partially Approved,,24,N,N,0.03,9,ASR-0059,50000,N,N,0.369,,,,,,,,,False,False,False,False,POL0022845|LAKSHMICHAN|19831220,FUZZY_DUPLICATE
RID-0014621,CRM,15-07-2026 00:02,CUS-040051,Daniel Yeo,Male,23-03-1975,51,Married,Citizen,Self-Employed,56898,50k-100k,D12,daniel.yeo67@example.com,+65 96219703,POL-0014621,04-03-2024,10-03-2024,PRUVantage Legacy,Savings & Wealth,Bancassurance,Quarterly,46339.23,402000,46339.23,0.0429,10,Inforce,30,N,,Y,,N,,,,,0,Y,CLM-0014621,23-02-2025,Outpatient Specialist,4051.78,Approved,,1,N,N,0.3,6,ASR-0005,10000,N,N,0.2,,,,,,,,,False,False,False,False,POL0014621|DANIELYEO|19750323,FUZZY_DUPLICATE
RID-0048251,AGENCY_MGMT,15-07-2026 03:22,CUS-013073,FARAH SHARMA,Female,21-10-1975,51,Divorced,Citizen,Civil Service,30000,Below 50k,D25,FARAH.SHARMA259@EXAMPLE.COM,87783103,POL-0006951,21-11-2024,04-01-2025,PRUShield A Plus,Health & IP,Agency,Annual,S$690.40,454000,690.4,0.1246,5,Inforce,20,N,,Y,Private Hospital,Y,375.06,375.06,0,2500,41,Y,CLM-0006951,08-09-2025,Disability,2630.57,Withdrawn,,19,N,N,-0.09,10,ASR-0057,50000,N,N,0.354,AGT-00279,Zarina Rahman,New,2,AU-33,Resigned,70.2,0.358,False,False,False,False,POL0006951|FARAHSHARMA|19751021,FUZZY_DUPLICATE
RID-0027232,CRM,15-07-2026 13:04,CUS-040589,Chee Keong Raj,Male,19-04-1977,49,Married,Citizen,Civil Service,229481,200k-400k,D02,chee.keong.raj195@example.com,+65 87679340,POL-0027232,20-02-2026,11-03-2026,PRUShield Premier,Health & IP,Agency,Annual,2112.79,433000,2112.79,0.1248,25,Inforce,5,N,,Y,Public A-Ward,Y,1121.62,1121.62,0,2500,49,Y,CLM-0027232,16-03-2026,Hospitalisation,8768.13,Partially Approved,,27,N,N,0.07,7,ASR-0046,25000,N,N,0.007,AGT-00656,Zulkifli Menon,Established,58,AU-21,Active,22.5,0.09,False,False,False,False,POL0027232|CHEEKEONGRAJ|19770419,FUZZY_DUPLICATE
RID-0035753,POLICY_ADMIN,15-07-2026 15:55,CUS-034350,Hui Ling Iyer,Female,27-06-1968,58,Married,Citizen,Self-Employed,91721,50k-100k,D02,hui.ling.iyer32@example.com,+65 87071968,POL-0035753,03-01-2023,15-01-2023,PRUVantage Legacy,Savings & Wealth,Digital,Annual,57136.44,448000,57136.44,0.0843,10,Inforce,44,N,,Y,,N,,,,,252,N,CLM-0035753,26-08-2026,Outpatient Specialist,41805.17,Approved,,24,N,N,0.49,9,ASR-0060,10000,N,N,0.208,,,,,,,,,False,False,False,False,POL0035753|HUILINGIYER|19680627,FUZZY_DUPLICATE
RID-0019198,CLAIMS_SYS,15-07-2026 16:22,CUS-039361,Terence Lim,Male,28-11-1969,57,Widowed,Permanent Resident,Retired,53009,50k-100k,D12,terence.lim87@example.com,+65 98843391,POL-0019198,23-02-2023,08-04-2023,PRUTerm Secure,Protection,Bancassurance,Quarterly,5325.31,2855000,5325.31,0.3072,15,Inforce,41,N,,Y,,N,,,,,126,N,,,,,,,,N,N,0.62,8,,,,,,,,,,,,,,False,False,False,False,POL0019198|TERENCELIM|19691128,FUZZY_DUPLICATE
RID-0047523,CRM,15-07-2026 17:51,CUS-007812,KaiXuanPillai,Male,27-07-1991,35,Married,Employment Pass,Civil Service,136285,100k-200k,D25,KAI.XUAN.PILLAI399@EXAMPLE.COM,91230317,POL-0012069,02-02-2024,24-02-2024,PRUExtra Care,Health & IP,Bancassurance,Annual,"S$1,644.09",646000,1644.09,0.1723,30,Inforce,30,N,,Y,Public B1-Ward,Y,883.79,883.79,0,2500,56,N,CLM-0012069,04-02-2026,Hospitalisation,2274.38,Declined,Policy exclusion clause,27,N,N,0.62,9,ASR-0041,5000,N,N,0.295,,,,,,,,,False,False,False,False,POL0012069|KAIXUANPILLAI|19910727,FUZZY_DUPLICATE
RID-0048256,CLAIMS_SYS,15-07-2026 18:56,CUS-038945,Wei Ming Kamal,Male,18-11-2005,21,Widowed,Citizen,Self-Employed,41900,Below 50k,D03,WEI.MING.KAMAL300@EXAMPLE.COM,87549299,POL-0001280,23-05-2024,25-05-2024,PRUSave Endowment,Savings & Wealth,Bancassurance,Monthly,"S$33,635.10",96000,33635.1,0.0578,15,Inforce,27,N,,Y,,N,,,,,122,N,CLM-0001280,21-08-2024,Disability,461.32,Approved,,9,N,N,0.32,10,ASR-0038,100000,N,N,0.019,,,,,,,,,False,False,False,False,POL0001280|WEIMINGKAMAL|20051118,FUZZY_DUPLICATE
RID-0047670,CLAIMS_SYS,15-07-2026 19:17,CUS-000041,CHEE KEONG REDDY,Male,25-02-1980,46,Widowed,Permanent Resident,Education,30000,Below 50k,D15,CHEE.KEONG.REDDY371@EXAMPLE.COM,94207700,POL-0037945,15-02-2024,17-03-2024,PRUFlexiCash,Savings & Wealth,Bancassurance,Monthly,"S$43,162.32",254000,43162.32,0.0495,10,Inforce,29,N,,Y,,N,,,,,59,N,CLM-0037945,12-10-2025,Critical Illness,2993.57,Approved,,17,N,N,0.94,9,ASR-0049,100000,N,N,0.294,,,,,,,,,False,False,False,False,POL0037945|CHEEKEONGREDDY|19800225,FUZZY_DUPLICATE
RID-0014838,AGENCY_MGMT,15-07-2026 22:38,CUS-000961,Cheryl Foo,Female,28-08-1983,43,Single,Citizen,Healthcare,40426,Below 50k,D06,cheryl.foo275@example.com,+65 94633979,POL-0014838,24-11-2023,31-12-2023,PRUFlexiCash,Savings & Wealth,Agency,Quarterly,55497.4,429000,55497.4,0.0717,25,Inforce,32,N,,Y,,N,,,,,44,N,CLM-0014838,12-01-2025,Disability,906.49,Approved,,12,N,N,0.99,6,ASR-0013,100000,Y,Y,0.831,AGT-00457,Denise Salleh,Established,71,AU-39,Resigned,35.3,0.042,False,False,False,False,POL0014838|CHERYLFOO|19830828,FUZZY_DUPLICATE
RID-0048315,CLAIMS_SYS,15-08-2026 01:27,CUS-020966,Jun Hao Kumar,Male,27-05-1973,53,Divorced,Permanent Resident,Executive,86735,50k-100k,D04,JUN.HAO.KUMAR470@EXAMPLE.COM,86289683,POL-0018796,23-06-2026,01-08-2026,PRUShield Premier,Health & IP,Digital,Quarterly,"S$6,961.37",1470000,6961.37,0.2016,99,Inforce,1,N,,Y,Private Hospital,Y,2367.4,1253.91,10,1500,63,N,,,,,,,,N,N,0.48,10,,,,,,,,,,,,,,False,False,False,False,POL0018796|JUNHAOKUMAR|19730527,FUZZY_DUPLICATE
RID-0008056,CLAIMS_SYS,15-08-2026 02:09,CUS-030044,Iskandar Koh,Male,27-10-1977,49,Single,Citizen,Education,143875,100k-200k,D11,iskandar.koh295@example.com,+65 94335200,POL-0008056,14-01-2024,14-02-2024,PRUShield A Plus,Health & IP,Agency,Quarterly,4134.91,1428000,4134.91,0.1371,10,Inforce,31,N,,Y,Public B1-Ward,Y,1680.96,1680.96,0,2500,208,N,CLM-0008056,13-01-2026,Maternity,25747.63,Approved,,14,N,N,0.38,6,ASR-0006,25000,N,N,0.122,AGT-00676,Marcus Low,New,12,AU-18,Active,47.6,0.417,False,False,False,False,POL0008056|ISKANDARKOH|19771027,FUZZY_DUPLICATE
RID-0047968,CRM,15-08-2026 02:38,CUS-040330,Denise Ng,Female,25-11-1987,39,Divorced,Citizen,Self-Employed,91425,50k-100k,D14,DENISE.NG291@EXAMPLE.COM,94987895,POL-0022760,26-11-2024,21-12-2024,PRUCritical Cover,Protection,Digital,Monthly,"S$1,769.78",1239000,1769.78,0.3117,25,Inforce,20,N,,Y,,N,,,,,105,Y,CLM-0022760,29-03-2025,Day Surgery,989.88,Pending,,53,N,N,0.59,8,ASR-0013,100000,Y,Y,0.695,,,,,,,,,False,False,False,False,POL0022760|DENISENG|19871125,FUZZY_DUPLICATE
RID-0048303,CLAIMS_SYS,15-08-2026 09:13,CUS-036032,MUHAMMAD ARIFF WONG,Male,04-10-1987,39,Married,Citizen,Technician,83513,50k-100k,D16,MUHAMMAD.ARIFF.WONG410@EXAMPLE.COM,81343387,POL-0006078,23-01-2023,08-02-2023,PRUShield A Plus,Health & IP,Direct,Annual,"S$1,452.73",581000,1452.73,0.148,25,Inforce,43,N,,Y,Public B1-Ward,Y,605.1,605.1,0,0,25,N,CLM-0006078,25-04-2026,Accident,3130.94,Pending,,54,N,N,0.88,10,ASR-0047,5000,N,N,0.107,,,,,,,,,False,False,False,False,POL0006078|MUHAMMADARIFFWONG|19871004,FUZZY_DUPLICATE
RID-0048416,POLICY_ADMIN,15-08-2026 10:52,CUS-027150,Yong Sheng Yusof,Male,22-08-1984,42,Married,Employment Pass,Education,43814,Below 50k,D20,YONG.SHENG.YUSOF499@EXAMPLE.COM,82978705,POL-0030842,21-08-2025,19-09-2025,PRUShield Standard,Health & IP,Agency,Annual,"S$6,679.57",796000,6679.57,0.1994,99,Inforce,11,N,,Y,Public B1-Ward,Y,2102.1,2102.1,0,1500,13,N,,,,,,,,N,N,0.37,7,,,,,,AGT-00672,Cheryl Mitchell,Established,48,AU-36,Resigned,35.4,0.122,False,False,False,False,POL0030842|YONGSHENGYUSOF|19840822,FUZZY_DUPLICATE
RID-0047592,POLICY_ADMIN,15-08-2026 13:47,CUS-021776,Arjun Neo,Male,08-08-1987,39,Married,Citizen,Technician,86772,50k-100k,D19,ARJUN.NEO250@EXAMPLE.COM,91133270,POL-0023354,17-08-2023,26-09-2023,PRUActive Term,Protection,Bancassurance,Annual,"S$5,434.05",1641000,5434.05,0.3028,20,Inforce,35,N,,Y,,N,,,,,0,N,,,,,,,,N,N,-0.06,5,,,,,,,,,,,,,,False,False,False,False,POL0023354|ARJUNNEO|19870808,FUZZY_DUPLICATE
RID-0028603,CLAIMS_SYS,15-08-2026 14:58,CUS-014458,Lakshmi Ho,Female,07-02-1992,34,Single,Citizen,Healthcare,175732,100k-200k,D15,lakshmi.ho111@example.com,+65 88898228,POL-0028603,02-10-2025,08-11-2025,PRUShield Standard,Health & IP,Bancassurance,Annual,3110.68,133000,3110.68,0.1596,30,Inforce,9,N,,Y,Public A-Ward,Y,1207.02,1207.02,0,0,102,Y,CLM-0028603,06-08-2026,Disability,3653.15,Approved,,14,N,N,0.25,6,ASR-0024,50000,N,N,0.201,,,,,,,,,False,False,False,False,POL0028603|LAKSHMIHO|19920207,FUZZY_DUPLICATE
RID-0047776,CRM,15-08-2026 16:55,CUS-016556,Zulkifli Chan,Male,10-07-1971,55,Divorced,Foreigner,Civil Service,69084,50k-100k,D01,ZULKIFLI.CHAN325@EXAMPLE.COM,86229963,POL-0045169,07-12-2023,08-01-2024,PRUExtra Care,Health & IP,Agency,Monthly,"S$3,752.49",1025000,3752.49,0.1249,20,Inforce,32,N,,Y,Public A-Ward,Y,1361.69,1361.69,0,1500,39,N,,,,,,,,N,N,0.15,8,,,,,,AGT-00284,Suresh Reddy,New,5,AU-01,Active,66.2,0.304,False,False,False,False,POL0045169|ZULKIFLICHAN|19710710,FUZZY_DUPLICATE
RID-0048264,CRM,15-08-2026 17:00,CUS-034099,JoanneTurner,Female,05-08-1975,51,Married,Permanent Resident,Professional,71807,50k-100k,D08,JOANNE.TURNER150@EXAMPLE.COM,86256307,POL-0025260,01-07-2026,10-08-2026,PRUSelect Vantage,Investment-Linked,Digital,Annual,"S$2,703.98",222000,2703.98,0.125,20,Inforce,1,N,,Y,,N,,,,,54,N,CLM-0025260,21-08-2026,Death Benefit,12723.67,Approved,,17,N,N,-0.09,8,ASR-0054,5000,N,N,0.106,,,,,,,,,False,False,False,False,POL0025260|JOANNETURNER|19750805,FUZZY_DUPLICATE
RID-0047938,CRM,15-08-2026 17:59,CUS-011166,Nicholas Fraser,Male,13-03-1977,49,Single,Permanent Resident,Retired,107108,100k-200k,D02,NICHOLAS.FRASER218@EXAMPLE.COM,89494153,POL-0006660,09-11-2024,21-11-2024,PRUActive Term,Protection,Digital,Monthly,"S$1,161.91",2396000,1161.91,0.243,10,Inforce,21,N,,Y,,N,,,,,90,N,CLM-0006660,15-03-2026,Day Surgery,3109.72,Approved,,11,N,N,0.77,6,ASR-0043,5000,N,N,0.365,,,,,,,,,False,False,False,False,POL0006660|NICHOLASFRASER|19770313,FUZZY_DUPLICATE
RID-0048025,POLICY_ADMIN,15-08-2026 19:16,CUS-023381,KAVITHA AZIZ,Female,11-05-1969,57,Widowed,Permanent Resident,Healthcare,81832,50k-100k,D08,KAVITHA.AZIZ483@EXAMPLE.COM,97617265,POL-0016986,10-01-2023,02-02-2023,PRUSave Endowment,Savings & Wealth,Agency,Semi-Annual,"S$58,868.56",432000,58868.56,0.0601,99,Inforce,43,N,,Y,,N,,,,,0,N,CLM-0016986,01-11-2024,Accident,7144.3,Approved,,18,N,N,0.09,10,ASR-0058,100000,N,N,0.035,AGT-00643,Divya Ho,Senior,143,AU-28,Active,76.1,0.265,False,False,False,False,POL0016986|KAVITHAAZIZ|19690511,FUZZY_DUPLICATE
RID-0047854,CRM,15-08-2026 19:25,CUS-022058,Hakim Yeo,Male,14-10-1978,48,Widowed,Foreigner,Healthcare,87566,50k-100k,D15,HAKIM.YEO116@EXAMPLE.COM,98046522,POL-0014579,27-04-2023,21-05-2023,PRUVantage Legacy,Savings & Wealth,Agency,Monthly,"S$33,428.99",384000,33428.99,0.0802,5,Inforce,39,N,,Y,,N,,,,,73,Y,CLM-0014579,14-03-2026,Hospitalisation,4269.64,Partially Approved,,19,N,N,-0.17,10,ASR-0057,50000,N,N,0.155,AGT-01131,Rachel Koh,Established,24,AU-36,Active,82.9,0.431,False,False,False,False,POL0014579|HAKIMYEO|19781014,FUZZY_DUPLICATE
RID-0007673,AGENCY_MGMT,15-08-2026 22:57,CUS-034684,Meera Ong,Female,04-01-1984,42,Married,Foreigner,Sales,178302,100k-200k,D03,meera.ong263@example.com,+65 95233449,POL-0007673,04-07-2024,27-07-2024,PRUWealth Plus,Savings & Wealth,Agency,Annual,17787.35,438000,17787.35,0.0853,20,Inforce,25,N,,Y,,N,,,,,39,N,,,,,,,,N,N,0.9,7,,,,,,AGT-00773,Terence Aziz,Established,30,AU-35,Active,87.4,0.818,False,False,False,False,POL0007673|MEERAONG|19840104,FUZZY_DUPLICATE
RID-0047827,CLAIMS_SYS,16-03-2026 00:22,CUS-040308,MeeraIyer,Female,23-05-1974,52,Single,Employment Pass,Technician,342388,200k-400k,D21,MEERA.IYER205@EXAMPLE.COM,98555375,POL-0005189,17-07-2024,12-08-2024,PRUTerm Secure,Protection,Agency,Annual,"S$7,825.44",1029000,7825.44,0.2784,25,Inforce,25,N,,Y,,N,,,,,485,N,,,,,,,,N,N,0.1,7,,,,,,AGT-00443,Suresh Low,New,8,AU-30,Active,69.5,0.173,False,False,False,False,POL0005189|MEERAIYER|19740523,FUZZY_DUPLICATE
RID-0048491,POLICY_ADMIN,16-03-2026 02:20,CUS-015572,JIA HUI NG,Female,27-11-1988,38,Widowed,Permanent Resident,Manager,58311,50k-100k,D05,JIA.HUI.NG300@EXAMPLE.COM,89358166,POL-0025160,15-05-2024,09-06-2024,PRUCritical Cover,Protection,Digital,Quarterly,"S$5,339.53",2075000,5339.53,0.2894,25,Inforce,27,N,,Y,,N,,,,,213,N,CLM-0025160,19-02-2025,Accident,2508.52,Approved,,10,N,N,0.4,8,ASR-0007,25000,N,N,0.085,,,,,,,,,False,False,False,False,POL0025160|JIAHUING|19881127,FUZZY_DUPLICATE
RID-0048319,CLAIMS_SYS,16-03-2026 09:23,CUS-029593,Rachel Neo,Female,03-08-1966,60,Married,Permanent Resident,Manager,44203,Below 50k,D03,RACHEL.NEO220@EXAMPLE.COM,89248975,POL-0016079,18-11-2025,30-12-2025,PRUCritical Cover,Protection,Bancassurance,Semi-Annual,"S$4,130.39",1946000,4130.39,0.2395,30,Inforce,8,N,,Y,,N,,,,,81,N,,,,,,,,N,N,0.67,9,,,,,,,,,,,,,,False,False,False,False,POL0016079|RACHELNEO|19660803,FUZZY_DUPLICATE
RID-0029174,POLICY_ADMIN,16-03-2026 20:29,CUS-000834,Jonathan Osman,Male,27-07-1981,45,Single,Citizen,Healthcare,144653,100k-200k,D10,jonathan.osman220@example.com,+65 95663522,POL-0029174,09-09-2025,14-09-2025,PRUShield Standard,Health & IP,Agency,Annual,6914.99,614000,6914.99,0.1777,99,Lapsed,11,Y,08-06-2026,N,Private Hospital,Y,2605.04,2605.04,0,2500,28,N,,,,,,,,N,N,0.09,5,,,,,,AGT-00921,Daniel Goh,Established,91,AU-20,Active,73.4,0.053,False,False,False,False,POL0029174|JONATHANOSMAN|19810727,FUZZY_DUPLICATE
RID-0048193,CLAIMS_SYS,16-04-2026 03:02,CUS-004533,Wei Ming Turner,Male,17-08-1971,55,Divorced,Citizen,Civil Service,40040,Below 50k,D16,WEI.MING.TURNER333@EXAMPLE.COM,86704009,POL-0006141,16-06-2023,28-07-2023,PRUCritical Cover,Protection,Broker,Monthly,"S$2,847.86",1482000,2847.86,0.2297,5,Inforce,37,N,,Y,,N,,,,,23,N,,,,,,,,N,N,0.15,10,,,,,,AGT-00015,Muhammad Ariff Ibrahim,New,8,AU-25,Resigned,30.2,0.034,False,False,False,False,POL0006141|WEIMINGTURNER|19710817,FUZZY_DUPLICATE
RID-0047912,AGENCY_MGMT,16-04-2026 12:36,CUS-014534,ANJALI KOH,Female,04-12-1980,46,Single,Permanent Resident,Manager,75178,50k-100k,D07,ANJALI.KOH93@EXAMPLE.COM,91174756,POL-0043970,19-12-2025,29-12-2025,PRUShield Standard,Health & IP,Digital,Quarterly,"S$6,381.05",817000,6381.05,0.2084,25,Inforce,8,N,,Y,Private Hospital,Y,2403.5,2403.5,0,0,48,N,CLM-0043970,31-01-2026,Critical Illness,3206.2,Approved,,20,N,N,0.62,8,ASR-0013,100000,Y,N,0.659,,,,,,,,,False,False,False,False,POL0043970|ANJALIKOH|19801204,FUZZY_DUPLICATE
RID-0047732,POLICY_ADMIN,16-04-2026 15:18,CUS-011237,ISKANDAR LEE,Male,18-08-1971,55,Divorced,Citizen,Professional,48826,Below 50k,D11,ISKANDAR.LEE374@EXAMPLE.COM,94741411,POL-0006745,06-06-2025,09-07-2025,PRUTerm Secure,Protection,Agency,Annual,"S$7,739.03",544000,7739.03,0.2736,20,Matured,13,N,,Y,,N,,,,,53,N,CLM-0006745,30-10-2025,Accident,8249.89,Declined,Policy exclusion clause,30,Y,N,0.62,6,ASR-0053,25000,N,N,0.183,AGT-00722,Edwin Fraser,Established,34,AU-13,Active,72.7,0.225,False,False,False,False,POL0006745|ISKANDARLEE|19710818,FUZZY_DUPLICATE
RID-0047841,AGENCY_MGMT,16-04-2026 16:20,CUS-036366,Muhammad Ariff Chong,Male,27-10-1976,50,Single,Citizen,Manager,89257,50k-100k,D14,MUHAMMAD.ARIFF.CHONG287@EXAMPLE.COM,85824939,POL-0020493,11-04-2025,09-05-2025,PRULink Global Growth,Investment-Linked,Agency,Monthly,"S$15,551.40",532000,15551.4,0.0988,30,Inforce,16,N,,Y,,N,,,,,131,N,,,,,,,,N,N,0.06,6,,,,,,AGT-00392,Wan Ting Hassan,Senior,92,AU-37,Active,23.7,0.125,False,False,False,False,POL0020493|MUHAMMADARIFFCHONG|19761027,FUZZY_DUPLICATE
RID-0047676,AGENCY_MGMT,16-04-2026 20:14,CUS-017341,JUN HAO CHONG,Male,28-12-1968,58,Married,Citizen,Manager,60379,50k-100k,D03,JUN.HAO.CHONG265@EXAMPLE.COM,82535486,POL-0014598,02-05-2023,12-05-2023,PRUShield Premier,Health & IP,Agency,Quarterly,"S$4,713.95",1231000,4713.95,0.1338,10,Inforce,40,N,,Y,Public A-Ward,Y,2209.21,2209.21,0,0,0,Y,,,,,,,,N,N,0.64,8,,,,,,AGT-00338,Jia Hui Reddy,Established,95,AU-17,Active,37.1,0.069,False,False,False,False,POL0014598|JUNHAOCHONG|19681228,FUZZY_DUPLICATE
RID-0032675,CLAIMS_SYS,16-04-2026 20:59,CUS-036100,Aminah Wright,Female,20-04-1977,49,Divorced,Employment Pass,Technician,79138,50k-100k,D22,aminah.wright457@example.com,+65 96992869,POL-0032675,04-03-2023,25-03-2023,PRUActive Term,Protection,Agency,Annual,8236.81,870000,8236.81,0.2835,5,Inforce,41,N,,Y,,N,,,,,0,N,,,,,,,,N,N,-0.04,6,,,,,,AGT-00835,Jia Hui Seah,New,7,AU-16,Active,93.2,0.183,False,False,False,False,POL0032675|AMINAHWRIGHT|19770420,FUZZY_DUPLICATE
RID-0048412,POLICY_ADMIN,16-05-2026 10:21,CUS-014151,Anjali Chan,Female,01-11-1975,51,Married,Employment Pass,Healthcare,41329,Below 50k,D07,ANJALI.CHAN185@EXAMPLE.COM,88179686,POL-0035164,21-01-2025,12-02-2025,PRUFlexiCash,Savings & Wealth,Bancassurance,Annual,"S$33,742.68",158000,33742.68,0.0394,25,Inforce,18,N,,Y,,N,,,,,139,N,CLM-0035164,28-07-2026,Disability,23723.33,Approved,,28,N,N,-0.15,7,ASR-0012,100000,N,N,0.405,,,,,,,,,False,False,False,False,POL0035164|ANJALICHAN|19751101,FUZZY_DUPLICATE
RID-0047522,POLICY_ADMIN,16-05-2026 11:12,CUS-034098,DeniseMitchell,Female,26-01-1979,47,Married,Citizen,Education,58814,50k-100k,D10,DENISE.MITCHELL445@EXAMPLE.COM,92024448,POL-0041081,20-02-2026,22-03-2026,PRUShield Life,Protection,Agency,Semi-Annual,"S$3,980.18",2151000,3980.18,0.2633,5,Inforce,5,N,,Y,,N,,,,,26,Y,,,,,,,,N,N,0.91,8,,,,,,AGT-00667,Jonathan Salleh,Established,45,AU-35,Active,75.6,0.57,False,False,False,False,POL0041081|DENISEMITCHELL|19790126,FUZZY_DUPLICATE
RID-0023211,AGENCY_MGMT,16-05-2026 16:00,CUS-035669,Xin Yi Koh,Female,18-08-1992,34,Divorced,Citizen,Manager,36190,Below 50k,D26,xin.yi.koh491@example.com,+65 93543286,POL-0023211,16-03-2023,25-03-2023,PRUShield Premier,Health & IP,Digital,Quarterly,4720.94,1019000,4720.94,0.1507,20,Inforce,41,N,,Y,Public A-Ward,Y,1756.72,1756.72,0,2500,104,N,CLM-0023211,29-09-2024,Disability,2290.79,Declined,Waiting period not served,24,N,N,-0.18,7,ASR-0054,5000,N,N,0.374,,,,,,,,,False,False,False,False,POL0023211|XINYIKOH|19920818,FUZZY_DUPLICATE
RID-0030490,AGENCY_MGMT,16-06-2026 01:33,CUS-011482,Denise Harper,Female,27-05-1970,56,Divorced,Citizen,Manager,117413,100k-200k,D25,denise.harper288@example.com,+65 84978614,POL-0030490,26-10-2024,30-11-2024,PRUActive Term,Protection,Bancassurance,Annual,6147.6,703000,6147.6,0.2265,30,Inforce,21,N,,Y,,N,,,,,28,Y,CLM-0030490,23-11-2025,Outpatient Specialist,1988.99,Pending,,43,N,N,0.56,9,ASR-0014,5000,N,N,0.28,,,,,,,,,False,False,False,False,POL0030490|DENISEHARPER|19700527,FUZZY_DUPLICATE
RID-0048425,CLAIMS_SYS,16-06-2026 03:02,CUS-019738,Aravind Bennett,Male,27-01-1980,46,Single,Permanent Resident,Healthcare,67994,50k-100k,D21,ARAVIND.BENNETT72@EXAMPLE.COM,96795227,POL-0003180,20-10-2025,11-11-2025,PRUWealth Plus,Savings & Wealth,Agency,Annual,"S$47,044.86",500000,47044.86,0.0535,10,Inforce,9,N,,Y,,N,,,,,28,Y,CLM-0003180,02-07-2026,Critical Illness,11128.82,Declined,Waiting period not served,19,N,N,0.96,6,ASR-0012,100000,N,N,0.064,AGT-00108,Nurul Aisyah Ong,Established,20,AU-25,Active,48.6,0.437,False,False,False,False,POL0003180|ARAVINDBENNETT|19800127,FUZZY_DUPLICATE
RID-0003482,POLICY_ADMIN,16-06-2026 14:26,CUS-005110,Farah Rahman,Female,12-09-1982,44,Divorced,Employment Pass,Sales,132971,100k-200k,D14,farah.rahman411@example.com,+65 93795801,POL-0003482,31-10-2024,13-11-2024,PRUWealth Plus,Savings & Wealth,Broker,Annual,3871.03,339000,3871.03,0.0694,15,Inforce,21,N,,Y,,N,,,,,25,N,,,,,,,,N,N,0.76,9,,,,,,AGT-00497,Zhi Hao Raj,Senior,80,AU-22,Active,72.1,0.123,False,False,False,False,POL0003482|FARAHRAHMAN|19820912,FUZZY_DUPLICATE
RID-0047775,POLICY_ADMIN,16-06-2026 21:31,CUS-022861,ArjunAziz,Male,23-04-1988,38,Divorced,Citizen,Civil Service,30000,Below 50k,D25,ARJUN.AZIZ56@EXAMPLE.COM,89186422,POL-0021170,22-05-2026,28-05-2026,PRUActive Term,Protection,Direct,Annual,"S$2,969.88",1019000,2969.88,0.3189,10,Inforce,3,N,,Y,,N,,,,,51,N,,,,,,,,N,N,0.79,5,,,,,,,,,,,,,,False,False,False,False,POL0021170|ARJUNAZIZ|19880423,FUZZY_DUPLICATE
RID-0013505,POLICY_ADMIN,16-07-2026 08:36,CUS-038210,Divya Turner,Female,02-07-1990,36,Married,Citizen,Education,78378,50k-100k,D14,divya.turner46@example.com,+65 99919234,POL-0013505,11-02-2026,26-03-2026,PRUExtra Care,Health & IP,Bancassurance,Annual,4548.96,657000,4548.96,0.1454,99,Inforce,5,N,,Y,Private Hospital,Y,1544.77,1544.77,0,2500,101,N,CLM-0013505,08-06-2026,Disability,4454.51,Approved,,24,N,N,0.37,8,ASR-0029,5000,N,N,0.055,,,,,,,,,False,False,False,False,POL0013505|DIVYATURNER|19900702,FUZZY_DUPLICATE
RID-0047693,CLAIMS_SYS,16-07-2026 12:21,CUS-020869,Rohan Ho,Male,02-03-1991,35,Widowed,Employment Pass,Technician,99609,50k-100k,D15,ROHAN.HO469@EXAMPLE.COM,89668752,POL-0001489,22-02-2023,22-03-2023,PRUShield A Plus,Health & IP,Digital,Annual,"S$5,308.95",100000,5308.95,0.1733,15,Inforce,41,N,,Y,Public B1-Ward,Y,2002.74,2002.74,0,1500,155,N,,,,,,,,N,N,0.83,6,,,,,,,,,,,,,,False,False,False,False,POL0001489|ROHANHO|19910302,FUZZY_DUPLICATE
RID-0046821,POLICY_ADMIN,16-07-2026 14:28,CUS-008075,Deepak Harper,Male,13-07-2000,26,Divorced,Employment Pass,Self-Employed,145360,100k-200k,D22,deepak.harper195@example.com,+65 92687711,POL-0046821,14-06-2025,21-07-2025,PRULink Assurance,Investment-Linked,Bancassurance,Semi-Annual,33265.33,828000,33265.33,0.1161,5,Inforce,13,N,,Y,,N,,,,,52,N,,,,,,,,N,N,0.86,6,,,,,,,,,,,,,,False,False,False,False,POL0046821|DEEPAKHARPER|20000713,FUZZY_DUPLICATE
RID-0022115,POLICY_ADMIN,16-08-2026 04:40,CUS-032428,Joanne Teo,Female,24-05-1985,41,Married,Citizen,Professional,91146,50k-100k,D14,joanne.teo270@example.com,+65 96169292,POL-0022115,22-11-2024,02-12-2024,PRUFlexiCash,Savings & Wealth,Agency,Annual,20798.28,365000,20798.28,0.046,99,Inforce,21,N,,Y,,N,,,,,40,N,,,,,,,,N,N,0.48,9,,,,,,AGT-00362,Hakim Ng,Established,96,AU-11,Active,35.5,0.354,False,False,False,False,POL0022115|JOANNETEO|19850524,FUZZY_DUPLICATE
RID-0017988,CRM,16-08-2026 10:26,CUS-030314,Iskandar Nair,Male,13-04-1992,34,Divorced,Citizen,Technician,57332,50k-100k,D09,iskandar.nair248@example.com,+65 94074861,POL-0017988,12-08-2024,23-08-2024,PRUFlexiCash,Savings & Wealth,Agency,Quarterly,6828,230000,6828,0.0452,5,Inforce,24,N,,Y,,N,,,,,71,N,,,,,,,,N,N,0.96,7,,,,,,AGT-00142,Iskandar Toh,Senior,152,AU-06,Active,47.8,0.379,False,False,False,False,POL0017988|ISKANDARNAIR|19920413,FUZZY_DUPLICATE
RID-0048261,AGENCY_MGMT,16-08-2026 13:25,CUS-020846,ARAVIND HO,Male,25-01-1988,38,Widowed,Citizen,Sales,159977,100k-200k,D03,ARAVIND.HO297@EXAMPLE.COM,91981465,POL-0002362,02-10-2025,04-11-2025,PRUSave Endowment,Savings & Wealth,Agency,Annual,"S$41,482.37",39000,41482.37,0.0415,99,Inforce,10,N,,Y,,N,,,,,17,Y,CLM-0002362,20-06-2026,Disability,3325.37,Approved,,8,N,N,0.76,10,ASR-0032,25000,N,N,0.194,AGT-01058,Priya Salleh,Senior,65,AU-27,Active,50.9,0.426,False,False,False,False,POL0002362|ARAVINDHO|19880125,FUZZY_DUPLICATE
RID-0037150,AGENCY_MGMT,16-08-2026 18:44,CUS-037873,Jonathan Goh,Male,25-10-1973,53,Divorced,Citizen,Civil Service,52393,50k-100k,D06,jonathan.goh77@example.com,+65 85601107,POL-0037150,10-12-2023,30-12-2023,PRUCritical Cover,Protection,Agency,Monthly,1674.56,1939000,1674.56,0.2751,25,Inforce,32,N,,Y,,N,,,,,0,N,CLM-0037150,09-07-2026,Hospitalisation,7445.69,Partially Approved,,31,N,N,0.71,9,ASR-0012,100000,N,N,0.297,AGT-00934,Jun Hao Tan,Established,58,AU-36,Active,38.3,0.339,False,False,False,False,POL0037150|JONATHANGOH|19731025,FUZZY_DUPLICATE
RID-0009345,AGENCY_MGMT,16-08-2026 21:20,CUS-025720,Denise Menon,Female,04-01-1984,42,Widowed,Citizen,Civil Service,70082,50k-100k,D05,denise.menon279@example.com,+65 89997980,POL-0009345,22-06-2026,30-06-2026,PRUShield A Plus,Health & IP,Agency,Quarterly,3176.96,1009000,3176.96,0.1659,15,Inforce,2,N,,Y,Public B1-Ward,Y,1167.36,666.15,5,1500,100,N,,,,,,,,N,N,0.65,10,,,,,,AGT-00489,Rachel Foo,MDRT,117,AU-33,Resigned,22.8,0.085,False,False,False,False,POL0009345|DENISEMENON|19840104,FUZZY_DUPLICATE
RID-0048200,POLICY_ADMIN,16-08-2026 21:50,CUS-021751,HakimTan,Male,25-11-1994,32,Single,Citizen,Retired,34722,Below 50k,D28,HAKIM.TAN486@EXAMPLE.COM,98078411,POL-0043676,23-06-2023,29-06-2023,PRUShield Life,Protection,Bancassurance,Semi-Annual,"S$1,077.70",1872000,1077.7,0.2327,15,Inforce,38,N,,Y,,N,,,,,48,N,CLM-0043676,24-04-2026,Hospitalisation,1542.41,Approved,,19,N,Y,-0.77,5,ASR-0041,5000,N,N,0.316,,,,,,,,,False,False,False,False,POL0043676|HAKIMTAN|19941125,FUZZY_DUPLICATE
RID-0008846,CLAIMS_SYS,17-03-2026 00:00,CUS-009747,Chee Keong Kumar,Male,13-08-1983,43,Divorced,Citizen,Professional,53053,50k-100k,D16,chee.keong.kumar156@example.com,+65 96670631,POL-0008846,22-05-2025,20-06-2025,PRUActive Term,Protection,Agency,Annual,7162.93,1285000,7162.93,0.3348,25,Inforce,14,N,,Y,,N,,,,,64,Y,,,,,,,,N,N,0.93,9,,,,,,AGT-00135,Siti Nadia Lim,New,6,AU-32,Active,80.6,0.043,False,False,False,False,POL0008846|CHEEKEONGKUMAR|19830813,FUZZY_DUPLICATE
RID-0047032,AGENCY_MGMT,17-03-2026 09:31,CUS-001076,Terence Bennett,Male,13-07-1993,33,Widowed,Citizen,Retired,78400,50k-100k,D14,terence.bennett433@example.com,+65 98589253,POL-0047032,20-05-2024,29-05-2024,PRUExtra Care,Health & IP,Agency,Monthly,2629.44,1346000,2629.44,0.1318,30,Inforce,27,N,,Y,Public B1-Ward,Y,1170.4,1170.4,0,0,526,N,,,,,,,,N,N,0.2,9,,,,,,AGT-00549,Hui Ling Sharma,Established,19,AU-20,Active,48.4,0.186,False,False,False,False,POL0047032|TERENCEBENNETT|19930713,FUZZY_DUPLICATE
RID-0048488,POLICY_ADMIN,17-04-2026 00:03,CUS-038820,Jonathan Rahman,Male,26-02-1966,60,Married,Foreigner,Civil Service,49193,Below 50k,D07,JONATHAN.RAHMAN143@EXAMPLE.COM,81700119,POL-0044004,20-04-2024,18-05-2024,PRUVantage Legacy,Savings & Wealth,Bancassurance,Annual,"S$33,706.94",147000,33706.94,0.0846,25,Inforce,27,N,,Y,,N,,,,,65,N,CLM-0044004,19-10-2025,Day Surgery,1047.46,Approved,,21,N,N,0.75,6,ASR-0032,25000,N,N,0.119,,,,,,,,,False,False,False,False,POL0044004|JONATHANRAHMAN|19660226,FUZZY_DUPLICATE
RID-0010903,AGENCY_MGMT,17-04-2026 07:31,CUS-031283,Aminah Iyer,Female,22-06-1982,44,Married,Citizen,Education,135140,100k-200k,D03,aminah.iyer182@example.com,+65 92165049,POL-0010903,25-08-2023,04-09-2023,PRUWealth Plus,Savings & Wealth,Agency,Annual,42757.96,407000,42757.96,0.0671,30,Inforce,36,N,,Y,,N,,,,,0,N,CLM-0010903,18-06-2026,Outpatient Specialist,7758.73,Withdrawn,,18,N,N,-0.02,9,ASR-0052,5000,N,N,0.206,AGT-00970,Iskandar Bennett,Senior,125,AU-40,Active,56.8,0.415,False,False,False,False,POL0010903|AMINAHIYER|19820622,FUZZY_DUPLICATE
RID-0034721,CLAIMS_SYS,17-04-2026 10:33,CUS-023249,Terence Turner,Male,21-09-1990,36,Divorced,Citizen,Education,32147,Below 50k,D07,terence.turner423@example.com,+65 91188888,POL-0034721,02-02-2026,13-02-2026,PRUExtra Care,Health & IP,Digital,Quarterly,3049.77,1052000,3049.77,0.2065,25,Inforce,6,N,,Y,Public A-Ward,Y,1423.49,1423.49,0,1500,26,Y,CLM-0034721,14-04-2026,Maternity,1150.5,Approved,,22,N,N,0.4,6,ASR-0020,5000,N,N,0.218,,,,,,,,,False,False,False,False,POL0034721|TERENCETURNER|19900921,FUZZY_DUPLICATE
RID-0048486,POLICY_ADMIN,17-04-2026 15:33,CUS-019681,Lakshmi Salleh,Female,17-03-1992,34,Single,Citizen,Healthcare,116261,100k-200k,D22,LAKSHMI.SALLEH100@EXAMPLE.COM,83095433,POL-0017357,15-03-2026,26-03-2026,PRUSave Endowment,Savings & Wealth,Broker,Monthly,"S$2,622.53",374000,2622.53,0.053,99,Inforce,5,N,,Y,,N,,,,,142,N,CLM-0017357,01-05-2026,Day Surgery,4760.74,Approved,,17,N,N,0.12,10,ASR-0040,100000,N,N,0.245,AGT-00594,Jonathan Fraser,Established,74,AU-06,Active,59.2,0.798,False,False,False,False,POL0017357|LAKSHMISALLEH|19920317,FUZZY_DUPLICATE
RID-0047502,CLAIMS_SYS,17-04-2026 21:45,CUS-006235,ZulkifliAziz,Male,19-06-1983,43,Divorced,Foreigner,Manager,126540,100k-200k,D27,ZULKIFLI.AZIZ158@EXAMPLE.COM,87422111,POL-0043225,09-05-2024,14-05-2024,PRUWealth Plus,Savings & Wealth,Agency,Quarterly,"S$44,054.63",173000,44054.63,0.0779,99,Inforce,28,N,,Y,,N,,,,,48,Y,CLM-0043225,01-12-2024,Day Surgery,1752.54,Approved,,25,N,N,0.11,9,ASR-0010,50000,N,N,0.765,AGT-00717,Aminah Seah,Senior,93,AU-04,Active,55.6,0.033,False,False,False,False,POL0043225|ZULKIFLIAZIZ|19830619,FUZZY_DUPLICATE
RID-0001195,AGENCY_MGMT,17-04-2026 22:28,CUS-026445,Terence Rahman,Male,27-01-2001,25,Single,Citizen,Manager,135225,100k-200k,D09,terence.rahman107@example.com,+65 91448379,POL-0001195,12-10-2025,23-10-2025,PRUSave Endowment,Savings & Wealth,Broker,Monthly,26372.98,123000,26372.98,0.0852,20,Inforce,10,N,,Y,,N,,,,,86,N,CLM-0001195,09-04-2026,Disability,2611.92,Approved,,3,N,N,0.11,10,ASR-0025,50000,N,N,0.264,AGT-00883,Zarina Turner,Senior,60,AU-11,Active,68.3,0.674,False,False,False,False,POL0001195|TERENCERAHMAN|20010127,FUZZY_DUPLICATE
RID-0036655,CLAIMS_SYS,17-05-2026 00:57,CUS-032488,Mei Yi Teo,Female,24-12-1982,44,Widowed,Citizen,Technician,139290,100k-200k,D19,mei.yi.teo186@example.com,+65 84826771,POL-0036655,14-02-2026,27-03-2026,PRUShield Standard,Health & IP,Digital,Monthly,4318.84,436000,4318.84,0.1482,5,Inforce,5,N,,Y,Private Hospital,Y,1976.82,1976.82,0,0,177,N,,,,,,,,N,N,0.16,10,,,,,,,,,,,,,,False,False,False,False,POL0036655|MEIYITEO|19821224,FUZZY_DUPLICATE
RID-0040995,CLAIMS_SYS,17-05-2026 04:18,CUS-014745,Vikram Tan,Male,26-09-1994,32,Married,Citizen,Civil Service,47769,Below 50k,D11,vikram.tan396@example.com,+65 91868081,POL-0040995,06-01-2024,28-01-2024,PRUWealth Plus,Savings & Wealth,Agency,Monthly,27670.69,185000,27670.69,0.0842,10,Inforce,31,N,,Y,,N,,,,,354,N,,,,,,,,N,N,0.36,5,,,,,,AGT-00886,Siew Peng Iyer,Established,90,AU-31,Active,39,0.397,False,False,False,False,POL0040995|VIKRAMTAN|19940926,FUZZY_DUPLICATE
RID-0048045,POLICY_ADMIN,17-05-2026 04:28,CUS-040637,Aravind Sim,Male,15-09-1986,40,Divorced,Permanent Resident,Manager,126756,100k-200k,D28,ARAVIND.SIM52@EXAMPLE.COM,88585557,POL-0041186,29-06-2025,15-07-2025,PRUShield Premier,Health & IP,Digital,Monthly,"S$5,724.47",340000,5724.47,0.2123,5,Inforce,13,N,,Y,Private Hospital,Y,1726.76,1726.76,0,0,63,N,CLM-0041186,29-03-2026,Death Benefit,9612.06,Approved,,16,N,N,-0.17,8,ASR-0021,100000,N,N,0.127,,,,,,,,,False,False,False,False,POL0041186|ARAVINDSIM|19860915,FUZZY_DUPLICATE
RID-0048450,POLICY_ADMIN,17-05-2026 14:23,CUS-011130,Priya Chan,Female,06-12-1977,49,Single,Citizen,Self-Employed,93736,50k-100k,D22,PRIYA.CHAN207@EXAMPLE.COM,87852827,POL-0012553,28-10-2023,03-11-2023,PRUExtra Care,Health & IP,Bancassurance,Annual,"S$3,952.08",1274000,3952.08,0.1249,10,Inforce,34,N,,Y,Public B1-Ward,Y,1372.02,1372.02,0,0,93,N,CLM-0012553,01-02-2024,Death Benefit,9479.83,Pending,,79,N,N,0.32,7,ASR-0058,100000,N,N,0.214,,,,,,,,,False,False,False,False,POL0012553|PRIYACHAN|19771206,FUZZY_DUPLICATE
RID-0011703,AGENCY_MGMT,17-05-2026 16:19,CUS-025529,Rohan Lee,Male,13-10-1965,61,Single,Employment Pass,Professional,154663,100k-200k,D12,rohan.lee190@example.com,+65 82771758,POL-0011703,14-05-2024,14-06-2024,PRUShield Standard,Health & IP,Bancassurance,Monthly,6991.3,1067000,6991.3,0.1083,25,Inforce,26,N,,Y,Public B1-Ward,Y,2534.29,2534.29,0,1500,17,Y,CLM-0011703,17-02-2026,Maternity,2098.67,Approved,,7,N,N,0.1,10,ASR-0060,10000,N,N,0.071,,,,,,,,,False,False,False,False,POL0011703|ROHANLEE|19651013,FUZZY_DUPLICATE
RID-0011557,CRM,17-05-2026 17:44,CUS-026960,Daniel Mitchell,Male,22-04-1992,34,Married,Permanent Resident,Executive,72623,50k-100k,D21,daniel.mitchell265@example.com,+65 91459754,POL-0011557,14-05-2023,27-06-2023,PRUExtra Care,Health & IP,Direct,Monthly,2790.33,1106000,2790.33,0.1747,99,Inforce,38,N,,Y,Private Hospital,Y,1386.61,1386.61,0,2500,54,N,CLM-0011557,10-02-2024,Maternity,5270.33,Approved,,22,N,N,0.87,6,ASR-0050,5000,N,N,0.154,,,,,,,,,False,False,False,False,POL0011557|DANIELMITCHELL|19920422,FUZZY_DUPLICATE
RID-0047724,AGENCY_MGMT,17-05-2026 20:18,CUS-021965,Samantha Ng,Female,08-12-1973,53,Widowed,Citizen,Retired,73550,50k-100k,D07,SAMANTHA.NG129@EXAMPLE.COM,98834100,POL-0021016,08-08-2025,30-08-2025,PRUWealth Plus,Savings & Wealth,Bancassurance,Annual,"S$29,874.74",255000,29874.74,0.0554,30,Inforce,12,N,,Y,,N,,,,,0,N,CLM-0021016,24-02-2026,Death Benefit,10172.02,Pending,,50,N,N,-0.15,9,ASR-0007,25000,N,N,0.125,,,,,,,,,False,False,False,False,POL0021016|SAMANTHANG|19731208,FUZZY_DUPLICATE
RID-0048120,POLICY_ADMIN,17-05-2026 21:23,CUS-034197,Daniel Fraser,Male,15-01-1969,57,Single,Citizen,Civil Service,32850,Below 50k,D17,DANIEL.FRASER342@EXAMPLE.COM,98028460,POL-0036347,20-03-2026,23-03-2026,PRUFlexiCash,Savings & Wealth,Agency,Monthly,"S$33,280.45",249000,33280.45,0.0939,5,Inforce,5,N,,Y,,N,,,,,28,Y,CLM-0036347,13-05-2026,Critical Illness,1020.98,Pending,,20,N,N,0.51,8,ASR-0008,10000,N,N,0.091,AGT-00133,Zarina Chong,Established,52,AU-12,Active,62.2,0.117,False,False,False,False,POL0036347|DANIELFRASER|19690115,FUZZY_DUPLICATE
RID-0048098,AGENCY_MGMT,17-05-2026 22:40,CUS-028598,FarahToh,Female,23-03-1994,32,Widowed,Citizen,Education,54336,50k-100k,D27,FARAH.TOH360@EXAMPLE.COM,94624297,POL-0005446,04-12-2024,07-01-2025,PRUShield Premier,Health & IP,Agency,Semi-Annual,"S$7,021.22",421000,7021.22,0.1671,30,Inforce,20,N,,Y,Public A-Ward,N,,,,,193,N,CLM-0005446,26-01-2026,Accident,1611.43,Approved,,16,N,Y,-0.74,3,ASR-0019,100000,N,N,0.414,AGT-00906,Jonathan Wong,Established,35,AU-22,On Notice,39.3,0.241,False,False,False,False,POL0005446|FARAHTOH|19940323,FUZZY_DUPLICATE
RID-0012860,AGENCY_MGMT,17-05-2026 23:03,CUS-013861,Jonathan Bennett,Male,23-05-2005,21,Widowed,Foreigner,Healthcare,180380,100k-200k,D04,jonathan.bennett299@example.com,+65 82700586,POL-0012860,23-12-2024,14-01-2025,PRUShield A Plus,Health & IP,Agency,Monthly,3696.06,382000,3696.06,0.1249,30,Inforce,19,N,,Y,Private Hospital,N,,,,,16,N,,,,,,,,N,N,0.89,10,,,,,,AGT-00162,Nurul Aisyah Ho,Established,34,AU-14,Active,30,0.087,False,False,False,False,POL0012860|JONATHANBENNETT|20050523,FUZZY_DUPLICATE
RID-0047832,CRM,17-05-2026 23:21,CUS-006828,SAMANTHA TOH,Female,05-10-1988,38,Married,Permanent Resident,Technician,168702,100k-200k,D21,SAMANTHA.TOH213@EXAMPLE.COM,93236967,POL-0012078,05-04-2024,29-04-2024,PRUFlexiCash,Savings & Wealth,Bancassurance,Quarterly,"S$14,134.60",72000,14134.6,0.0574,5,Inforce,28,N,,Y,,N,,,,,42,Y,CLM-0012078,25-05-2026,Disability,5187.06,Partially Approved,,21,N,N,0.76,9,ASR-0057,50000,N,N,0.215,,,,,,,,,False,False,False,False,POL0012078|SAMANTHATOH|19881005,FUZZY_DUPLICATE
RID-0047627,AGENCY_MGMT,17-06-2026 05:54,CUS-004437,DIVYA GOH,Female,14-05-1995,31,Divorced,Employment Pass,Sales,74483,50k-100k,D18,DIVYA.GOH208@EXAMPLE.COM,87701988,POL-0003965,10-10-2024,12-11-2024,PRUShield A Plus,Health & IP,Agency,Monthly,"S$6,365.05",176000,6365.05,0.1631,15,Inforce,21,N,,Y,Public A-Ward,Y,2512.27,2512.27,0,2500,141,N,CLM-0003965,30-05-2026,Hospitalisation,9661.62,Approved,,13,N,N,0.98,10,ASR-0058,100000,N,N,0.169,AGT-00706,Joanne Salleh,Established,60,AU-11,Active,71.2,0.69,False,False,False,False,POL0003965|DIVYAGOH|19950514,FUZZY_DUPLICATE
RID-0048458,CRM,17-06-2026 06:33,CUS-019196,Farah Yeo,Female,21-06-1990,36,Married,Citizen,Technician,85979,50k-100k,D17,FARAH.YEO492@EXAMPLE.COM,88053453,POL-0013780,19-04-2025,16-05-2025,PRUSave Endowment,Savings & Wealth,Agency,Quarterly,"S$42,658.70",190000,42658.7,0.077,20,Inforce,15,N,,Y,,N,,,,,220,N,CLM-0013780,18-06-2026,Day Surgery,21621.66,Approved,,24,N,N,0.3,8,ASR-0028,10000,N,N,0.119,AGT-00190,Denise Yeo,Senior,161,AU-12,Active,72.7,0.079,False,False,False,False,POL0013780|FARAHYEO|19900621,FUZZY_DUPLICATE
RID-0048399,AGENCY_MGMT,17-06-2026 11:03,CUS-029289,Xin Yi Iyer,Female,26-04-1986,40,Married,Citizen,Civil Service,65363,50k-100k,D11,XIN.YI.IYER181@EXAMPLE.COM,85221142,POL-0040936,30-06-2024,31-07-2024,PRUFlexiCash,Savings & Wealth,Bancassurance,Semi-Annual,"S$23,913.86",34000,23913.86,0.0388,25,Inforce,25,N,,Y,,N,,,,,35,N,,,,,,,,N,N,0.59,10,,,,,,,,,,,,,,False,False,False,False,POL0040936|XINYIIYER|19860426,FUZZY_DUPLICATE
RID-0048278,CRM,17-06-2026 11:45,CUS-034649,Marcus Harper,Male,22-08-1981,45,Divorced,Permanent Resident,Technician,47750,Below 50k,D24,MARCUS.HARPER484@EXAMPLE.COM,88634847,POL-0043799,24-06-2023,13-07-2023,PRUWealth Plus,Savings & Wealth,Bancassurance,Annual,"S$53,957.44",218000,53957.44,0.0504,30,Matured,38,N,,Y,,N,,,,,651,N,CLM-0043799,15-09-2023,Disability,17679.57,Approved,,15,N,N,0.13,9,ASR-0026,10000,N,N,0.065,,,,,,,,,False,False,False,False,POL0043799|MARCUSHARPER|19810822,FUZZY_DUPLICATE
RID-0047839,AGENCY_MGMT,17-06-2026 12:15,CUS-018958,KAI XUAN LIM,Male,24-10-1986,40,Divorced,Citizen,Professional,79022,50k-100k,D09,KAI.XUAN.LIM67@EXAMPLE.COM,93352288,POL-0037511,11-05-2026,01-06-2026,PRUWealth Plus,Savings & Wealth,Bancassurance,Annual,"S$27,619.91",461000,27619.91,0.0836,15,Inforce,3,N,,Y,,N,,,,,123,N,CLM-0037511,14-06-2026,Outpatient Specialist,4796.54,Approved,,37,N,Y,-0.37,2,ASR-0030,25000,N,N,0.309,,,,,,,,,False,False,False,False,POL0037511|KAIXUANLIM|19861024,FUZZY_DUPLICATE
RID-0047925,CLAIMS_SYS,17-07-2026 08:31,CUS-026337,Kavitha Yusof,Female,20-04-1986,40,Divorced,Citizen,Retired,137141,100k-200k,D16,KAVITHA.YUSOF335@EXAMPLE.COM,84516775,POL-0019554,10-01-2023,09-02-2023,PRUWealth Plus,Savings & Wealth,Broker,Monthly,"S$36,019.26",485000,36019.26,0.0556,20,Inforce,43,N,,Y,,N,,,,,183,N,CLM-0019554,09-12-2025,Death Benefit,7517.64,Approved,,8,N,N,0,10,ASR-0022,25000,N,N,0.182,AGT-00087,Valerie Ho,Established,45,AU-19,Active,23.5,0.386,False,False,False,False,POL0019554|KAVITHAYUSOF|19860420,FUZZY_DUPLICATE
RID-0043055,CLAIMS_SYS,17-07-2026 14:37,CUS-037439,Jun Hao Bennett,Male,17-03-1986,40,Widowed,Citizen,Technician,98339,50k-100k,D08,jun.hao.bennett3@example.com,+65 91271424,POL-0043055,30-10-2025,05-11-2025,PRUWealth Plus,Savings & Wealth,Agency,Annual,35830.39,187000,35830.39,0.0711,10,Inforce,10,N,,Y,,N,,,,,0,N,,,,,,,,N,N,0,10,,,,,,AGT-00353,Joanne Toh,Senior,172,AU-06,Active,92.7,0.507,False,False,False,False,POL0043055|JUNHAOBENNETT|19860317,FUZZY_DUPLICATE
RID-0047543,CLAIMS_SYS,17-07-2026 23:17,CUS-040646,VIKRAM ONG,Male,17-04-1994,32,Widowed,Citizen,Sales,115180,100k-200k,D28,VIKRAM.ONG344@EXAMPLE.COM,94170950,POL-0038031,24-01-2023,30-01-2023,PRUShield Premier,Health & IP,Broker,Annual,"S$4,139.81",1498000,4139.81,0.1212,15,Inforce,43,N,,Y,Public A-Ward,Y,1735.81,1735.81,0,0,52,N,CLM-0038031,20-08-2023,Day Surgery,1190.39,Approved,,6,N,N,-0.06,8,ASR-0025,50000,N,N,0.187,AGT-01104,Samantha Harper,New,3,AU-29,Active,79.4,0.25,False,False,False,False,POL0038031|VIKRAMONG|19940417,FUZZY_DUPLICATE
RID-0022621,CRM,17-08-2026 00:58,CUS-039110,Aravind Yeo,Male,06-10-1988,38,Married,Citizen,Executive,60007,50k-100k,D26,aravind.yeo125@example.com,+65 94384591,POL-0022621,02-04-2024,10-05-2024,PRUFlexiCash,Savings & Wealth,Agency,Quarterly,7086.9,117000,7086.9,0.0548,5,Inforce,28,N,,Y,,N,,,,,68,Y,,,,,,,,N,N,0.56,10,,,,,,AGT-00385,Cheryl Pillai,New,5,AU-12,Active,66.1,0.412,False,False,False,False,POL0022621|ARAVINDYEO|19881006,FUZZY_DUPLICATE
RID-0047546,POLICY_ADMIN,17-08-2026 04:11,CUS-026870,Daniel Turner,Male,03-10-1985,41,Widowed,Permanent Resident,Self-Employed,111831,100k-200k,D19,DANIEL.TURNER443@EXAMPLE.COM,98411203,POL-0001735,05-01-2024,20-01-2024,PRUSelect Vantage,Investment-Linked,Bancassurance,Monthly,"S$17,042.54",730000,17042.54,0.1138,30,Inforce,31,N,,Y,,N,,,,,6,N,CLM-0001735,08-12-2024,Death Benefit,9267.89,Approved,,10,N,N,0.51,9,ASR-0026,10000,N,N,0.279,,,,,,,,,False,False,False,False,POL0001735|DANIELTURNER|19851003,FUZZY_DUPLICATE
RID-0035333,CLAIMS_SYS,17-08-2026 04:43,CUS-012975,Yong Sheng Chan,Male,13-09-1974,52,Divorced,Citizen,Civil Service,144301,100k-200k,D25,yong.sheng.chan205@example.com,+65 84522291,POL-0035333,15-12-2024,05-01-2025,PRUFlexiCash,Savings & Wealth,Bancassurance,Annual,6202.44,329000,6202.44,0.0471,99,Inforce,20,N,,Y,,N,,,,,0,N,CLM-0035333,29-07-2025,Critical Illness,23553.18,Declined,Pre-existing condition,1,N,N,0.19,6,ASR-0058,100000,N,N,0.204,,,,,,,,,False,False,False,False,POL0035333|YONGSHENGCHAN|19740913,FUZZY_DUPLICATE
RID-0047882,AGENCY_MGMT,17-08-2026 05:26,CUS-013966,DIVYA HO,Female,27-06-1975,51,Widowed,Citizen,Healthcare,122017,100k-200k,D28,DIVYA.HO340@EXAMPLE.COM,98605307,POL-0031086,10-05-2026,30-05-2026,PRUCritical Cover,Protection,Broker,Annual,"S$7,237.56",1315000,7237.56,0.2708,99,Inforce,3,N,,Y,,N,,,,,0,N,CLM-0031086,25-08-2026,Critical Illness,2850.47,Pending,,20,N,N,0.57,7,ASR-0029,5000,N,N,0.228,AGT-00283,Kai Xuan Lim,Established,49,AU-36,Active,81.4,0.414,False,False,False,False,POL0031086|DIVYAHO|19750627,FUZZY_DUPLICATE
RID-0047796,POLICY_ADMIN,17-08-2026 05:39,CUS-040884,Nicholas Toh,Male,07-06-1987,39,Married,Citizen,Education,54007,50k-100k,D09,NICHOLAS.TOH367@EXAMPLE.COM,96639905,POL-0041863,05-05-2024,21-05-2024,PRUShield Life,Protection,Bancassurance,Monthly,"S$7,360.22",682000,7360.22,0.2436,99,Inforce,27,N,,Y,,N,,,,,183,N,CLM-0041863,19-09-2024,Disability,4860.08,Approved,,7,N,N,0.87,6,ASR-0035,25000,N,N,0.216,,,,,,,,,False,False,False,False,POL0041863|NICHOLASTOH|19870607,FUZZY_DUPLICATE
RID-0006058,CLAIMS_SYS,17-08-2026 15:23,CUS-025816,Valerie Neo,Female,26-12-1971,55,Widowed,Citizen,Sales,123416,100k-200k,D03,valerie.neo154@example.com,+65 94925766,POL-0006058,30-03-2026,04-05-2026,PRUSave Endowment,Savings & Wealth,Agency,Annual,50970.24,469000,50970.24,0.0436,15,Inforce,4,N,,Y,,N,,,,,19,N,CLM-0006058,20-05-2026,Outpatient Specialist,2491.59,Approved,,24,N,N,0.06,9,ASR-0044,50000,N,N,0.224,AGT-00406,Hui Ling Salleh,New,1,AU-30,Active,48.2,0.385,False,False,False,False,POL0006058|VALERIENEO|19711226,FUZZY_DUPLICATE
RID-0048454,POLICY_ADMIN,17-08-2026 17:29,CUS-000354,NicholasTeo,Male,21-09-2001,25,Divorced,Citizen,Professional,85147,50k-100k,D01,NICHOLAS.TEO159@EXAMPLE.COM,94505333,POL-0041437,05-04-2025,04-05-2025,PRUTerm Secure,Protection,Broker,Semi-Annual,"S$2,495.41",500000,2495.41,0.2327,15,Inforce,16,N,,Y,,N,,,,,122,Y,,,,,,,,N,N,0.85,9,,,,,,AGT-00685,Deepak Menon,New,9,AU-02,Active,54.1,0.025,False,False,False,False,POL0041437|NICHOLASTEO|20010921,FUZZY_DUPLICATE
RID-0009461,AGENCY_MGMT,17-08-2026 20:39,CUS-029242,Joanne Lee,Female,27-07-1993,33,Widowed,Citizen,Professional,41258,Below 50k,D25,joanne.lee476@example.com,+65 84990674,POL-0009461,03-06-2026,11-07-2026,PRUShield Life,Protection,Agency,Annual,818.04,403000,818.04,0.3024,5,Inforce,1,N,,Y,,N,,,,,0,N,CLM-0009461,01-08-2026,Disability,6401.96,Approved,,3,N,N,0.55,10,ASR-0049,100000,N,N,0.049,AGT-00133,Zarina Chong,Established,52,AU-12,Active,62.2,0.117,False,False,False,False,POL0009461|JOANNELEE|19930727,FUZZY_DUPLICATE
RID-0009587,POLICY_ADMIN,18-03-2026 05:05,CUS-015346,Anjali Aziz,Female,25-06-1984,42,Married,Citizen,Civil Service,104217,100k-200k,D12,anjali.aziz211@example.com,+65 94275386,POL-0009587,12-03-2025,29-03-2025,PRUFlexiCash,Savings & Wealth,Digital,Semi-Annual,5378.32,468000,5378.32,0.0528,15,Inforce,17,N,,Y,,N,,,,,79,N,,,,,,,,N,N,0.14,8,,,,,,,,,,,,,,False,False,False,False,POL0009587|ANJALIAZIZ|19840625,FUZZY_DUPLICATE
RID-0026079,POLICY_ADMIN,18-03-2026 12:44,CUS-023617,Marcus Salleh,Male,06-12-1959,67,Single,Permanent Resident,Self-Employed,54068,50k-100k,D21,marcus.salleh368@example.com,+65 97369237,POL-0026079,14-08-2024,05-09-2024,PRUWealth Plus,Savings & Wealth,Digital,Monthly,33845.8,441000,33845.8,0.0405,15,Inforce,24,N,,Y,,N,,,,,229,N,CLM-0026079,13-12-2024,Accident,12360.66,Partially Approved,,8,N,N,0.46,8,ASR-0022,25000,N,N,0.189,,,,,,,,,False,False,False,False,POL0026079|MARCUSSALLEH|19591206,FUZZY_DUPLICATE
RID-0006714,POLICY_ADMIN,18-03-2026 14:10,CUS-009607,Marcus Yeo,Male,07-11-1989,37,Single,Citizen,Sales,108562,100k-200k,D18,marcus.yeo144@example.com,+65 91588401,POL-0006714,25-02-2025,27-03-2025,PRUCritical Cover,Protection,Agency,Annual,2165.93,233000,2165.93,0.3194,10,Inforce,17,N,,Y,,N,,,,,66,Y,CLM-0006714,02-06-2026,Disability,14916.54,Approved,,18,N,N,0.41,10,ASR-0010,50000,N,Y,0.832,AGT-00360,Divya Wong,Senior,177,AU-30,Active,61,0.077,False,False,False,False,POL0006714|MARCUSYEO|19891107,FUZZY_DUPLICATE
RID-0048499,AGENCY_MGMT,18-03-2026 15:25,CUS-003541,JUN HAO AZIZ,Male,24-11-1981,45,Divorced,Citizen,Healthcare,63236,50k-100k,D13,JUN.HAO.AZIZ362@EXAMPLE.COM,82915391,POL-0015726,27-02-2024,04-04-2024,PRUFlexiCash,Savings & Wealth,Agency,Annual,"S$36,110.25",446000,36110.25,0.0823,25,Inforce,29,N,,Y,,N,,,,,80,N,,,,,,,,N,N,0.21,5,,,,,,AGT-00893,Aminah Turner,New,4,AU-18,Active,60.1,0.349,False,False,False,False,POL0015726|JUNHAOAZIZ|19811124,FUZZY_DUPLICATE
RID-0048062,POLICY_ADMIN,18-03-2026 15:58,CUS-019621,WeiMingIyer,Male,15-05-1983,43,Single,Permanent Resident,Self-Employed,75700,50k-100k,D06,WEI.MING.IYER222@EXAMPLE.COM,87022498,POL-0000123,24-09-2025,07-11-2025,PRUShield Standard,Health & IP,Digital,Quarterly,"S$6,979.49",309000,6979.49,0.1582,15,Inforce,9,N,,Y,Public A-Ward,Y,1959.95,1959.95,0,0,22,N,,,,,,,,N,N,0.75,10,,,,,,,,,,,,,,False,False,False,False,POL0000123|WEIMINGIYER|19830515,FUZZY_DUPLICATE
RID-0026406,POLICY_ADMIN,18-04-2026 17:11,CUS-022556,Suresh Bennett,Male,08-06-2000,26,Married,Employment Pass,Self-Employed,56197,50k-100k,D21,suresh.bennett56@example.com,+65 86873366,POL-0026406,13-10-2023,14-11-2023,PRUSave Endowment,Savings & Wealth,Digital,Annual,36581.82,91000,36581.82,0.0531,30,Inforce,34,N,,Y,,N,,,,,0,Y,,,,,,,,N,N,0.15,9,,,,,,,,,,,,,,False,False,False,False,POL0026406|SURESHBENNETT|20000608,FUZZY_DUPLICATE
RID-0043594,AGENCY_MGMT,18-04-2026 19:53,CUS-033200,Kavitha Iyer,Female,06-04-1992,34,Divorced,Permanent Resident,Executive,164541,100k-200k,D02,kavitha.iyer303@example.com,+65 96131021,POL-0043594,27-07-2024,14-08-2024,PRUWealth Plus,Savings & Wealth,Direct,Semi-Annual,10921.81,346000,10921.81,0.0626,5,Inforce,24,N,,Y,,N,,,,,59,Y,CLM-0043594,18-11-2025,Hospitalisation,57097.41,Approved,,16,N,N,0.77,9,ASR-0010,50000,N,N,0.95,,,,,,,,,False,False,False,False,POL0043594|KAVITHAIYER|19920406,FUZZY_DUPLICATE
RID-0048122,POLICY_ADMIN,18-05-2026 02:08,CUS-001972,Joanne Teo,Female,16-11-1993,33,Widowed,Permanent Resident,Executive,81584,50k-100k,D06,JOANNE.TEO379@EXAMPLE.COM,83765535,POL-0020721,26-11-2025,10-01-2026,PRUTerm Secure,Protection,Bancassurance,Monthly,S$935.69,460000,935.69,0.2273,5,Inforce,7,N,,Y,,N,,,,,45,Y,CLM-0020721,03-07-2026,Accident,11237.3,Approved,,19,N,N,0.3,7,ASR-0060,10000,N,N,0.149,,,,,,,,,False,False,False,False,POL0020721|JOANNETEO|19931116,FUZZY_DUPLICATE
RID-0047978,POLICY_ADMIN,18-05-2026 04:11,CUS-016220,VikramNeo,Male,08-02-1980,46,Divorced,Citizen,Self-Employed,89904,50k-100k,D23,VIKRAM.NEO427@EXAMPLE.COM,89192309,POL-0012907,14-04-2026,14-05-2026,PRUFlexiCash,Savings & Wealth,Agency,Quarterly,"S$44,088.13",197000,44088.13,0.0492,20,Inforce,3,N,,Y,,N,,,,,24,Y,CLM-0012907,08-07-2026,Day Surgery,553.45,Partially Approved,,1,N,N,0.38,6,ASR-0001,50000,N,N,0.361,AGT-00567,Aravind Iyer,Established,60,AU-16,Active,38.2,0.447,False,False,False,False,POL0012907|VIKRAMNEO|19800208,FUZZY_DUPLICATE
RID-0047859,POLICY_ADMIN,18-05-2026 16:02,CUS-039152,Valerie Menon,Female,11-12-1956,70,Divorced,Citizen,Sales,30000,Below 50k,D19,VALERIE.MENON312@EXAMPLE.COM,93455952,POL-0001118,11-11-2024,12-12-2024,PRULink Global Growth,Investment-Linked,Bancassurance,Annual,"S$6,650.32",744000,6650.32,0.1077,5,Inforce,20,N,,Y,,N,,,,,34,N,CLM-0001118,24-08-2026,Accident,4304.76,Approved,,22,N,N,0.27,8,ASR-0055,5000,N,N,0.338,,,,,,,,,False,False,False,False,POL0001118|VALERIEMENON|19561211,FUZZY_DUPLICATE
RID-0035956,AGENCY_MGMT,18-05-2026 20:04,CUS-025155,Lakshmi Low,Female,17-07-1984,42,Divorced,Citizen,Manager,46851,Below 50k,D28,lakshmi.low414@example.com,+65 99660015,POL-0035956,01-07-2023,23-07-2023,PRUTerm Secure,Protection,Direct,Monthly,6548.67,1457000,6548.67,0.3385,99,Inforce,37,N,,Y,,N,,,,,86,Y,CLM-0035956,04-03-2026,Death Benefit,4079.99,Approved,,10,N,Y,-0.47,4,ASR-0003,10000,N,N,0.202,,,,,,,,,False,False,False,False,POL0035956|LAKSHMILOW|19840717,FUZZY_DUPLICATE
RID-0044264,POLICY_ADMIN,18-05-2026 22:07,CUS-036376,Wan Ting Ho,Female,14-07-1990,36,Divorced,Employment Pass,Professional,64676,50k-100k,D05,wan.ting.ho111@example.com,+65 86942467,POL-0044264,03-01-2025,07-01-2025,PRUShield Premier,Health & IP,Digital,Annual,6004.34,712000,6004.34,0.1581,20,Inforce,20,N,,Y,Private Hospital,Y,3182.95,3182.95,0,0,117,N,,,,,,,,N,N,0.35,9,,,,,,,,,,,,,,False,False,False,False,POL0044264|WANTINGHO|19900714,FUZZY_DUPLICATE
RID-0048179,POLICY_ADMIN,18-06-2026 06:58,CUS-012939,ZhiHaoSalleh,Male,06-06-1970,56,Divorced,Citizen,Healthcare,59613,50k-100k,D02,ZHI.HAO.SALLEH461@EXAMPLE.COM,86351103,POL-0004582,26-10-2024,12-11-2024,PRUShield Life,Protection,Agency,Monthly,"S$8,808.93",1233000,8808.93,0.3193,10,Inforce,21,N,,Y,,N,,,,,235,N,CLM-0004582,29-03-2025,Hospitalisation,4084.5,Approved,,16,N,N,0.1,6,ASR-0019,100000,N,N,0.279,AGT-00629,Vikram Osman,Established,51,AU-19,On Notice,42.8,0.161,False,False,False,False,POL0004582|ZHIHAOSALLEH|19700606,FUZZY_DUPLICATE
RID-0047633,AGENCY_MGMT,18-06-2026 07:51,CUS-029952,NICHOLAS KUMAR,Male,02-07-2005,21,Married,Citizen,Sales,30000,Below 50k,D23,NICHOLAS.KUMAR369@EXAMPLE.COM,87686629,POL-0030268,21-02-2024,04-04-2024,PRULink Assurance,Investment-Linked,Bancassurance,Monthly,"S$44,282.98",95000,44282.98,0.1163,15,Matured,29,N,,Y,,N,,,,,236,N,CLM-0030268,10-10-2025,Death Benefit,13031.4,Approved,,7,N,N,0.43,9,ASR-0021,100000,N,N,0.143,,,,,,,,,False,False,False,False,POL0030268|NICHOLASKUMAR|20050702,FUZZY_DUPLICATE
RID-0000601,AGENCY_MGMT,18-06-2026 10:17,CUS-023239,Zulkifli Koh,Male,10-06-1967,59,Married,Citizen,Healthcare,128151,100k-200k,D18,zulkifli.koh400@example.com,+65 98120412,POL-0000601,22-12-2025,29-01-2026,PRUSelect Vantage,Investment-Linked,Bancassurance,Semi-Annual,27333.79,391000,27333.79,0.084,30,Inforce,7,N,,Y,,N,,,,,0,N,,,,,,,,N,N,0.88,6,,,,,,,,,,,,,,False,False,False,False,POL0000601|ZULKIFLIKOH|19670610,FUZZY_DUPLICATE
RID-0037539,CLAIMS_SYS,18-06-2026 14:26,CUS-037411,Valerie Aziz,Female,25-09-1982,44,Single,Citizen,Healthcare,30187,Below 50k,D07,valerie.aziz219@example.com,+65 91523439,POL-0037539,29-05-2025,07-07-2025,PRUShield Life,Protection,Agency,Annual,5745.23,2370000,5745.23,0.2534,30,Inforce,14,N,,Y,,N,,,,,96,N,,,,,,,,N,N,0.65,10,,,,,,AGT-01166,Muhammad Ariff Aziz,Senior,171,AU-01,Active,67.1,0.048,False,False,False,False,POL0037539|VALERIEAZIZ|19820925,FUZZY_DUPLICATE
RID-0046460,AGENCY_MGMT,18-06-2026 20:44,CUS-027803,Marcus Yeo,Male,18-08-1965,61,Single,Permanent Resident,Technician,60983,50k-100k,D13,marcus.yeo241@example.com,+65 94379587,POL-0046460,12-09-2024,23-09-2024,PRUCritical Cover,Protection,Digital,Monthly,8435.92,2929000,8435.92,0.2285,15,Inforce,23,N,,Y,,N,,,,,0,N,CLM-0046460,06-05-2025,Maternity,3486.85,Approved,,12,N,N,0.7,9,ASR-0050,5000,N,N,0.179,,,,,,,,,False,False,False,False,POL0046460|MARCUSYEO|19650818,FUZZY_DUPLICATE
RID-0047768,POLICY_ADMIN,18-07-2026 02:17,CUS-013255,JIA HUI LEE,Female,08-01-1986,40,Widowed,Citizen,Retired,38989,Below 50k,D12,JIA.HUI.LEE499@EXAMPLE.COM,97867588,POL-0017620,04-05-2025,29-05-2025,PRUActive Term,Protection,Agency,Semi-Annual,"S$3,673.94",2115000,3673.94,0.2638,99,Lapsed,15,Y,12-03-2026,N,,N,,,,,0,Y,CLM-0017620,21-02-2026,Day Surgery,4506.61,Declined,Waiting period not served,10,N,N,0.42,6,ASR-0019,100000,N,N,0.094,AGT-00132,Rohan Teo,New,7,AU-22,Active,74.6,0.051,False,False,False,False,POL0017620|JIAHUILEE|19860108,FUZZY_DUPLICATE
RID-0047730,CLAIMS_SYS,18-07-2026 07:08,CUS-005760,Muhammad Ariff Osman,Male,05-12-1993,33,Widowed,Citizen,Healthcare,65554,50k-100k,D02,MUHAMMAD.ARIFF.OSMAN27@EXAMPLE.COM,92552019,POL-0023331,11-02-2025,27-02-2025,PRUShield Life,Protection,Agency,Annual,"S$6,561.65",1826000,6561.65,0.2572,15,Inforce,18,N,,Y,,N,,,,,42,N,CLM-0023331,29-05-2025,Outpatient Specialist,13498.92,Declined,Waiting period not served,10,N,N,0.92,8,ASR-0006,25000,N,N,0.169,AGT-00854,Hakim Pillai,New,9,AU-33,Resigned,71.5,0.126,False,False,False,False,POL0023331|MUHAMMADARIFFOSMAN|19931205,FUZZY_DUPLICATE
RID-0048445,AGENCY_MGMT,18-07-2026 10:02,CUS-010657,Nurul Aisyah Menon,Female,21-11-1972,54,Single,Employment Pass,Manager,174228,100k-200k,D15,NURUL.AISYAH.MENON313@EXAMPLE.COM,85114548,POL-0032950,03-04-2026,22-04-2026,PRUActive Term,Protection,Agency,Semi-Annual,"S$6,280.92",2302000,6280.92,0.3116,15,Inforce,4,N,,Y,,N,,,,,45,N,CLM-0032950,14-08-2026,Maternity,10914.7,Partially Approved,,16,N,N,-0.07,6,ASR-0056,50000,N,N,0.214,AGT-00874,Divya Ng,Senior,146,AU-35,Active,30.9,0.529,False,False,False,False,POL0032950|NURULAISYAHMENON|19721121,FUZZY_DUPLICATE
RID-0047604,AGENCY_MGMT,18-07-2026 13:31,CUS-017965,Priya Foo,Female,26-05-2000,26,Single,Permanent Resident,Retired,77365,50k-100k,D17,PRIYA.FOO151@EXAMPLE.COM,92723438,POL-0010265,13-04-2025,25-04-2025,PRUSave Endowment,Savings & Wealth,Agency,Semi-Annual,"S$41,850.71",262000,41850.71,0.0804,25,Lapsed,16,Y,06-06-2026,Y,,N,,,,,10,N,CLM-0010265,29-04-2025,Disability,13850.65,Approved,,15,N,N,0.25,10,ASR-0012,100000,N,N,0.023,AGT-00649,Deepak Tan,Established,87,AU-18,Active,68.3,0.246,False,False,False,False,POL0010265|PRIYAFOO|20000526,FUZZY_DUPLICATE
RID-0029297,POLICY_ADMIN,18-08-2026 08:59,CUS-014019,Jonathan Kamal,Male,14-11-1976,50,Widowed,Citizen,Executive,75853,50k-100k,D28,jonathan.kamal473@example.com,+65 94249937,POL-0029297,04-04-2025,05-04-2025,PRUSave Endowment,Savings & Wealth,Agency,Semi-Annual,18042.8,445000,18042.8,0.0428,30,Lapsed,17,Y,05-10-2025,N,,N,,,,,145,N,CLM-0029297,17-09-2025,Hospitalisation,10495.06,Approved,,29,N,N,0.62,9,ASR-0018,25000,N,N,0.28,AGT-00890,Hakim Neo,Established,66,AU-22,Active,89.2,0.26,False,False,False,False,POL0029297|JONATHANKAMAL|19761114,FUZZY_DUPLICATE
RID-0047802,POLICY_ADMIN,18-08-2026 10:21,CUS-004893,FarahTan,Female,10-09-1990,36,Single,Permanent Resident,Technician,133497,100k-200k,D07,FARAH.TAN192@EXAMPLE.COM,83985898,POL-0010880,10-07-2025,30-07-2025,PRUFlexiCash,Savings & Wealth,Bancassurance,Monthly,"S$30,761.97",405000,30761.97,0.0398,99,Inforce,13,N,,Y,,N,,,,,19,Y,,,,,,,,N,N,0.11,6,,,,,,,,,,,,,,False,False,False,False,POL0010880|FARAHTAN|19900910,FUZZY_DUPLICATE
RID-0030280,CLAIMS_SYS,18-08-2026 11:40,CUS-035140,Marcus Harper,Male,28-04-1969,57,Widowed,Citizen,Self-Employed,108046,100k-200k,D14,marcus.harper159@example.com,+65 86439275,POL-0030280,27-06-2026,03-08-2026,PRUVantage Legacy,Savings & Wealth,Agency,Semi-Annual,10838.5,65000,10838.5,0.0408,25,Inforce,1,N,,Y,,N,,,,,354,Y,CLM-0030280,09-08-2026,Disability,22623.79,Approved,,20,N,N,0.85,10,ASR-0044,50000,N,N,0.197,AGT-00560,Vikram Mitchell,New,6,AU-37,Active,52.3,0.171,False,False,False,False,POL0030280|MARCUSHARPER|19690428,FUZZY_DUPLICATE
RID-0048140,POLICY_ADMIN,18-08-2026 17:11,CUS-029069,Nicholas Foo,Male,17-05-1984,42,Single,Citizen,Education,121163,100k-200k,D09,NICHOLAS.FOO459@EXAMPLE.COM,91972520,POL-0045699,18-10-2025,18-11-2025,PRUFlexiCash,Savings & Wealth,Agency,Monthly,"S$31,720.88",496000,31720.88,0.0707,25,Inforce,9,N,,Y,,N,,,,,0,N,,,,,,,,N,N,-0.07,10,,,,,,AGT-00094,Valerie Salleh,Established,78,AU-03,Active,37.7,0.078,False,False,False,False,POL0045699|NICHOLASFOO|19840517,FUZZY_DUPLICATE
RID-0014334,CLAIMS_SYS,18-08-2026 18:40,CUS-005319,Siti Nadia Sim,Female,26-07-1971,55,Divorced,Citizen,Civil Service,68087,50k-100k,D01,siti.nadia.sim43@example.com,+65 85798634,POL-0014334,18-08-2024,25-08-2024,PRULink Global Growth,Investment-Linked,Digital,Monthly,11031.45,192000,11031.45,0.1129,25,Inforce,24,N,,Y,,N,,,,,43,N,CLM-0014334,27-05-2026,Accident,2122.52,Approved,,28,N,N,0.04,9,ASR-0008,10000,N,N,0.046,,,,,,,,,False,False,False,False,POL0014334|SITINADIASIM|19710726,FUZZY_DUPLICATE
RID-0048347,CLAIMS_SYS,18-08-2026 19:49,CUS-019445,AminahRahman,Female,15-11-1983,43,Divorced,Employment Pass,Technician,125666,100k-200k,D24,AMINAH.RAHMAN453@EXAMPLE.COM,91999814,POL-0045152,20-06-2026,01-07-2026,PRUFlexiCash,Savings & Wealth,Broker,Semi-Annual,"S$21,081.39",362000,21081.39,0.0469,10,Inforce,2,N,,Y,,N,,,,,338,N,,,,,,,,N,N,0.19,8,,,,,,AGT-00205,Kavitha Pillai,Senior,42,AU-02,Active,92.4,0.447,False,False,False,False,POL0045152|AMINAHRAHMAN|19831115,FUZZY_DUPLICATE
RID-0048204,CLAIMS_SYS,18-08-2026 21:16,CUS-024580,MEI YI MITCHELL,Female,14-12-2004,22,Widowed,Permanent Resident,Executive,215093,200k-400k,D27,MEI.YI.MITCHELL262@EXAMPLE.COM,86469141,POL-0025611,17-05-2024,02-06-2024,PRULink Global Growth,Investment-Linked,Agency,Semi-Annual,"S$43,719.64",445000,43719.64,0.1436,20,Inforce,27,N,,Y,,N,,,,,462,N,,,,,,,,N,N,0.91,10,,,,,,AGT-00493,Arjun Low,Established,17,AU-33,Active,43.9,0.198,False,False,False,False,POL0025611|MEIYIMITCHELL|20041214,FUZZY_DUPLICATE
RID-0026202,CLAIMS_SYS,19-03-2026 09:19,CUS-037326,Farah Foo,Female,28-12-1986,40,Divorced,Foreigner,Executive,47096,Below 50k,D27,farah.foo279@example.com,+65 81678337,POL-0026202,10-11-2024,06-12-2024,PRUFlexiCash,Savings & Wealth,Digital,Annual,48797.84,432000,48797.84,0.0708,15,Inforce,21,N,,Y,,N,,,,,0,Y,CLM-0026202,13-05-2025,Accident,1893.47,Partially Approved,,5,N,N,0.01,6,ASR-0040,100000,N,N,0.414,,,,,,,,,False,False,False,False,POL0026202|FARAHFOO|19861228,FUZZY_DUPLICATE
RID-0024374,CRM,19-03-2026 10:34,CUS-038269,Samantha Toh,Female,22-07-1981,45,Married,Citizen,Professional,69655,50k-100k,D15,samantha.toh489@example.com,+65 83905332,POL-0024374,11-10-2024,23-11-2024,PRUFlexiCash,Savings & Wealth,Bancassurance,Monthly,58021.92,62000,58021.92,0.0301,10,Inforce,21,N,,Y,,N,,,,,0,N,CLM-0024374,19-03-2026,Outpatient Specialist,2461.98,Partially Approved,,1,N,N,0.46,9,ASR-0047,5000,N,N,0.351,,,,,,,,,False,False,False,False,POL0024374|SAMANTHATOH|19810722,FUZZY_DUPLICATE
RID-0048229,AGENCY_MGMT,19-03-2026 17:03,CUS-007842,ZULKIFLI FRASER,Male,13-12-1991,35,Single,Citizen,Sales,243422,200k-400k,D02,ZULKIFLI.FRASER53@EXAMPLE.COM,89190519,POL-0041115,19-06-2025,21-06-2025,PRUShield Standard,Health & IP,Agency,Semi-Annual,"S$5,711.53",1087000,5711.53,0.1824,5,Inforce,14,N,,Y,Public A-Ward,Y,1977.9,1977.9,0,2500,62,N,CLM-0041115,19-01-2026,Death Benefit,3492.66,Declined,Outside panel provider,7,N,N,0.32,8,ASR-0024,50000,N,N,0.035,AGT-01004,Marcus Kamal,MDRT,234,AU-03,Active,41.1,0.026,False,False,False,False,POL0041115|ZULKIFLIFRASER|19911213,FUZZY_DUPLICATE
RID-0047580,AGENCY_MGMT,19-03-2026 18:22,CUS-005590,Yong Sheng Wong,Male,20-03-1987,39,Widowed,Citizen,Self-Employed,67948,50k-100k,D27,YONG.SHENG.WONG35@EXAMPLE.COM,92201592,POL-0041485,12-11-2025,03-12-2025,PRUShield Premier,Health & IP,Bancassurance,Annual,"S$4,558.82",293000,4558.82,0.1491,20,Inforce,9,N,,Y,Public A-Ward,Y,1968.7,1968.7,0,1500,141,N,CLM-0041485,07-05-2026,Day Surgery,5619.88,Approved,,19,N,Y,-0.93,5,ASR-0056,50000,N,N,0.106,,,,,,,,,False,False,False,False,POL0041485|YONGSHENGWONG|19870320,FUZZY_DUPLICATE
RID-0047805,AGENCY_MGMT,19-03-2026 20:33,CUS-020089,Valerie Ibrahim,Female,11-06-1987,39,Married,Permanent Resident,Education,175836,100k-200k,D22,VALERIE.IBRAHIM423@EXAMPLE.COM,89118682,POL-0039432,09-03-2025,21-03-2025,PRUVantage Legacy,Savings & Wealth,Direct,Annual,"S$45,780.23",88000,45780.23,0.0649,5,Inforce,17,N,,Y,,N,,,,,215,N,CLM-0039432,14-02-2026,Critical Illness,5529.92,Declined,Premium in arrears,18,N,N,0.51,7,ASR-0048,25000,N,N,0.013,,,,,,,,,False,False,False,False,POL0039432|VALERIEIBRAHIM|19870611,FUZZY_DUPLICATE
RID-0047658,POLICY_ADMIN,19-03-2026 20:41,CUS-013326,ROHAN LOW,Male,26-07-1987,39,Single,Employment Pass,Healthcare,69311,50k-100k,D18,ROHAN.LOW459@EXAMPLE.COM,83003204,POL-0006865,01-03-2025,30-03-2025,PRUVantage Legacy,Savings & Wealth,Direct,Semi-Annual,"S$3,348.83",336000,3348.83,0.0912,5,Inforce,17,N,,Y,,N,,,,,44,N,CLM-0006865,25-04-2025,Outpatient Specialist,19197.67,Partially Approved,,13,N,Y,-0.42,1,ASR-0060,10000,N,N,0.021,,,,,,,,,False,False,False,False,POL0006865|ROHANLOW|19870726,FUZZY_DUPLICATE
RID-0018443,AGENCY_MGMT,19-03-2026 22:32,CUS-040147,Vikram Kumar,Male,08-10-1971,55,Widowed,Permanent Resident,Executive,131484,100k-200k,D13,vikram.kumar61@example.com,+65 99985194,POL-0018443,26-02-2024,01-04-2024,PRUShield Premier,Health & IP,Agency,Semi-Annual,4358.64,653000,4358.64,0.2013,25,Inforce,29,N,,Y,Public A-Ward,Y,2048.98,2048.98,0,0,384,N,CLM-0018443,04-07-2025,Critical Illness,915.53,Approved,,23,N,N,-0.09,8,ASR-0030,25000,N,N,0.378,AGT-00681,Nicholas Ng,Established,50,AU-27,Resigned,48.9,0.321,False,False,False,False,POL0018443|VIKRAMKUMAR|19711008,FUZZY_DUPLICATE
RID-0047769,CLAIMS_SYS,19-04-2026 00:37,CUS-011918,Kai Xuan Ho,Male,18-10-1967,59,Married,Citizen,Education,63577,50k-100k,D11,KAI.XUAN.HO126@EXAMPLE.COM,87862212,POL-0039747,10-11-2023,11-12-2023,PRUCritical Cover,Protection,Agency,Quarterly,"S$6,957.10",2238000,6957.1,0.2204,30,Lapsed,33,Y,15-12-2025,Y,,N,,,,,20,N,,,,,,,,N,N,-0.04,6,,,,,,AGT-01076,Valerie Yusof,Established,41,AU-17,Active,94.8,0.118,False,False,False,False,POL0039747|KAIXUANHO|19671018,FUZZY_DUPLICATE
RID-0009077,AGENCY_MGMT,19-04-2026 04:11,CUS-029329,Yong Sheng Wright,Male,27-02-1989,37,Single,Citizen,Technician,52166,50k-100k,D03,yong.sheng.wright361@example.com,+65 82459090,POL-0009077,26-06-2025,27-06-2025,PRUShield Premier,Health & IP,Agency,Monthly,3351.25,114000,3351.25,0.1677,25,Inforce,14,N,,Y,Public B1-Ward,N,,,,,0,N,CLM-0009077,16-07-2026,Death Benefit,441.57,Approved,,25,N,N,0.36,8,ASR-0056,50000,N,N,0.01,AGT-00387,Chee Keong Pillai,Established,47,AU-16,Active,46,0.274,False,False,False,False,POL0009077|YONGSHENGWRIGHT|19890227,FUZZY_DUPLICATE
RID-0007988,CRM,19-04-2026 06:17,CUS-023154,Arjun Chan,Male,15-11-1983,43,Married,Permanent Resident,Retired,62935,50k-100k,D22,arjun.chan254@example.com,+65 81917401,POL-0007988,31-12-2024,13-01-2025,PRUVantage Legacy,Savings & Wealth,Agency,Annual,55335.69,316000,55335.69,0.0716,5,Inforce,19,N,,Y,,N,,,,,197,Y,CLM-0007988,11-07-2026,Death Benefit,1813.45,Approved,,27,N,N,0.74,7,ASR-0023,50000,N,N,0.362,AGT-00825,Arjun Ho,New,1,AU-28,Active,73.2,0.243,False,False,False,False,POL0007988|ARJUNCHAN|19831115,FUZZY_DUPLICATE
RID-0035727,AGENCY_MGMT,19-04-2026 11:30,CUS-022628,Faisal Sharma,Male,06-06-1984,42,Single,Citizen,Technician,62799,50k-100k,D03,faisal.sharma200@example.com,+65 85420827,POL-0035727,18-07-2025,21-08-2025,PRUWealth Plus,Savings & Wealth,Agency,Annual,30688.13,270000,30688.13,0.0656,15,Inforce,12,N,,Y,,N,,,,,0,Y,CLM-0035727,07-11-2025,Accident,7489.1,Approved,,9,N,N,0.71,9,ASR-0003,10000,N,N,0.367,AGT-00729,Valerie Foo,Established,59,AU-28,Active,78.1,0.363,False,False,False,False,POL0035727|FAISALSHARMA|19840606,FUZZY_DUPLICATE
RID-0047948,CLAIMS_SYS,19-04-2026 14:26,CUS-035181,KaiXuanHo,Male,09-05-1994,32,Widowed,Citizen,Education,43845,Below 50k,D20,KAI.XUAN.HO118@EXAMPLE.COM,83243336,POL-0024375,21-06-2025,22-07-2025,PRUTerm Secure,Protection,Agency,Monthly,"S$4,830.50",770000,4830.5,0.3113,20,Inforce,13,N,,Y,,N,,,,,84,N,CLM-0024375,01-06-2026,Death Benefit,1373.29,Approved,,13,N,N,0.92,6,ASR-0008,10000,N,N,0.182,AGT-00838,Siew Peng Lim,Senior,144,AU-28,Active,67.9,0.075,False,False,False,False,POL0024375|KAIXUANHO|19940509,FUZZY_DUPLICATE
RID-0048030,CLAIMS_SYS,19-04-2026 21:01,CUS-014649,Aravind Ibrahim,Male,02-02-1975,51,Single,Permanent Resident,Retired,195444,100k-200k,D27,ARAVIND.IBRAHIM491@EXAMPLE.COM,89236145,POL-0001676,22-10-2024,23-10-2024,PRULink Assurance,Investment-Linked,Agency,Semi-Annual,"S$11,264.20",859000,11264.2,0.1603,5,Inforce,22,N,,Y,,N,,,,,279,N,CLM-0001676,19-03-2025,Critical Illness,10077.58,Approved,,16,N,N,0.2,6,ASR-0025,50000,N,N,0.037,AGT-00089,Kavitha Iyer,Senior,147,AU-04,Active,85,0.384,False,False,False,False,POL0001676|ARAVINDIBRAHIM|19750202,FUZZY_DUPLICATE
RID-0004635,POLICY_ADMIN,19-04-2026 22:01,CUS-020859,Rachel Ibrahim,Female,20-11-1979,47,Single,Citizen,Self-Employed,39955,Below 50k,D02,rachel.ibrahim165@example.com,+65 95152601,POL-0004635,24-03-2024,02-04-2024,PRUSelect Vantage,Investment-Linked,Bancassurance,Annual,11063.33,418000,11063.33,0.1411,20,Inforce,29,N,,Y,,N,,,,,0,N,CLM-0004635,06-06-2025,Death Benefit,4110.26,Partially Approved,,5,N,N,0.87,9,ASR-0020,5000,N,N,0.387,,,,,,,,,False,False,False,False,POL0004635|RACHELIBRAHIM|19791120,FUZZY_DUPLICATE
RID-0010267,POLICY_ADMIN,19-05-2026 01:44,CUS-022318,Jonathan Chong,Male,27-09-1970,56,Single,Citizen,Technician,76987,50k-100k,D23,jonathan.chong17@example.com,+65 99752178,POL-0010267,27-12-2025,22-01-2026,PRUShield Standard,Health & IP,Digital,Annual,1275.13,101000,1275.13,0.1358,30,Inforce,7,N,,Y,Public B1-Ward,N,,,,,266,N,,,,,,,,N,N,0.34,8,,,,,,,,,,,,,,False,False,False,False,POL0010267|JONATHANCHONG|19700927,FUZZY_DUPLICATE
RID-0048087,AGENCY_MGMT,19-05-2026 02:34,CUS-037635,Zulkifli Fraser,Male,01-03-1989,37,Single,Citizen,Manager,80712,50k-100k,D02,ZULKIFLI.FRASER40@EXAMPLE.COM,99706364,POL-0038542,11-05-2023,14-05-2023,PRUActive Term,Protection,Agency,Monthly,"S$5,949.76",1586000,5949.76,0.3316,30,Inforce,40,N,,Y,,N,,,,,31,N,CLM-0038542,31-10-2025,Death Benefit,8400.72,Approved,,8,N,N,0.99,6,ASR-0007,25000,N,N,0.258,AGT-00040,Siew Peng Reddy,New,2,AU-37,Resigned,24.4,0.113,False,False,False,False,POL0038542|ZULKIFLIFRASER|19890301,FUZZY_DUPLICATE
RID-0048429,AGENCY_MGMT,19-05-2026 10:23,CUS-028565,Zulkifli Rahman,Male,03-12-2000,26,Married,Permanent Resident,Manager,90278,50k-100k,D09,ZULKIFLI.RAHMAN354@EXAMPLE.COM,98355945,POL-0038227,08-03-2024,23-03-2024,PRULink Assurance,Investment-Linked,Agency,Monthly,"S$6,075.11",873000,6075.11,0.1558,25,Inforce,29,N,,Y,,N,,,,,0,Y,CLM-0038227,29-01-2025,Day Surgery,3307.93,Approved,,40,N,N,0.76,6,ASR-0015,25000,N,Y,0.714,AGT-01063,Faisal Koh,New,11,AU-03,Active,28.3,0.387,False,False,False,False,POL0038227|ZULKIFLIRAHMAN|20001203,FUZZY_DUPLICATE
RID-0003784,AGENCY_MGMT,19-05-2026 12:45,CUS-006275,Nurul Aisyah Toh,Female,17-02-1998,28,Married,Citizen,Technician,83055,50k-100k,D28,nurul.aisyah.toh162@example.com,+65 99358888,POL-0003784,22-09-2025,28-10-2025,PRUWealth Plus,Savings & Wealth,Digital,Monthly,17393.49,287000,17393.49,0.0474,5,Inforce,10,N,,Y,,N,,,,,70,N,,,,,,,,N,N,0.76,9,,,,,,,,,,,,,,False,False,False,False,POL0003784|NURULAISYAHTOH|19980217,FUZZY_DUPLICATE
RID-0035376,POLICY_ADMIN,19-05-2026 20:32,CUS-019863,Yong Sheng Kamal,Male,26-08-1987,39,Divorced,Citizen,Sales,96162,50k-100k,D02,yong.sheng.kamal471@example.com,+65 89437443,POL-0035376,20-05-2023,05-06-2023,PRUCritical Cover,Protection,Broker,Monthly,730.5,776000,730.5,0.3277,30,Surrendered,39,Y,02-07-2024,N,,N,,,,,73,N,CLM-0035376,02-01-2024,Accident,6957.74,Partially Approved,,19,N,N,0.34,7,ASR-0004,100000,N,N,0.355,AGT-00067,Faisal Pillai,Established,32,AU-25,Active,73,0.225,False,False,False,False,POL0035376|YONGSHENGKAMAL|19870826,FUZZY_DUPLICATE
RID-0039686,CLAIMS_SYS,19-06-2026 10:08,CUS-008711,Faisal Aziz,Male,23-06-1978,48,Widowed,Foreigner,Technician,146673,100k-200k,D10,faisal.aziz398@example.com,+65 83077470,POL-0039686,14-04-2024,23-05-2024,PRUWealth Plus,Savings & Wealth,Agency,Annual,24408.84,301000,24408.84,0.0549,25,Inforce,27,N,,Y,,N,,,,,216,N,,,,,,,,N,N,0.42,7,,,,,,AGT-00747,Kavitha Wong,MDRT,162,AU-14,Active,20.8,0.353,False,False,False,False,POL0039686|FAISALAZIZ|19780623,FUZZY_DUPLICATE
RID-0048317,POLICY_ADMIN,19-06-2026 13:20,CUS-018131,Mei Yi Ong,Female,25-07-1986,40,Single,Citizen,Education,140684,100k-200k,D18,MEI.YI.ONG5@EXAMPLE.COM,97818418,POL-0045374,01-11-2024,13-12-2024,PRUExtra Care,Health & IP,Broker,Annual,"S$3,873.02",703000,3873.02,0.1917,15,Inforce,20,N,,Y,Public A-Ward,Y,1525.03,1525.03,0,0,46,N,CLM-0045374,28-07-2025,Critical Illness,5797.51,Approved,,26,N,N,0.49,6,ASR-0015,25000,N,N,0.721,AGT-00030,Divya Chan,New,5,AU-12,Active,27.6,0.215,False,False,False,False,POL0045374|MEIYIONG|19860725,FUZZY_DUPLICATE
RID-0048035,CRM,19-07-2026 02:27,CUS-020974,AminahBennett,Female,08-12-2005,21,Divorced,Permanent Resident,Education,114347,100k-200k,D09,AMINAH.BENNETT265@EXAMPLE.COM,95942743,POL-0001104,15-06-2026,13-07-2026,PRUTerm Secure,Protection,Agency,Annual,"S$6,890.90",1228000,6890.9,0.2755,15,Inforce,1,N,,Y,,N,,,,,137,N,CLM-0001104,30-07-2026,Disability,23470.87,Declined,Premium in arrears,20,N,N,0.78,8,ASR-0038,100000,N,N,0.119,AGT-00314,Deepak Goh,Senior,179,AU-27,Active,81,0.43,False,False,False,False,POL0001104|AMINAHBENNETT|20051208,FUZZY_DUPLICATE
RID-0005720,CLAIMS_SYS,19-07-2026 12:17,CUS-009088,Divya Koh,Female,12-03-1994,32,Single,Employment Pass,Retired,90216,50k-100k,D12,divya.koh437@example.com,+65 87761907,POL-0005720,08-02-2026,01-03-2026,PRUFlexiCash,Savings & Wealth,Bancassurance,Annual,33655.14,483000,33655.14,0.0403,10,Inforce,6,N,,Y,,N,,,,,28,Y,CLM-0005720,23-08-2026,Accident,1442.42,Declined,Outside panel provider,20,N,N,0.78,8,ASR-0043,5000,N,N,0.163,,,,,,,,,False,False,False,False,POL0005720|DIVYAKOH|19940312,FUZZY_DUPLICATE
RID-0001973,AGENCY_MGMT,19-07-2026 12:37,CUS-008631,Chee Keong Fraser,Male,16-11-2005,21,Married,Foreigner,Sales,157958,100k-200k,D18,chee.keong.fraser270@example.com,+65 84718745,POL-0001973,16-01-2023,26-01-2023,PRUExtra Care,Health & IP,Bancassurance,Monthly,1721.78,644000,1721.78,0.1342,5,Inforce,43,N,,Y,Private Hospital,Y,492.39,492.39,0,0,79,N,CLM-0001973,17-08-2026,Death Benefit,2426.95,Pending,,66,N,N,0.41,10,ASR-0020,5000,N,N,0.169,,,,,,,,,False,False,False,False,POL0001973|CHEEKEONGFRASER|20051116,FUZZY_DUPLICATE
RID-0005987,CRM,19-07-2026 12:39,CUS-023308,Zhi Hao Ng,Male,14-10-1988,38,Married,Citizen,Sales,49901,Below 50k,D02,zhi.hao.ng322@example.com,+65 86252800,POL-0005987,30-06-2026,18-07-2026,PRUWealth Plus,Savings & Wealth,Bancassurance,Annual,3149.59,143000,3149.59,0.0393,99,Inforce,1,N,,Y,,N,,,,,46,N,CLM-0005987,31-08-2026,Outpatient Specialist,33773.35,Approved,,13,N,N,0.34,7,ASR-0047,5000,Y,N,0.029,,,,,,,,,False,False,False,False,POL0005987|ZHIHAONG|19881014,FUZZY_DUPLICATE
RID-0048125,POLICY_ADMIN,19-07-2026 17:06,CUS-000442,Vikram Wong,Male,20-03-1988,38,Married,Citizen,Healthcare,54577,50k-100k,D09,VIKRAM.WONG369@EXAMPLE.COM,83385429,POL-0026876,04-03-2025,09-03-2025,PRUCritical Cover,Protection,Agency,Semi-Annual,"S$4,786.18",616000,4786.18,0.2869,5,Inforce,18,N,,Y,,N,,,,,15,N,CLM-0026876,17-01-2026,Accident,1553.1,Partially Approved,,23,N,N,0.04,6,ASR-0057,50000,N,N,0.366,AGT-00227,Lakshmi Fraser,Senior,52,AU-21,Active,91.1,0.323,False,False,False,False,POL0026876|VIKRAMWONG|19880320,FUZZY_DUPLICATE
RID-0047902,POLICY_ADMIN,19-07-2026 22:04,CUS-019338,XIN YI HASSAN,Female,02-03-1963,63,Single,Employment Pass,Executive,128873,100k-200k,D03,XIN.YI.HASSAN359@EXAMPLE.COM,87906626,POL-0002712,22-01-2023,03-03-2023,PRUShield Premier,Health & IP,Agency,Quarterly,"S$2,434.50",504000,2434.5,0.1977,20,Inforce,42,N,,Y,Public B1-Ward,Y,1034.87,1034.87,0,2500,17,N,,,,,,,,N,N,0.52,9,,,,,,AGT-00771,Hui Ling Toh,Senior,174,AU-25,Active,70.4,0.363,False,False,False,False,POL0002712|XINYIHASSAN|19630302,FUZZY_DUPLICATE
RID-0014442,AGENCY_MGMT,19-07-2026 22:23,CUS-012275,Rohan Sharma,Male,15-04-1971,55,Single,Employment Pass,Self-Employed,211306,200k-400k,D19,rohan.sharma498@example.com,+65 92030447,POL-0014442,09-02-2025,28-02-2025,PRUSelect Vantage,Investment-Linked,Bancassurance,Annual,11142.27,221000,11142.27,0.1545,20,Inforce,18,N,,Y,,N,,,,,0,N,CLM-0014442,14-10-2025,Maternity,2335.35,Approved,,1,N,N,0.04,10,ASR-0004,100000,N,N,0.186,,,,,,,,,False,False,False,False,POL0014442|ROHANSHARMA|19710415,FUZZY_DUPLICATE
RID-0035268,CRM,19-08-2026 07:56,CUS-001070,Aminah Hassan,Female,23-03-1975,51,Divorced,Citizen,Manager,30000,Below 50k,D21,aminah.hassan369@example.com,+65 94720486,POL-0035268,05-09-2023,20-10-2023,PRUFlexiCash,Savings & Wealth,Agency,Monthly,37462.12,137000,37462.12,0.0917,99,Lapsed,34,Y,09-02-2025,Y,,N,,,,,397,Y,CLM-0035268,14-03-2024,Outpatient Specialist,6417.24,Approved,,17,N,N,0.53,6,ASR-0029,5000,N,N,0.112,AGT-00855,Joanne Seah,Senior,153,AU-21,Resigned,79.1,0.378,False,False,False,False,POL0035268|AMINAHHASSAN|19750323,FUZZY_DUPLICATE
RID-0004833,CRM,19-08-2026 10:11,CUS-022772,Valerie Menon,Female,28-07-1979,47,Divorced,Citizen,Civil Service,68042,50k-100k,D06,valerie.menon30@example.com,+65 84928283,POL-0004833,25-01-2024,01-03-2024,PRUExtra Care,Health & IP,Agency,Monthly,6520.97,663000,6520.97,0.174,25,Inforce,30,N,,Y,Private Hospital,Y,2413.86,2413.86,0,1500,111,N,CLM-0004833,15-08-2025,Hospitalisation,20397.81,Approved,,16,N,N,0.41,7,ASR-0018,25000,N,N,0.016,AGT-00409,Denise Hassan,Established,85,AU-07,Active,28.5,0.091,False,False,False,False,POL0004833|VALERIEMENON|19790728,FUZZY_DUPLICATE
RID-0048346,POLICY_ADMIN,19-08-2026 10:16,CUS-003659,SAMANTHA SIM,Female,22-11-1966,60,Divorced,Employment Pass,Self-Employed,122504,100k-200k,D11,SAMANTHA.SIM497@EXAMPLE.COM,93154027,POL-0016160,16-11-2023,20-12-2023,PRUSave Endowment,Savings & Wealth,Bancassurance,Semi-Annual,"S$18,507.55",148000,18507.55,0.0324,15,Inforce,32,N,,Y,,N,,,,,148,N,CLM-0016160,14-09-2025,Outpatient Specialist,1740.54,Partially Approved,,20,N,N,0.66,8,ASR-0055,5000,N,N,0.206,,,,,,,,,False,False,False,False,POL0016160|SAMANTHASIM|19661122,FUZZY_DUPLICATE
RID-0047618,POLICY_ADMIN,19-08-2026 10:41,CUS-012430,MuhammadAriffSalleh,Male,01-08-1981,45,Widowed,Citizen,Civil Service,61583,50k-100k,D11,MUHAMMAD.ARIFF.SALLEH208@EXAMPLE.COM,92461117,POL-0041707,12-07-2025,17-08-2025,PRUSave Endowment,Savings & Wealth,Agency,Quarterly,"S$43,385.80",388000,43385.8,0.0621,15,Inforce,12,N,,Y,,N,,,,,63,N,,,,,,,,N,N,-0.01,6,,,,,,AGT-00774,Meera Mitchell,MDRT,237,AU-21,Active,36,0.027,False,False,False,False,POL0041707|MUHAMMADARIFFSALLEH|19810801,FUZZY_DUPLICATE
RID-0048063,AGENCY_MGMT,19-08-2026 11:02,CUS-000205,Zulkifli Low,Male,17-04-1974,52,Divorced,Citizen,Retired,102287,100k-200k,D18,ZULKIFLI.LOW32@EXAMPLE.COM,97181208,POL-0026434,03-01-2023,18-01-2023,PRUSave Endowment,Savings & Wealth,Digital,Annual,"S$38,559.16",271000,38559.16,0.0399,20,Inforce,44,N,,Y,,N,,,,,88,N,,,,,,,,N,N,0.97,8,,,,,,,,,,,,,,False,False,False,False,POL0026434|ZULKIFLILOW|19740417,FUZZY_DUPLICATE
RID-0047617,AGENCY_MGMT,19-08-2026 15:31,CUS-024009,WanTingYusof,Female,21-03-2005,21,Widowed,Permanent Resident,Manager,96436,50k-100k,D01,WAN.TING.YUSOF139@EXAMPLE.COM,96825141,POL-0019492,13-05-2026,28-05-2026,PRUShield Premier,Health & IP,Bancassurance,Quarterly,"S$5,118.50",574000,5118.5,0.164,25,Inforce,3,N,,Y,Public B1-Ward,Y,1624.09,1132.23,5,1500,9,Y,,,,,,,,N,N,0.66,10,,,,,,,,,,,,,,False,False,False,False,POL0019492|WANTINGYUSOF|20050321,FUZZY_DUPLICATE
RID-0047708,CRM,19-08-2026 17:04,CUS-025552,WeiMingAziz,Male,03-12-1995,31,Divorced,Citizen,Sales,67977,50k-100k,D07,WEI.MING.AZIZ223@EXAMPLE.COM,86300487,POL-0005882,19-03-2026,02-04-2026,PRUSave Endowment,Savings & Wealth,Broker,Quarterly,"S$6,006.34",100000,6006.34,0.0445,10,Lapsed,5,Y,30-08-2026,N,,N,,,,,0,N,,,,,,,,N,N,0.9,10,,,,,,AGT-00278,Valerie Mitchell,MDRT,126,AU-26,Active,53.3,0.423,False,False,False,False,POL0005882|WEIMINGAZIZ|19951203,FUZZY_DUPLICATE
RID-0047709,CLAIMS_SYS,19-08-2026 18:39,CUS-038506,Daniel Nair,Male,20-07-2005,21,Single,Citizen,Self-Employed,109040,100k-200k,D16,DANIEL.NAIR465@EXAMPLE.COM,89786803,POL-0021880,20-05-2023,20-06-2023,PRULink Global Growth,Investment-Linked,Agency,Annual,"S$4,395.38",621000,4395.38,0.1297,5,Inforce,38,N,,Y,,N,,,,,0,N,CLM-0021880,13-10-2025,Accident,6538.91,Partially Approved,,17,N,N,0.48,7,ASR-0040,100000,N,N,0.025,AGT-00079,Siew Peng Teo,Established,49,AU-10,On Notice,95.3,0.035,False,False,False,False,POL0021880|DANIELNAIR|20050720,FUZZY_DUPLICATE
RID-0048259,CLAIMS_SYS,20-03-2026 00:26,CUS-017502,DEEPAK KOH,Male,28-06-1966,60,Widowed,Citizen,Retired,134148,100k-200k,D17,DEEPAK.KOH34@EXAMPLE.COM,84734950,POL-0024558,01-02-2025,19-02-2025,PRUSave Endowment,Savings & Wealth,Agency,Annual,"S$31,102.43",218000,31102.43,0.0739,99,Inforce,18,N,,Y,,N,,,,,53,N,CLM-0024558,25-06-2026,Accident,3088.39,Declined,Policy exclusion clause,29,Y,Y,-0.69,3,ASR-0001,50000,N,N,0.389,AGT-00590,Deepak Wong,New,1,AU-04,Active,87.7,0.117,False,False,False,False,POL0024558|DEEPAKKOH|19660628,FUZZY_DUPLICATE
RID-0048097,CLAIMS_SYS,20-03-2026 04:30,CUS-037499,Aravind Lim,Male,20-01-2002,24,Married,Citizen,Retired,77708,50k-100k,D10,ARAVIND.LIM166@EXAMPLE.COM,87930600,POL-0002684,14-12-2023,15-01-2024,PRUShield Life,Protection,Agency,Quarterly,"S$3,618.99",1369000,3618.99,0.2235,20,Inforce,32,N,,Y,,N,,,,,27,N,CLM-0002684,24-05-2025,Disability,2790.59,Approved,,16,N,N,0.34,7,ASR-0019,100000,N,N,0.066,AGT-00379,Edwin Ng,Established,38,AU-19,Active,39,0.322,False,False,False,False,POL0002684|ARAVINDLIM|20020120,FUZZY_DUPLICATE
RID-0047918,CRM,20-03-2026 22:19,CUS-035492,Rohan Goh,Male,13-12-1952,74,Single,Citizen,Professional,139889,100k-200k,D24,ROHAN.GOH366@EXAMPLE.COM,88389158,POL-0028818,12-11-2025,13-12-2025,PRUActive Term,Protection,Bancassurance,Quarterly,"S$3,586.60",937000,3586.6,0.2359,30,Inforce,8,N,,Y,,N,,,,,73,Y,CLM-0028818,16-02-2026,Hospitalisation,4962.36,Approved,,1,N,N,0.21,10,ASR-0057,50000,N,N,0.357,,,,,,,,,False,False,False,False,POL0028818|ROHANGOH|19521213,FUZZY_DUPLICATE
RID-0047939,CRM,20-04-2026 01:51,CUS-035810,Edwin Toh,Male,06-08-1971,55,Widowed,Citizen,Education,189269,100k-200k,D26,EDWIN.TOH402@EXAMPLE.COM,83779412,POL-0025491,06-03-2023,07-03-2023,PRUVantage Legacy,Savings & Wealth,Agency,Annual,"S$48,648.08",389000,48648.08,0.0612,25,Inforce,42,N,,Y,,N,,,,,97,N,CLM-0025491,12-08-2023,Day Surgery,1751.48,Approved,,3,N,N,0.01,9,ASR-0023,50000,N,N,0.18,AGT-01141,Priya Ng,New,6,AU-04,Active,40.1,0.341,False,False,False,False,POL0025491|EDWINTOH|19710806,FUZZY_DUPLICATE
RID-0023378,CRM,20-04-2026 03:13,CUS-013553,Denise Ho,Female,22-12-1975,51,Widowed,Foreigner,Self-Employed,160684,100k-200k,D22,denise.ho167@example.com,+65 82682790,POL-0023378,04-11-2025,25-11-2025,PRULink Global Growth,Investment-Linked,Direct,Monthly,4362.6,207000,4362.6,0.0967,5,Inforce,9,N,,Y,,N,,,,,145,N,,,,,,,,N,N,0.38,7,,,,,,,,,,,,,,False,False,False,False,POL0023378|DENISEHO|19751222,FUZZY_DUPLICATE
RID-0048237,POLICY_ADMIN,20-04-2026 04:06,CUS-021668,Denise Reddy,Female,05-12-1980,46,Widowed,Permanent Resident,Education,45153,Below 50k,D22,DENISE.REDDY196@EXAMPLE.COM,95365485,POL-0003536,11-03-2023,12-03-2023,PRUActive Term,Protection,Bancassurance,Annual,"S$3,949.19",2503000,3949.19,0.1852,15,Inforce,42,N,,Y,,N,,,,,164,N,CLM-0003536,31-05-2024,Disability,5057.06,Declined,Pre-existing condition,42,Y,Y,-0.99,4,ASR-0050,5000,N,N,0.012,,,,,,,,,False,False,False,False,POL0003536|DENISEREDDY|19801205,FUZZY_DUPLICATE
RID-0019117,AGENCY_MGMT,20-04-2026 05:56,CUS-006537,Joanne Ho,Female,03-07-1972,54,Married,Citizen,Professional,160269,100k-200k,D20,joanne.ho287@example.com,+65 92708810,POL-0019117,10-12-2024,13-01-2025,PRUFlexiCash,Savings & Wealth,Agency,Monthly,29497.15,335000,29497.15,0.0917,10,Lapsed,19,Y,07-08-2025,N,,N,,,,,26,N,,,,,,,,N,N,0.76,6,,,,,,AGT-00429,Valerie Bennett,Established,45,AU-28,Active,57.3,0.284,False,False,False,False,POL0019117|JOANNEHO|19720703,FUZZY_DUPLICATE
RID-0003190,CRM,20-04-2026 06:39,CUS-039832,Kai Xuan Ho,Male,20-08-1979,47,Single,Foreigner,Retired,47124,Below 50k,D07,kai.xuan.ho110@example.com,+65 97130144,POL-0003190,03-12-2025,10-01-2026,PRUWealth Plus,Savings & Wealth,Bancassurance,Monthly,2844.28,362000,2844.28,0.0394,15,Surrendered,7,Y,18-05-2026,N,,N,,,,,0,Y,,,,,,,,N,N,0.66,7,,,,,,,,,,,,,,False,False,False,False,POL0003190|KAIXUANHO|19790820,FUZZY_DUPLICATE
RID-0047533,CLAIMS_SYS,20-04-2026 13:02,CUS-004568,RachelRahman,Female,08-08-1974,52,Divorced,Foreigner,Manager,149530,100k-200k,D23,RACHEL.RAHMAN124@EXAMPLE.COM,88153291,POL-0016182,04-02-2023,19-03-2023,PRUShield Standard,Health & IP,Agency,Annual,"S$4,989.17",1198000,4989.17,0.1844,5,Inforce,42,N,,Y,Public B1-Ward,N,,,,,14,N,CLM-0016182,19-06-2026,Day Surgery,1188.72,Approved,,16,N,N,-0.06,6,ASR-0043,5000,N,N,0.394,AGT-00749,Deepak Wright,Established,33,AU-04,Active,63,0.316,False,False,False,False,POL0016182|RACHELRAHMAN|19740808,FUZZY_DUPLICATE
RID-0047561,CLAIMS_SYS,20-04-2026 15:39,CUS-040432,Kai Xuan Wong,Male,27-04-1982,44,Married,Permanent Resident,Technician,111069,100k-200k,D12,KAI.XUAN.WONG364@EXAMPLE.COM,85601668,POL-0033452,30-10-2024,08-12-2024,PRUActive Term,Protection,Bancassurance,Monthly,"S$7,038.70",1564000,7038.7,0.1633,10,Inforce,21,N,,Y,,N,,,,,402,N,,,,,,,,N,N,0.74,6,,,,,,,,,,,,,,False,False,False,False,POL0033452|KAIXUANWONG|19820427,FUZZY_DUPLICATE
RID-0048360,CRM,20-04-2026 17:22,CUS-004883,VikramSim,Male,28-12-1975,51,Divorced,Citizen,Self-Employed,30000,Below 50k,D18,VIKRAM.SIM30@EXAMPLE.COM,99269783,POL-0034520,30-09-2024,14-10-2024,PRUSave Endowment,Savings & Wealth,Broker,Monthly,"S$31,398.47",141000,31398.47,0.0891,30,Inforce,22,N,,Y,,N,,,,,35,N,CLM-0034520,14-10-2024,Outpatient Specialist,3866.68,Approved,,12,N,N,0.92,6,ASR-0005,10000,N,N,0.043,AGT-01008,Kai Xuan Nair,Established,28,AU-18,Active,41.7,0.121,False,False,False,False,POL0034520|VIKRAMSIM|19751228,FUZZY_DUPLICATE
RID-0046757,CLAIMS_SYS,20-04-2026 18:42,CUS-010103,Farah Sharma,Female,24-12-1964,62,Divorced,Employment Pass,Executive,101539,100k-200k,D24,farah.sharma133@example.com,+65 97745781,POL-0046757,12-03-2024,20-03-2024,PRUShield Standard,Health & IP,Direct,Quarterly,4020.57,597000,4020.57,0.1696,20,Inforce,29,N,,Y,Public A-Ward,Y,2059.64,2059.64,0,2500,0,N,,,,,,,,N,N,0.72,6,,,,,,,,,,,,,,False,False,False,False,POL0046757|FARAHSHARMA|19641224,FUZZY_DUPLICATE
RID-0036867,AGENCY_MGMT,20-04-2026 19:20,CUS-002777,Kavitha Kamal,Female,01-12-1998,28,Married,Permanent Resident,Sales,30000,Below 50k,D21,kavitha.kamal459@example.com,+65 99144615,POL-0036867,27-03-2025,05-05-2025,PRUFlexiCash,Savings & Wealth,Agency,Annual,18392.56,138000,18392.56,0.0537,20,Inforce,16,N,,Y,,N,,,,,0,N,CLM-0036867,03-09-2025,Hospitalisation,24612.84,Approved,,12,N,N,-0.07,8,ASR-0008,10000,N,N,0.144,AGT-01050,Joanne Yeo,Established,75,AU-26,Active,26.8,0.035,False,False,False,False,POL0036867|KAVITHAKAMAL|19981201,FUZZY_DUPLICATE
RID-0048437,AGENCY_MGMT,20-04-2026 23:07,CUS-035225,Vikram Yusof,Male,13-08-1991,35,Widowed,Permanent Resident,Civil Service,87932,50k-100k,D27,VIKRAM.YUSOF414@EXAMPLE.COM,98975828,POL-0045298,30-09-2023,03-10-2023,PRUShield A Plus,Health & IP,Bancassurance,Annual,"S$2,995.99",658000,2995.99,0.1133,10,Inforce,35,N,,Y,Private Hospital,Y,999.3,999.3,0,1500,38,N,,,,,,,,N,N,-0.04,9,,,,,,,,,,,,,,False,False,False,False,POL0045298|VIKRAMYUSOF|19910813,FUZZY_DUPLICATE
RID-0025341,AGENCY_MGMT,20-05-2026 02:51,CUS-013497,Muhammad Ariff Neo,Male,22-03-1975,51,Single,Citizen,Professional,82666,50k-100k,D21,muhammad.ariff.neo172@example.com,+65 82221076,POL-0025341,07-01-2025,08-01-2025,PRUFlexiCash,Savings & Wealth,Bancassurance,Monthly,40859.64,284000,40859.64,0.0442,30,Inforce,20,N,,Y,,N,,,,,23,N,,,,,,,,N,N,-0.09,7,,,,,,,,,,,,,,False,False,False,False,POL0025341|MUHAMMADARIFFNEO|19750322,FUZZY_DUPLICATE
RID-0048438,CRM,20-05-2026 06:46,CUS-027512,Valerie Salleh,Female,24-10-1989,37,Single,Employment Pass,Self-Employed,32034,Below 50k,D27,VALERIE.SALLEH148@EXAMPLE.COM,97404003,POL-0038574,30-06-2023,21-07-2023,PRUWealth Plus,Savings & Wealth,Agency,Semi-Annual,"S$27,349.68",473000,27349.68,0.0376,25,Inforce,37,N,,Y,,N,,,,,25,N,CLM-0038574,14-02-2026,Day Surgery,6748,Approved,,8,N,N,0.59,8,ASR-0051,5000,N,N,0.24,AGT-00376,Vikram Wong,Senior,135,AU-02,Active,92.6,0.048,False,False,False,False,POL0038574|VALERIESALLEH|19891024,FUZZY_DUPLICATE
RID-0048459,AGENCY_MGMT,20-05-2026 09:54,CUS-006825,Zarina Teo,Female,21-11-1989,37,Single,Foreigner,Technician,30000,Below 50k,D12,ZARINA.TEO348@EXAMPLE.COM,84650502,POL-0028461,07-05-2023,29-05-2023,PRULink Global Growth,Investment-Linked,Bancassurance,Annual,"S$36,922.95",482000,36922.95,0.1094,99,Inforce,39,N,,Y,,N,,,,,27,Y,CLM-0028461,29-06-2024,Accident,8289.45,Pending,,64,N,N,-0.07,10,ASR-0001,50000,N,N,0.36,,,,,,,,,False,False,False,False,POL0028461|ZARINATEO|19891121,FUZZY_DUPLICATE
RID-0048380,AGENCY_MGMT,20-05-2026 10:29,CUS-004674,Daniel Sim,Male,11-11-1987,39,Widowed,Foreigner,Executive,130873,100k-200k,D23,DANIEL.SIM389@EXAMPLE.COM,86439982,POL-0014516,07-03-2023,06-04-2023,PRUExtra Care,Health & IP,Agency,Annual,"S$5,761.45",1284000,5761.45,0.1264,20,Inforce,41,N,,Y,Private Hospital,Y,2413.84,2413.84,0,1500,84,N,,,,,,,,N,N,0.84,7,,,,,,AGT-01199,Nicholas Kamal,Established,53,AU-18,Active,48.6,0.303,False,False,False,False,POL0014516|DANIELSIM|19871111,FUZZY_DUPLICATE
RID-0009780,CRM,20-05-2026 17:59,CUS-008834,Anjali Nair,Female,05-08-1979,47,Married,Employment Pass,Professional,134854,100k-200k,D25,anjali.nair243@example.com,+65 94424015,POL-0009780,15-03-2026,21-03-2026,PRUVantage Legacy,Savings & Wealth,Bancassurance,Monthly,35158.46,375000,35158.46,0.0256,5,Inforce,5,N,,Y,,N,,,,,177,N,CLM-0009780,10-06-2026,Maternity,869.47,Approved,,20,N,N,0.28,8,ASR-0014,5000,N,N,0.183,,,,,,,,,False,False,False,False,POL0009780|ANJALINAIR|19790805,FUZZY_DUPLICATE
RID-0048469,CLAIMS_SYS,20-05-2026 18:14,CUS-015473,Yong Sheng Harper,Male,22-10-1977,49,Married,Citizen,Education,45710,Below 50k,D25,YONG.SHENG.HARPER21@EXAMPLE.COM,98218365,POL-0044071,16-11-2023,27-11-2023,PRUFlexiCash,Savings & Wealth,Agency,Annual,"S$44,813.29",263000,44813.29,0.0482,10,Inforce,33,N,,Y,,N,,,,,259,N,CLM-0044071,09-02-2024,Hospitalisation,9069.56,Pending,,78,N,N,-0.15,7,ASR-0010,50000,N,N,0.803,AGT-00606,Jun Hao Chua,New,5,AU-38,Resigned,38.6,0.031,False,False,False,False,POL0044071|YONGSHENGHARPER|19771022,FUZZY_DUPLICATE
RID-0018760,CRM,20-05-2026 20:46,CUS-031034,Yong Sheng Yusof,Male,19-03-1985,41,Married,Citizen,Manager,96514,50k-100k,D08,yong.sheng.yusof57@example.com,+65 82327745,POL-0018760,02-12-2024,16-12-2024,PRUWealth Plus,Savings & Wealth,Agency,Monthly,37824.81,91000,37824.81,0.0825,5,Inforce,20,N,,Y,,N,,,,,203,N,,,,,,,,N,N,0.16,5,,,,,,AGT-00300,Aravind Seah,Senior,166,AU-34,Active,97.5,0.393,False,False,False,False,POL0018760|YONGSHENGYUSOF|19850319,FUZZY_DUPLICATE
RID-0047682,CLAIMS_SYS,20-05-2026 22:47,CUS-031518,Lakshmi Harper,Female,15-02-1996,30,Married,Permanent Resident,Education,98822,50k-100k,D04,LAKSHMI.HARPER224@EXAMPLE.COM,83709565,POL-0000724,28-06-2024,20-07-2024,PRUSelect Vantage,Investment-Linked,Bancassurance,Semi-Annual,"S$13,494.47",187000,13494.47,0.0888,10,Inforce,25,N,,Y,,N,,,,,278,N,CLM-0000724,24-09-2024,Death Benefit,36887.06,Approved,,16,N,N,0.24,9,ASR-0049,100000,N,N,0.332,,,,,,,,,False,False,False,False,POL0000724|LAKSHMIHARPER|19960215,FUZZY_DUPLICATE
RID-0048374,CRM,20-06-2026 00:34,CUS-013806,SureshOsman,Male,06-11-1988,38,Single,Citizen,Sales,35247,Below 50k,D07,SURESH.OSMAN412@EXAMPLE.COM,82733864,POL-0041926,05-11-2024,15-12-2024,PRUSave Endowment,Savings & Wealth,Bancassurance,Semi-Annual,"S$18,321.59",398000,18321.59,0.0748,5,Inforce,20,N,,Y,,N,,,,,0,N,,,,,,,,N,N,0.02,6,,,,,,,,,,,,,,False,False,False,False,POL0041926|SURESHOSMAN|19881106,FUZZY_DUPLICATE
RID-0047660,POLICY_ADMIN,20-06-2026 02:38,CUS-020700,Vikram Neo,Male,14-06-1966,60,Single,Citizen,Professional,77802,50k-100k,D07,VIKRAM.NEO125@EXAMPLE.COM,87945909,POL-0022009,11-01-2025,01-02-2025,PRUWealth Plus,Savings & Wealth,Bancassurance,Annual,"S$26,296.51",50000,26296.51,0.0447,15,Inforce,19,N,,Y,,N,,,,,62,Y,CLM-0022009,22-05-2026,Disability,2171.22,Partially Approved,,30,N,N,0.26,10,ASR-0052,5000,N,N,0.101,,,,,,,,,False,False,False,False,POL0022009|VIKRAMNEO|19660614,FUZZY_DUPLICATE
RID-0006429,POLICY_ADMIN,20-06-2026 04:26,CUS-009922,Zhi Hao Raj,Male,04-10-1986,40,Divorced,Permanent Resident,Sales,39707,Below 50k,D06,zhi.hao.raj298@example.com,+65 94463588,POL-0006429,19-04-2026,21-05-2026,PRUFlexiCash,Savings & Wealth,Agency,Monthly,30042.45,466000,30042.45,0.0746,15,Inforce,3,N,,Y,,N,,,,,42,N,,,,,,,,N,N,0.56,10,,,,,,AGT-00668,Edwin Yeo,Established,79,AU-07,Active,99.2,0.395,False,False,False,False,POL0006429|ZHIHAORAJ|19861004,FUZZY_DUPLICATE
RID-0021920,CLAIMS_SYS,20-06-2026 12:43,CUS-037167,Kavitha Goh,Female,27-06-1987,39,Widowed,Citizen,Civil Service,46179,Below 50k,D11,kavitha.goh416@example.com,+65 87888215,POL-0021920,21-07-2025,19-08-2025,PRULink Assurance,Investment-Linked,Direct,Monthly,18024.99,591000,18024.99,0.1288,25,Surrendered,12,Y,31-07-2026,N,,N,,,,,0,N,CLM-0021920,14-09-2025,Disability,2761.07,Approved,,13,N,N,0.43,6,ASR-0044,50000,N,N,0.096,,,,,,,,,False,False,False,False,POL0021920|KAVITHAGOH|19870627,FUZZY_DUPLICATE
RID-0026913,POLICY_ADMIN,20-06-2026 14:33,CUS-039883,Hui Ling Bennett,Female,28-02-1972,54,Widowed,Permanent Resident,Civil Service,53275,50k-100k,D01,hui.ling.bennett408@example.com,+65 89630843,POL-0026913,24-04-2026,07-05-2026,PRUShield Life,Protection,Agency,Annual,864.46,2310000,864.46,0.3398,25,Inforce,3,N,,Y,,N,,,,,97,Y,,,,,,,,N,N,0.44,9,,,,,,AGT-00663,Jia Hui Seah,New,2,AU-05,Active,29.3,0.379,False,False,False,False,POL0026913|HUILINGBENNETT|19720228,FUZZY_DUPLICATE
RID-0039174,AGENCY_MGMT,20-06-2026 23:54,CUS-025971,Priya Reddy,Female,06-05-2000,26,Widowed,Citizen,Professional,34024,Below 50k,D20,priya.reddy219@example.com,+65 96808090,POL-0039174,03-02-2024,14-02-2024,PRUFlexiCash,Savings & Wealth,Bancassurance,Annual,15145.69,152000,15145.69,0.0375,30,Inforce,31,N,,Y,,N,,,,,13,N,CLM-0039174,05-04-2024,Maternity,2564.93,Partially Approved,,16,N,N,0.41,9,ASR-0057,50000,N,N,0.338,,,,,,,,,False,False,False,False,POL0039174|PRIYAREDDY|20000506,FUZZY_DUPLICATE
RID-0047849,AGENCY_MGMT,20-07-2026 03:52,CUS-003698,Meera Goh,Female,25-07-1964,62,Single,Citizen,Professional,170166,100k-200k,D20,MEERA.GOH217@EXAMPLE.COM,96442156,POL-0023653,29-06-2023,20-07-2023,PRUActive Term,Protection,Bancassurance,Monthly,"S$6,330.97",1307000,6330.97,0.2329,10,Inforce,37,N,,Y,,N,,,,,128,N,CLM-0023653,13-01-2024,Accident,18842.69,Partially Approved,,19,N,N,0.95,6,ASR-0040,100000,N,N,0.097,,,,,,,,,False,False,False,False,POL0023653|MEERAGOH|19640725,FUZZY_DUPLICATE
RID-0003637,CRM,20-07-2026 04:53,CUS-038968,Nurul Aisyah Yusof,Female,02-05-1979,47,Divorced,Permanent Resident,Healthcare,78005,50k-100k,D22,nurul.aisyah.yusof31@example.com,+65 86531568,POL-0003637,12-01-2025,31-01-2025,PRUShield Life,Protection,Agency,Monthly,616.36,521000,616.36,0.2224,99,Surrendered,19,Y,20-08-2026,Y,,N,,,,,154,Y,,,,,,,,N,N,0.98,5,,,,,,AGT-00618,Hui Ling Wright,New,5,AU-01,Active,89.5,0.311,False,False,False,False,POL0003637|NURULAISYAHYUSOF|19790502,FUZZY_DUPLICATE
RID-0047681,AGENCY_MGMT,20-07-2026 07:29,CUS-026474,FAISAL IYER,Male,26-09-1977,49,Divorced,Citizen,Professional,60053,50k-100k,D23,FAISAL.IYER90@EXAMPLE.COM,89026947,POL-0022959,02-06-2024,17-07-2024,PRUSave Endowment,Savings & Wealth,Agency,Monthly,"S$32,269.85",300000,32269.85,0.0377,5,Inforce,25,N,,Y,,N,,,,,118,N,CLM-0022959,31-07-2025,Accident,6843.03,Approved,,20,N,N,0.73,10,ASR-0016,100000,N,N,0.402,AGT-00636,Rachel Salleh,New,10,AU-36,Resigned,28.6,0.304,False,False,False,False,POL0022959|FAISALIYER|19770926,FUZZY_DUPLICATE
RID-0048169,AGENCY_MGMT,20-07-2026 12:10,CUS-003797,Terence Bennett,Male,14-03-1979,47,Widowed,Citizen,Technician,104543,100k-200k,D23,TERENCE.BENNETT347@EXAMPLE.COM,95144654,POL-0041206,30-03-2023,04-05-2023,PRUShield Premier,Health & IP,Agency,Monthly,"S$3,661.92",699000,3661.92,0.1326,30,Inforce,40,N,,Y,Public B1-Ward,Y,1942.76,1942.76,0,0,23,N,CLM-0041206,23-12-2024,Critical Illness,2373.03,Declined,Treatment not medically necessary,26,N,N,0.31,10,ASR-0004,100000,N,N,0.068,AGT-01048,Meera Ho,Senior,116,AU-28,Active,70.2,0.436,False,False,False,False,POL0041206|TERENCEBENNETT|19790314,FUZZY_DUPLICATE
RID-0048188,POLICY_ADMIN,20-07-2026 12:15,CUS-038628,MEI YI NAIR,Female,03-06-2005,21,Single,Employment Pass,Executive,72974,50k-100k,D26,MEI.YI.NAIR203@EXAMPLE.COM,93230717,POL-0019277,21-07-2024,22-08-2024,PRUWealth Plus,Savings & Wealth,Agency,Monthly,"S$48,397.22",132000,48397.22,0.092,15,Inforce,24,N,,Y,,N,,,,,0,N,CLM-0019277,13-08-2026,Hospitalisation,3230.84,Approved,,16,N,N,0.81,10,ASR-0045,10000,N,N,0.238,AGT-00449,Priya Chan,MDRT,81,AU-40,Active,75.1,0.041,False,False,False,False,POL0019277|MEIYINAIR|20050603,FUZZY_DUPLICATE
RID-0037741,POLICY_ADMIN,20-07-2026 12:57,CUS-034307,Hakim Goh,Male,28-04-1995,31,Married,Citizen,Education,33471,Below 50k,D11,hakim.goh82@example.com,+65 86321260,POL-0037741,17-07-2025,21-08-2025,PRUShield Life,Protection,Bancassurance,Monthly,2261.94,1923000,2261.94,0.2043,15,Lapsed,12,Y,27-02-2026,N,,N,,,,,16,N,CLM-0037741,21-05-2026,Hospitalisation,9684.32,Partially Approved,,1,N,N,0.38,6,ASR-0057,50000,N,N,0.342,,,,,,,,,False,False,False,False,POL0037741|HAKIMGOH|19950428,FUZZY_DUPLICATE
RID-0006622,POLICY_ADMIN,20-07-2026 15:54,CUS-012950,Edwin Koh,Male,20-11-1965,61,Single,Employment Pass,Sales,46572,Below 50k,D12,edwin.koh483@example.com,+65 89625952,POL-0006622,17-07-2023,31-07-2023,PRUShield Life,Protection,Bancassurance,Monthly,8562.68,2066000,8562.68,0.2268,20,Lapsed,37,Y,05-02-2025,Y,,N,,,,,159,N,CLM-0006622,16-06-2025,Critical Illness,7602.67,Approved,,9,N,N,0.43,7,ASR-0049,100000,N,N,0.28,,,,,,,,,False,False,False,False,POL0006622|EDWINKOH|19651120,FUZZY_DUPLICATE
RID-0017243,CLAIMS_SYS,20-08-2026 04:03,CUS-039092,Arjun Yeo,Male,22-03-1973,53,Single,Citizen,Civil Service,280173,200k-400k,D15,arjun.yeo376@example.com,+65 98869914,POL-0017243,17-06-2026,27-06-2026,PRUShield Standard,Health & IP,Digital,Monthly,6869.61,447000,6869.61,0.1388,5,Inforce,2,N,,Y,Private Hospital,Y,2454.69,1688.38,10,5000,137,N,CLM-0017243,27-07-2026,Day Surgery,2036,Declined,Non-disclosure at underwriting,21,N,N,0.64,9,ASR-0043,5000,N,N,0.007,,,,,,,,,False,False,False,False,POL0017243|ARJUNYEO|19730322,FUZZY_DUPLICATE
RID-0047583,AGENCY_MGMT,20-08-2026 04:40,CUS-011311,Kavitha Goh,Female,19-11-1968,58,Widowed,Citizen,Self-Employed,35972,Below 50k,D10,KAVITHA.GOH231@EXAMPLE.COM,95959801,POL-0045133,12-10-2025,31-10-2025,PRUVantage Legacy,Savings & Wealth,Digital,Quarterly,"S$50,078.67",78000,50078.67,0.0882,30,Inforce,10,N,,Y,,N,,,,,52,Y,CLM-0045133,04-03-2026,Maternity,1539.41,Approved,,5,N,Y,-0.89,3,ASR-0013,100000,N,N,0.841,,,,,,,,,False,False,False,False,POL0045133|KAVITHAGOH|19681119,FUZZY_DUPLICATE
RID-0047771,CLAIMS_SYS,20-08-2026 12:15,CUS-008793,Valerie Rahman,Female,27-10-1976,50,Widowed,Citizen,Executive,215956,200k-400k,D07,VALERIE.RAHMAN384@EXAMPLE.COM,86966942,POL-0011943,25-02-2025,07-04-2025,PRUFlexiCash,Savings & Wealth,Bancassurance,Monthly,"S$49,364.87",480000,49364.87,0.0516,10,Inforce,17,N,,Y,,N,,,,,37,N,CLM-0011943,11-09-2025,Day Surgery,4784.5,Partially Approved,,17,N,N,-0.1,9,ASR-0026,10000,N,N,0.227,,,,,,,,,False,False,False,False,POL0011943|VALERIERAHMAN|19761027,FUZZY_DUPLICATE
RID-0023540,AGENCY_MGMT,20-08-2026 15:44,CUS-024664,Deepak Seah,Male,16-04-1997,29,Divorced,Citizen,Technician,31562,Below 50k,D02,deepak.seah490@example.com,+65 81748713,POL-0023540,08-03-2026,31-03-2026,PRUSelect Vantage,Investment-Linked,Bancassurance,Semi-Annual,6350.6,287000,6350.6,0.0851,15,Inforce,5,N,,Y,,N,,,,,336,N,CLM-0023540,20-07-2026,Death Benefit,10078.96,Declined,Policy exclusion clause,18,N,N,0.4,9,ASR-0042,10000,N,N,0.261,,,,,,,,,False,False,False,False,POL0023540|DEEPAKSEAH|19970416,FUZZY_DUPLICATE
RID-0047542,POLICY_ADMIN,20-08-2026 17:44,CUS-040200,NICHOLAS CHONG,Male,07-02-1986,40,Married,Permanent Resident,Healthcare,82989,50k-100k,D03,NICHOLAS.CHONG363@EXAMPLE.COM,97619758,POL-0044122,09-06-2026,24-06-2026,PRUShield A Plus,Health & IP,Digital,Monthly,"S$1,679.74",953000,1679.74,0.2133,10,Inforce,2,N,,Y,Private Hospital,Y,690.35,357.62,10,2500,145,N,,,,,,,,N,N,0.23,7,,,,,,,,,,,,,,False,False,False,False,POL0044122|NICHOLASCHONG|19860207,FUZZY_DUPLICATE
RID-0015433,AGENCY_MGMT,20-08-2026 22:47,CUS-016125,Terence Sim,Male,10-08-1995,31,Divorced,Employment Pass,Sales,85242,50k-100k,D28,terence.sim299@example.com,+65 89900745,POL-0015433,17-03-2025,31-03-2025,PRUSave Endowment,Savings & Wealth,Digital,Monthly,43629.4,385000,43629.4,0.0924,5,Inforce,17,N,,Y,,N,,,,,0,N,CLM-0015433,04-12-2025,Outpatient Specialist,26269.27,Approved,,22,N,N,0.48,6,ASR-0014,5000,N,N,0.028,,,,,,,,,False,False,False,False,POL0015433|TERENCESIM|19950810,FUZZY_DUPLICATE
RID-0006283,CLAIMS_SYS,20-08-2026 23:46,CUS-022537,Siti Nadia Chua,Female,16-08-1984,42,Single,Citizen,Retired,45141,Below 50k,D19,siti.nadia.chua263@example.com,+65 92075791,POL-0006283,20-02-2025,23-02-2025,PRUActive Term,Protection,Direct,Annual,3585.29,2893000,3585.29,0.2513,99,Inforce,18,N,,Y,,N,,,,,68,N,CLM-0006283,06-12-2025,Accident,10477.65,Approved,,33,N,N,0.83,10,ASR-0013,100000,N,N,0.766,,,,,,,,,False,False,False,False,POL0006283|SITINADIACHUA|19840816,FUZZY_DUPLICATE
RID-0047750,POLICY_ADMIN,21-03-2026 02:35,CUS-000819,WeiMingBennett,Male,02-04-1993,33,Married,Permanent Resident,Education,142591,100k-200k,D04,WEI.MING.BENNETT116@EXAMPLE.COM,84875321,POL-0038583,01-02-2025,02-03-2025,PRUWealth Plus,Savings & Wealth,Agency,Monthly,"S$4,685.74",326000,4685.74,0.0871,10,Inforce,18,N,,Y,,N,,,,,43,Y,CLM-0038583,07-08-2026,Death Benefit,3042.26,Approved,,27,N,N,-0.19,9,ASR-0039,100000,N,N,0.32,AGT-01181,Jia Hui Wong,Established,25,AU-35,Active,33.1,0.842,False,False,False,False,POL0038583|WEIMINGBENNETT|19930402,FUZZY_DUPLICATE
RID-0046780,CLAIMS_SYS,21-03-2026 09:33,CUS-009626,Faisal Lim,Male,07-02-1990,36,Widowed,Employment Pass,Sales,76755,50k-100k,D05,faisal.lim467@example.com,+65 96211230,POL-0046780,03-04-2023,10-04-2023,PRUShield A Plus,Health & IP,Digital,Annual,7436.93,1392000,7436.93,0.2013,99,Inforce,41,N,,Y,Public A-Ward,N,,,,,121,N,CLM-0046780,08-12-2023,Accident,4866.59,Declined,Documentation incomplete,33,N,N,0.19,8,ASR-0052,5000,N,N,0.138,,,,,,,,,False,False,False,False,POL0046780|FAISALLIM|19900207,FUZZY_DUPLICATE
RID-0047795,CLAIMS_SYS,21-03-2026 11:40,CUS-033247,Daniel Mitchell,Male,26-07-2000,26,Divorced,Citizen,Retired,54588,50k-100k,D24,DANIEL.MITCHELL337@EXAMPLE.COM,97635256,POL-0009860,30-12-2025,09-02-2026,PRUSave Endowment,Savings & Wealth,Bancassurance,Annual,"S$5,133.74",249000,5133.74,0.0407,15,Inforce,6,N,,Y,,N,,,,,0,N,,,,,,,,N,N,0.57,5,,,,,,,,,,,,,,False,False,False,False,POL0009860|DANIELMITCHELL|20000726,FUZZY_DUPLICATE
RID-0001859,POLICY_ADMIN,21-03-2026 12:48,CUS-028135,Kai Xuan Kumar,Male,24-07-1984,42,Divorced,Citizen,Healthcare,84127,50k-100k,D15,kai.xuan.kumar150@example.com,+65 87344408,POL-0001859,24-10-2025,27-10-2025,PRUShield A Plus,Health & IP,Agency,Annual,6260.38,772000,6260.38,0.1223,30,Inforce,10,N,,Y,Public B1-Ward,Y,2256.15,2256.15,0,1500,0,N,CLM-0001859,21-04-2026,Disability,1313.68,Approved,,22,N,N,0.87,10,ASR-0008,10000,N,N,0.188,AGT-00587,Meera Wright,Established,83,AU-39,Active,99.6,0.031,False,False,False,False,POL0001859|KAIXUANKUMAR|19840724,FUZZY_DUPLICATE
RID-0034614,CLAIMS_SYS,21-03-2026 13:29,CUS-006587,Farah Mitchell,Female,13-05-1973,53,Married,Citizen,Civil Service,155303,100k-200k,D09,farah.mitchell408@example.com,+65 93619781,POL-0034614,03-08-2023,08-08-2023,PRUExtra Care,Health & IP,Bancassurance,Monthly,2354.03,522000,2354.03,0.159,10,Inforce,37,N,,Y,Public A-Ward,N,,,,,180,N,CLM-0034614,05-10-2025,Disability,6276.26,Approved,,21,N,N,0.24,8,ASR-0050,5000,Y,N,0.125,,,,,,,,,False,False,False,False,POL0034614|FARAHMITCHELL|19730513,FUZZY_DUPLICATE
RID-0043332,CLAIMS_SYS,21-04-2026 00:50,CUS-038971,Wei Ming Nair,Male,22-07-1980,46,Widowed,Employment Pass,Technician,59391,50k-100k,D13,wei.ming.nair427@example.com,+65 91524060,POL-0043332,04-01-2025,03-02-2025,PRUShield Standard,Health & IP,Agency,Annual,3864.05,316000,3864.05,0.1582,25,Inforce,19,N,,Y,Public A-Ward,Y,1586.12,1586.12,0,1500,193,N,CLM-0043332,04-05-2025,Death Benefit,4483.86,Declined,Premium in arrears,14,N,N,0.28,10,ASR-0041,5000,N,N,0.108,AGT-00359,Priya Neo,Established,65,AU-16,Active,97.8,0.447,False,False,False,False,POL0043332|WEIMINGNAIR|19800722,FUZZY_DUPLICATE
RID-0030898,AGENCY_MGMT,21-04-2026 01:02,CUS-020099,Kavitha Sharma,Female,01-12-1992,34,Widowed,Citizen,Civil Service,115554,100k-200k,D02,kavitha.sharma316@example.com,+65 81253441,POL-0030898,13-11-2023,24-12-2023,PRUTerm Secure,Protection,Bancassurance,Monthly,2934.2,1337000,2934.2,0.2023,25,Inforce,32,N,,Y,,N,,,,,0,Y,CLM-0030898,05-12-2025,Disability,7449.17,Partially Approved,,13,N,N,-0.07,9,ASR-0037,50000,N,N,0.247,,,,,,,,,False,False,False,False,POL0030898|KAVITHASHARMA|19921201,FUZZY_DUPLICATE
RID-0017885,CLAIMS_SYS,21-04-2026 09:45,CUS-038299,Jonathan Aziz,Male,10-09-1962,64,Widowed,Citizen,Manager,105831,100k-200k,D16,jonathan.aziz7@example.com,+65 81647932,POL-0017885,28-10-2024,30-10-2024,PRUSave Endowment,Savings & Wealth,Bancassurance,Monthly,28242.24,204000,28242.24,0.0598,20,Lapsed,22,Y,22-12-2025,Y,,N,,,,,78,Y,CLM-0017885,28-06-2025,Maternity,9373.37,Approved,,24,N,N,0.24,9,ASR-0031,100000,N,N,0.13,,,,,,,,,False,False,False,False,POL0017885|JONATHANAZIZ|19620910,FUZZY_DUPLICATE
RID-0032167,POLICY_ADMIN,21-04-2026 16:06,CUS-014125,Xin Yi Chan,Female,25-10-1989,37,Married,Citizen,Retired,103578,100k-200k,D01,xin.yi.chan319@example.com,+65 99209640,POL-0032167,10-10-2023,29-10-2023,PRUFlexiCash,Savings & Wealth,Agency,Monthly,59317.46,240000,59317.46,0.0754,20,Inforce,34,N,,Y,,N,,,,,0,N,,,,,,,,N,N,0.86,7,,,,,,AGT-00450,Daniel Chan,Established,48,AU-17,Active,22.3,0.155,False,False,False,False,POL0032167|XINYICHAN|19891025,FUZZY_DUPLICATE
RID-0047662,CLAIMS_SYS,21-04-2026 17:12,CUS-029729,JOANNE MENON,Female,01-06-1956,70,Widowed,Citizen,Civil Service,144819,100k-200k,D12,JOANNE.MENON426@EXAMPLE.COM,83614471,POL-0010509,08-02-2025,18-03-2025,PRUTerm Secure,Protection,Bancassurance,Annual,"S$2,384.55",2720000,2384.55,0.2253,20,Inforce,17,N,,Y,,N,,,,,18,N,CLM-0010509,29-08-2026,Critical Illness,5689.07,Approved,,6,N,N,-0.06,9,ASR-0056,50000,N,N,0.218,,,,,,,,,False,False,False,False,POL0010509|JOANNEMENON|19560601,FUZZY_DUPLICATE
RID-0008251,CRM,21-04-2026 21:35,CUS-023165,Yong Sheng Menon,Male,22-12-1974,52,Single,Citizen,Education,64267,50k-100k,D13,yong.sheng.menon330@example.com,+65 82202044,POL-0008251,23-02-2024,04-04-2024,PRUCritical Cover,Protection,Agency,Annual,5870.28,2225000,5870.28,0.2538,10,Inforce,29,N,,Y,,N,,,,,136,N,CLM-0008251,06-06-2026,Outpatient Specialist,714.75,Approved,,2,N,N,0.01,10,ASR-0058,100000,N,N,0.249,AGT-00705,Rachel Wright,Established,83,AU-09,Active,74.8,0.272,False,False,False,False,POL0008251|YONGSHENGMENON|19741222,FUZZY_DUPLICATE
RID-0047697,CRM,21-05-2026 04:11,CUS-011361,Terence Yusof,Male,04-06-1992,34,Single,Citizen,Retired,56550,50k-100k,D18,TERENCE.YUSOF120@EXAMPLE.COM,92771367,POL-0006907,23-09-2025,17-10-2025,PRUWealth Plus,Savings & Wealth,Agency,Semi-Annual,"S$26,887.01",299000,26887.01,0.0514,25,Inforce,10,N,,Y,,N,,,,,131,N,CLM-0006907,31-10-2025,Outpatient Specialist,1825.21,Approved,,23,N,N,0.8,10,ASR-0039,100000,N,Y,0.002,AGT-01138,Edwin Chan,Established,54,AU-37,Active,84.1,0.33,False,False,False,False,POL0006907|TERENCEYUSOF|19920604,FUZZY_DUPLICATE
RID-0048382,CRM,21-05-2026 04:29,CUS-008425,ArjunTan,Male,12-07-1976,50,Widowed,Citizen,Sales,237607,200k-400k,D24,ARJUN.TAN3@EXAMPLE.COM,98448797,POL-0028375,21-05-2023,02-07-2023,PRUTerm Secure,Protection,Agency,Semi-Annual,"S$3,870.17",447000,3870.17,0.2458,15,Inforce,38,N,,Y,,N,,,,,0,N,CLM-0028375,24-06-2024,Critical Illness,2207.35,Declined,Treatment not medically necessary,20,N,Y,-0.3,4,ASR-0010,50000,N,N,0.864,AGT-00578,Aminah Bennett,New,5,AU-15,Active,75,0.134,False,False,False,False,POL0028375|ARJUNTAN|19760712,FUZZY_DUPLICATE
RID-0048065,CRM,21-05-2026 04:52,CUS-022002,Yong Sheng Salleh,Male,13-04-1971,55,Single,Foreigner,Professional,115926,100k-200k,D09,YONG.SHENG.SALLEH305@EXAMPLE.COM,98740454,POL-0017745,07-02-2025,01-03-2025,PRUShield A Plus,Health & IP,Agency,Semi-Annual,"S$3,761.00",846000,3761,0.1326,5,Inforce,18,N,,Y,Public A-Ward,Y,1097.15,1097.15,0,1500,56,N,CLM-0017745,17-04-2025,Maternity,10713.16,Approved,,12,N,N,-0.17,9,ASR-0024,50000,N,N,0.374,AGT-00462,Yong Sheng Sim,Established,62,AU-10,Active,64.7,0.355,False,False,False,False,POL0017745|YONGSHENGSALLEH|19710413,FUZZY_DUPLICATE
RID-0011752,CLAIMS_SYS,21-05-2026 13:00,CUS-011891,Chee Keong Raj,Male,14-02-1986,40,Single,Employment Pass,Healthcare,60015,50k-100k,D09,chee.keong.raj71@example.com,+65 94570846,POL-0011752,04-04-2024,17-04-2024,PRUFlexiCash,Savings & Wealth,Bancassurance,Monthly,52321.26,383000,52321.26,0.0732,5,Inforce,28,N,,Y,,N,,,,,76,N,,,,,,,,N,N,0.15,9,,,,,,,,,,,,,,False,False,False,False,POL0011752|CHEEKEONGRAJ|19860214,FUZZY_DUPLICATE
RID-0034703,CRM,21-05-2026 17:36,CUS-038406,Arjun Seah,Male,05-06-1988,38,Single,Permanent Resident,Civil Service,77063,50k-100k,D26,arjun.seah439@example.com,+65 99193945,POL-0034703,06-09-2024,30-09-2024,PRUShield A Plus,Health & IP,Agency,Semi-Annual,1386.16,342000,1386.16,0.2028,15,Inforce,23,N,,Y,Private Hospital,Y,411.06,411.06,0,1500,15,N,CLM-0034703,13-02-2026,Accident,28366.5,Partially Approved,,10,N,N,0.13,9,ASR-0021,100000,N,N,0.021,AGT-01090,Zarina Seah,Established,67,AU-26,Active,81.1,0.393,False,False,False,False,POL0034703|ARJUNSEAH|19880605,FUZZY_DUPLICATE
RID-0047980,CLAIMS_SYS,21-05-2026 21:24,CUS-020878,WeiMingSeah,Male,15-03-1976,50,Widowed,Citizen,Professional,54404,50k-100k,D25,WEI.MING.SEAH168@EXAMPLE.COM,91146854,POL-0022064,24-04-2024,26-04-2024,PRULink Assurance,Investment-Linked,Agency,Quarterly,"S$25,191.46",168000,25191.46,0.1135,25,Inforce,28,N,,Y,,N,,,,,0,N,CLM-0022064,04-06-2025,Critical Illness,6541.65,Approved,,29,N,Y,-0.47,0,ASR-0012,100000,N,N,0.367,AGT-00665,Anjali Yusof,MDRT,65,AU-20,Active,59.1,0.095,False,False,False,False,POL0022064|WEIMINGSEAH|19760315,FUZZY_DUPLICATE
RID-0048132,CLAIMS_SYS,21-05-2026 23:26,CUS-003791,Anjali Mitchell,Female,25-10-1983,43,Widowed,Citizen,Executive,67206,50k-100k,D26,ANJALI.MITCHELL245@EXAMPLE.COM,84342816,POL-0022510,12-03-2026,15-03-2026,PRUExtra Care,Health & IP,Bancassurance,Quarterly,"S$4,888.88",617000,4888.88,0.1185,30,Inforce,5,N,,Y,Private Hospital,Y,2165.63,2165.63,0,2500,16,N,,,,,,,,N,N,0.08,6,,,,,,,,,,,,,,False,False,False,False,POL0022510|ANJALIMITCHELL|19831025,FUZZY_DUPLICATE
RID-0048000,POLICY_ADMIN,21-06-2026 04:32,CUS-017855,SamanthaLim,Female,16-06-1958,68,Single,Permanent Resident,Education,96245,50k-100k,D08,SAMANTHA.LIM244@EXAMPLE.COM,98085177,POL-0038609,26-10-2025,30-11-2025,PRUSave Endowment,Savings & Wealth,Broker,Annual,"S$19,185.89",184000,19185.89,0.0478,99,Inforce,9,N,,Y,,N,,,,,0,N,,,,,,,,N,N,0.24,10,,,,,,AGT-00937,Xin Yi Harper,Established,27,AU-22,Active,92.8,0.055,False,False,False,False,POL0038609|SAMANTHALIM|19580616,FUZZY_DUPLICATE
RID-0010064,CLAIMS_SYS,21-06-2026 13:04,CUS-012005,Marcus Teo,Male,17-05-1992,34,Widowed,Citizen,Healthcare,157458,100k-200k,D16,marcus.teo340@example.com,+65 97966871,POL-0010064,05-10-2025,06-11-2025,PRUShield A Plus,Health & IP,Agency,Annual,1526.36,883000,1526.36,0.1676,10,Inforce,9,N,,Y,Public A-Ward,Y,554.75,554.75,0,1500,108,N,CLM-0010064,14-06-2026,Hospitalisation,5996.91,Approved,,18,N,N,0.67,10,ASR-0019,100000,N,N,0.295,AGT-00382,Siti Nadia Sharma,Established,54,AU-18,Active,74.2,0.211,False,False,False,False,POL0010064|MARCUSTEO|19920517,FUZZY_DUPLICATE
RID-0029771,CRM,21-06-2026 13:55,CUS-003981,Wan Ting Goh,Female,15-08-2002,24,Single,Permanent Resident,Manager,69111,50k-100k,D26,wan.ting.goh299@example.com,+65 91173847,POL-0029771,05-03-2025,07-03-2025,PRULink Assurance,Investment-Linked,Digital,Annual,20198.58,98000,20198.58,0.1396,15,Inforce,18,N,,Y,,N,,,,,57,N,CLM-0029771,20-10-2025,Day Surgery,10065.62,Approved,,19,N,N,0.02,6,ASR-0035,25000,N,N,0.26,,,,,,,,,False,False,False,False,POL0029771|WANTINGGOH|20020815,FUZZY_DUPLICATE
RID-0044920,CRM,21-06-2026 17:57,CUS-001724,Marcus Teo,Male,02-03-1981,45,Widowed,Permanent Resident,Self-Employed,67877,50k-100k,D04,marcus.teo78@example.com,+65 95959755,POL-0044920,13-09-2023,18-10-2023,PRUSelect Vantage,Investment-Linked,Agency,Monthly,3797.1,167000,3797.1,0.1233,5,Inforce,34,N,,Y,,N,,,,,31,Y,,,,,,,,N,N,0.8,5,,,,,,AGT-01167,Divya Fraser,MDRT,173,AU-30,Active,97.6,0.047,False,False,False,False,POL0044920|MARCUSTEO|19810302,FUZZY_DUPLICATE
RID-0027637,CLAIMS_SYS,21-06-2026 20:44,CUS-010752,Lakshmi Hassan,Female,24-01-1986,40,Married,Citizen,Civil Service,41260,Below 50k,D23,lakshmi.hassan291@example.com,+65 93342928,POL-0027637,07-08-2023,04-09-2023,PRUShield Standard,Health & IP,Broker,Monthly,527.58,724000,527.58,0.1564,15,Matured,36,N,,Y,Private Hospital,Y,190.62,190.62,0,0,0,N,CLM-0027637,27-06-2026,Accident,4822.34,Withdrawn,,23,N,N,0.02,7,ASR-0046,25000,N,N,0.353,AGT-00342,Zarina Neo,New,11,AU-11,Active,88.8,0.7,False,False,False,False,POL0027637|LAKSHMIHASSAN|19860124,FUZZY_DUPLICATE
RID-0022341,AGENCY_MGMT,21-07-2026 00:33,CUS-007616,Deepak Lee,Male,01-05-1961,65,Single,Citizen,Healthcare,134811,100k-200k,D08,deepak.lee151@example.com,+65 82648479,POL-0022341,12-09-2023,05-10-2023,PRUActive Term,Protection,Agency,Annual,6499.48,903000,6499.48,0.2339,10,Inforce,35,N,,Y,,N,,,,,165,N,CLM-0022341,05-05-2026,Disability,24351.76,Approved,,13,N,N,0.57,7,ASR-0034,100000,N,N,0.18,AGT-00599,Hakim Kamal,Established,81,AU-35,Active,26.4,0.427,False,False,False,False,POL0022341|DEEPAKLEE|19610501,FUZZY_DUPLICATE
RID-0047619,POLICY_ADMIN,21-07-2026 03:21,CUS-039192,Arjun Chua,Male,23-05-1981,45,Single,Citizen,Healthcare,199739,100k-200k,D21,ARJUN.CHUA384@EXAMPLE.COM,99636310,POL-0022076,08-08-2023,26-08-2023,PRUFlexiCash,Savings & Wealth,Broker,Annual,"S$3,417.51",265000,3417.51,0.0548,5,Inforce,36,N,,Y,,N,,,,,30,N,,,,,,,,N,N,0.12,10,,,,,,AGT-00738,Samantha Lim,Established,80,AU-07,Active,92.4,0.111,False,False,False,False,POL0022076|ARJUNCHUA|19810523,FUZZY_DUPLICATE
RID-0048202,CLAIMS_SYS,21-07-2026 10:11,CUS-001692,DENISE NAIR,Female,06-03-1969,57,Single,Permanent Resident,Executive,80897,50k-100k,D17,DENISE.NAIR352@EXAMPLE.COM,81109017,POL-0028698,13-02-2026,21-02-2026,PRUWealth Plus,Savings & Wealth,Broker,Monthly,"S$45,493.71",273000,45493.71,0.0853,30,Inforce,6,N,,Y,,N,,,,,180,N,CLM-0028698,18-05-2026,Disability,34945.77,Partially Approved,,7,N,N,-0.03,8,ASR-0004,100000,N,N,0.361,AGT-01111,Vikram Wright,Established,69,AU-21,On Notice,83.8,0.2,False,False,False,False,POL0028698|DENISENAIR|19690306,FUZZY_DUPLICATE
RID-0010090,CRM,21-08-2026 01:42,CUS-024684,Denise Fraser,Female,15-08-1988,38,Divorced,Citizen,Professional,30000,Below 50k,D24,denise.fraser208@example.com,+65 98722867,POL-0010090,03-02-2026,15-03-2026,PRUShield Life,Protection,Agency,Monthly,8755.61,2681000,8755.61,0.2766,20,Inforce,5,N,,Y,,N,,,,,130,N,CLM-0010090,17-06-2026,Outpatient Specialist,3503.05,Approved,,16,N,N,0.32,9,ASR-0004,100000,N,N,0.2,AGT-01007,Nicholas Ong,Established,49,AU-36,Active,21.8,0.184,False,False,False,False,POL0010090|DENISEFRASER|19880815,FUZZY_DUPLICATE
RID-0048151,CRM,21-08-2026 03:11,CUS-022895,VIKRAM NAIR,Male,18-06-1959,67,Married,Citizen,Manager,181029,100k-200k,D18,VIKRAM.NAIR345@EXAMPLE.COM,88944814,POL-0037974,17-06-2023,22-07-2023,PRUVantage Legacy,Savings & Wealth,Agency,Semi-Annual,"S$51,666.19",169000,51666.19,0.0645,20,Inforce,37,N,,Y,,N,,,,,64,N,,,,,,,,N,N,0.98,7,,,,,,AGT-00656,Zulkifli Menon,Established,58,AU-21,Active,22.5,0.09,False,False,False,False,POL0037974|VIKRAMNAIR|19590618,FUZZY_DUPLICATE
RID-0048390,CLAIMS_SYS,21-08-2026 06:10,CUS-030696,DeniseLee,Female,18-06-1977,49,Married,Citizen,Civil Service,87962,50k-100k,D26,DENISE.LEE62@EXAMPLE.COM,88743971,POL-0038887,27-12-2023,31-12-2023,PRUTerm Secure,Protection,Digital,Monthly,"S$7,076.51",1455000,7076.51,0.3395,30,Inforce,32,N,,Y,,N,,,,,170,N,,,,,,,,N,N,0.43,8,,,,,,,,,,,,,,False,False,False,False,POL0038887|DENISELEE|19770618,FUZZY_DUPLICATE
RID-0048434,CLAIMS_SYS,21-08-2026 07:31,CUS-016029,MEI YI HASSAN,Female,06-04-1982,44,Divorced,Permanent Resident,Executive,129046,100k-200k,D24,MEI.YI.HASSAN409@EXAMPLE.COM,84882501,POL-0019398,15-06-2025,04-07-2025,PRUFlexiCash,Savings & Wealth,Bancassurance,Semi-Annual,"S$33,198.86",66000,33198.86,0.047,25,Inforce,14,N,,Y,,N,,,,,0,N,,,,,,,,N,N,0.95,9,,,,,,,,,,,,,,False,False,False,False,POL0019398|MEIYIHASSAN|19820406,FUZZY_DUPLICATE
RID-0020872,CRM,21-08-2026 09:23,CUS-039616,Meera Harper,Female,23-10-1986,40,Widowed,Citizen,Education,65707,50k-100k,D23,meera.harper150@example.com,+65 86337892,POL-0020872,12-12-2024,01-01-2025,PRUShield Premier,Health & IP,Agency,Monthly,3457.31,248000,3457.31,0.1243,15,Inforce,20,N,,Y,Public A-Ward,Y,1146.88,1146.88,0,0,239,N,CLM-0020872,23-01-2025,Day Surgery,7808.48,Approved,,27,N,N,0.84,6,ASR-0048,25000,N,N,0.321,AGT-00411,Valerie Neo,New,12,AU-07,Active,35.3,0.253,False,False,False,False,POL0020872|MEERAHARPER|19861023,FUZZY_DUPLICATE
RID-0046747,AGENCY_MGMT,21-08-2026 14:05,CUS-007630,Mei Yi Kumar,Female,28-08-1985,41,Single,Employment Pass,Healthcare,30000,Below 50k,D03,mei.yi.kumar264@example.com,+65 84312913,POL-0046747,03-12-2025,13-12-2025,PRUShield A Plus,Health & IP,Agency,Monthly,6747.11,144000,6747.11,0.138,20,Lapsed,8,Y,06-06-2026,N,Private Hospital,Y,2295.78,2295.78,0,1500,395,Y,,,,,,,,N,N,0.95,10,,,,,,AGT-00323,Jonathan Ho,Established,62,AU-40,Active,72.8,0.113,False,False,False,False,POL0046747|MEIYIKUMAR|19850828,FUZZY_DUPLICATE
RID-0028173,CRM,21-08-2026 17:41,CUS-023866,Mei Yi Goh,Female,06-07-1984,42,Married,Citizen,Retired,52127,50k-100k,D02,mei.yi.goh361@example.com,+65 86251802,POL-0028173,04-12-2023,09-01-2024,PRUFlexiCash,Savings & Wealth,Bancassurance,Monthly,56194.83,209000,56194.83,0.0472,10,Inforce,32,N,,Y,,N,,,,,82,N,CLM-0028173,02-03-2026,Accident,1059.6,Pending,,45,N,N,0.24,7,ASR-0002,25000,N,N,0.252,,,,,,,,,False,False,False,False,POL0028173|MEIYIGOH|19840706,FUZZY_DUPLICATE
RID-0015032,POLICY_ADMIN,21-08-2026 19:07,CUS-018740,Xin Yi Sharma,Female,16-04-1971,55,Divorced,Citizen,Self-Employed,110252,100k-200k,D27,xin.yi.sharma125@example.com,+65 91100254,POL-0015032,14-02-2024,24-02-2024,PRUFlexiCash,Savings & Wealth,Bancassurance,Monthly,27779.45,467000,27779.45,0.0305,30,Lapsed,30,Y,12-01-2025,N,,N,,,,,0,N,,,,,,,,N,N,0.76,6,,,,,,,,,,,,,,False,False,False,False,POL0015032|XINYISHARMA|19710416,FUZZY_DUPLICATE
RID-0047714,POLICY_ADMIN,21-08-2026 22:13,CUS-014019,ValerieChua,Female,24-07-1997,29,Single,Permanent Resident,Manager,75145,50k-100k,D26,VALERIE.CHUA98@EXAMPLE.COM,93915224,POL-0034460,20-02-2025,28-03-2025,PRUWealth Plus,Savings & Wealth,Direct,Semi-Annual,"S$6,029.78",315000,6029.78,0.044,20,Inforce,17,N,,Y,,N,,,,,47,N,,,,,,,,N,N,0.28,5,,,,,,,,,,,,,,False,False,False,False,POL0034460|VALERIECHUA|19970724,FUZZY_DUPLICATE
RID-0048385,POLICY_ADMIN,22-03-2026 07:21,CUS-030509,Jonathan Nair,Male,12-06-1991,35,Married,Citizen,Civil Service,45997,Below 50k,D06,JONATHAN.NAIR174@EXAMPLE.COM,85361256,POL-0007442,08-03-2026,16-03-2026,PRUShield A Plus,Health & IP,Agency,Annual,"S$4,335.49",822000,4335.49,0.1654,99,Inforce,5,N,,Y,Private Hospital,Y,1506.44,1506.44,0,1500,0,Y,,,,,,,,N,N,0.03,6,,,,,,AGT-00663,Jia Hui Seah,New,2,AU-05,Active,29.3,0.379,False,False,False,False,POL0007442|JONATHANNAIR|19910612,FUZZY_DUPLICATE
RID-0047569,POLICY_ADMIN,22-03-2026 19:59,CUS-035331,MeeraNg,Female,05-11-1963,63,Married,Foreigner,Executive,82714,50k-100k,D15,MEERA.NG281@EXAMPLE.COM,97595416,POL-0030802,21-01-2024,26-02-2024,PRUVantage Legacy,Savings & Wealth,Bancassurance,Quarterly,"S$43,737.49",497000,43737.49,0.0435,99,Lapsed,30,Y,03-05-2025,Y,,N,,,,,48,N,CLM-0030802,18-07-2024,Critical Illness,455.33,Approved,,23,N,N,-0.17,6,ASR-0037,50000,N,N,0.017,,,,,,,,,False,False,False,False,POL0030802|MEERANG|19631105,FUZZY_DUPLICATE
RID-0042021,CLAIMS_SYS,22-03-2026 23:08,CUS-010501,Iskandar Lee,Male,18-10-1987,39,Divorced,Citizen,Self-Employed,133161,100k-200k,D14,iskandar.lee157@example.com,+65 88994305,POL-0042021,24-02-2024,25-03-2024,PRULink Assurance,Investment-Linked,Agency,Monthly,23672.17,294000,23672.17,0.1248,99,Inforce,29,N,,Y,,N,,,,,68,N,,,,,,,,N,N,0.05,10,,,,,,AGT-01043,Jonathan Sim,New,11,AU-27,Active,57.8,0.416,False,False,False,False,POL0042021|ISKANDARLEE|19871018,FUZZY_DUPLICATE
RID-0047576,CLAIMS_SYS,22-04-2026 08:17,CUS-026330,Vikram Fraser,Male,09-10-1991,35,Widowed,Citizen,Executive,226644,200k-400k,D14,VIKRAM.FRASER123@EXAMPLE.COM,87443348,POL-0001123,23-02-2024,11-03-2024,PRULink Assurance,Investment-Linked,Broker,Monthly,"S$21,695.36",311000,21695.36,0.1047,99,Inforce,30,N,,Y,,N,,,,,118,N,,,,,,,,N,N,0.67,7,,,,,,AGT-00597,Daniel Teo,Senior,85,AU-14,Active,73.8,0.109,False,False,False,False,POL0001123|VIKRAMFRASER|19911009,FUZZY_DUPLICATE
RID-0048413,AGENCY_MGMT,22-04-2026 19:14,CUS-013020,Deepak Chong,Male,19-01-1975,51,Divorced,Permanent Resident,Civil Service,121542,100k-200k,D26,DEEPAK.CHONG169@EXAMPLE.COM,87427528,POL-0006474,12-09-2025,01-10-2025,PRUShield Standard,Health & IP,Agency,Monthly,"S$6,830.95",463000,6830.95,0.1872,10,Inforce,11,N,,Y,Public B1-Ward,Y,2660.97,2660.97,0,2500,22,N,,,,,,,,N,N,0.07,10,,,,,,AGT-00095,Faisal Sharma,Established,58,AU-15,Active,92.2,0.407,False,False,False,False,POL0006474|DEEPAKCHONG|19750119,FUZZY_DUPLICATE
RID-0047680,CRM,22-04-2026 20:19,CUS-012804,Zhi Hao Tan,Male,03-12-1990,36,Divorced,Citizen,Retired,161835,100k-200k,D27,ZHI.HAO.TAN438@EXAMPLE.COM,92450356,POL-0022027,20-01-2024,21-02-2024,PRUFlexiCash,Savings & Wealth,Agency,Annual,"S$41,934.39",346000,41934.39,0.0893,5,Inforce,30,N,,Y,,N,,,,,201,N,,,,,,,,N,N,0.02,9,,,,,,AGT-01096,Kai Xuan Chong,New,7,AU-02,Active,61.8,0.21,False,False,False,False,POL0022027|ZHIHAOTAN|19901203,FUZZY_DUPLICATE
RID-0005301,POLICY_ADMIN,22-04-2026 23:08,CUS-001385,Vikram Ho,Male,06-10-1996,30,Single,Permanent Resident,Retired,194013,100k-200k,D15,vikram.ho55@example.com,+65 99234122,POL-0005301,12-07-2024,28-07-2024,PRUFlexiCash,Savings & Wealth,Agency,Monthly,6050.7,402000,6050.7,0.0405,20,Inforce,25,N,,Y,,N,,,,,113,Y,,,,,,,,N,N,0.33,8,,,,,,AGT-00785,Zarina Chua,Established,66,AU-35,Active,88,0.537,False,False,False,False,POL0005301|VIKRAMHO|19961006,FUZZY_DUPLICATE
RID-0048116,CRM,22-05-2026 05:32,CUS-023325,Jia Hui Koh,Female,24-07-1991,35,Single,Citizen,Executive,71139,50k-100k,D20,JIA.HUI.KOH390@EXAMPLE.COM,95055192,POL-0046427,22-09-2025,24-09-2025,PRUSelect Vantage,Investment-Linked,Digital,Monthly,"S$35,018.14",510000,35018.14,0.1474,30,Surrendered,11,Y,06-01-2026,N,,N,,,,,61,N,CLM-0046427,16-12-2025,Disability,9563.6,Pending,,66,N,N,0.64,10,ASR-0020,5000,N,N,0.207,,,,,,,,,False,False,False,False,POL0046427|JIAHUIKOH|19910724,FUZZY_DUPLICATE
RID-0047272,POLICY_ADMIN,22-05-2026 07:28,CUS-018196,Faisal Low,Male,07-08-2005,21,Widowed,Citizen,Education,73718,50k-100k,D20,faisal.low226@example.com,+65 92039370,POL-0047272,28-03-2025,11-05-2025,PRUTerm Secure,Protection,Digital,Annual,2938.51,2499000,2938.51,0.224,10,Inforce,15,N,,Y,,N,,,,,0,N,CLM-0047272,26-11-2025,Death Benefit,4332.68,Partially Approved,,17,N,N,0.61,8,ASR-0041,5000,N,N,0.05,,,,,,,,,False,False,False,False,POL0047272|FAISALLOW|20050807,FUZZY_DUPLICATE
RID-0047649,POLICY_ADMIN,22-05-2026 13:51,CUS-000232,Jun Hao Low,Male,08-05-1978,48,Married,Citizen,Education,52223,50k-100k,D25,JUN.HAO.LOW68@EXAMPLE.COM,83326625,POL-0031394,09-04-2026,23-04-2026,PRUShield Premier,Health & IP,Bancassurance,Annual,"S$3,529.45",1129000,3529.45,0.1165,15,Inforce,4,N,,Y,Private Hospital,N,,,,,120,N,,,,,,,,N,N,0.92,7,,,,,,,,,,,,,,False,False,False,False,POL0031394|JUNHAOLOW|19780508,FUZZY_DUPLICATE
RID-0045976,AGENCY_MGMT,22-05-2026 15:37,CUS-008494,Zhi Hao Harper,Male,11-02-1992,34,Married,Citizen,Technician,94729,50k-100k,D18,zhi.hao.harper79@example.com,+65 99136097,POL-0045976,01-03-2026,31-03-2026,PRUShield A Plus,Health & IP,Agency,Monthly,2306.72,366000,2306.72,0.1529,10,Inforce,5,N,,Y,Public A-Ward,Y,848.24,848.24,0,1500,74,N,CLM-0045976,22-08-2026,Critical Illness,1026.66,Approved,,2,N,N,0.6,6,ASR-0017,50000,N,N,0.322,AGT-00132,Rohan Teo,New,7,AU-22,Active,74.6,0.051,False,False,False,False,POL0045976|ZHIHAOHARPER|19920211,FUZZY_DUPLICATE
RID-0047668,CRM,22-05-2026 19:53,CUS-009508,Siti Nadia Yeo,Female,21-02-1974,52,Widowed,Permanent Resident,Retired,57573,50k-100k,D02,SITI.NADIA.YEO326@EXAMPLE.COM,95045130,POL-0021728,21-05-2025,05-06-2025,PRUSave Endowment,Savings & Wealth,Agency,Monthly,"S$14,955.06",199000,14955.06,0.039,30,Inforce,15,N,,Y,,N,,,,,26,N,CLM-0021728,06-01-2026,Outpatient Specialist,3222.06,Approved,,8,N,N,0.91,9,ASR-0041,5000,N,N,0.398,AGT-00838,Siew Peng Lim,Senior,144,AU-28,Active,67.9,0.075,False,False,False,False,POL0021728|SITINADIAYEO|19740221,FUZZY_DUPLICATE
RID-0047664,POLICY_ADMIN,22-05-2026 21:21,CUS-002961,ZHI HAO HO,Male,02-03-1958,68,Widowed,Citizen,Executive,38908,Below 50k,D07,ZHI.HAO.HO8@EXAMPLE.COM,85264069,POL-0016517,17-07-2025,19-08-2025,PRUVantage Legacy,Savings & Wealth,Agency,Semi-Annual,"S$23,574.32",381000,23574.32,0.0415,5,Inforce,12,N,,Y,,N,,,,,37,N,,,,,,,,N,N,0.44,10,,,,,,AGT-00396,Iskandar Bennett,Established,64,AU-05,Active,89.5,0.366,False,False,False,False,POL0016517|ZHIHAOHO|19580302,FUZZY_DUPLICATE
RID-0043034,POLICY_ADMIN,22-06-2026 08:37,CUS-025681,Divya Menon,Female,17-12-1986,40,Married,Permanent Resident,Professional,57028,50k-100k,D15,divya.menon217@example.com,+65 92669454,POL-0043034,26-05-2025,06-06-2025,PRUSave Endowment,Savings & Wealth,Agency,Annual,56074.03,395000,56074.03,0.0783,15,Lapsed,15,Y,05-08-2026,Y,,N,,,,,193,N,CLM-0043034,19-06-2026,Maternity,5402.56,Approved,,10,N,N,0.41,10,ASR-0014,5000,N,N,0.336,AGT-00498,Daniel Foo,Established,37,AU-25,Active,83.8,0.445,False,False,False,False,POL0043034|DIVYAMENON|19861217,FUZZY_DUPLICATE
RID-0048304,AGENCY_MGMT,22-06-2026 10:47,CUS-029414,Valerie Chua,Female,13-09-1978,48,Widowed,Citizen,Retired,102894,100k-200k,D05,VALERIE.CHUA223@EXAMPLE.COM,92632128,POL-0026103,24-09-2025,01-10-2025,PRUExtra Care,Health & IP,Agency,Semi-Annual,"S$5,253.27",613000,5253.27,0.183,5,Inforce,11,N,,Y,Public A-Ward,Y,2879.32,2879.32,0,0,122,N,,,,,,,,N,N,0.1,10,,,,,,AGT-01043,Jonathan Sim,New,11,AU-27,Active,57.8,0.416,False,False,False,False,POL0026103|VALERIECHUA|19780913,FUZZY_DUPLICATE
RID-0047888,CRM,22-06-2026 16:24,CUS-007942,NICHOLAS NAIR,Male,04-02-1998,28,Widowed,Permanent Resident,Healthcare,92251,50k-100k,D02,NICHOLAS.NAIR184@EXAMPLE.COM,82980825,POL-0033599,04-06-2025,07-06-2025,PRUCritical Cover,Protection,Broker,Semi-Annual,"S$7,540.61",1660000,7540.61,0.2638,25,Inforce,15,N,,Y,,N,,,,,43,N,,,,,,,,N,N,0.48,9,,,,,,AGT-00423,Anjali Raj,Established,83,AU-05,Active,91.2,0.665,False,False,False,False,POL0033599|NICHOLASNAIR|19980204,FUZZY_DUPLICATE
RID-0029661,AGENCY_MGMT,22-06-2026 22:39,CUS-013533,Divya Toh,Female,21-06-1985,41,Divorced,Citizen,Professional,79586,50k-100k,D22,divya.toh488@example.com,+65 84637396,POL-0029661,11-10-2024,06-11-2024,PRUCritical Cover,Protection,Agency,Monthly,3915,1767000,3915,0.2816,99,Inforce,22,N,,Y,,N,,,,,139,N,,,,,,,,N,N,0.2,10,,,,,,AGT-00626,Jia Hui Hassan,New,7,AU-38,Resigned,30.9,0.355,False,False,False,False,POL0029661|DIVYATOH|19850621,FUZZY_DUPLICATE
RID-0033570,POLICY_ADMIN,22-06-2026 23:07,CUS-008983,Farah Chan,Female,28-01-1984,42,Married,Employment Pass,Retired,77012,50k-100k,D14,farah.chan130@example.com,+65 87034912,POL-0033570,04-06-2024,20-06-2024,PRUShield Standard,Health & IP,Bancassurance,Monthly,6036.47,545000,6036.47,0.1402,5,Inforce,26,N,,Y,Private Hospital,Y,2967.45,2967.45,0,1500,0,N,CLM-0033570,07-12-2025,Outpatient Specialist,432.9,Approved,,16,N,N,-0.03,9,ASR-0047,5000,N,N,0.215,,,,,,,,,False,False,False,False,POL0033570|FARAHCHAN|19840128,FUZZY_DUPLICATE
RID-0047529,AGENCY_MGMT,22-07-2026 05:12,CUS-037041,JoanneLee,Female,01-08-1974,52,Widowed,Employment Pass,Technician,46153,Below 50k,D02,JOANNE.LEE260@EXAMPLE.COM,86631102,POL-0012505,29-06-2026,04-07-2026,PRUExtra Care,Health & IP,Bancassurance,Annual,"S$1,857.49",1028000,1857.49,0.1605,10,Inforce,1,N,,Y,Public A-Ward,Y,952.84,522.52,10,3500,138,N,,,,,,,,N,N,0.66,9,,,,,,,,,,,,,,False,False,False,False,POL0012505|JOANNELEE|19740801,FUZZY_DUPLICATE
RID-0036199,POLICY_ADMIN,22-07-2026 05:43,CUS-027372,Anjali Foo,Female,19-08-1989,37,Married,Citizen,Executive,93454,50k-100k,D13,anjali.foo364@example.com,+65 86660910,POL-0036199,18-05-2026,24-06-2026,PRUExtra Care,Health & IP,Agency,Monthly,3768.32,1071000,3768.32,0.1309,15,Inforce,2,N,,Y,Public B1-Ward,N,,,,,201,N,CLM-0036199,30-06-2026,Critical Illness,2970.94,Approved,,12,N,N,0.89,9,ASR-0060,10000,N,N,0.286,AGT-00136,Kai Xuan Ong,Established,47,AU-10,Active,98.7,0.027,False,False,False,False,POL0036199|ANJALIFOO|19890819,FUZZY_DUPLICATE
RID-0002963,AGENCY_MGMT,22-07-2026 09:28,CUS-017738,Cheryl Chan,Female,18-01-1974,52,Divorced,Citizen,Technician,167355,100k-200k,D18,cheryl.chan112@example.com,+65 81241415,POL-0002963,11-05-2024,24-05-2024,PRUShield Standard,Health & IP,Digital,Monthly,893.59,693000,893.59,0.1939,99,Inforce,27,N,,Y,Public B1-Ward,Y,289.41,289.41,0,2500,95,Y,,,,,,,,N,N,0.34,5,,,,,,,,,,,,,,False,False,False,False,POL0002963|CHERYLCHAN|19740118,FUZZY_DUPLICATE
RID-0048084,CLAIMS_SYS,22-07-2026 09:34,CUS-026098,Jonathan Bennett,Male,05-08-1998,28,Divorced,Permanent Resident,Professional,50707,50k-100k,D07,JONATHAN.BENNETT292@EXAMPLE.COM,94592675,POL-0018610,11-06-2023,21-07-2023,PRUExtra Care,Health & IP,Agency,Monthly,"S$1,239.64",1158000,1239.64,0.172,15,Inforce,37,N,,Y,Private Hospital,N,,,,,110,N,CLM-0018610,21-05-2026,Critical Illness,5814.07,Approved,,10,N,N,0.98,6,ASR-0028,10000,N,N,0.404,AGT-00553,Nurul Aisyah Chong,Established,13,AU-26,Active,51.1,0.174,False,False,False,False,POL0018610|JONATHANBENNETT|19980805,FUZZY_DUPLICATE
RID-0048196,POLICY_ADMIN,22-07-2026 09:51,CUS-001493,Xin Yi Chong,Female,04-10-1976,50,Divorced,Citizen,Sales,100351,100k-200k,D08,XIN.YI.CHONG451@EXAMPLE.COM,89761915,POL-0036642,22-02-2023,14-03-2023,PRULink Global Growth,Investment-Linked,Bancassurance,Quarterly,"S$7,605.10",150000,7605.1,0.073,5,Inforce,42,N,,Y,,N,,,,,0,N,,,,,,,,N,N,0.28,10,,,,,,,,,,,,,,False,False,False,False,POL0036642|XINYICHONG|19761004,FUZZY_DUPLICATE
RID-0048147,AGENCY_MGMT,22-07-2026 12:23,CUS-016535,NURUL AISYAH KUMAR,Female,02-08-1981,45,Divorced,Permanent Resident,Executive,70917,50k-100k,D05,NURUL.AISYAH.KUMAR358@EXAMPLE.COM,98696810,POL-0040422,11-02-2026,28-03-2026,PRULink Global Growth,Investment-Linked,Broker,Annual,"S$22,781.37",490000,22781.37,0.1578,30,Inforce,5,N,,Y,,N,,,,,176,Y,,,,,,,,N,N,0.75,6,,,,,,AGT-00679,Daniel Ibrahim,Established,17,AU-22,Active,64.7,0.1,False,False,False,False,POL0040422|NURULAISYAHKUMAR|19810802,FUZZY_DUPLICATE
RID-0047800,CLAIMS_SYS,22-07-2026 13:03,CUS-002734,NurulAisyahMitchell,Female,10-04-1975,51,Widowed,Permanent Resident,Professional,92065,50k-100k,D15,NURUL.AISYAH.MITCHELL471@EXAMPLE.COM,98229139,POL-0013371,21-02-2025,22-02-2025,PRUVantage Legacy,Savings & Wealth,Agency,Monthly,"S$30,206.78",379000,30206.78,0.06,5,Inforce,18,N,,Y,,N,,,,,119,N,CLM-0013371,08-04-2026,Disability,10299.69,Approved,,6,N,N,0,10,ASR-0024,50000,N,N,0.032,AGT-00158,Rachel Fraser,Established,96,AU-16,Active,31.7,0.067,False,False,False,False,POL0013371|NURULAISYAHMITCHELL|19750410,FUZZY_DUPLICATE
RID-0047695,POLICY_ADMIN,22-08-2026 00:21,CUS-029697,DanielNg,Male,04-05-1992,34,Single,Citizen,Manager,88768,50k-100k,D25,DANIEL.NG254@EXAMPLE.COM,94038000,POL-0043810,28-04-2025,11-05-2025,PRUFlexiCash,Savings & Wealth,Agency,Monthly,"S$16,979.99",256000,16979.99,0.0687,5,Inforce,15,N,,Y,,N,,,,,159,N,,,,,,,,N,N,0.25,8,,,,,,AGT-00685,Deepak Menon,New,9,AU-02,Active,54.1,0.025,False,False,False,False,POL0043810|DANIELNG|19920504,FUZZY_DUPLICATE
RID-0047707,CLAIMS_SYS,22-08-2026 02:33,CUS-003376,Nurul Aisyah Ho,Female,10-08-2001,25,Divorced,Citizen,Civil Service,54811,50k-100k,D12,NURUL.AISYAH.HO491@EXAMPLE.COM,96451400,POL-0040700,23-01-2026,05-03-2026,PRUExtra Care,Health & IP,Digital,Quarterly,"S$4,779.00",986000,4779,0.2072,30,Inforce,6,N,,Y,Public A-Ward,Y,2456.43,2456.43,0,2500,0,N,CLM-0040700,03-08-2026,Outpatient Specialist,30064.38,Approved,,9,N,N,0.3,7,ASR-0056,50000,N,N,0.221,,,,,,,,,False,False,False,False,POL0040700|NURULAISYAHHO|20010810,FUZZY_DUPLICATE
RID-0042288,POLICY_ADMIN,22-08-2026 04:15,CUS-030006,Kavitha Ong,Female,03-10-1996,30,Widowed,Citizen,Sales,60061,50k-100k,D23,kavitha.ong357@example.com,+65 98584705,POL-0042288,26-06-2024,30-07-2024,PRUCritical Cover,Protection,Bancassurance,Monthly,6217.85,2609000,6217.85,0.2468,10,Inforce,25,N,,Y,,N,,,,,3,Y,,,,,,,,N,N,0.32,9,,,,,,,,,,,,,,False,False,False,False,POL0042288|KAVITHAONG|19961003,FUZZY_DUPLICATE
RID-0034126,POLICY_ADMIN,22-08-2026 04:20,CUS-023272,Terence Yeo,Male,28-09-1981,45,Single,Citizen,Civil Service,116859,100k-200k,D09,terence.yeo3@example.com,+65 83193263,POL-0034126,06-11-2024,02-12-2024,PRUVantage Legacy,Savings & Wealth,Agency,Quarterly,43911.89,378000,43911.89,0.0401,30,Inforce,21,N,,Y,,N,,,,,0,N,CLM-0034126,06-12-2025,Death Benefit,11870.79,Approved,,11,N,N,0.9,6,ASR-0031,100000,N,N,0.39,AGT-00989,Farah Pillai,Senior,70,AU-37,Active,81.6,0.227,False,False,False,False,POL0034126|TERENCEYEO|19810928,FUZZY_DUPLICATE
RID-0048163,AGENCY_MGMT,22-08-2026 08:57,CUS-040309,Siew Peng Sharma,Female,10-07-1997,29,Divorced,Permanent Resident,Retired,78827,50k-100k,D28,SIEW.PENG.SHARMA243@EXAMPLE.COM,99999095,POL-0000884,10-10-2024,17-11-2024,PRUCritical Cover,Protection,Bancassurance,Quarterly,"S$5,624.68",2338000,5624.68,0.2166,20,Inforce,21,N,,Y,,N,,,,,46,N,,,,,,,,N,N,0.37,6,,,,,,,,,,,,,,False,False,False,False,POL0000884|SIEWPENGSHARMA|19970710,FUZZY_DUPLICATE
RID-0048270,CLAIMS_SYS,22-08-2026 21:32,CUS-024467,AMINAH CHONG,Female,18-02-1976,50,Single,Citizen,Education,42250,Below 50k,D12,AMINAH.CHONG334@EXAMPLE.COM,86870845,POL-0015670,04-05-2024,09-06-2024,PRUShield Life,Protection,Bancassurance,Monthly,"S$5,619.16",1308000,5619.16,0.1889,30,Inforce,27,N,,Y,,N,,,,,65,N,CLM-0015670,16-09-2025,Maternity,2858.21,Approved,,10,N,N,0.78,8,ASR-0005,10000,N,N,0.077,,,,,,,,,False,False,False,False,POL0015670|AMINAHCHONG|19760218,FUZZY_DUPLICATE
RID-0003720,CRM,22-08-2026 21:47,CUS-029648,Kavitha Mitchell,Female,16-09-1979,47,Widowed,Citizen,Self-Employed,111745,100k-200k,D02,kavitha.mitchell61@example.com,+65 87583339,POL-0003720,30-05-2026,09-07-2026,PRUVantage Legacy,Savings & Wealth,Agency,Quarterly,7418.89,97000,7418.89,0.0563,25,Inforce,1,N,,Y,,N,,,,,269,Y,CLM-0003720,21-07-2026,Accident,2452.37,Approved,,27,N,N,-0.15,8,ASR-0033,25000,N,N,0.199,AGT-00047,Zarina Lee,Established,88,AU-07,Active,76.5,0.224,False,False,False,False,POL0003720|KAVITHAMITCHELL|19790916,FUZZY_DUPLICATE
RID-0031329,AGENCY_MGMT,22-08-2026 23:11,CUS-040523,Yong Sheng Nair,Male,08-10-1975,51,Single,Foreigner,Civil Service,51142,50k-100k,D14,yong.sheng.nair397@example.com,+65 96485431,POL-0031329,11-07-2024,02-08-2024,PRUTerm Secure,Protection,Agency,Semi-Annual,2561.64,2807000,2561.64,0.2429,5,Inforce,25,N,,Y,,N,,,,,91,N,,,,,,,,N,N,-0.06,8,,,,,,AGT-00029,Nicholas Menon,Established,16,AU-15,Active,70.7,0.058,False,False,False,False,POL0031329|YONGSHENGNAIR|19751008,FUZZY_DUPLICATE
RID-0031168,POLICY_ADMIN,23-03-2026 09:29,CUS-032418,Cheryl Seah,Female,19-02-1986,40,Widowed,Permanent Resident,Manager,81974,50k-100k,D17,cheryl.seah279@example.com,+65 89076856,POL-0031168,18-11-2024,03-12-2024,PRUActive Term,Protection,Digital,Monthly,4306.16,1424000,4306.16,0.2943,5,Inforce,21,N,,Y,,N,,,,,395,N,CLM-0031168,14-02-2025,Maternity,3229.56,Approved,,4,N,Y,-0.91,2,ASR-0017,50000,N,N,0.044,,,,,,,,,False,False,False,False,POL0031168|CHERYLSEAH|19860219,FUZZY_DUPLICATE
RID-0043364,CRM,23-03-2026 10:37,CUS-039146,Aminah Chan,Female,06-05-1986,40,Married,Citizen,Healthcare,185257,100k-200k,D11,aminah.chan132@example.com,+65 96785833,POL-0043364,02-11-2024,15-11-2024,PRUWealth Plus,Savings & Wealth,Agency,Annual,37742.13,450000,37742.13,0.0699,25,Inforce,21,N,,Y,,N,,,,,76,N,CLM-0043364,10-06-2025,Day Surgery,2863.94,Approved,,19,N,N,0.86,10,ASR-0019,100000,N,N,0.065,AGT-00488,Priya Ong,New,8,AU-07,On Notice,41.3,0.366,False,False,False,False,POL0043364|AMINAHCHAN|19860506,FUZZY_DUPLICATE
RID-0030569,CRM,23-03-2026 12:23,CUS-032993,Siti Nadia Nair,Female,22-11-1976,50,Widowed,Permanent Resident,Education,146503,100k-200k,D08,siti.nadia.nair411@example.com,+65 87157144,POL-0030569,29-06-2025,08-08-2025,PRUCritical Cover,Protection,Digital,Monthly,3061.11,703000,3061.11,0.2674,99,Inforce,12,N,,Y,,N,,,,,0,Y,,,,,,,,N,N,0.11,10,,,,,,,,,,,,,,False,False,False,False,POL0030569|SITINADIANAIR|19761122,FUZZY_DUPLICATE
RID-0048230,AGENCY_MGMT,23-03-2026 13:56,CUS-009553,DEEPAK CHUA,Male,10-12-1986,40,Single,Citizen,Professional,66444,50k-100k,D07,DEEPAK.CHUA55@EXAMPLE.COM,96619676,POL-0002042,13-06-2024,18-07-2024,PRUShield Premier,Health & IP,Agency,Monthly,"S$6,921.74",1164000,6921.74,0.1911,30,Inforce,25,N,,Y,Public A-Ward,Y,3366.25,3366.25,0,1500,0,N,,,,,,,,N,N,-0.02,8,,,,,,AGT-00393,Iskandar Teo,New,2,AU-38,Active,65.2,0.217,False,False,False,False,POL0002042|DEEPAKCHUA|19861210,FUZZY_DUPLICATE
RID-0047572,POLICY_ADMIN,23-03-2026 17:58,CUS-010476,Kavitha Ng,Female,14-07-1992,34,Single,Permanent Resident,Professional,67163,50k-100k,D01,KAVITHA.NG93@EXAMPLE.COM,97639376,POL-0001497,27-12-2025,12-01-2026,PRUFlexiCash,Savings & Wealth,Agency,Monthly,"S$29,142.76",300000,29142.76,0.082,99,Inforce,7,N,,Y,,N,,,,,121,N,CLM-0001497,04-02-2026,Death Benefit,13272.1,Declined,Treatment not medically necessary,22,N,N,-0.19,10,ASR-0041,5000,N,N,0.291,AGT-00792,Jonathan Kamal,New,1,AU-21,Active,69.3,0.313,False,False,False,False,POL0001497|KAVITHANG|19920714,FUZZY_DUPLICATE
RID-0015464,POLICY_ADMIN,23-04-2026 09:09,CUS-024260,Rachel Turner,Female,24-11-1972,54,Divorced,Citizen,Self-Employed,52522,50k-100k,D13,rachel.turner421@example.com,+65 86395449,POL-0015464,19-03-2025,04-04-2025,PRUExtra Care,Health & IP,Agency,Monthly,3150.41,1007000,3150.41,0.1344,5,Inforce,17,N,,Y,Public A-Ward,N,,,,,47,N,CLM-0015464,13-05-2025,Accident,3299.55,Withdrawn,,21,N,N,0.98,8,ASR-0025,50000,N,N,0.3,AGT-00108,Nurul Aisyah Ong,Established,20,AU-25,Active,48.6,0.437,False,False,False,False,POL0015464|RACHELTURNER|19721124,FUZZY_DUPLICATE
RID-0047941,AGENCY_MGMT,23-04-2026 09:40,CUS-026125,SiewPengKamal,Female,15-02-1996,30,Married,Citizen,Education,100697,100k-200k,D25,SIEW.PENG.KAMAL44@EXAMPLE.COM,94083620,POL-0029040,24-06-2023,20-07-2023,PRUShield Standard,Health & IP,Digital,Annual,"S$4,843.45",149000,4843.45,0.1911,10,Surrendered,37,Y,07-12-2024,Y,Public B1-Ward,N,,,,,23,Y,,,,,,,,N,N,0.81,5,,,,,,,,,,,,,,False,False,False,False,POL0029040|SIEWPENGKAMAL|19960215,FUZZY_DUPLICATE
RID-0022061,POLICY_ADMIN,23-04-2026 14:02,CUS-031407,Farah Iyer,Female,12-11-1996,30,Single,Employment Pass,Self-Employed,91783,50k-100k,D20,farah.iyer442@example.com,+65 98971227,POL-0022061,01-04-2026,23-04-2026,PRUSave Endowment,Savings & Wealth,Agency,Monthly,37481.2,316000,37481.2,0.0473,25,Inforce,4,N,,Y,,N,,,,,194,Y,,,,,,,,N,N,0.74,8,,,,,,AGT-00752,Zulkifli Wong,New,5,AU-05,On Notice,42.4,0.755,False,False,False,False,POL0022061|FARAHIYER|19961112,FUZZY_DUPLICATE
RID-0002889,CLAIMS_SYS,23-05-2026 00:12,CUS-017965,Jonathan Lee,Male,01-08-1977,49,Single,Citizen,Retired,167788,100k-200k,D04,jonathan.lee11@example.com,+65 99588179,POL-0002889,07-06-2023,17-06-2023,PRUShield Life,Protection,Agency,Monthly,905.2,789000,905.2,0.2883,30,Inforce,39,N,,Y,,N,,,,,27,N,,,,,,,,N,N,0.11,9,,,,,,AGT-00531,Jonathan Raj,Established,62,AU-05,Active,97.4,0.57,False,False,False,False,POL0002889|JONATHANLEE|19770801,FUZZY_DUPLICATE
RID-0047716,AGENCY_MGMT,23-05-2026 05:46,CUS-033736,AnjaliYeo,Female,17-09-1971,55,Married,Citizen,Retired,61123,50k-100k,D25,ANJALI.YEO75@EXAMPLE.COM,99228302,POL-0016649,27-12-2025,11-01-2026,PRUExtra Care,Health & IP,Digital,Quarterly,"S$5,809.61",236000,5809.61,0.1966,15,Inforce,7,N,,Y,Public A-Ward,Y,2940.8,2940.8,0,1500,0,N,CLM-0016649,05-04-2026,Disability,3661.36,Approved,,31,N,N,0.88,9,ASR-0054,5000,N,N,0.391,,,,,,,,,False,False,False,False,POL0016649|ANJALIYEO|19710917,FUZZY_DUPLICATE
RID-0019753,POLICY_ADMIN,23-05-2026 09:02,CUS-040734,Priya Sharma,Female,05-08-1993,33,Divorced,Citizen,Healthcare,160260,100k-200k,D14,priya.sharma348@example.com,+65 97153900,POL-0019753,23-08-2023,29-08-2023,PRUShield A Plus,Health & IP,Agency,Quarterly,7468.55,190000,7468.55,0.1365,10,Inforce,36,N,,Y,Private Hospital,Y,2589.31,2589.31,0,1500,31,N,,,,,,,,N,N,0.95,10,,,,,,AGT-01045,Priya Wright,Established,64,AU-37,Active,73,0.383,False,False,False,False,POL0019753|PRIYASHARMA|19930805,FUZZY_DUPLICATE
RID-0047504,CRM,23-05-2026 15:35,CUS-002678,Chee Keong Toh,Male,28-07-1981,45,Divorced,Citizen,Education,123672,100k-200k,D22,CHEE.KEONG.TOH194@EXAMPLE.COM,81062176,POL-0045620,05-01-2026,15-01-2026,PRUActive Term,Protection,Agency,Quarterly,"S$1,998.89",1778000,1998.89,0.2711,99,Inforce,7,N,,Y,,N,,,,,52,N,CLM-0045620,19-03-2026,Disability,9961.25,Approved,,11,N,N,0.68,8,ASR-0010,50000,N,Y,0.68,AGT-00432,Kavitha Bennett,Established,25,AU-24,Active,92.7,0.209,False,False,False,False,POL0045620|CHEEKEONGTOH|19810728,FUZZY_DUPLICATE
RID-0036295,POLICY_ADMIN,23-05-2026 16:29,CUS-039140,Terence Bennett,Male,13-12-1970,56,Divorced,Employment Pass,Retired,76226,50k-100k,D15,terence.bennett245@example.com,+65 94637938,POL-0036295,27-12-2025,10-01-2026,PRUVantage Legacy,Savings & Wealth,Bancassurance,Monthly,52030.45,426000,52030.45,0.0574,10,Inforce,7,N,,Y,,N,,,,,26,Y,CLM-0036295,17-06-2026,Hospitalisation,3371.96,Approved,,38,N,N,0.23,7,ASR-0024,50000,N,N,0.266,,,,,,,,,False,False,False,False,POL0036295|TERENCEBENNETT|19701213,FUZZY_DUPLICATE
RID-0048073,CRM,23-05-2026 20:30,CUS-021626,Zarina Sharma,Female,18-05-1983,43,Divorced,Citizen,Executive,75594,50k-100k,D07,ZARINA.SHARMA429@EXAMPLE.COM,89309501,POL-0018049,16-09-2024,08-10-2024,PRUActive Term,Protection,Agency,Semi-Annual,"S$8,878.08",1629000,8878.08,0.2743,20,Inforce,23,N,,Y,,N,,,,,0,N,,,,,,,,N,N,0.54,8,,,,,,AGT-00554,Lakshmi Mitchell,Established,20,AU-22,Active,66.8,0.226,False,False,False,False,POL0018049|ZARINASHARMA|19830518,FUZZY_DUPLICATE
RID-0048490,CRM,23-05-2026 23:45,CUS-006258,DivyaTeo,Female,21-03-1995,31,Widowed,Permanent Resident,Self-Employed,55771,50k-100k,D11,DIVYA.TEO335@EXAMPLE.COM,93801142,POL-0014053,06-01-2025,17-01-2025,PRUCritical Cover,Protection,Agency,Annual,"S$5,903.44",1892000,5903.44,0.2659,30,Inforce,19,N,,Y,,N,,,,,18,N,CLM-0014053,08-02-2025,Critical Illness,1947.42,Approved,,15,N,N,0.42,9,ASR-0002,25000,N,N,0.091,AGT-00134,Zhi Hao Mitchell,Senior,82,AU-06,Active,29.9,0.388,False,False,False,False,POL0014053|DIVYATEO|19950321,FUZZY_DUPLICATE
RID-0048106,CRM,23-06-2026 00:35,CUS-034058,Mei Yi Wright,Female,24-02-1992,34,Single,Permanent Resident,Manager,98618,50k-100k,D09,MEI.YI.WRIGHT422@EXAMPLE.COM,97165084,POL-0037268,23-07-2023,05-08-2023,PRUShield Premier,Health & IP,Digital,Quarterly,"S$6,570.18",1353000,6570.18,0.1299,15,Inforce,37,N,,Y,Public A-Ward,Y,1984.14,1984.14,0,1500,0,N,CLM-0037268,24-05-2026,Critical Illness,4876.23,Approved,,23,N,N,0.12,9,ASR-0032,25000,N,N,0.186,,,,,,,,,False,False,False,False,POL0037268|MEIYIWRIGHT|19920224,FUZZY_DUPLICATE
RID-0019812,POLICY_ADMIN,23-06-2026 01:45,CUS-031998,Nurul Aisyah Chong,Female,21-10-1965,61,Widowed,Permanent Resident,Technician,36770,Below 50k,D09,nurul.aisyah.chong97@example.com,+65 89220558,POL-0019812,13-02-2024,14-03-2024,PRUActive Term,Protection,Agency,Monthly,8580.71,2596000,8580.71,0.2841,10,Matured,30,N,,Y,,N,,,,,0,N,,,,,,,,N,N,0.87,8,,,,,,AGT-00996,Aravind Rahman,Established,68,AU-38,On Notice,81.1,0.048,False,False,False,False,POL0019812|NURULAISYAHCHONG|19651021,FUZZY_DUPLICATE
RID-0013096,CRM,23-06-2026 02:59,CUS-024506,Kai Xuan Low,Male,19-07-1988,38,Single,Citizen,Professional,111831,100k-200k,D02,kai.xuan.low297@example.com,+65 97504086,POL-0013096,02-05-2024,03-05-2024,PRUVantage Legacy,Savings & Wealth,Agency,Semi-Annual,40655.79,41000,40655.79,0.0563,30,Inforce,28,N,,Y,,N,,,,,20,N,,,,,,,,N,N,0.46,8,,,,,,AGT-00702,Priya Fraser,Senior,56,AU-01,Active,33.1,0.447,False,False,False,False,POL0013096|KAIXUANLOW|19880719,FUZZY_DUPLICATE
RID-0040540,POLICY_ADMIN,23-06-2026 03:32,CUS-023102,Lakshmi Pillai,Female,11-08-2005,21,Widowed,Citizen,Professional,112522,100k-200k,D20,lakshmi.pillai303@example.com,+65 86156945,POL-0040540,06-11-2025,21-12-2025,PRULink Global Growth,Investment-Linked,Direct,Annual,23437.58,700000,23437.58,0.1666,10,Inforce,8,N,,Y,,N,,,,,0,N,,,,,,,,N,N,0.02,7,,,,,,,,,,,,,,False,False,False,False,POL0040540|LAKSHMIPILLAI|20050811,FUZZY_DUPLICATE
RID-0047924,CRM,23-06-2026 06:03,CUS-036441,ISKANDAR PILLAI,Male,12-03-1974,52,Divorced,Citizen,Professional,88598,50k-100k,D14,ISKANDAR.PILLAI369@EXAMPLE.COM,95832514,POL-0024124,24-05-2024,08-07-2024,PRUWealth Plus,Savings & Wealth,Agency,Monthly,"S$49,276.65",266000,49276.65,0.0511,99,Inforce,26,N,,Y,,N,,,,,85,N,CLM-0024124,02-10-2025,Critical Illness,57727.47,Withdrawn,,28,N,N,0.74,10,ASR-0029,5000,N,N,0.236,AGT-01154,Siew Peng Menon,New,9,AU-33,Active,53.8,0.231,False,False,False,False,POL0024124|ISKANDARPILLAI|19740312,FUZZY_DUPLICATE
RID-0048381,POLICY_ADMIN,23-06-2026 21:11,CUS-028980,Faisal Menon,Male,27-01-1978,48,Married,Citizen,Sales,124776,100k-200k,D06,FAISAL.MENON88@EXAMPLE.COM,94805993,POL-0028492,15-07-2023,26-08-2023,PRUFlexiCash,Savings & Wealth,Agency,Quarterly,"S$5,599.91",43000,5599.91,0.0859,30,Inforce,36,N,,Y,,N,,,,,0,N,CLM-0028492,13-07-2025,Hospitalisation,15643.59,Withdrawn,,7,N,N,-0.19,8,ASR-0052,5000,N,N,0.304,AGT-00464,Kai Xuan Neo,Established,53,AU-34,Active,28.9,0.163,False,False,False,False,POL0028492|FAISALMENON|19780127,FUZZY_DUPLICATE
RID-0048114,CLAIMS_SYS,23-06-2026 23:56,CUS-007132,Siew Peng Koh,Female,02-03-1995,31,Divorced,Citizen,Education,118271,100k-200k,D07,SIEW.PENG.KOH483@EXAMPLE.COM,81563273,POL-0038655,08-09-2023,24-09-2023,PRUExtra Care,Health & IP,Bancassurance,Annual,"S$5,864.94",325000,5864.94,0.188,15,Inforce,35,N,,Y,Private Hospital,N,,,,,36,Y,CLM-0038655,14-12-2024,Death Benefit,5714.15,Approved,,24,N,N,-0.13,9,ASR-0004,100000,N,N,0.1,,,,,,,,,False,False,False,False,POL0038655|SIEWPENGKOH|19950302,FUZZY_DUPLICATE
RID-0023203,POLICY_ADMIN,23-07-2026 00:33,CUS-019438,Faisal Chong,Male,10-04-2005,21,Divorced,Foreigner,Civil Service,31141,Below 50k,D22,faisal.chong79@example.com,+65 85148320,POL-0023203,28-03-2026,03-05-2026,PRUTerm Secure,Protection,Broker,Annual,3042.47,1726000,3042.47,0.2552,15,Lapsed,4,Y,21-08-2026,N,,N,,,,,116,N,CLM-0023203,01-09-2026,Day Surgery,10599.46,Declined,Policy exclusion clause,7,N,N,0.09,10,ASR-0023,50000,N,N,0.385,AGT-00002,Vikram Low,Senior,39,AU-13,Active,86.3,0.335,False,False,False,False,POL0023203|FAISALCHONG|20050410,FUZZY_DUPLICATE
RID-0048254,POLICY_ADMIN,23-07-2026 00:36,CUS-011059,Nicholas Chong,Male,04-04-1963,63,Widowed,Citizen,Healthcare,30000,Below 50k,D06,NICHOLAS.CHONG323@EXAMPLE.COM,88925617,POL-0020124,26-05-2026,27-06-2026,PRUVantage Legacy,Savings & Wealth,Digital,Monthly,"S$54,439.13",261000,54439.13,0.0355,25,Inforce,2,N,,Y,,N,,,,,0,N,CLM-0020124,03-07-2026,Maternity,3332.86,Approved,,12,N,N,-0.18,6,ASR-0019,100000,N,N,0.131,,,,,,,,,False,False,False,False,POL0020124|NICHOLASCHONG|19630404,FUZZY_DUPLICATE
RID-0046445,POLICY_ADMIN,23-07-2026 04:15,CUS-038465,Rachel Aziz,Female,10-05-2004,22,Single,Permanent Resident,Healthcare,52133,50k-100k,D27,rachel.aziz247@example.com,+65 88184715,POL-0046445,04-05-2023,10-05-2023,PRUCritical Cover,Protection,Bancassurance,Annual,7347.98,2550000,7347.98,0.2315,15,Inforce,40,N,,Y,,N,,,,,69,N,,,,,,,,N,N,0.48,7,,,,,,,,,,,,,,False,False,False,False,POL0046445|RACHELAZIZ|20040510,FUZZY_DUPLICATE
RID-0048431,POLICY_ADMIN,23-07-2026 09:12,CUS-025898,DivyaSalleh,Female,08-07-1973,53,Single,Permanent Resident,Manager,82172,50k-100k,D10,DIVYA.SALLEH433@EXAMPLE.COM,82929135,POL-0028460,09-10-2024,23-11-2024,PRUSave Endowment,Savings & Wealth,Agency,Monthly,"S$53,823.85",99000,53823.85,0.0828,30,Inforce,21,N,,Y,,N,,,,,113,N,CLM-0028460,12-06-2026,Disability,28428.28,Declined,Pre-existing condition,27,Y,Y,-0.9,0,ASR-0037,50000,N,N,0.151,AGT-00433,Chee Keong Wright,Established,62,AU-05,On Notice,54.6,0.441,False,False,False,False,POL0028460|DIVYASALLEH|19730708,FUZZY_DUPLICATE
RID-0048326,AGENCY_MGMT,23-07-2026 09:17,CUS-013346,Suresh Iyer,Male,15-07-1984,42,Divorced,Citizen,Self-Employed,50299,50k-100k,D20,SURESH.IYER416@EXAMPLE.COM,98773126,POL-0007634,08-08-2024,17-08-2024,PRUSave Endowment,Savings & Wealth,Digital,Monthly,"S$6,311.90",421000,6311.9,0.0804,15,Lapsed,24,Y,27-03-2025,N,,N,,,,,0,N,CLM-0007634,19-09-2025,Hospitalisation,3149.09,Approved,,19,N,N,0.77,6,ASR-0044,50000,N,N,0.184,,,,,,,,,False,False,False,False,POL0007634|SURESHIYER|19840715,FUZZY_DUPLICATE
RID-0021770,CLAIMS_SYS,23-07-2026 11:58,CUS-007322,Deepak Wong,Male,06-12-1975,51,Married,Citizen,Education,108079,100k-200k,D07,deepak.wong401@example.com,+65 83012118,POL-0021770,03-04-2025,17-04-2025,PRUWealth Plus,Savings & Wealth,Broker,Annual,50964.39,128000,50964.39,0.0923,15,Inforce,16,N,,Y,,N,,,,,14,N,,,,,,,,N,N,-0.04,6,,,,,,AGT-00024,Joanne Low,Senior,68,AU-13,Active,75.4,0.146,False,False,False,False,POL0021770|DEEPAKWONG|19751206,FUZZY_DUPLICATE
RID-0047986,CLAIMS_SYS,23-07-2026 13:10,CUS-005656,Suresh Wong,Male,14-01-2000,26,Divorced,Permanent Resident,Retired,55025,50k-100k,D21,SURESH.WONG379@EXAMPLE.COM,86649816,POL-0028745,01-08-2023,04-08-2023,PRUVantage Legacy,Savings & Wealth,Digital,Monthly,"S$3,075.43",407000,3075.43,0.0824,15,Lapsed,37,Y,02-07-2026,Y,,N,,,,,84,N,,,,,,,,N,N,0.02,7,,,,,,,,,,,,,,False,False,False,False,POL0028745|SURESHWONG|20000114,FUZZY_DUPLICATE
RID-0048439,POLICY_ADMIN,23-07-2026 20:41,CUS-037742,Aminah Koh,Female,18-03-1964,62,Widowed,Citizen,Civil Service,53345,50k-100k,D11,AMINAH.KOH66@EXAMPLE.COM,94973763,POL-0015286,17-01-2023,22-01-2023,PRUShield Life,Protection,Digital,Monthly,"S$4,614.54",2101000,4614.54,0.3044,5,Inforce,43,N,,Y,,N,,,,,0,Y,CLM-0015286,06-03-2023,Maternity,22212.31,Approved,,4,N,Y,-0.64,0,ASR-0040,100000,N,N,0.038,,,,,,,,,False,False,False,False,POL0015286|AMINAHKOH|19640318,FUZZY_DUPLICATE
RID-0010011,CRM,23-08-2026 02:20,CUS-000459,Nicholas Ho,Male,27-06-1988,38,Divorced,Permanent Resident,Sales,52242,50k-100k,D23,nicholas.ho146@example.com,+65 92582868,POL-0010011,13-09-2023,10-10-2023,PRUFlexiCash,Savings & Wealth,Agency,Monthly,51932.89,199000,51932.89,0.0932,10,Inforce,35,N,,Y,,N,,,,,0,Y,,,,,,,,N,N,-0.06,7,,,,,,AGT-00130,Joanne Wright,Established,29,AU-31,Active,69.3,0.353,False,False,False,False,POL0010011|NICHOLASHO|19880627,FUZZY_DUPLICATE
RID-0047718,AGENCY_MGMT,23-08-2026 05:55,CUS-030313,AminahFraser,Female,08-01-1984,42,Widowed,Citizen,Healthcare,48550,Below 50k,D25,AMINAH.FRASER148@EXAMPLE.COM,82515293,POL-0043652,13-09-2023,20-09-2023,PRUShield A Plus,Health & IP,Bancassurance,Monthly,"S$4,840.20",709000,4840.2,0.1568,99,Inforce,35,N,,Y,Public A-Ward,Y,2181.29,2181.29,0,0,0,N,CLM-0043652,25-01-2026,Day Surgery,31423.71,Partially Approved,,21,N,N,0.23,9,ASR-0058,100000,N,N,0.102,,,,,,,,,False,False,False,False,POL0043652|AMINAHFRASER|19840108,FUZZY_DUPLICATE
RID-0027903,POLICY_ADMIN,23-08-2026 10:47,CUS-020041,Hui Ling Ho,Female,09-12-1966,60,Divorced,Employment Pass,Executive,47761,Below 50k,D20,hui.ling.ho183@example.com,+65 88248893,POL-0027903,13-10-2024,08-11-2024,PRUShield Standard,Health & IP,Digital,Monthly,7039.79,249000,7039.79,0.1493,20,Inforce,22,N,,Y,Public A-Ward,Y,3236.05,3236.05,0,2500,0,N,,,,,,,,N,N,0.97,8,,,,,,,,,,,,,,False,False,False,False,POL0027903|HUILINGHO|19661209,FUZZY_DUPLICATE
RID-0047654,CLAIMS_SYS,23-08-2026 13:35,CUS-012681,Arjun Sim,Male,17-01-1976,50,Widowed,Foreigner,Self-Employed,156912,100k-200k,D04,ARJUN.SIM486@EXAMPLE.COM,97719815,POL-0025044,22-11-2025,06-01-2026,PRUShield Premier,Health & IP,Agency,Annual,"S$7,249.31",461000,7249.31,0.1927,25,Inforce,7,N,,Y,Public B1-Ward,Y,2904.4,2904.4,0,2500,108,N,CLM-0025044,27-01-2026,Maternity,27513.15,Declined,Waiting period not served,22,N,N,0.41,9,ASR-0054,5000,N,N,0.053,AGT-00371,Deepak Bennett,New,11,AU-25,Active,51,0.355,False,False,False,False,POL0025044|ARJUNSIM|19760117,FUZZY_DUPLICATE
RID-0047992,CLAIMS_SYS,23-08-2026 22:39,CUS-001017,NURUL AISYAH OSMAN,Female,10-02-1977,49,Divorced,Citizen,Civil Service,58884,50k-100k,D01,NURUL.AISYAH.OSMAN100@EXAMPLE.COM,91350536,POL-0012678,15-05-2023,11-06-2023,PRUCritical Cover,Protection,Bancassurance,Annual,S$803.63,544000,803.63,0.2739,5,Inforce,39,N,,Y,,N,,,,,35,N,,,,,,,,N,N,-0.02,8,,,,,,,,,,,,,,False,False,False,False,POL0012678|NURULAISYAHOSMAN|19770210,FUZZY_DUPLICATE
RID-0048329,POLICY_ADMIN,23-08-2026 23:22,CUS-030301,SureshMenon,Male,17-06-1978,48,Single,Citizen,Manager,127621,100k-200k,D08,SURESH.MENON348@EXAMPLE.COM,87156458,POL-0036933,01-03-2025,13-04-2025,PRUActive Term,Protection,Agency,Semi-Annual,"S$6,027.92",2779000,6027.92,0.2316,15,Inforce,16,N,,Y,,N,,,,,0,N,,,,,,,,N,N,0.64,6,,,,,,AGT-00663,Jia Hui Seah,New,2,AU-05,Active,29.3,0.379,False,False,False,False,POL0036933|SURESHMENON|19780617,FUZZY_DUPLICATE
RID-0030438,POLICY_ADMIN,24-03-2026 06:51,CUS-022023,Lakshmi Sim,Female,03-07-1972,54,Divorced,Employment Pass,Education,44229,Below 50k,D27,lakshmi.sim193@example.com,+65 98055265,POL-0030438,24-07-2023,06-09-2023,PRUActive Term,Protection,Agency,Annual,6705.15,529000,6705.15,0.2471,30,Surrendered,36,Y,23-07-2026,Y,,N,,,,,61,Y,CLM-0030438,27-07-2024,Accident,9295.91,Approved,,14,N,N,-0.1,10,ASR-0008,10000,N,N,0.171,AGT-00895,Jun Hao Teo,New,3,AU-12,Active,32.6,0.241,False,False,False,False,POL0030438|LAKSHMISIM|19720703,FUZZY_DUPLICATE
RID-0047077,CLAIMS_SYS,24-03-2026 08:02,CUS-036567,Samantha Chong,Female,18-12-1981,45,Married,Citizen,Retired,30000,Below 50k,D26,samantha.chong97@example.com,+65 89083327,POL-0047077,17-12-2024,03-01-2025,PRUWealth Plus,Savings & Wealth,Broker,Annual,18623.38,40000,18623.38,0.0624,5,Matured,20,N,,Y,,N,,,,,0,N,CLM-0047077,02-06-2025,Day Surgery,1117.62,Pending,,61,N,N,0.24,10,ASR-0027,25000,N,N,0.388,AGT-01119,Zhi Hao Kumar,Established,73,AU-18,Active,74.8,0.314,False,False,False,False,POL0047077|SAMANTHACHONG|19811218,FUZZY_DUPLICATE
RID-0027916,POLICY_ADMIN,24-03-2026 09:05,CUS-007634,Jun Hao Koh,Male,23-02-1988,38,Divorced,Citizen,Manager,39358,Below 50k,D15,jun.hao.koh443@example.com,+65 96088816,POL-0027916,04-02-2024,21-02-2024,PRUSave Endowment,Savings & Wealth,Digital,Quarterly,54449.93,455000,54449.93,0.0467,15,Inforce,30,N,,Y,,N,,,,,99,N,CLM-0027916,01-10-2024,Critical Illness,11946.16,Declined,Documentation incomplete,24,N,N,0.12,9,ASR-0023,50000,N,N,0.253,,,,,,,,,False,False,False,False,POL0027916|JUNHAOKOH|19880223,FUZZY_DUPLICATE
RID-0026189,POLICY_ADMIN,24-03-2026 12:12,CUS-000742,Meera Lee,Female,27-04-1983,43,Divorced,Citizen,Healthcare,160956,100k-200k,D10,meera.lee145@example.com,+65 82938137,POL-0026189,10-03-2025,21-04-2025,PRUExtra Care,Health & IP,Bancassurance,Quarterly,5651.36,252000,5651.36,0.1214,20,Inforce,16,N,,Y,Public B1-Ward,Y,2390.78,2390.78,0,0,37,N,,,,,,,,N,N,0.67,7,,,,,,,,,,,,,,False,False,False,False,POL0026189|MEERALEE|19830427,FUZZY_DUPLICATE
RID-0023160,CRM,24-03-2026 14:09,CUS-000224,Denise Menon,Female,05-02-1970,56,Widowed,Citizen,Sales,108707,100k-200k,D05,denise.menon388@example.com,+65 89378483,POL-0023160,20-01-2024,10-02-2024,PRUWealth Plus,Savings & Wealth,Bancassurance,Monthly,4114.58,163000,4114.58,0.0743,5,Inforce,31,N,,Y,,N,,,,,53,Y,,,,,,,,N,N,0.66,5,,,,,,,,,,,,,,False,False,False,False,POL0023160|DENISEMENON|19700205,FUZZY_DUPLICATE
RID-0024465,AGENCY_MGMT,24-04-2026 06:39,CUS-014302,Kai Xuan Ho,Male,19-05-1993,33,Married,Permanent Resident,Manager,162032,100k-200k,D25,kai.xuan.ho304@example.com,+65 81464611,POL-0024465,19-03-2024,21-03-2024,PRUActive Term,Protection,Agency,Monthly,6933.37,2643000,6933.37,0.2708,20,Inforce,29,N,,Y,,N,,,,,45,N,CLM-0024465,11-04-2025,Disability,9130.5,Approved,,7,N,N,0.17,9,ASR-0024,50000,N,N,0.28,AGT-00134,Zhi Hao Mitchell,Senior,82,AU-06,Active,29.9,0.388,False,False,False,False,POL0024465|KAIXUANHO|19930519,FUZZY_DUPLICATE
RID-0048246,CRM,24-04-2026 12:04,CUS-035513,YONG SHENG AZIZ,Male,26-12-1954,72,Married,Citizen,Professional,91974,50k-100k,D15,YONG.SHENG.AZIZ429@EXAMPLE.COM,82293799,POL-0010590,19-05-2023,25-05-2023,PRUFlexiCash,Savings & Wealth,Bancassurance,Annual,"S$25,523.19",161000,25523.19,0.0372,20,Surrendered,39,Y,29-08-2024,Y,,N,,,,,139,N,CLM-0010590,20-04-2026,Death Benefit,12570.44,Approved,,33,N,N,0.15,9,ASR-0017,50000,N,N,0.331,,,,,,,,,False,False,False,False,POL0010590|YONGSHENGAZIZ|19541226,FUZZY_DUPLICATE
RID-0006154,CRM,24-04-2026 18:48,CUS-019072,Nicholas Yeo,Male,28-03-1970,56,Single,Citizen,Civil Service,70645,50k-100k,D11,nicholas.yeo334@example.com,+65 89044458,POL-0006154,14-12-2023,28-12-2023,PRUExtra Care,Health & IP,Agency,Annual,6987.25,778000,6987.25,0.1541,5,Inforce,32,N,,Y,Public B1-Ward,Y,2310.62,2310.62,0,1500,59,Y,CLM-0006154,15-09-2025,Day Surgery,7619.31,Declined,Non-disclosure at underwriting,8,N,N,0.23,10,ASR-0036,25000,N,N,0.261,AGT-00614,Priya Kamal,New,3,AU-31,Active,45.9,0.475,False,False,False,False,POL0006154|NICHOLASYEO|19700328,FUZZY_DUPLICATE
RID-0047790,CLAIMS_SYS,24-04-2026 22:03,CUS-024197,SitiNadiaFoo,Female,28-07-1997,29,Divorced,Citizen,Manager,228930,200k-400k,D25,SITI.NADIA.FOO41@EXAMPLE.COM,96180528,POL-0011682,24-10-2023,26-10-2023,PRUWealth Plus,Savings & Wealth,Bancassurance,Monthly,"S$53,800.54",339000,53800.54,0.0669,99,Cancelled,34,Y,19-05-2024,N,,N,,,,,196,N,,,,,,,,N,N,0.07,6,,,,,,,,,,,,,,False,False,False,False,POL0011682|SITINADIAFOO|19970728,FUZZY_DUPLICATE
RID-0001705,CRM,24-04-2026 22:44,CUS-000556,Suresh Lim,Male,24-07-2003,23,Divorced,Permanent Resident,Self-Employed,116815,100k-200k,D08,suresh.lim421@example.com,+65 81530966,POL-0001705,02-06-2023,16-07-2023,PRULink Global Growth,Investment-Linked,Agency,Monthly,14584.19,845000,14584.19,0.1466,15,Inforce,38,N,,Y,,N,,,,,63,N,,,,,,,,N,N,0.7,7,,,,,,AGT-01081,Nicholas Nair,Senior,121,AU-26,Active,66.8,0.221,False,False,False,False,POL0001705|SURESHLIM|20030724,FUZZY_DUPLICATE
RID-0048131,POLICY_ADMIN,24-05-2026 04:40,CUS-011468,Xin Yi Salleh,Female,25-05-1991,35,Divorced,Citizen,Education,115247,100k-200k,D17,XIN.YI.SALLEH251@EXAMPLE.COM,97622268,POL-0003771,02-11-2024,25-11-2024,PRUVantage Legacy,Savings & Wealth,Agency,Monthly,"S$46,033.81",398000,46033.81,0.0488,5,Inforce,21,N,,Y,,N,,,,,14,N,CLM-0003771,04-01-2025,Maternity,5477.97,Pending,,36,N,N,0.45,6,ASR-0031,100000,N,N,0.084,AGT-00802,Aravind Chua,Senior,38,AU-16,Resigned,78.3,0.382,False,False,False,False,POL0003771|XINYISALLEH|19910525,FUZZY_DUPLICATE
RID-0048279,POLICY_ADMIN,24-05-2026 06:35,CUS-019017,Nicholas Osman,Male,16-12-1972,54,Widowed,Citizen,Education,50980,50k-100k,D02,NICHOLAS.OSMAN141@EXAMPLE.COM,85505108,POL-0033952,20-08-2023,03-10-2023,PRUFlexiCash,Savings & Wealth,Digital,Monthly,"S$42,224.60",310000,42224.6,0.0886,25,Inforce,35,N,,Y,,N,,,,,63,N,CLM-0033952,01-07-2024,Death Benefit,1941.29,Approved,,17,N,N,0.28,10,ASR-0008,10000,N,N,0.34,,,,,,,,,False,False,False,False,POL0033952|NICHOLASOSMAN|19721216,FUZZY_DUPLICATE
RID-0012832,POLICY_ADMIN,24-05-2026 07:33,CUS-020929,Mei Yi Neo,Female,20-03-1981,45,Married,Citizen,Sales,92327,50k-100k,D12,mei.yi.neo475@example.com,+65 84485863,POL-0012832,14-12-2023,23-12-2023,PRUShield Premier,Health & IP,Broker,Monthly,7384.49,1470000,7384.49,0.1415,5,Inforce,32,N,,Y,Public B1-Ward,N,,,,,233,Y,CLM-0012832,20-12-2025,Day Surgery,1973.99,Approved,,26,N,N,0.36,9,ASR-0058,100000,N,N,0.198,AGT-00412,Aminah Bennett,Established,43,AU-19,Active,37.8,0.357,False,False,False,False,POL0012832|MEIYINEO|19810320,FUZZY_DUPLICATE
RID-0034744,POLICY_ADMIN,24-05-2026 08:37,CUS-005501,Deepak Nair,Male,28-05-1972,54,Married,Employment Pass,Civil Service,64824,50k-100k,D14,deepak.nair147@example.com,+65 98199718,POL-0034744,14-05-2024,29-05-2024,PRUSave Endowment,Savings & Wealth,Agency,Monthly,3211.34,260000,3211.34,0.0493,99,Surrendered,27,Y,08-08-2026,Y,,N,,,,,28,N,CLM-0034744,15-10-2024,Day Surgery,3775.81,Withdrawn,,18,N,N,0.27,9,ASR-0025,50000,N,N,0.238,AGT-00540,Marcus Kumar,New,2,AU-34,Active,33,0.249,False,False,False,False,POL0034744|DEEPAKNAIR|19720528,FUZZY_DUPLICATE
RID-0048197,AGENCY_MGMT,24-05-2026 10:31,CUS-009629,NICHOLAS KAMAL,Male,18-07-1989,37,Divorced,Citizen,Manager,30000,Below 50k,D02,NICHOLAS.KAMAL386@EXAMPLE.COM,89208403,POL-0006012,07-01-2023,08-02-2023,PRUShield Life,Protection,Digital,Annual,"S$8,029.59",508000,8029.59,0.3061,5,Inforce,43,N,,Y,,N,,,,,0,Y,CLM-0006012,06-11-2024,Hospitalisation,32169.83,Approved,,18,N,N,0.1,7,ASR-0013,100000,Y,N,0.598,,,,,,,,,False,False,False,False,POL0006012|NICHOLASKAMAL|19890718,FUZZY_DUPLICATE
RID-0000706,POLICY_ADMIN,24-05-2026 14:36,CUS-039508,Jia Hui Menon,Female,16-08-1979,47,Widowed,Permanent Resident,Education,94306,50k-100k,D23,jia.hui.menon361@example.com,+65 98901542,POL-0000706,12-08-2024,18-08-2024,PRUFlexiCash,Savings & Wealth,Agency,Annual,35051.5,76000,35051.5,0.0884,20,Inforce,24,N,,Y,,N,,,,,81,N,,,,,,,,N,N,0.65,9,,,,,,AGT-00991,Meera Iyer,Established,81,AU-08,Active,84.3,0.576,False,False,False,False,POL0000706|JIAHUIMENON|19790816,FUZZY_DUPLICATE
RID-0048295,CRM,24-05-2026 15:58,CUS-006149,Faisal Wong,Male,19-12-1983,43,Widowed,Foreigner,Education,65971,50k-100k,D20,FAISAL.WONG118@EXAMPLE.COM,82988583,POL-0007334,06-09-2025,09-09-2025,PRUFlexiCash,Savings & Wealth,Digital,Monthly,"S$36,710.39",167000,36710.39,0.0914,10,Inforce,11,N,,Y,,N,,,,,0,N,CLM-0007334,15-10-2025,Accident,5190.45,Withdrawn,,18,N,N,0.6,10,ASR-0036,25000,N,N,0.155,,,,,,,,,False,False,False,False,POL0007334|FAISALWONG|19831219,FUZZY_DUPLICATE
RID-0017798,CLAIMS_SYS,24-05-2026 17:54,CUS-040282,Suresh Harper,Male,05-12-1981,45,Married,Permanent Resident,Sales,201471,200k-400k,D10,suresh.harper321@example.com,+65 95939442,POL-0017798,03-07-2025,05-08-2025,PRUShield Standard,Health & IP,Bancassurance,Annual,2078.38,805000,2078.38,0.1091,10,Inforce,13,N,,Y,Private Hospital,N,,,,,28,N,,,,,,,,N,N,0.99,10,,,,,,,,,,,,,,False,False,False,False,POL0017798|SURESHHARPER|19811205,FUZZY_DUPLICATE
RID-0048017,POLICY_ADMIN,24-05-2026 23:08,CUS-027850,TerenceAziz,Male,19-09-1994,32,Widowed,Citizen,Technician,105385,100k-200k,D23,TERENCE.AZIZ464@EXAMPLE.COM,88874904,POL-0007644,10-09-2024,18-10-2024,PRUActive Term,Protection,Agency,Monthly,"S$5,069.32",1949000,5069.32,0.3088,30,Inforce,22,N,,Y,,N,,,,,90,Y,,,,,,,,N,N,0.13,10,,,,,,AGT-00105,Kai Xuan Rahman,Established,69,AU-18,Active,48.8,0.271,False,False,False,False,POL0007644|TERENCEAZIZ|19940919,FUZZY_DUPLICATE
RID-0047976,POLICY_ADMIN,24-06-2026 01:26,CUS-018605,NICHOLAS LEE,Male,25-05-1995,31,Widowed,Citizen,Retired,53286,50k-100k,D23,NICHOLAS.LEE367@EXAMPLE.COM,99496744,POL-0014577,02-03-2025,24-03-2025,PRUVantage Legacy,Savings & Wealth,Agency,Monthly,"S$12,923.17",200000,12923.17,0.0814,99,Inforce,17,N,,Y,,N,,,,,0,N,,,,,,,,N,N,0.29,5,,,,,,AGT-01071,Kavitha Turner,New,2,AU-26,Active,73.2,0.4,False,False,False,False,POL0014577|NICHOLASLEE|19950525,FUZZY_DUPLICATE
RID-0043269,CLAIMS_SYS,24-06-2026 11:22,CUS-017997,Zhi Hao Tan,Male,05-09-1986,40,Widowed,Citizen,Manager,75935,50k-100k,D18,zhi.hao.tan415@example.com,+65 99071756,POL-0043269,09-03-2026,29-03-2026,PRUShield Premier,Health & IP,Agency,Monthly,1238.41,202000,1238.41,0.205,20,Lapsed,5,Y,14-08-2026,N,Public A-Ward,Y,652.13,652.13,0,1500,0,N,CLM-0043269,28-05-2026,Maternity,5639.68,Approved,,21,N,N,0.28,8,ASR-0053,25000,N,N,0.297,AGT-00794,Zulkifli Ng,Senior,149,AU-16,Active,91.5,0.318,False,False,False,False,POL0043269|ZHIHAOTAN|19860905,FUZZY_DUPLICATE
RID-0018721,CLAIMS_SYS,24-06-2026 12:08,CUS-005261,Vikram Osman,Male,01-02-1982,44,Single,Citizen,Civil Service,41000,Below 50k,D26,vikram.osman232@example.com,+65 84797117,POL-0018721,29-03-2025,22-04-2025,PRUSelect Vantage,Investment-Linked,Bancassurance,Monthly,9963.42,507000,9963.42,0.1152,30,Inforce,16,N,,Y,,N,,,,,29,N,CLM-0018721,01-10-2025,Accident,6362.14,Approved,,18,N,N,-0.13,7,ASR-0035,25000,N,N,0.176,,,,,,,,,False,False,False,False,POL0018721|VIKRAMOSMAN|19820201,FUZZY_DUPLICATE
RID-0047834,POLICY_ADMIN,24-06-2026 13:12,CUS-026673,JiaHuiBennett,Female,19-06-1991,35,Widowed,Citizen,Sales,144003,100k-200k,D06,JIA.HUI.BENNETT415@EXAMPLE.COM,93814697,POL-0032634,18-01-2024,15-02-2024,PRUShield Premier,Health & IP,Agency,Monthly,"S$6,859.29",1184000,6859.29,0.124,20,Inforce,30,N,,Y,Private Hospital,Y,1988.92,1988.92,0,1500,82,N,CLM-0032634,09-07-2025,Outpatient Specialist,26537.78,Approved,,8,N,N,0.4,9,ASR-0010,50000,N,N,0.565,AGT-00066,Divya Kumar,New,7,AU-03,Resigned,29.5,0.113,False,False,False,False,POL0032634|JIAHUIBENNETT|19910619,FUZZY_DUPLICATE
RID-0031352,POLICY_ADMIN,24-06-2026 14:14,CUS-013744,Edwin Tan,Male,19-04-1972,54,Divorced,Citizen,Executive,51832,50k-100k,D01,edwin.tan283@example.com,+65 85714251,POL-0031352,14-08-2025,23-08-2025,PRUShield Standard,Health & IP,Digital,Semi-Annual,4098.46,1497000,4098.46,0.1963,5,Inforce,12,N,,Y,Public B1-Ward,N,,,,,72,N,,,,,,,,N,N,0.93,9,,,,,,,,,,,,,,False,False,False,False,POL0031352|EDWINTAN|19720419,FUZZY_DUPLICATE
RID-0047552,AGENCY_MGMT,24-06-2026 14:24,CUS-040459,ZARINA ONG,Female,05-07-1981,45,Married,Foreigner,Self-Employed,53756,50k-100k,D22,ZARINA.ONG451@EXAMPLE.COM,89038826,POL-0020833,13-12-2023,14-01-2024,PRUShield Life,Protection,Bancassurance,Annual,"S$7,585.75",2047000,7585.75,0.2743,5,Inforce,32,N,,Y,,N,,,,,29,N,,,,,,,,N,N,0.9,9,,,,,,,,,,,,,,False,False,False,False,POL0020833|ZARINAONG|19810705,FUZZY_DUPLICATE
RID-0047727,CLAIMS_SYS,24-06-2026 19:59,CUS-009901,Chee Keong Nair,Male,24-04-1974,52,Divorced,Permanent Resident,Executive,132355,100k-200k,D02,CHEE.KEONG.NAIR79@EXAMPLE.COM,95201750,POL-0009893,14-04-2024,30-04-2024,PRUSave Endowment,Savings & Wealth,Bancassurance,Monthly,"S$32,232.57",41000,32232.57,0.0273,25,Inforce,28,N,,Y,,N,,,,,69,N,,,,,,,,N,N,0.39,6,,,,,,,,,,,,,,False,False,False,False,POL0009893|CHEEKEONGNAIR|19740424,FUZZY_DUPLICATE
RID-0015766,CRM,24-06-2026 20:39,CUS-012604,Rohan Chua,Male,23-04-1995,31,Widowed,Permanent Resident,Self-Employed,49840,Below 50k,D08,rohan.chua324@example.com,+65 98741508,POL-0015766,21-09-2024,17-10-2024,PRUShield Premier,Health & IP,Agency,Monthly,2939.52,514000,2939.52,0.1442,30,Inforce,22,N,,Y,Public B1-Ward,N,,,,,55,Y,CLM-0015766,17-01-2026,Outpatient Specialist,7982.1,Pending,,26,N,N,0.16,8,ASR-0023,50000,N,N,0.162,AGT-01156,Divya Goh,New,1,AU-09,Active,67.1,0.153,False,False,False,False,POL0015766|ROHANCHUA|19950423,FUZZY_DUPLICATE
RID-0002511,AGENCY_MGMT,24-06-2026 20:45,CUS-000072,Denise Seah,Female,07-07-1988,38,Divorced,Employment Pass,Executive,255073,200k-400k,D26,denise.seah96@example.com,+65 97214965,POL-0002511,09-07-2023,10-08-2023,PRUFlexiCash,Savings & Wealth,Agency,Monthly,31535.95,483000,31535.95,0.0479,5,Inforce,37,N,,Y,,N,,,,,0,N,CLM-0002511,16-03-2025,Critical Illness,1294.49,Pending,,25,N,N,0.73,6,ASR-0052,5000,N,N,0.107,AGT-00563,Mei Yi Teo,New,10,AU-18,Active,33.6,0.095,False,False,False,False,POL0002511|DENISESEAH|19880707,FUZZY_DUPLICATE
RID-0008137,AGENCY_MGMT,24-06-2026 23:07,CUS-030467,Rohan Rahman,Male,12-05-1977,49,Single,Employment Pass,Self-Employed,33734,Below 50k,D03,rohan.rahman352@example.com,+65 88874018,POL-0008137,14-08-2023,13-09-2023,PRUFlexiCash,Savings & Wealth,Agency,Monthly,47469.2,309000,47469.2,0.0872,10,Inforce,36,N,,Y,,N,,,,,0,N,CLM-0008137,07-01-2024,Death Benefit,2826.99,Approved,,20,N,N,-0.09,7,ASR-0037,50000,N,N,0.239,AGT-00636,Rachel Salleh,New,10,AU-36,Resigned,28.6,0.304,False,False,False,False,POL0008137|ROHANRAHMAN|19770512,FUZZY_DUPLICATE
RID-0048142,CRM,24-07-2026 03:33,CUS-033754,ZulkifliHarper,Male,11-05-1965,61,Widowed,Citizen,Retired,52510,50k-100k,D04,ZULKIFLI.HARPER471@EXAMPLE.COM,94658089,POL-0011841,09-12-2025,30-12-2025,PRUCritical Cover,Protection,Bancassurance,Monthly,"S$3,471.40",2461000,3471.4,0.191,20,Inforce,8,N,,Y,,N,,,,,61,N,CLM-0011841,18-03-2026,Death Benefit,593.83,Pending,,43,N,N,-0.15,8,ASR-0022,25000,N,N,0.247,,,,,,,,,False,False,False,False,POL0011841|ZULKIFLIHARPER|19650511,FUZZY_DUPLICATE
RID-0007957,AGENCY_MGMT,24-07-2026 16:04,CUS-006810,Aminah Reddy,Female,23-09-2001,25,Divorced,Citizen,Civil Service,65324,50k-100k,D25,aminah.reddy300@example.com,+65 81983328,POL-0007957,02-03-2023,27-03-2023,PRUFlexiCash,Savings & Wealth,Agency,Monthly,32716.93,276000,32716.93,0.0408,15,Inforce,41,N,,Y,,N,,,,,463,N,CLM-0007957,05-09-2024,Death Benefit,21999.44,Declined,Pre-existing condition,22,N,Y,-0.45,4,ASR-0018,25000,N,N,0.032,AGT-00121,Kavitha Neo,Senior,119,AU-36,Active,56.1,0.18,False,False,False,False,POL0007957|AMINAHREDDY|20010923,FUZZY_DUPLICATE
RID-0047786,CRM,24-07-2026 18:09,CUS-040799,ARJUN NAIR,Male,11-10-1988,38,Widowed,Citizen,Professional,97742,50k-100k,D20,ARJUN.NAIR79@EXAMPLE.COM,86427418,POL-0028559,24-06-2024,08-07-2024,PRUShield A Plus,Health & IP,Agency,Monthly,"S$3,195.32",1317000,3195.32,0.1574,10,Inforce,26,N,,Y,Public B1-Ward,Y,1238.23,1238.23,0,2500,68,N,,,,,,,,N,N,0.23,7,,,,,,AGT-00021,Hakim Sim,Senior,73,AU-22,Active,61.8,0.194,False,False,False,False,POL0028559|ARJUNNAIR|19881011,FUZZY_DUPLICATE
RID-0003276,CLAIMS_SYS,24-07-2026 21:16,CUS-026345,Farah Ibrahim,Female,08-11-1992,34,Single,Citizen,Healthcare,88183,50k-100k,D27,farah.ibrahim84@example.com,+65 97357769,POL-0003276,08-02-2023,22-03-2023,PRUShield Life,Protection,Bancassurance,Monthly,8190.01,1564000,8190.01,0.231,20,Inforce,41,N,,Y,,N,,,,,8,N,,,,,,,,N,N,-0.08,9,,,,,,,,,,,,,,False,False,False,False,POL0003276|FARAHIBRAHIM|19921108,FUZZY_DUPLICATE
RID-0031558,CLAIMS_SYS,24-07-2026 23:00,CUS-001906,Siew Peng Chong,Female,06-06-1969,57,Widowed,Citizen,Manager,70411,50k-100k,D19,siew.peng.chong431@example.com,+65 97166107,POL-0031558,02-06-2023,09-07-2023,PRUShield A Plus,Health & IP,Agency,Quarterly,4987.34,1446000,4987.34,0.1701,15,Inforce,38,N,,Y,Public B1-Ward,Y,1691.46,1691.46,0,2500,0,N,,,,,,,,N,N,0.98,7,,,,,,AGT-00711,Joanne Goh,Established,82,AU-06,Active,90.6,0.751,False,False,False,False,POL0031558|SIEWPENGCHONG|19690606,FUZZY_DUPLICATE
RID-0048475,CLAIMS_SYS,24-07-2026 23:01,CUS-012964,Aminah Ong,Female,07-08-1983,43,Divorced,Citizen,Retired,117263,100k-200k,D14,AMINAH.ONG112@EXAMPLE.COM,98857206,POL-0047091,04-12-2025,21-12-2025,PRULink Assurance,Investment-Linked,Broker,Monthly,"S$37,386.83",281000,37386.83,0.1325,20,Inforce,8,N,,Y,,N,,,,,79,Y,CLM-0047091,25-04-2026,Maternity,5091.81,Partially Approved,,12,N,N,-0.07,7,ASR-0028,10000,N,N,0.05,AGT-00724,Yong Sheng Osman,Established,78,AU-10,Active,50.8,0.376,False,False,False,False,POL0047091|AMINAHONG|19830807,FUZZY_DUPLICATE
RID-0021021,AGENCY_MGMT,24-07-2026 23:07,CUS-039713,Edwin Yusof,Male,13-01-1968,58,Widowed,Citizen,Self-Employed,131764,100k-200k,D04,edwin.yusof183@example.com,+65 84731844,POL-0021021,04-07-2024,17-07-2024,PRUShield Standard,Health & IP,Bancassurance,Annual,5703.35,976000,5703.35,0.1584,5,Inforce,25,N,,Y,Public B1-Ward,Y,2120.04,2120.04,0,0,223,N,CLM-0021021,17-03-2025,Day Surgery,5809.21,Approved,,7,N,N,0.41,8,ASR-0028,10000,N,N,0.17,,,,,,,,,False,False,False,False,POL0021021|EDWINYUSOF|19680113,FUZZY_DUPLICATE
RID-0047886,AGENCY_MGMT,24-08-2026 09:03,CUS-026473,AminahMitchell,Female,17-12-1988,38,Divorced,Employment Pass,Technician,138649,100k-200k,D27,AMINAH.MITCHELL223@EXAMPLE.COM,89263950,POL-0017934,24-04-2025,03-05-2025,PRUTerm Secure,Protection,Bancassurance,Monthly,"S$4,199.41",2739000,4199.41,0.247,30,Inforce,16,N,,Y,,N,,,,,63,N,,,,,,,,N,N,0.01,6,,,,,,,,,,,,,,False,False,False,False,POL0017934|AMINAHMITCHELL|19881217,FUZZY_DUPLICATE
RID-0003227,CRM,24-08-2026 09:14,CUS-014580,Priya Yusof,Female,12-10-1976,50,Single,Citizen,Manager,37454,Below 50k,D06,priya.yusof498@example.com,+65 85279996,POL-0003227,23-09-2023,30-09-2023,PRULink Global Growth,Investment-Linked,Bancassurance,Quarterly,13855.16,732000,13855.16,0.0762,10,Inforce,35,N,,Y,,N,,,,,10,N,,,,,,,,N,N,0.6,9,,,,,,,,,,,,,,False,False,False,False,POL0003227|PRIYAYUSOF|19761012,FUZZY_DUPLICATE
RID-0048286,AGENCY_MGMT,24-08-2026 11:13,CUS-029061,FarahGoh,Female,27-01-1978,48,Married,Citizen,Technician,53574,50k-100k,D24,FARAH.GOH335@EXAMPLE.COM,96316790,POL-0004973,26-01-2025,22-02-2025,PRUSave Endowment,Savings & Wealth,Agency,Annual,"S$56,632.57",139000,56632.57,0.0664,5,Inforce,18,N,,Y,,N,,,,,28,Y,,,,,,,,N,N,0.7,8,,,,,,AGT-00628,Jun Hao Osman,Established,57,AU-27,Active,84.5,0.074,False,False,False,False,POL0004973|FARAHGOH|19780127,FUZZY_DUPLICATE
RID-0019410,AGENCY_MGMT,24-08-2026 14:52,CUS-013886,Wei Ming Kamal,Male,16-09-1977,49,Widowed,Citizen,Self-Employed,37098,Below 50k,D21,wei.ming.kamal32@example.com,+65 84754427,POL-0019410,09-04-2024,13-04-2024,PRUFlexiCash,Savings & Wealth,Agency,Annual,59982.11,179000,59982.11,0.0549,10,Inforce,29,N,,Y,,N,,,,,62,N,,,,,,,,N,N,0.59,9,,,,,,AGT-00412,Aminah Bennett,Established,43,AU-19,Active,37.8,0.357,False,False,False,False,POL0019410|WEIMINGKAMAL|19770916,FUZZY_DUPLICATE
RID-0047961,CLAIMS_SYS,25-03-2026 06:38,CUS-024622,Farah Neo,Female,17-02-1999,27,Married,Employment Pass,Civil Service,90720,50k-100k,D03,FARAH.NEO288@EXAMPLE.COM,83982041,POL-0014674,12-02-2023,13-02-2023,PRUVantage Legacy,Savings & Wealth,Agency,Semi-Annual,"S$29,080.97",383000,29080.97,0.0451,5,Inforce,43,N,,Y,,N,,,,,189,N,,,,,,,,N,N,0.04,9,,,,,,AGT-00519,Xin Yi Chan,New,2,AU-19,Active,54.4,0.365,False,False,False,False,POL0014674|FARAHNEO|19990217,FUZZY_DUPLICATE
RID-0032781,CRM,25-03-2026 20:31,CUS-017094,Terence Pillai,Male,03-06-1995,31,Single,Citizen,Manager,223827,200k-400k,D16,terence.pillai377@example.com,+65 86907716,POL-0032781,10-01-2025,09-02-2025,PRUSelect Vantage,Investment-Linked,Bancassurance,Annual,5060.94,338000,5060.94,0.1275,10,Inforce,18,N,,Y,,N,,,,,100,N,,,,,,,,N,N,0.19,9,,,,,,,,,,,,,,False,False,False,False,POL0032781|TERENCEPILLAI|19950603,FUZZY_DUPLICATE
RID-0047715,POLICY_ADMIN,25-05-2026 03:19,CUS-030848,FARAH TEO,Female,17-02-1986,40,Married,Citizen,Self-Employed,67426,50k-100k,D03,FARAH.TEO416@EXAMPLE.COM,99879502,POL-0033875,29-03-2025,05-04-2025,PRUShield Life,Protection,Agency,Monthly,"S$8,918.50",815000,8918.5,0.3352,30,Matured,17,N,,Y,,N,,,,,87,Y,,,,,,,,N,N,0.89,10,,,,,,AGT-00099,Faisal Chan,Established,32,AU-19,Active,31.9,0.32,False,False,False,False,POL0033875|FARAHTEO|19860217,FUZZY_DUPLICATE
RID-0039717,CRM,25-05-2026 03:43,CUS-036953,Vikram Sim,Male,24-08-1976,50,Married,Permanent Resident,Executive,231365,200k-400k,D05,vikram.sim406@example.com,+65 86295257,POL-0039717,27-09-2024,22-10-2024,PRUShield A Plus,Health & IP,Bancassurance,Monthly,5444.07,814000,5444.07,0.1125,25,Matured,22,N,,Y,Public A-Ward,Y,2844.84,2844.84,0,1500,0,N,CLM-0039717,29-04-2026,Disability,351.51,Approved,,20,N,N,0.26,8,ASR-0038,100000,N,N,0.138,,,,,,,,,False,False,False,False,POL0039717|VIKRAMSIM|19760824,FUZZY_DUPLICATE
RID-0048476,POLICY_ADMIN,25-05-2026 06:53,CUS-028356,Chee Keong Reddy,Male,06-11-1998,28,Widowed,Citizen,Healthcare,110540,100k-200k,D08,CHEE.KEONG.REDDY243@EXAMPLE.COM,83965765,POL-0041208,06-03-2024,02-04-2024,PRUTerm Secure,Protection,Bancassurance,Monthly,S$623.52,1072000,623.52,0.1902,30,Inforce,29,N,,Y,,N,,,,,131,N,,,,,,,,N,N,0.92,9,,,,,,,,,,,,,,False,False,False,False,POL0041208|CHEEKEONGREDDY|19981106,FUZZY_DUPLICATE
RID-0047773,AGENCY_MGMT,25-05-2026 11:54,CUS-029980,FaisalSalleh,Male,12-04-1991,35,Married,Permanent Resident,Civil Service,31315,Below 50k,D23,FAISAL.SALLEH275@EXAMPLE.COM,83300926,POL-0032578,23-06-2023,28-07-2023,PRUSave Endowment,Savings & Wealth,Direct,Monthly,"S$32,148.59",292000,32148.59,0.0893,20,Matured,37,N,,Y,,N,,,,,92,N,,,,,,,,N,N,0.36,9,,,,,,,,,,,,,,False,False,False,False,POL0032578|FAISALSALLEH|19910412,FUZZY_DUPLICATE
RID-0047860,AGENCY_MGMT,25-05-2026 12:18,CUS-025398,JiaHuiNair,Female,02-09-2005,21,Single,Permanent Resident,Civil Service,146655,100k-200k,D01,JIA.HUI.NAIR41@EXAMPLE.COM,83226273,POL-0015754,01-12-2025,06-12-2025,PRUWealth Plus,Savings & Wealth,Agency,Quarterly,"S$58,157.10",294000,58157.1,0.0382,99,Inforce,8,N,,Y,,N,,,,,0,N,,,,,,,,N,N,0.68,9,,,,,,AGT-00162,Nurul Aisyah Ho,Established,34,AU-14,Active,30,0.087,False,False,False,False,POL0015754|JIAHUINAIR|20050902,FUZZY_DUPLICATE
RID-0047219,CLAIMS_SYS,25-05-2026 13:18,CUS-021310,Edwin Lim,Male,10-01-1980,46,Married,Foreigner,Professional,83135,50k-100k,D03,edwin.lim144@example.com,+65 89019818,POL-0047219,01-05-2024,27-05-2024,PRUCritical Cover,Protection,Bancassurance,Monthly,6060.32,1974000,6060.32,0.2662,30,Inforce,27,N,,Y,,N,,,,,94,N,,,,,,,,N,N,0.08,7,,,,,,,,,,,,,,False,False,False,False,POL0047219|EDWINLIM|19800110,FUZZY_DUPLICATE
RID-0047594,CRM,25-05-2026 21:41,CUS-004785,Daniel Chan,Male,16-08-1972,54,Divorced,Citizen,Sales,48798,Below 50k,D03,DANIEL.CHAN115@EXAMPLE.COM,89963074,POL-0006561,20-02-2024,03-03-2024,PRUTerm Secure,Protection,Bancassurance,Annual,"S$5,997.48",2058000,5997.48,0.2262,25,Inforce,30,N,,Y,,N,,,,,0,N,,,,,,,,N,N,0.28,8,,,,,,,,,,,,,,False,False,False,False,POL0006561|DANIELCHAN|19720816,FUZZY_DUPLICATE
RID-0037981,AGENCY_MGMT,25-06-2026 18:13,CUS-023601,Suresh Yusof,Male,03-05-1987,39,Single,Employment Pass,Executive,205058,200k-400k,D14,suresh.yusof434@example.com,+65 83802965,POL-0037981,23-07-2023,19-08-2023,PRUSave Endowment,Savings & Wealth,Agency,Annual,52405.01,378000,52405.01,0.0481,10,Inforce,36,N,,Y,,N,,,,,9,N,CLM-0037981,13-04-2024,Hospitalisation,11850.51,Partially Approved,,5,N,N,0.26,7,ASR-0042,10000,N,N,0.208,AGT-00156,Deepak Seah,New,8,AU-39,Active,58.4,0.176,False,False,False,False,POL0037981|SURESHYUSOF|19870503,FUZZY_DUPLICATE
RID-0038230,CRM,25-07-2026 07:16,CUS-005654,Mei Yi Mitchell,Female,16-09-1973,53,Widowed,Citizen,Retired,81376,50k-100k,D10,mei.yi.mitchell122@example.com,+65 83264521,POL-0038230,19-09-2023,16-10-2023,PRUTerm Secure,Protection,Bancassurance,Monthly,2383.13,551000,2383.13,0.236,30,Inforce,35,N,,Y,,N,,,,,186,Y,,,,,,,,N,N,0.17,7,,,,,,,,,,,,,,False,False,False,False,POL0038230|MEIYIMITCHELL|19730916,FUZZY_DUPLICATE
RID-0047691,CLAIMS_SYS,25-07-2026 12:28,CUS-036811,Samantha Menon,Female,11-10-1996,30,Divorced,Citizen,Retired,64906,50k-100k,D12,SAMANTHA.MENON262@EXAMPLE.COM,97176690,POL-0014164,12-05-2024,19-05-2024,PRUWealth Plus,Savings & Wealth,Digital,Annual,"S$53,269.75",437000,53269.75,0.0624,99,Inforce,27,N,,Y,,N,,,,,87,N,,,,,,,,N,N,0.24,9,,,,,,,,,,,,,,False,False,False,False,POL0014164|SAMANTHAMENON|19961011,FUZZY_DUPLICATE
RID-0027343,POLICY_ADMIN,25-07-2026 17:10,CUS-021971,Meera Aziz,Female,15-04-1988,38,Divorced,Citizen,Technician,107132,100k-200k,D03,meera.aziz398@example.com,+65 86041446,POL-0027343,28-07-2024,17-08-2024,PRUVantage Legacy,Savings & Wealth,Bancassurance,Quarterly,3874.87,276000,3874.87,0.0453,30,Inforce,24,N,,Y,,N,,,,,144,N,,,,,,,,N,N,0.15,5,,,,,,,,,,,,,,False,False,False,False,POL0027343|MEERAAZIZ|19880415,FUZZY_DUPLICATE
RID-0029235,AGENCY_MGMT,25-07-2026 19:27,CUS-023540,Kavitha Foo,Female,26-04-2002,24,Widowed,Citizen,Self-Employed,57681,50k-100k,D16,kavitha.foo368@example.com,+65 95478207,POL-0029235,10-08-2024,31-08-2024,PRUFlexiCash,Savings & Wealth,Agency,Annual,14803.85,496000,14803.85,0.0582,30,Inforce,24,N,,Y,,N,,,,,93,N,,,,,,,,N,N,0.74,10,,,,,,AGT-00612,Farah Toh,Established,25,AU-27,Active,22.2,0.326,False,False,False,False,POL0029235|KAVITHAFOO|20020426,FUZZY_DUPLICATE
RID-0006420,POLICY_ADMIN,25-07-2026 20:14,CUS-024106,Yong Sheng Harper,Male,07-12-1974,52,Single,Citizen,Technician,152920,100k-200k,D06,yong.sheng.harper315@example.com,+65 94988814,POL-0006420,29-04-2026,13-06-2026,PRUTerm Secure,Protection,Bancassurance,Quarterly,4567.15,911000,4567.15,0.2145,99,Inforce,2,N,,Y,,N,,,,,9,N,,,,,,,,N,N,0.01,8,,,,,,,,,,,,,,False,False,False,False,POL0006420|YONGSHENGHARPER|19741207,FUZZY_DUPLICATE
RID-0047930,AGENCY_MGMT,25-07-2026 21:05,CUS-013389,FARAH OSMAN,Female,17-09-1976,50,Widowed,Permanent Resident,Self-Employed,302109,200k-400k,D17,FARAH.OSMAN65@EXAMPLE.COM,92604701,POL-0036145,25-05-2026,16-06-2026,PRUCritical Cover,Protection,Agency,Monthly,"S$4,090.15",2412000,4090.15,0.2825,25,Inforce,2,N,,Y,,N,,,,,227,N,,,,,,,,N,N,0.45,5,,,,,,AGT-00450,Daniel Chan,Established,48,AU-17,Active,22.3,0.155,False,False,False,False,POL0036145|FARAHOSMAN|19760917,FUZZY_DUPLICATE
RID-0047766,CRM,25-07-2026 21:37,CUS-017384,Muhammad Ariff Foo,Male,05-05-1976,50,Divorced,Citizen,Education,44011,Below 50k,D13,MUHAMMAD.ARIFF.FOO49@EXAMPLE.COM,97900517,POL-0014040,17-12-2023,24-12-2023,PRUShield Standard,Health & IP,Agency,Annual,"S$1,933.05",1104000,1933.05,0.162,99,Inforce,32,N,,Y,Public B1-Ward,Y,720,720,0,2500,16,N,CLM-0014040,25-04-2024,Death Benefit,6044.5,Partially Approved,,7,N,N,0.44,9,ASR-0010,50000,Y,N,0.635,AGT-00471,Jia Hui Sim,Established,74,AU-01,Active,21.1,0.187,False,False,False,False,POL0014040|MUHAMMADARIFFFOO|19760505,FUZZY_DUPLICATE
RID-0003853,POLICY_ADMIN,25-07-2026 22:17,CUS-007209,Siew Peng Turner,Female,09-11-1980,46,Single,Citizen,Technician,80343,50k-100k,D09,siew.peng.turner310@example.com,+65 93898818,POL-0003853,26-04-2026,30-05-2026,PRUExtra Care,Health & IP,Bancassurance,Annual,3168.76,198000,3168.76,0.1738,10,Inforce,3,N,,Y,Private Hospital,Y,1273.11,863.49,10,2500,13,N,CLM-0003853,17-08-2026,Hospitalisation,23959.44,Approved,,24,N,N,-0.09,7,ASR-0031,100000,N,N,0.248,,,,,,,,,False,False,False,False,POL0003853|SIEWPENGTURNER|19801109,FUZZY_DUPLICATE
RID-0023555,POLICY_ADMIN,25-07-2026 22:36,CUS-040329,Jonathan Ibrahim,Male,10-03-1966,60,Divorced,Citizen,Executive,48407,Below 50k,D08,jonathan.ibrahim281@example.com,+65 95529844,POL-0023555,06-04-2023,14-05-2023,PRUShield Premier,Health & IP,Bancassurance,Semi-Annual,2792.05,188000,2792.05,0.1661,99,Inforce,40,N,,Y,Private Hospital,Y,987.49,987.49,0,2500,126,Y,CLM-0023555,01-07-2026,Disability,2737.52,Partially Approved,,22,N,N,0.88,7,ASR-0058,100000,N,N,0.199,,,,,,,,,False,False,False,False,POL0023555|JONATHANIBRAHIM|19660310,FUZZY_DUPLICATE
RID-0047876,POLICY_ADMIN,25-08-2026 10:58,CUS-034853,ZULKIFLI GOH,Male,03-11-1986,40,Married,Citizen,Retired,75728,50k-100k,D19,ZULKIFLI.GOH176@EXAMPLE.COM,96648258,POL-0045768,26-10-2025,27-10-2025,PRUActive Term,Protection,Bancassurance,Quarterly,"S$1,725.46",839000,1725.46,0.2122,20,Inforce,10,N,,Y,,N,,,,,45,N,CLM-0045768,22-01-2026,Critical Illness,2570.93,Declined,Premium in arrears,15,N,N,0.51,7,ASR-0060,10000,N,N,0.418,,,,,,,,,False,False,False,False,POL0045768|ZULKIFLIGOH|19861103,FUZZY_DUPLICATE
RID-0047721,POLICY_ADMIN,25-08-2026 12:08,CUS-018231,Jun Hao Bennett,Male,05-08-1995,31,Single,Citizen,Technician,89662,50k-100k,D22,JUN.HAO.BENNETT50@EXAMPLE.COM,99156121,POL-0026167,27-10-2023,24-11-2023,PRUWealth Plus,Savings & Wealth,Bancassurance,Annual,"S$48,713.81",332000,48713.81,0.0465,10,Cancelled,33,Y,05-10-2024,N,,N,,,,,45,Y,,,,,,,,N,N,0.97,5,,,,,,,,,,,,,,False,False,False,False,POL0026167|JUNHAOBENNETT|19950805,FUZZY_DUPLICATE
RID-0047591,CRM,25-08-2026 12:41,CUS-022286,Hakim Reddy,Male,02-07-1974,52,Divorced,Citizen,Manager,246214,200k-400k,D21,HAKIM.REDDY52@EXAMPLE.COM,81986481,POL-0007187,13-03-2023,04-04-2023,PRUShield Premier,Health & IP,Agency,Monthly,"S$3,792.18",1420000,3792.18,0.1916,10,Lapsed,41,Y,17-11-2024,Y,Private Hospital,Y,1988.78,1988.78,0,2500,485,Y,,,,,,,,N,N,0.66,6,,,,,,AGT-00522,Vikram Harper,MDRT,231,AU-38,Active,96.9,0.198,False,False,False,False,POL0007187|HAKIMREDDY|19740702,FUZZY_DUPLICATE
RID-0021794,POLICY_ADMIN,25-08-2026 14:01,CUS-036036,Hui Ling Wong,Female,07-04-1975,51,Divorced,Citizen,Executive,63432,50k-100k,D27,hui.ling.wong393@example.com,+65 86525222,POL-0021794,15-03-2023,10-04-2023,PRUWealth Plus,Savings & Wealth,Agency,Annual,48059.34,385000,48059.34,0.0686,10,Inforce,41,N,,Y,,N,,,,,110,Y,CLM-0021794,24-03-2026,Hospitalisation,4923.13,Approved,,19,N,N,0.52,8,ASR-0045,10000,N,N,0.221,AGT-00845,Lakshmi Aziz,Senior,146,AU-08,Active,42.8,0.8,False,False,False,False,POL0021794|HUILINGWONG|19750407,FUZZY_DUPLICATE
RID-0046951,AGENCY_MGMT,25-08-2026 14:22,CUS-028998,Jonathan Menon,Male,07-05-1973,53,Widowed,Employment Pass,Sales,45218,Below 50k,D13,jonathan.menon48@example.com,+65 84899510,POL-0046951,17-01-2023,03-03-2023,PRUExtra Care,Health & IP,Agency,Monthly,3321.44,738000,3321.44,0.1935,99,Inforce,42,N,,Y,Private Hospital,Y,1000.85,1000.85,0,2500,72,N,CLM-0046951,11-10-2025,Hospitalisation,1659.09,Approved,,24,N,N,0.86,9,ASR-0006,25000,N,Y,0.024,AGT-00865,Anjali Turner,Established,23,AU-32,Active,34,0.114,False,False,False,False,POL0046951|JONATHANMENON|19730507,FUZZY_DUPLICATE
RID-0036871,CRM,25-08-2026 16:38,CUS-032853,Marcus Bennett,Male,06-07-1980,46,Married,Citizen,Healthcare,100051,100k-200k,D18,marcus.bennett451@example.com,+65 88191100,POL-0036871,09-06-2026,16-07-2026,PRUSelect Vantage,Investment-Linked,Digital,Monthly,29679.1,850000,29679.1,0.1053,5,Inforce,1,N,,Y,,N,,,,,0,N,,,,,,,,N,N,0.37,8,,,,,,,,,,,,,,False,False,False,False,POL0036871|MARCUSBENNETT|19800706,FUZZY_DUPLICATE
RID-0036748,POLICY_ADMIN,25-08-2026 17:46,CUS-001945,Samantha Nair,Female,03-03-1973,53,Widowed,Citizen,Professional,30000,Below 50k,D24,samantha.nair445@example.com,+65 98629898,POL-0036748,16-06-2026,11-07-2026,PRUShield Premier,Health & IP,Bancassurance,Monthly,3033.07,658000,3033.07,0.1001,20,Inforce,1,N,,Y,Public A-Ward,Y,1092.7,732.85,10,5000,75,N,,,,,,,,N,N,-0.07,9,,,,,,,,,,,,,,False,False,False,False,POL0036748|SAMANTHANAIR|19730303,FUZZY_DUPLICATE
RID-0048464,CRM,25-08-2026 20:40,CUS-014650,Hui Ling Ho,Female,28-12-1988,38,Single,Permanent Resident,Self-Employed,45058,Below 50k,D21,HUI.LING.HO93@EXAMPLE.COM,94098479,POL-0027710,11-03-2025,12-03-2025,PRUFlexiCash,Savings & Wealth,Agency,Annual,"S$32,784.94",85000,32784.94,0.0515,5,Inforce,17,N,,Y,,N,,,,,42,Y,CLM-0027710,19-11-2025,Maternity,1333.78,Approved,,12,N,N,-0.09,8,ASR-0002,25000,N,N,0.274,AGT-00918,Arjun Salleh,Established,30,AU-34,Active,23.4,0.095,False,False,False,False,POL0027710|HUILINGHO|19881228,FUZZY_DUPLICATE
RID-0012430,AGENCY_MGMT,26-03-2026 02:14,CUS-040136,Marcus Lim,Male,28-01-1960,66,Single,Citizen,Retired,66492,50k-100k,D11,marcus.lim207@example.com,+65 84597150,POL-0012430,01-11-2025,17-11-2025,PRUWealth Plus,Savings & Wealth,Digital,Monthly,43480.71,493000,43480.71,0.045,5,Inforce,9,N,,Y,,N,,,,,31,Y,CLM-0012430,18-11-2025,Death Benefit,1732.87,Approved,,7,N,N,0.47,10,ASR-0052,5000,N,N,0.349,,,,,,,,,False,False,False,False,POL0012430|MARCUSLIM|19600128,FUZZY_DUPLICATE
RID-0047754,CLAIMS_SYS,26-03-2026 17:27,CUS-036722,Yong Sheng Ho,Male,08-07-1967,59,Single,Permanent Resident,Healthcare,30000,Below 50k,D26,YONG.SHENG.HO319@EXAMPLE.COM,95139286,POL-0039303,17-11-2023,14-12-2023,PRUShield Premier,Health & IP,Bancassurance,Monthly,"S$6,317.46",734000,6317.46,0.1209,25,Inforce,33,N,,Y,Public A-Ward,Y,2112.66,2112.66,0,2500,201,N,CLM-0039303,08-11-2024,Death Benefit,4757.47,Declined,Treatment not medically necessary,1,N,N,0.28,10,ASR-0053,25000,N,N,0.191,,,,,,,,,False,False,False,False,POL0039303|YONGSHENGHO|19670708,FUZZY_DUPLICATE
RID-0048216,CLAIMS_SYS,26-03-2026 19:46,CUS-031505,Zarina Neo,Female,09-12-1987,39,Single,Permanent Resident,Retired,32540,Below 50k,D08,ZARINA.NEO188@EXAMPLE.COM,83504345,POL-0045577,08-04-2025,09-05-2025,PRUExtra Care,Health & IP,Agency,Monthly,"S$5,125.80",937000,5125.8,0.1925,25,Inforce,16,N,,Y,Private Hospital,Y,1811.15,1811.15,0,1500,187,N,CLM-0045577,28-11-2025,Critical Illness,10431.74,Declined,Pre-existing condition,17,N,N,0.74,7,ASR-0023,50000,N,N,0.373,AGT-00220,Rohan Chua,New,2,AU-09,Resigned,23.8,0.166,False,False,False,False,POL0045577|ZARINANEO|19871209,FUZZY_DUPLICATE
RID-0048462,CLAIMS_SYS,26-03-2026 22:16,CUS-011975,AMINAH ONG,Female,24-07-1980,46,Single,Citizen,Self-Employed,40535,Below 50k,D14,AMINAH.ONG387@EXAMPLE.COM,84454330,POL-0029374,29-10-2024,11-12-2024,PRUWealth Plus,Savings & Wealth,Agency,Monthly,"S$23,203.65",131000,23203.65,0.0501,15,Inforce,20,N,,Y,,N,,,,,60,N,,,,,,,,N,N,0.31,9,,,,,,AGT-00222,Chee Keong Teo,Senior,135,AU-34,Active,52.2,0.025,False,False,False,False,POL0029374|AMINAHONG|19800724,FUZZY_DUPLICATE
RID-0036654,POLICY_ADMIN,26-04-2026 04:18,CUS-022338,Priya Chong,Female,06-02-1976,50,Married,Employment Pass,Self-Employed,65680,50k-100k,D21,priya.chong302@example.com,+65 93715943,POL-0036654,16-02-2025,02-03-2025,PRUShield Life,Protection,Broker,Quarterly,7680.3,1773000,7680.3,0.3299,25,Inforce,18,N,,Y,,N,,,,,0,N,CLM-0036654,06-06-2025,Maternity,38506.48,Approved,,13,N,N,-0.2,9,ASR-0057,50000,N,N,0.387,AGT-00142,Iskandar Toh,Senior,152,AU-06,Active,47.8,0.379,False,False,False,False,POL0036654|PRIYACHONG|19760206,FUZZY_DUPLICATE
RID-0006270,AGENCY_MGMT,26-04-2026 05:08,CUS-033915,Jun Hao Lim,Male,28-03-1972,54,Married,Citizen,Retired,44586,Below 50k,D04,jun.hao.lim11@example.com,+65 88334789,POL-0006270,17-04-2023,01-05-2023,PRUTerm Secure,Protection,Agency,Annual,4252.12,2910000,4252.12,0.308,15,Inforce,40,N,,Y,,N,,,,,157,Y,,,,,,,,N,N,0.69,6,,,,,,AGT-00795,Nurul Aisyah Yeo,Established,13,AU-19,Active,80.8,0.318,False,False,False,False,POL0006270|JUNHAOLIM|19720328,FUZZY_DUPLICATE
RID-0046034,AGENCY_MGMT,26-04-2026 06:09,CUS-035781,Mei Yi Kamal,Female,28-01-1984,42,Widowed,Citizen,Sales,311266,200k-400k,D05,mei.yi.kamal376@example.com,+65 95964407,POL-0046034,11-04-2025,12-04-2025,PRUSave Endowment,Savings & Wealth,Broker,Monthly,35365.53,30000,35365.53,0.0529,5,Inforce,16,N,,Y,,N,,,,,105,N,,,,,,,,N,N,0.02,10,,,,,,AGT-01056,Rachel Tan,New,4,AU-26,Active,84.6,0.42,False,False,False,False,POL0046034|MEIYIKAMAL|19840128,FUZZY_DUPLICATE
RID-0048410,CRM,26-04-2026 11:19,CUS-025895,FaisalKamal,Male,02-09-1966,60,Married,Citizen,Sales,115651,100k-200k,D28,FAISAL.KAMAL357@EXAMPLE.COM,91460454,POL-0019010,16-02-2024,10-03-2024,PRUWealth Plus,Savings & Wealth,Bancassurance,Semi-Annual,"S$53,875.56",290000,53875.56,0.0314,25,Matured,30,N,,Y,,N,,,,,151,Y,CLM-0019010,24-10-2024,Critical Illness,416.46,Approved,,7,N,N,0.78,10,ASR-0059,50000,N,N,0.35,,,,,,,,,False,False,False,False,POL0019010|FAISALKAMAL|19660902,FUZZY_DUPLICATE
RID-0014462,CLAIMS_SYS,26-04-2026 12:22,CUS-012471,Hakim Kamal,Male,01-02-1984,42,Married,Citizen,Retired,157433,100k-200k,D03,hakim.kamal111@example.com,+65 91301429,POL-0014462,02-02-2024,04-03-2024,PRUWealth Plus,Savings & Wealth,Agency,Monthly,26610.52,270000,26610.52,0.0581,15,Inforce,30,N,,Y,,N,,,,,26,N,CLM-0014462,07-09-2025,Maternity,4707.73,Approved,,11,N,N,0.93,7,ASR-0008,10000,N,N,0.089,AGT-00488,Priya Ong,New,8,AU-07,On Notice,41.3,0.366,False,False,False,False,POL0014462|HAKIMKAMAL|19840201,FUZZY_DUPLICATE
RID-0048155,POLICY_ADMIN,26-04-2026 12:24,CUS-040730,DivyaSim,Female,14-05-1983,43,Single,Citizen,Executive,72120,50k-100k,D13,DIVYA.SIM468@EXAMPLE.COM,95497159,POL-0032844,28-08-2023,25-09-2023,PRUWealth Plus,Savings & Wealth,Bancassurance,Quarterly,"S$50,452.68",490000,50452.68,0.0714,5,Inforce,35,N,,Y,,N,,,,,20,N,CLM-0032844,15-06-2024,Accident,9212.66,Approved,,21,N,N,0.99,10,ASR-0047,5000,N,N,0.061,,,,,,,,,False,False,False,False,POL0032844|DIVYASIM|19830514,FUZZY_DUPLICATE
RID-0004199,POLICY_ADMIN,26-04-2026 12:44,CUS-040350,Nurul Aisyah Nair,Female,17-05-1998,28,Married,Citizen,Manager,51148,50k-100k,D28,nurul.aisyah.nair448@example.com,+65 96059066,POL-0004199,10-03-2026,15-04-2026,PRUShield A Plus,Health & IP,Bancassurance,Annual,6058.71,686000,6058.71,0.1338,10,Inforce,4,N,,Y,Public A-Ward,Y,2376.27,1411.48,10,3500,21,N,CLM-0004199,17-04-2026,Death Benefit,1698.67,Approved,,8,N,N,0.19,6,ASR-0034,100000,N,Y,0.174,,,,,,,,,False,False,False,False,POL0004199|NURULAISYAHNAIR|19980517,FUZZY_DUPLICATE
RID-0010810,POLICY_ADMIN,26-05-2026 01:01,CUS-003476,Nicholas Nair,Male,13-11-1991,35,Divorced,Citizen,Healthcare,111304,100k-200k,D28,nicholas.nair90@example.com,+65 89673671,POL-0010810,11-05-2026,24-05-2026,PRUVantage Legacy,Savings & Wealth,Agency,Monthly,33756.44,411000,33756.44,0.0742,20,Inforce,3,N,,Y,,N,,,,,80,N,CLM-0010810,01-07-2026,Death Benefit,17672.85,Declined,Outside panel provider,33,N,N,0.38,6,ASR-0059,50000,N,Y,0.279,AGT-00444,Arjun Ibrahim,New,12,AU-19,Active,98.5,0.267,False,False,False,False,POL0010810|NICHOLASNAIR|19911113,FUZZY_DUPLICATE
RID-0014802,CLAIMS_SYS,26-05-2026 04:28,CUS-014053,Anjali Chong,Female,22-08-1979,47,Divorced,Permanent Resident,Civil Service,49162,Below 50k,D14,anjali.chong488@example.com,+65 94209650,POL-0014802,19-06-2024,05-07-2024,PRUShield Life,Protection,Agency,Monthly,7131.16,1143000,7131.16,0.277,10,Inforce,26,N,,Y,,N,,,,,68,Y,,,,,,,,N,N,0.39,10,,,,,,AGT-00381,Edwin Raj,New,12,AU-34,Active,56.3,0.106,False,False,False,False,POL0014802|ANJALICHONG|19790822,FUZZY_DUPLICATE
RID-0024033,CLAIMS_SYS,26-05-2026 04:53,CUS-014266,Kavitha Osman,Female,22-11-1990,36,Widowed,Foreigner,Education,57901,50k-100k,D15,kavitha.osman164@example.com,+65 88154707,POL-0024033,18-07-2025,09-08-2025,PRUFlexiCash,Savings & Wealth,Agency,Semi-Annual,52363.9,113000,52363.9,0.091,5,Inforce,12,N,,Y,,N,,,,,120,N,,,,,,,,N,N,0.09,5,,,,,,AGT-00542,Aminah Rahman,Established,51,AU-26,Active,42.3,0.322,False,False,False,False,POL0024033|KAVITHAOSMAN|19901122,FUZZY_DUPLICATE
RID-0000237,CRM,26-05-2026 10:05,CUS-026250,Zarina Wright,Female,25-06-1992,34,Divorced,Citizen,Civil Service,77435,50k-100k,D21,zarina.wright312@example.com,+65 93481623,POL-0000237,15-03-2026,18-04-2026,PRUVantage Legacy,Savings & Wealth,Agency,Annual,16473.64,251000,16473.64,0.0407,20,Matured,4,N,,Y,,N,,,,,57,N,CLM-0000237,27-05-2026,Death Benefit,463.98,Partially Approved,,11,N,N,0.17,7,ASR-0021,100000,N,N,0.104,AGT-00311,Terence Ibrahim,Senior,95,AU-17,Active,90.7,0.183,False,False,False,False,POL0000237|ZARINAWRIGHT|19920625,FUZZY_DUPLICATE
RID-0048068,AGENCY_MGMT,26-05-2026 10:49,CUS-024578,Edwin Hassan,Male,16-07-1997,29,Divorced,Employment Pass,Sales,62793,50k-100k,D06,EDWIN.HASSAN432@EXAMPLE.COM,94497516,POL-0037232,13-06-2025,22-07-2025,PRUFlexiCash,Savings & Wealth,Agency,Quarterly,"S$53,474.70",374000,53474.7,0.0441,30,Inforce,13,N,,Y,,N,,,,,270,N,,,,,,,,N,N,0.39,9,,,,,,AGT-00513,Rachel Chong,Senior,89,AU-31,Active,62,0.772,False,False,False,False,POL0037232|EDWINHASSAN|19970716,FUZZY_DUPLICATE
RID-0047804,POLICY_ADMIN,26-05-2026 12:09,CUS-014326,MARCUS CHONG,Male,21-12-1975,51,Married,Permanent Resident,Education,52450,50k-100k,D24,MARCUS.CHONG405@EXAMPLE.COM,83802370,POL-0029481,22-03-2026,21-04-2026,PRUCritical Cover,Protection,Agency,Annual,"S$5,587.57",663000,5587.57,0.2665,10,Inforce,4,N,,Y,,N,,,,,17,Y,CLM-0029481,18-06-2026,Accident,3921.4,Approved,,27,N,N,0.92,7,ASR-0044,50000,N,N,0.249,AGT-01185,Daniel Pillai,Established,27,AU-14,Active,21.4,0.284,False,False,False,False,POL0029481|MARCUSCHONG|19751221,FUZZY_DUPLICATE
RID-0041942,CRM,26-05-2026 12:43,CUS-004275,Jun Hao Chan,Male,14-02-1978,48,Married,Citizen,Healthcare,71540,50k-100k,D15,jun.hao.chan332@example.com,+65 99286224,POL-0041942,21-01-2026,14-02-2026,PRUExtra Care,Health & IP,Direct,Monthly,6912.73,1345000,6912.73,0.1967,99,Inforce,6,N,,Y,Private Hospital,N,,,,,179,Y,CLM-0041942,18-07-2026,Maternity,4097.45,Approved,,19,N,N,-0.01,7,ASR-0057,50000,N,N,0.181,,,,,,,,,False,False,False,False,POL0041942|JUNHAOCHAN|19780214,FUZZY_DUPLICATE
RID-0048257,POLICY_ADMIN,26-05-2026 16:13,CUS-010593,Yong Sheng Low,Male,03-05-2002,24,Widowed,Foreigner,Sales,156797,100k-200k,D20,YONG.SHENG.LOW422@EXAMPLE.COM,98093730,POL-0014141,16-11-2023,25-11-2023,PRUShield Premier,Health & IP,Direct,Annual,"S$2,560.78",171000,2560.78,0.1285,5,Inforce,33,N,,Y,Public B1-Ward,Y,1359.21,1359.21,0,1500,0,Y,CLM-0014141,02-04-2024,Hospitalisation,1862.43,Approved,,19,N,Y,-0.88,5,ASR-0044,50000,N,N,0.037,,,,,,,,,False,False,False,False,POL0014141|YONGSHENGLOW|20020503,FUZZY_DUPLICATE
RID-0047641,CLAIMS_SYS,26-05-2026 16:36,CUS-032664,Wan Ting Ibrahim,Female,05-04-1998,28,Single,Citizen,Healthcare,239314,200k-400k,D05,WAN.TING.IBRAHIM119@EXAMPLE.COM,94807735,POL-0017485,24-12-2025,04-02-2026,PRUTerm Secure,Protection,Agency,Annual,"S$3,443.14",2956000,3443.14,0.2469,10,Inforce,6,N,,Y,,N,,,,,41,N,CLM-0017485,27-03-2026,Day Surgery,2402.9,Declined,Premium in arrears,21,N,Y,-0.74,4,ASR-0054,5000,N,N,0.248,AGT-00337,Marcus Rahman,Senior,91,AU-40,Active,21.2,0.18,False,False,False,False,POL0017485|WANTINGIBRAHIM|19980405,FUZZY_DUPLICATE
RID-0048306,AGENCY_MGMT,26-05-2026 18:24,CUS-008807,Lakshmi Chua,Female,28-12-1978,48,Divorced,Citizen,Technician,46360,Below 50k,D17,LAKSHMI.CHUA202@EXAMPLE.COM,87195543,POL-0001757,26-02-2026,10-04-2026,PRUWealth Plus,Savings & Wealth,Agency,Quarterly,"S$5,675.18",187000,5675.18,0.0896,20,Inforce,4,N,,Y,,N,,,,,0,Y,CLM-0001757,10-06-2026,Day Surgery,5618.78,Approved,,28,N,N,0.1,10,ASR-0017,50000,N,N,0.203,AGT-00873,Daniel Koh,Senior,149,AU-05,Active,65.4,0.586,False,False,False,False,POL0001757|LAKSHMICHUA|19781228,FUZZY_DUPLICATE
RID-0013867,POLICY_ADMIN,26-05-2026 18:33,CUS-004102,Siti Nadia Reddy,Female,13-01-1955,71,Single,Employment Pass,Education,73892,50k-100k,D04,siti.nadia.reddy412@example.com,+65 94176378,POL-0013867,20-01-2025,22-02-2025,PRUFlexiCash,Savings & Wealth,Bancassurance,Monthly,24270.56,336000,24270.56,0.033,15,Inforce,18,N,,Y,,N,,,,,87,N,CLM-0013867,12-12-2025,Critical Illness,851.26,Approved,,17,N,N,0.47,9,ASR-0010,50000,Y,N,0.977,,,,,,,,,False,False,False,False,POL0013867|SITINADIAREDDY|19550113,FUZZY_DUPLICATE
RID-0047799,CLAIMS_SYS,26-05-2026 22:15,CUS-019955,Aminah Bennett,Female,22-07-1979,47,Divorced,Employment Pass,Technician,52515,50k-100k,D25,AMINAH.BENNETT293@EXAMPLE.COM,94005923,POL-0021411,28-06-2023,10-08-2023,PRUWealth Plus,Savings & Wealth,Bancassurance,Annual,"S$32,963.18",307000,32963.18,0.0615,10,Lapsed,37,Y,26-04-2026,Y,,N,,,,,150,Y,CLM-0021411,07-05-2024,Accident,4958.19,Partially Approved,,19,N,Y,-0.59,0,ASR-0014,5000,N,N,0.189,,,,,,,,,False,False,False,False,POL0021411|AMINAHBENNETT|19790722,FUZZY_DUPLICATE
RID-0001786,POLICY_ADMIN,26-05-2026 22:27,CUS-028615,Jonathan Goh,Male,05-10-1970,56,Single,Citizen,Retired,84950,50k-100k,D03,jonathan.goh221@example.com,+65 95892468,POL-0001786,15-12-2025,20-01-2026,PRULink Global Growth,Investment-Linked,Digital,Annual,26927.4,393000,26927.4,0.1068,99,Inforce,7,N,,Y,,N,,,,,184,N,,,,,,,,N,N,0.38,10,,,,,,,,,,,,,,False,False,False,False,POL0001786|JONATHANGOH|19701005,FUZZY_DUPLICATE
RID-0005516,CLAIMS_SYS,26-06-2026 11:02,CUS-011365,Faisal Low,Male,18-07-1983,43,Married,Foreigner,Sales,95419,50k-100k,D12,faisal.low184@example.com,+65 91695402,POL-0005516,01-05-2026,07-05-2026,PRUTerm Secure,Protection,Agency,Semi-Annual,7662.15,1309000,7662.15,0.3332,30,Matured,3,N,,Y,,N,,,,,71,N,CLM-0005516,05-07-2026,Day Surgery,1183.93,Partially Approved,,17,N,N,0,10,ASR-0026,10000,N,N,0.133,AGT-00039,Meera Foo,Senior,121,AU-11,Active,76.7,0.789,False,False,False,False,POL0005516|FAISALLOW|19830718,FUZZY_DUPLICATE
RID-0000387,AGENCY_MGMT,26-06-2026 18:30,CUS-026303,Joanne Teo,Female,01-07-1991,35,Single,Citizen,Manager,30000,Below 50k,D17,joanne.teo158@example.com,+65 81850418,POL-0000387,12-04-2024,27-05-2024,PRUVantage Legacy,Savings & Wealth,Bancassurance,Semi-Annual,48289.92,423000,48289.92,0.0824,30,Inforce,27,N,,Y,,N,,,,,25,Y,,,,,,,,N,N,0.58,6,,,,,,,,,,,,,,False,False,False,False,POL0000387|JOANNETEO|19910701,FUZZY_DUPLICATE
RID-0048047,POLICY_ADMIN,26-07-2026 00:45,CUS-028598,HUI LING MENON,Female,27-08-1963,63,Married,Citizen,Manager,48222,Below 50k,D05,HUI.LING.MENON476@EXAMPLE.COM,92259965,POL-0000485,04-04-2024,10-05-2024,PRUShield Standard,Health & IP,Digital,Quarterly,"S$7,041.23",104000,7041.23,0.1284,30,Inforce,28,N,,Y,Public B1-Ward,N,,,,,0,N,,,,,,,,N,N,0.32,10,,,,,,,,,,,,,,False,False,False,False,POL0000485|HUILINGMENON|19630827,FUZZY_DUPLICATE
RID-0043979,AGENCY_MGMT,26-07-2026 03:35,CUS-024428,Cheryl Tan,Female,02-10-2001,25,Single,Citizen,Self-Employed,41578,Below 50k,D28,cheryl.tan123@example.com,+65 98473023,POL-0043979,25-02-2023,09-04-2023,PRUSave Endowment,Savings & Wealth,Agency,Monthly,46031.42,34000,46031.42,0.0373,99,Inforce,41,N,,Y,,N,,,,,158,N,CLM-0043979,15-10-2023,Accident,754.35,Approved,,41,N,N,0.51,10,ASR-0003,10000,N,N,0.142,AGT-00107,Daniel Chua,Established,26,AU-36,Active,48.4,0.228,False,False,False,False,POL0043979|CHERYLTAN|20011002,FUZZY_DUPLICATE
RID-0001810,AGENCY_MGMT,26-07-2026 04:34,CUS-039969,Joanne Kamal,Female,19-08-1987,39,Single,Citizen,Professional,57262,50k-100k,D21,joanne.kamal216@example.com,+65 97405648,POL-0001810,01-05-2025,09-06-2025,PRULink Global Growth,Investment-Linked,Agency,Annual,14132.38,430000,14132.38,0.1247,20,Inforce,14,N,,Y,,N,,,,,69,N,,,,,,,,N,N,0.75,10,,,,,,AGT-00637,Daniel Foo,New,12,AU-13,Active,67,0.415,False,False,False,False,POL0001810|JOANNEKAMAL|19870819,FUZZY_DUPLICATE
RID-0012009,AGENCY_MGMT,26-07-2026 08:31,CUS-024399,Nicholas Foo,Male,07-06-1969,57,Married,Citizen,Self-Employed,32884,Below 50k,D19,nicholas.foo321@example.com,+65 82878986,POL-0012009,16-02-2024,08-03-2024,PRUSelect Vantage,Investment-Linked,Agency,Quarterly,11227.81,231000,11227.81,0.0955,20,Inforce,30,N,,Y,,N,,,,,100,N,,,,,,,,N,N,0.54,6,,,,,,AGT-01077,Jonathan Teo,MDRT,234,AU-13,Active,92.5,0.393,False,False,False,False,POL0012009|NICHOLASFOO|19690607,FUZZY_DUPLICATE
RID-0012715,CLAIMS_SYS,26-07-2026 09:50,CUS-018883,Siew Peng Koh,Female,12-10-1997,29,Widowed,Foreigner,Manager,40213,Below 50k,D06,siew.peng.koh445@example.com,+65 89186055,POL-0012715,15-06-2023,18-06-2023,PRUFlexiCash,Savings & Wealth,Bancassurance,Annual,59197.71,216000,59197.71,0.0482,15,Inforce,39,N,,Y,,N,,,,,70,N,CLM-0012715,31-12-2024,Hospitalisation,1693.84,Approved,,17,N,N,0.31,10,ASR-0059,50000,N,N,0.265,,,,,,,,,False,False,False,False,POL0012715|SIEWPENGKOH|19971012,FUZZY_DUPLICATE
RID-0000070,POLICY_ADMIN,26-07-2026 17:27,CUS-002109,Terence Harper,Male,17-05-1981,45,Widowed,Citizen,Technician,87401,50k-100k,D14,terence.harper376@example.com,+65 88487369,POL-0000070,31-08-2024,15-09-2024,PRUShield Standard,Health & IP,Agency,Monthly,7104.3,1235000,7104.3,0.1732,10,Lapsed,23,Y,24-04-2026,Y,Private Hospital,Y,3605.14,3605.14,0,2500,51,N,,,,,,,,N,N,0.36,8,,,,,,AGT-00158,Rachel Fraser,Established,96,AU-16,Active,31.7,0.067,False,False,False,False,POL0000070|TERENCEHARPER|19810517,FUZZY_DUPLICATE
RID-0048363,AGENCY_MGMT,26-07-2026 18:39,CUS-012130,WEI MING CHAN,Male,08-12-1978,48,Married,Citizen,Technician,63681,50k-100k,D12,WEI.MING.CHAN434@EXAMPLE.COM,97585966,POL-0016939,21-09-2025,06-10-2025,PRUShield Premier,Health & IP,Agency,Annual,S$734.66,356000,734.66,0.1805,15,Inforce,11,N,,Y,Public B1-Ward,Y,216.59,216.59,0,0,41,N,CLM-0016939,11-03-2026,Maternity,4102.71,Partially Approved,,2,N,N,0.3,8,ASR-0047,5000,N,N,0.181,AGT-01030,Nurul Aisyah Yeo,Senior,174,AU-17,Resigned,58.9,0.04,False,False,False,False,POL0016939|WEIMINGCHAN|19781208,FUZZY_DUPLICATE
RID-0009484,POLICY_ADMIN,26-07-2026 23:06,CUS-037392,Aminah Nair,Female,09-03-1959,67,Widowed,Employment Pass,Retired,109469,100k-200k,D03,aminah.nair63@example.com,+65 84879550,POL-0009484,17-12-2023,20-12-2023,PRUFlexiCash,Savings & Wealth,Agency,Annual,14564.5,379000,14564.5,0.035,99,Inforce,32,N,,Y,,N,,,,,45,Y,CLM-0009484,07-05-2026,Maternity,1967.45,Approved,,16,N,N,0.42,6,ASR-0055,5000,N,N,0.417,AGT-00337,Marcus Rahman,Senior,91,AU-40,Active,21.2,0.18,False,False,False,False,POL0009484|AMINAHNAIR|19590309,FUZZY_DUPLICATE
RID-0012668,POLICY_ADMIN,26-08-2026 01:32,CUS-038775,Hakim Chong,Male,16-01-1978,48,Widowed,Foreigner,Education,147140,100k-200k,D24,hakim.chong331@example.com,+65 97007939,POL-0012668,05-02-2024,01-03-2024,PRUActive Term,Protection,Agency,Semi-Annual,3339.83,1553000,3339.83,0.3166,10,Cancelled,30,Y,17-08-2024,N,,N,,,,,0,N,,,,,,,,N,N,0.57,7,,,,,,AGT-00104,Daniel Fraser,Established,93,AU-05,Active,21.9,0.437,False,False,False,False,POL0012668|HAKIMCHONG|19780116,FUZZY_DUPLICATE
RID-0031873,CLAIMS_SYS,26-08-2026 01:45,CUS-015334,Cheryl Kamal,Female,15-05-1976,50,Divorced,Citizen,Civil Service,60694,50k-100k,D28,cheryl.kamal167@example.com,+65 82067760,POL-0031873,24-02-2025,08-03-2025,PRUShield Premier,Health & IP,Digital,Annual,3576.62,240000,3576.62,0.1724,15,Inforce,18,N,,Y,Public A-Ward,Y,1858.97,1858.97,0,1500,61,N,CLM-0031873,13-02-2026,Maternity,10023.66,Approved,,8,N,N,0.95,6,ASR-0052,5000,N,N,0.349,,,,,,,,,False,False,False,False,POL0031873|CHERYLKAMAL|19760515,FUZZY_DUPLICATE
RID-0047748,POLICY_ADMIN,26-08-2026 03:52,CUS-040938,Hakim Ng,Male,09-05-2001,25,Single,Foreigner,Professional,30084,Below 50k,D07,HAKIM.NG453@EXAMPLE.COM,86208106,POL-0006899,08-01-2023,14-01-2023,PRUShield Life,Protection,Digital,Annual,"S$2,431.75",2794000,2431.75,0.3333,10,Matured,44,N,,Y,,N,,,,,93,Y,,,,,,,,N,N,0.32,10,,,,,,,,,,,,,,False,False,False,False,POL0006899|HAKIMNG|20010509,FUZZY_DUPLICATE
RID-0018269,AGENCY_MGMT,26-08-2026 05:49,CUS-014711,Jia Hui Tan,Female,14-05-1968,58,Married,Employment Pass,Executive,136805,100k-200k,D07,jia.hui.tan107@example.com,+65 82890644,POL-0018269,29-05-2026,11-07-2026,PRUWealth Plus,Savings & Wealth,Bancassurance,Monthly,22739.23,208000,22739.23,0.077,25,Inforce,1,N,,Y,,N,,,,,43,N,CLM-0018269,13-07-2026,Accident,9819.84,Partially Approved,,32,N,N,0.2,10,ASR-0060,10000,N,N,0.003,,,,,,,,,False,False,False,False,POL0018269|JIAHUITAN|19680514,FUZZY_DUPLICATE
RID-0021138,CRM,26-08-2026 08:20,CUS-012682,Zhi Hao Ng,Male,02-09-1978,48,Widowed,Citizen,Manager,45823,Below 50k,D04,zhi.hao.ng216@example.com,+65 92583053,POL-0021138,06-08-2023,12-09-2023,PRUWealth Plus,Savings & Wealth,Bancassurance,Monthly,4077.31,169000,4077.31,0.0489,20,Inforce,36,N,,Y,,N,,,,,112,N,CLM-0021138,05-09-2025,Death Benefit,4301.75,Partially Approved,,28,N,N,0.1,9,ASR-0042,10000,N,N,0.225,,,,,,,,,False,False,False,False,POL0021138|ZHIHAONG|19780902,FUZZY_DUPLICATE
RID-0048174,CLAIMS_SYS,26-08-2026 13:14,CUS-010682,Kai Xuan Chan,Male,21-03-1993,33,Divorced,Citizen,Technician,80031,50k-100k,D19,KAI.XUAN.CHAN130@EXAMPLE.COM,82301575,POL-0002225,18-07-2025,08-08-2025,PRULink Assurance,Investment-Linked,Agency,Annual,"S$6,393.09",756000,6393.09,0.1411,10,Inforce,12,N,,Y,,N,,,,,60,N,CLM-0002225,25-07-2026,Disability,1302.59,Declined,Documentation incomplete,11,N,N,0.87,7,ASR-0001,50000,N,N,0.048,AGT-00781,Aminah Aziz,Senior,130,AU-01,Active,51.6,0.293,False,False,False,False,POL0002225|KAIXUANCHAN|19930321,FUZZY_DUPLICATE
RID-0048191,AGENCY_MGMT,27-03-2026 01:26,CUS-025242,Xin Yi Ho,Female,07-05-1964,62,Single,Citizen,Healthcare,80690,50k-100k,D10,XIN.YI.HO70@EXAMPLE.COM,87362269,POL-0011316,19-03-2025,14-04-2025,PRUSave Endowment,Savings & Wealth,Broker,Semi-Annual,"S$11,200.61",205000,11200.61,0.0481,10,Inforce,16,N,,Y,,N,,,,,75,N,CLM-0011316,10-08-2025,Maternity,4914.97,Partially Approved,,20,N,N,0.27,10,ASR-0011,50000,N,N,0.068,AGT-00625,Priya Wong,New,1,AU-36,Active,85.9,0.194,False,False,False,False,POL0011316|XINYIHO|19640507,FUZZY_DUPLICATE
RID-0047929,CRM,27-03-2026 05:31,CUS-032484,Zulkifli Toh,Male,28-10-2003,23,Widowed,Citizen,Executive,91683,50k-100k,D01,ZULKIFLI.TOH369@EXAMPLE.COM,83311344,POL-0026111,01-10-2025,17-10-2025,PRUExtra Care,Health & IP,Agency,Annual,"S$4,776.13",1457000,4776.13,0.1206,30,Inforce,10,N,,Y,Public A-Ward,N,,,,,0,N,CLM-0026111,29-01-2026,Death Benefit,15478.55,Approved,,9,N,N,0.01,6,ASR-0011,50000,N,N,0.28,AGT-00322,Edwin Salleh,Established,70,AU-13,Active,50.1,0.266,False,False,False,False,POL0026111|ZULKIFLITOH|20031028,FUZZY_DUPLICATE
RID-0048214,CLAIMS_SYS,27-03-2026 07:20,CUS-036883,PriyaChan,Female,22-07-1976,50,Divorced,Employment Pass,Self-Employed,30000,Below 50k,D23,PRIYA.CHAN91@EXAMPLE.COM,81432724,POL-0039095,08-02-2023,08-03-2023,PRUActive Term,Protection,Agency,Annual,"S$4,091.04",361000,4091.04,0.3191,15,Inforce,42,N,,Y,,N,,,,,63,N,,,,,,,,N,N,0.8,10,,,,,,AGT-01123,Zarina Yusof,Established,73,AU-27,Active,49.5,0.151,False,False,False,False,POL0039095|PRIYACHAN|19760722,FUZZY_DUPLICATE
RID-0048323,CLAIMS_SYS,27-03-2026 13:17,CUS-039963,Vikram Rahman,Male,05-11-1983,43,Single,Citizen,Education,93172,50k-100k,D14,VIKRAM.RAHMAN197@EXAMPLE.COM,95244938,POL-0016428,18-04-2024,07-05-2024,PRUSave Endowment,Savings & Wealth,Agency,Semi-Annual,"S$41,511.87",244000,41511.87,0.0642,99,Lapsed,28,Y,17-10-2025,Y,,N,,,,,33,N,,,,,,,,N,N,0.12,8,,,,,,AGT-00989,Farah Pillai,Senior,70,AU-37,Active,81.6,0.227,False,False,False,False,POL0016428|VIKRAMRAHMAN|19831105,FUZZY_DUPLICATE
RID-0039087,POLICY_ADMIN,27-03-2026 16:03,CUS-003473,Rachel Wong,Female,05-04-1990,36,Widowed,Permanent Resident,Education,130544,100k-200k,D03,rachel.wong219@example.com,+65 94000213,POL-0039087,29-11-2023,07-12-2023,PRUShield Premier,Health & IP,Agency,Monthly,2930.94,1159000,2930.94,0.1764,99,Inforce,33,N,,Y,Public B1-Ward,Y,1134.19,1134.19,0,2500,0,Y,CLM-0039087,18-03-2025,Hospitalisation,3500.95,Approved,,26,N,N,0.04,8,ASR-0019,100000,N,N,0.334,AGT-00103,Rachel Mitchell,New,3,AU-04,Active,78.7,0.08,False,False,False,False,POL0039087|RACHELWONG|19900405,FUZZY_DUPLICATE
RID-0048175,CLAIMS_SYS,27-03-2026 18:14,CUS-003539,Denise Pillai,Female,19-06-1983,43,Divorced,Permanent Resident,Retired,119361,100k-200k,D21,DENISE.PILLAI484@EXAMPLE.COM,91286817,POL-0034418,11-10-2024,18-11-2024,PRUVantage Legacy,Savings & Wealth,Digital,Annual,"S$28,660.51",307000,28660.51,0.0457,10,Inforce,21,N,,Y,,N,,,,,44,Y,,,,,,,,N,N,0.66,10,,,,,,,,,,,,,,False,False,False,False,POL0034418|DENISEPILLAI|19830619,FUZZY_DUPLICATE
RID-0048159,CRM,27-04-2026 16:19,CUS-025181,ZHI HAO HARPER,Male,14-07-1975,51,Single,Permanent Resident,Education,44935,Below 50k,D06,ZHI.HAO.HARPER197@EXAMPLE.COM,93260284,POL-0012329,28-01-2026,29-01-2026,PRUSave Endowment,Savings & Wealth,Digital,Annual,"S$14,357.13",245000,14357.13,0.0621,25,Matured,7,N,,Y,,N,,,,,114,N,CLM-0012329,16-08-2026,Hospitalisation,6388.15,Partially Approved,,37,N,N,0.1,6,ASR-0006,25000,N,N,0.157,,,,,,,,,False,False,False,False,POL0012329|ZHIHAOHARPER|19750714,FUZZY_DUPLICATE
RID-0047713,CRM,27-04-2026 19:22,CUS-005626,Zhi Hao Kumar,Male,17-12-1967,59,Widowed,Citizen,Technician,87260,50k-100k,D04,ZHI.HAO.KUMAR109@EXAMPLE.COM,95761276,POL-0014928,21-10-2023,15-11-2023,PRUFlexiCash,Savings & Wealth,Agency,Monthly,"S$47,970.95",134000,47970.95,0.0483,30,Inforce,34,N,,Y,,N,,,,,56,N,CLM-0014928,25-03-2024,Hospitalisation,1855.72,Approved,,19,N,N,0.77,7,ASR-0037,50000,N,N,0.233,AGT-00774,Meera Mitchell,MDRT,237,AU-21,Active,36,0.027,False,False,False,False,POL0014928|ZHIHAOKUMAR|19671217,FUZZY_DUPLICATE
RID-0047760,CLAIMS_SYS,27-04-2026 22:22,CUS-011567,Zulkifli Chong,Male,11-11-1981,45,Divorced,Employment Pass,Education,111683,100k-200k,D11,ZULKIFLI.CHONG45@EXAMPLE.COM,98700257,POL-0031626,27-09-2023,07-11-2023,PRUShield Standard,Health & IP,Bancassurance,Semi-Annual,"S$1,258.35",890000,1258.35,0.1901,15,Inforce,34,N,,Y,Public A-Ward,Y,592.49,592.49,0,1500,29,N,,,,,,,,N,N,0.93,9,,,,,,,,,,,,,,False,False,False,False,POL0031626|ZULKIFLICHONG|19811111,FUZZY_DUPLICATE
RID-0048463,AGENCY_MGMT,27-05-2026 01:39,CUS-033965,Suresh Foo,Male,01-04-1978,48,Married,Citizen,Civil Service,115910,100k-200k,D13,SURESH.FOO39@EXAMPLE.COM,89288941,POL-0044690,02-04-2025,08-04-2025,PRUExtra Care,Health & IP,Agency,Annual,"S$3,914.21",1310000,3914.21,0.143,10,Inforce,17,N,,Y,Private Hospital,Y,1567.18,1567.18,0,1500,304,N,CLM-0044690,21-10-2025,Outpatient Specialist,116745.2,Declined,Treatment not medically necessary,14,N,N,0.12,9,ASR-0010,50000,N,N,0.631,AGT-01006,Priya Chong,New,6,AU-37,Active,50.8,0.424,False,False,False,False,POL0044690|SURESHFOO|19780401,FUZZY_DUPLICATE
RID-0044808,POLICY_ADMIN,27-05-2026 12:39,CUS-014319,Jun Hao Ibrahim,Male,11-11-1967,59,Single,Permanent Resident,Healthcare,200576,200k-400k,D18,jun.hao.ibrahim428@example.com,+65 92265545,POL-0044808,24-03-2024,04-04-2024,PRUShield Life,Protection,Agency,Annual,3879.11,1235000,3879.11,0.2214,5,Inforce,29,N,,Y,,N,,,,,175,N,CLM-0044808,14-09-2025,Maternity,1624.87,Approved,,12,N,N,-0.06,7,ASR-0044,50000,N,N,0.151,AGT-01042,Muhammad Ariff Sim,Established,39,AU-29,Active,68,0.291,False,False,False,False,POL0044808|JUNHAOIBRAHIM|19671111,FUZZY_DUPLICATE
RID-0021918,CRM,27-05-2026 14:23,CUS-025930,Hui Ling Ong,Female,18-02-1972,54,Widowed,Citizen,Executive,57380,50k-100k,D05,hui.ling.ong215@example.com,+65 99046300,POL-0021918,05-02-2023,26-02-2023,PRUFlexiCash,Savings & Wealth,Agency,Semi-Annual,51391.72,359000,51391.72,0.0783,20,Inforce,42,N,,Y,,N,,,,,12,N,CLM-0021918,14-02-2026,Maternity,5083.16,Approved,,27,N,N,0.27,8,ASR-0010,50000,Y,Y,0.659,AGT-00280,Cheryl Rahman,Established,75,AU-38,Resigned,47.9,0.138,False,False,False,False,POL0021918|HUILINGONG|19720218,FUZZY_DUPLICATE
RID-0010051,CLAIMS_SYS,27-05-2026 17:13,CUS-010622,Siew Peng Hassan,Female,20-10-1972,54,Divorced,Citizen,Self-Employed,85454,50k-100k,D19,siew.peng.hassan345@example.com,+65 87378626,POL-0010051,10-06-2025,24-06-2025,PRUSave Endowment,Savings & Wealth,Agency,Semi-Annual,34659.03,464000,34659.03,0.0351,99,Inforce,14,N,,Y,,N,,,,,105,N,CLM-0010051,02-08-2026,Critical Illness,3165.41,Approved,,32,N,N,0.07,6,ASR-0008,10000,N,N,0.293,AGT-01060,Lakshmi Kamal,Established,73,AU-12,Active,57.6,0.05,False,False,False,False,POL0010051|SIEWPENGHASSAN|19721020,FUZZY_DUPLICATE
RID-0047503,POLICY_ADMIN,27-05-2026 17:30,CUS-034757,JUN HAO SHARMA,Male,20-10-1989,37,Divorced,Employment Pass,Manager,79529,50k-100k,D11,JUN.HAO.SHARMA188@EXAMPLE.COM,87931070,POL-0043789,09-01-2025,06-02-2025,PRUVantage Legacy,Savings & Wealth,Agency,Monthly,"S$37,128.03",86000,37128.03,0.0502,5,Inforce,19,N,,Y,,N,,,,,11,N,CLM-0043789,10-04-2025,Outpatient Specialist,1433.3,Partially Approved,,16,N,N,0.31,7,ASR-0042,10000,N,N,0.251,AGT-00846,Muhammad Ariff Osman,New,7,AU-23,Active,63.7,0.338,False,False,False,False,POL0043789|JUNHAOSHARMA|19891020,FUZZY_DUPLICATE
RID-0018488,POLICY_ADMIN,27-05-2026 20:09,CUS-022551,Jun Hao Chong,Male,04-11-1983,43,Divorced,Employment Pass,Self-Employed,108366,100k-200k,D03,jun.hao.chong212@example.com,+65 81141120,POL-0018488,12-07-2025,10-08-2025,PRUActive Term,Protection,Agency,Semi-Annual,6554.74,2610000,6554.74,0.3247,5,Inforce,12,N,,Y,,N,,,,,52,N,CLM-0018488,29-05-2026,Death Benefit,9780.09,Approved,,10,N,N,0.08,9,ASR-0031,100000,N,N,0.161,AGT-00392,Wan Ting Hassan,Senior,92,AU-37,Active,23.7,0.125,False,False,False,False,POL0018488|JUNHAOCHONG|19831104,FUZZY_DUPLICATE
RID-0047736,CLAIMS_SYS,27-06-2026 06:29,CUS-037425,ARAVIND AZIZ,Male,06-11-1980,46,Divorced,Permanent Resident,Civil Service,50265,50k-100k,D13,ARAVIND.AZIZ210@EXAMPLE.COM,88701219,POL-0029517,28-04-2025,11-05-2025,PRUCritical Cover,Protection,Agency,Annual,"S$8,198.79",995000,8198.79,0.2213,15,Inforce,15,N,,Y,,N,,,,,206,N,CLM-0029517,20-06-2026,Accident,3525.4,Approved,,21,N,N,0.26,6,ASR-0057,50000,N,N,0.172,AGT-00548,Zhi Hao Turner,Established,83,AU-29,Active,73.8,0.139,False,False,False,False,POL0029517|ARAVINDAZIZ|19801106,FUZZY_DUPLICATE
RID-0038509,CRM,27-06-2026 07:35,CUS-024929,Deepak Sharma,Male,20-09-1964,62,Widowed,Permanent Resident,Civil Service,55643,50k-100k,D27,deepak.sharma80@example.com,+65 92065365,POL-0038509,28-11-2023,09-01-2024,PRUWealth Plus,Savings & Wealth,Bancassurance,Annual,20166.27,325000,20166.27,0.0767,15,Inforce,32,N,,Y,,N,,,,,0,N,CLM-0038509,30-04-2024,Maternity,3972.48,Declined,Treatment not medically necessary,32,N,N,-0.08,7,ASR-0012,100000,N,N,0.366,,,,,,,,,False,False,False,False,POL0038509|DEEPAKSHARMA|19640920,FUZZY_DUPLICATE
RID-0048281,CLAIMS_SYS,27-06-2026 08:51,CUS-003697,FarahHarper,Female,13-09-1990,36,Divorced,Citizen,Sales,95733,50k-100k,D13,FARAH.HARPER496@EXAMPLE.COM,89597522,POL-0042279,07-01-2023,21-01-2023,PRUVantage Legacy,Savings & Wealth,Agency,Semi-Annual,"S$6,932.55",468000,6932.55,0.0821,10,Inforce,43,N,,Y,,N,,,,,85,N,CLM-0042279,04-08-2026,Disability,2338.9,Partially Approved,,5,N,N,0.13,10,ASR-0055,5000,N,N,0.162,AGT-00941,Zhi Hao Salleh,New,1,AU-34,Active,77.4,0.141,False,False,False,False,POL0042279|FARAHHARPER|19900913,FUZZY_DUPLICATE
RID-0048241,POLICY_ADMIN,27-06-2026 09:07,CUS-035919,ROHAN RAHMAN,Male,19-04-2005,21,Married,Employment Pass,Civil Service,40107,Below 50k,D24,ROHAN.RAHMAN228@EXAMPLE.COM,92512670,POL-0040406,03-10-2023,23-10-2023,PRUVantage Legacy,Savings & Wealth,Agency,Monthly,"S$6,414.52",46000,6414.52,0.0379,5,Inforce,34,N,,Y,,N,,,,,0,N,CLM-0040406,09-01-2026,Maternity,790.89,Approved,,17,N,N,0.2,7,ASR-0010,50000,N,N,0.716,AGT-00687,Suresh Ng,Established,60,AU-23,Active,78,0.046,False,False,False,False,POL0040406|ROHANRAHMAN|20050419,FUZZY_DUPLICATE
RID-0048327,POLICY_ADMIN,27-06-2026 11:28,CUS-032891,ISKANDAR CHUA,Male,07-06-1997,29,Widowed,Citizen,Healthcare,62030,50k-100k,D17,ISKANDAR.CHUA228@EXAMPLE.COM,92650982,POL-0009552,29-04-2026,10-06-2026,PRUShield Standard,Health & IP,Direct,Monthly,"S$1,704.33",1168000,1704.33,0.1896,30,Inforce,2,N,,Y,Private Hospital,Y,877.3,607.05,5,3500,98,N,CLM-0009552,08-08-2026,Hospitalisation,11671.37,Pending,,68,N,N,0.04,7,ASR-0056,50000,N,N,0.242,,,,,,,,,False,False,False,False,POL0009552|ISKANDARCHUA|19970607,FUZZY_DUPLICATE
RID-0041487,CLAIMS_SYS,27-06-2026 22:04,CUS-011185,Jonathan Aziz,Male,22-12-1985,41,Single,Employment Pass,Technician,31149,Below 50k,D14,jonathan.aziz242@example.com,+65 93933425,POL-0041487,18-05-2026,25-06-2026,PRUShield Life,Protection,Agency,Quarterly,7513.29,630000,7513.29,0.2214,30,Inforce,2,N,,Y,,N,,,,,11,N,CLM-0041487,15-07-2026,Disability,8201.22,Partially Approved,,24,N,Y,-0.74,3,ASR-0047,5000,N,Y,0.053,AGT-01065,Farah Ong,New,2,AU-03,Resigned,58.1,0.063,False,False,False,False,POL0041487|JONATHANAZIZ|19851222,FUZZY_DUPLICATE
RID-0044790,AGENCY_MGMT,27-07-2026 01:43,CUS-021917,Samantha Ong,Female,25-12-1968,58,Divorced,Citizen,Executive,94020,50k-100k,D15,samantha.ong318@example.com,+65 83283878,POL-0044790,18-08-2024,21-09-2024,PRULink Assurance,Investment-Linked,Agency,Annual,28114.53,454000,28114.53,0.1403,10,Inforce,23,N,,Y,,N,,,,,137,Y,CLM-0044790,21-01-2025,Disability,38857.39,Partially Approved,,8,N,N,-0.11,10,ASR-0018,25000,N,N,0.138,AGT-00904,Wan Ting Ng,New,2,AU-40,Active,27.5,0.227,False,False,False,False,POL0044790|SAMANTHAONG|19681225,FUZZY_DUPLICATE
RID-0035398,CRM,27-07-2026 02:52,CUS-036399,Muhammad Ariff Osman,Male,23-08-1997,29,Married,Citizen,Professional,117836,100k-200k,D12,muhammad.ariff.osman318@example.com,+65 98985286,POL-0035398,28-12-2025,18-01-2026,PRUExtra Care,Health & IP,Agency,Monthly,6017.11,778000,6017.11,0.1297,10,Inforce,7,N,,Y,Public B1-Ward,Y,2603.69,2603.69,0,0,25,N,CLM-0035398,11-05-2026,Day Surgery,5963.3,Pending,,39,N,N,-0.09,7,ASR-0019,100000,N,N,0.077,AGT-01099,Wan Ting Ho,MDRT,115,AU-12,Active,26.4,0.096,False,False,False,False,POL0035398|MUHAMMADARIFFOSMAN|19970823,FUZZY_DUPLICATE
RID-0045436,AGENCY_MGMT,27-07-2026 05:05,CUS-002977,Marcus Sim,Male,23-01-1990,36,Single,Citizen,Professional,40662,Below 50k,D10,marcus.sim118@example.com,+65 89719608,POL-0045436,16-04-2023,25-04-2023,PRUFlexiCash,Savings & Wealth,Direct,Annual,32116.02,205000,32116.02,0.0899,25,Inforce,40,N,,Y,,N,,,,,0,N,CLM-0045436,02-06-2026,Outpatient Specialist,8902.8,Approved,,17,N,N,0.71,9,ASR-0030,25000,N,N,0.328,,,,,,,,,False,False,False,False,POL0045436|MARCUSSIM|19900123,FUZZY_DUPLICATE
RID-0023474,CLAIMS_SYS,27-07-2026 09:40,CUS-013487,Jonathan Rahman,Male,04-12-2005,21,Widowed,Citizen,Healthcare,129326,100k-200k,D16,jonathan.rahman21@example.com,+65 86514970,POL-0023474,16-02-2025,26-02-2025,PRUVantage Legacy,Savings & Wealth,Bancassurance,Annual,42517.72,368000,42517.72,0.027,10,Surrendered,18,Y,03-09-2025,N,,N,,,,,132,N,CLM-0023474,03-01-2026,Critical Illness,2098.96,Approved,,4,N,N,0.45,6,ASR-0034,100000,N,N,0.282,,,,,,,,,False,False,False,False,POL0023474|JONATHANRAHMAN|20051204,FUZZY_DUPLICATE
RID-0023380,CLAIMS_SYS,27-07-2026 10:01,CUS-017681,Meera Reddy,Female,09-12-1991,35,Single,Employment Pass,Healthcare,81714,50k-100k,D15,meera.reddy141@example.com,+65 89950537,POL-0023380,25-03-2024,18-04-2024,PRUSave Endowment,Savings & Wealth,Digital,Annual,12565.38,73000,12565.38,0.0671,20,Inforce,28,N,,Y,,N,,,,,37,N,,,,,,,,N,N,0.85,8,,,,,,,,,,,,,,False,False,False,False,POL0023380|MEERAREDDY|19911209,FUZZY_DUPLICATE
RID-0047987,POLICY_ADMIN,27-08-2026 01:44,CUS-038401,AnjaliChua,Female,09-09-1974,52,Single,Citizen,Retired,59822,50k-100k,D15,ANJALI.CHUA476@EXAMPLE.COM,93304845,POL-0003857,14-11-2025,17-11-2025,PRUCritical Cover,Protection,Agency,Monthly,"S$4,625.91",1406000,4625.91,0.2573,99,Inforce,9,N,,Y,,N,,,,,109,N,CLM-0003857,08-02-2026,Day Surgery,2470.05,Partially Approved,,22,N,N,0.3,10,ASR-0024,50000,N,N,0.356,AGT-00186,Suresh Ho,Established,55,AU-38,Active,58.6,0.178,False,False,False,False,POL0003857|ANJALICHUA|19740909,FUZZY_DUPLICATE
RID-0048109,CRM,27-08-2026 02:26,CUS-009002,HakimWright,Male,05-06-1986,40,Widowed,Citizen,Manager,106075,100k-200k,D25,HAKIM.WRIGHT94@EXAMPLE.COM,96658823,POL-0003547,26-12-2025,08-01-2026,PRUShield A Plus,Health & IP,Digital,Annual,"S$1,312.41",267000,1312.41,0.1553,30,Inforce,7,N,,Y,Public B1-Ward,Y,396.62,396.62,0,1500,0,Y,CLM-0003547,08-03-2026,Death Benefit,26482.53,Declined,Documentation incomplete,14,N,N,0.1,7,ASR-0033,25000,N,N,0.348,,,,,,,,,False,False,False,False,POL0003547|HAKIMWRIGHT|19860605,FUZZY_DUPLICATE
RID-0048417,CRM,27-08-2026 06:48,CUS-028374,WEI MING PILLAI,Male,20-05-1977,49,Widowed,Employment Pass,Education,154350,100k-200k,D26,WEI.MING.PILLAI282@EXAMPLE.COM,94868783,POL-0034209,26-06-2023,11-07-2023,PRUFlexiCash,Savings & Wealth,Agency,Monthly,"S$37,031.92",60000,37031.92,0.0358,25,Inforce,38,N,,Y,,N,,,,,69,N,,,,,,,,N,N,0.44,7,,,,,,AGT-01144,Edwin Sim,Senior,86,AU-05,On Notice,52.2,0.702,False,False,False,False,POL0034209|WEIMINGPILLAI|19770520,FUZZY_DUPLICATE
RID-0043649,CRM,27-08-2026 11:59,CUS-032127,Anjali Hassan,Female,22-02-1975,51,Divorced,Citizen,Executive,60026,50k-100k,D15,anjali.hassan387@example.com,+65 84725651,POL-0043649,03-05-2024,13-05-2024,PRUTerm Secure,Protection,Agency,Semi-Annual,1897.17,1855000,1897.17,0.2485,15,Inforce,28,N,,Y,,N,,,,,56,N,CLM-0043649,26-10-2025,Hospitalisation,9167.24,Declined,Documentation incomplete,15,N,N,0.32,10,ASR-0011,50000,N,N,0.361,AGT-01052,Yong Sheng Aziz,New,3,AU-15,Resigned,66.4,0.297,False,False,False,False,POL0043649|ANJALIHASSAN|19750222,FUZZY_DUPLICATE
RID-0047711,AGENCY_MGMT,27-08-2026 14:33,CUS-040720,VIKRAM KAMAL,Male,20-04-1992,34,Divorced,Citizen,Executive,83051,50k-100k,D06,VIKRAM.KAMAL23@EXAMPLE.COM,84100769,POL-0030339,16-01-2026,18-02-2026,PRUVantage Legacy,Savings & Wealth,Agency,Annual,"S$11,826.78",222000,11826.78,0.0799,30,Inforce,6,N,,Y,,N,,,,,13,N,,,,,,,,N,N,0.26,6,,,,,,AGT-00411,Valerie Neo,New,12,AU-07,Active,35.3,0.253,False,False,False,False,POL0030339|VIKRAMKAMAL|19920420,FUZZY_DUPLICATE
RID-0024873,CRM,27-08-2026 18:37,CUS-024524,Jun Hao Chong,Male,08-06-1978,48,Divorced,Citizen,Healthcare,54894,50k-100k,D20,jun.hao.chong396@example.com,+65 85382809,POL-0024873,29-10-2023,17-11-2023,PRUWealth Plus,Savings & Wealth,Bancassurance,Semi-Annual,25063.1,448000,25063.1,0.0613,99,Inforce,33,N,,Y,,N,,,,,33,N,,,,,,,,N,N,0.38,8,,,,,,,,,,,,,,False,False,False,False,POL0024873|JUNHAOCHONG|19780608,FUZZY_DUPLICATE
RID-0047663,CLAIMS_SYS,27-08-2026 20:10,CUS-014658,AMINAH AZIZ,Female,22-05-1993,33,Divorced,Citizen,Professional,156958,100k-200k,D20,AMINAH.AZIZ168@EXAMPLE.COM,99521731,POL-0007116,21-03-2023,27-04-2023,PRUShield Standard,Health & IP,Direct,Monthly,"S$1,054.26",487000,1054.26,0.2132,15,Inforce,40,N,,Y,Public B1-Ward,Y,474.01,474.01,0,2500,81,N,,,,,,,,N,N,0.21,6,,,,,,,,,,,,,,False,False,False,False,POL0007116|AMINAHAZIZ|19930522,FUZZY_DUPLICATE
RID-0047910,AGENCY_MGMT,28-03-2026 03:15,CUS-025786,JunHaoMitchell,Male,09-03-1984,42,Divorced,Employment Pass,Manager,76321,50k-100k,D06,JUN.HAO.MITCHELL393@EXAMPLE.COM,99030489,POL-0027984,19-07-2024,22-08-2024,PRUVantage Legacy,Savings & Wealth,Bancassurance,Annual,"S$47,276.30",67000,47276.3,0.0733,30,Inforce,24,N,,Y,,N,,,,,26,Y,CLM-0027984,06-05-2025,Maternity,3687.24,Approved,,25,N,N,0.21,7,ASR-0011,50000,N,Y,0.04,,,,,,,,,False,False,False,False,POL0027984|JUNHAOMITCHELL|19840309,FUZZY_DUPLICATE
RID-0006799,CLAIMS_SYS,28-03-2026 05:56,CUS-014925,Joanne Raj,Female,22-02-1983,43,Divorced,Citizen,Healthcare,168634,100k-200k,D11,joanne.raj489@example.com,+65 82412014,POL-0006799,05-11-2024,16-12-2024,PRUWealth Plus,Savings & Wealth,Agency,Semi-Annual,48072.4,346000,48072.4,0.0733,5,Inforce,20,N,,Y,,N,,,,,0,N,CLM-0006799,27-01-2025,Hospitalisation,3515.03,Pending,,20,N,N,0.44,6,ASR-0046,25000,N,N,0.355,AGT-00513,Rachel Chong,Senior,89,AU-31,Active,62,0.772,False,False,False,False,POL0006799|JOANNERAJ|19830222,FUZZY_DUPLICATE
RID-0047792,CLAIMS_SYS,28-03-2026 06:14,CUS-040797,RachelYeo,Female,10-01-1978,48,Married,Citizen,Sales,86764,50k-100k,D07,RACHEL.YEO35@EXAMPLE.COM,94537686,POL-0031815,16-11-2023,09-12-2023,PRUSelect Vantage,Investment-Linked,Agency,Annual,"S$38,608.89",352000,38608.89,0.1499,20,Inforce,33,N,,Y,,N,,,,,23,N,CLM-0031815,09-08-2026,Accident,734.45,Approved,,20,N,N,-0.1,8,ASR-0022,25000,N,N,0.16,AGT-01029,Chee Keong Chua,New,4,AU-10,Active,95.3,0.244,False,False,False,False,POL0031815|RACHELYEO|19780110,FUZZY_DUPLICATE
RID-0048149,POLICY_ADMIN,28-03-2026 06:18,CUS-038409,ANJALI NG,Female,13-01-1990,36,Divorced,Employment Pass,Retired,98319,50k-100k,D25,ANJALI.NG370@EXAMPLE.COM,82853318,POL-0001576,05-08-2023,04-09-2023,PRUShield A Plus,Health & IP,Agency,Semi-Annual,"S$7,380.18",1081000,7380.18,0.1514,10,Inforce,36,N,,Y,Private Hospital,N,,,,,125,N,,,,,,,,N,N,0.32,10,,,,,,AGT-00703,Aravind Tan,Established,26,AU-35,Active,82.9,0.563,False,False,False,False,POL0001576|ANJALING|19900113,FUZZY_DUPLICATE
RID-0048100,CLAIMS_SYS,28-03-2026 11:06,CUS-039819,CherylYusof,Female,14-04-1988,38,Single,Employment Pass,Civil Service,76585,50k-100k,D21,CHERYL.YUSOF250@EXAMPLE.COM,81265439,POL-0036417,09-03-2024,18-04-2024,PRUVantage Legacy,Savings & Wealth,Agency,Quarterly,"S$56,408.13",67000,56408.13,0.0792,10,Inforce,28,N,,Y,,N,,,,,0,N,,,,,,,,N,N,0.44,8,,,,,,AGT-00593,Zhi Hao Ong,Established,31,AU-32,Active,82.3,0.297,False,False,False,False,POL0036417|CHERYLYUSOF|19880414,FUZZY_DUPLICATE
RID-0009460,CLAIMS_SYS,28-03-2026 20:00,CUS-029442,Nurul Aisyah Salleh,Female,14-02-1974,52,Single,Citizen,Sales,56410,50k-100k,D04,nurul.aisyah.salleh262@example.com,+65 92970660,POL-0009460,31-10-2024,05-12-2024,PRUWealth Plus,Savings & Wealth,Bancassurance,Quarterly,41765.82,118000,41765.82,0.0528,20,Inforce,21,N,,Y,,N,,,,,0,N,,,,,,,,N,N,0.53,6,,,,,,,,,,,,,,False,False,False,False,POL0009460|NURULAISYAHSALLEH|19740214,FUZZY_DUPLICATE
RID-0046211,CRM,28-04-2026 02:35,CUS-031511,Aravind Menon,Male,11-01-1979,47,Single,Permanent Resident,Retired,52816,50k-100k,D08,aravind.menon103@example.com,+65 94556159,POL-0046211,06-11-2023,16-12-2023,PRUVantage Legacy,Savings & Wealth,Agency,Semi-Annual,15692.21,225000,15692.21,0.0884,30,Inforce,33,N,,Y,,N,,,,,70,N,,,,,,,,N,N,0.47,9,,,,,,AGT-00589,Valerie Yusof,Senior,163,AU-17,Active,29.1,0.195,False,False,False,False,POL0046211|ARAVINDMENON|19790111,FUZZY_DUPLICATE
RID-0030336,AGENCY_MGMT,28-04-2026 08:28,CUS-012503,Suresh Kumar,Male,26-07-1981,45,Single,Citizen,Self-Employed,74048,50k-100k,D21,suresh.kumar75@example.com,+65 97865172,POL-0030336,07-12-2023,11-01-2024,PRUSave Endowment,Savings & Wealth,Direct,Semi-Annual,28026.19,251000,28026.19,0.0574,15,Surrendered,32,Y,04-04-2026,Y,,N,,,,,180,N,CLM-0030336,11-02-2026,Disability,723.22,Declined,Premium in arrears,19,N,N,0.79,7,ASR-0011,50000,N,N,0.092,,,,,,,,,False,False,False,False,POL0030336|SURESHKUMAR|19810726,FUZZY_DUPLICATE
RID-0018759,AGENCY_MGMT,28-04-2026 21:42,CUS-027428,Vikram Pillai,Male,23-08-1977,49,Divorced,Employment Pass,Manager,82671,50k-100k,D15,vikram.pillai452@example.com,+65 89511154,POL-0018759,13-08-2023,21-09-2023,PRULink Global Growth,Investment-Linked,Agency,Annual,21699.41,230000,21699.41,0.111,5,Inforce,35,N,,Y,,N,,,,,162,N,CLM-0018759,18-10-2025,Maternity,3479.06,Approved,,15,N,N,0.64,6,ASR-0030,25000,N,N,0.073,AGT-00667,Jonathan Salleh,Established,45,AU-35,Active,75.6,0.57,False,False,False,False,POL0018759|VIKRAMPILLAI|19770823,FUZZY_DUPLICATE
RID-0048433,POLICY_ADMIN,28-04-2026 23:19,CUS-029148,Aminah Teo,Female,17-11-2004,22,Married,Citizen,Professional,32094,Below 50k,D07,AMINAH.TEO102@EXAMPLE.COM,86544158,POL-0040226,28-11-2023,06-12-2023,PRUFlexiCash,Savings & Wealth,Agency,Monthly,"S$9,916.48",293000,9916.48,0.0451,10,Inforce,33,N,,Y,,N,,,,,29,N,,,,,,,,N,N,-0.05,6,,,,,,AGT-00324,Aminah Foo,Senior,102,AU-08,Active,76.7,0.467,False,False,False,False,POL0040226|AMINAHTEO|20041117,FUZZY_DUPLICATE
RID-0006185,CRM,28-05-2026 10:42,CUS-017839,Valerie Iyer,Female,15-06-1990,36,Single,Permanent Resident,Executive,48608,Below 50k,D19,valerie.iyer9@example.com,+65 98470350,POL-0006185,11-10-2025,15-11-2025,PRUTerm Secure,Protection,Broker,Semi-Annual,2112.99,2357000,2112.99,0.2406,5,Inforce,9,N,,Y,,N,,,,,22,N,,,,,,,,N,N,0.99,9,,,,,,AGT-00013,Iskandar Sharma,MDRT,159,AU-10,Active,78.2,0.219,False,False,False,False,POL0006185|VALERIEIYER|19900615,FUZZY_DUPLICATE
RID-0011474,CLAIMS_SYS,28-05-2026 14:31,CUS-006643,Lakshmi Ng,Female,09-06-1995,31,Widowed,Citizen,Professional,69127,50k-100k,D16,lakshmi.ng151@example.com,+65 88633160,POL-0011474,28-03-2026,05-04-2026,PRUExtra Care,Health & IP,Bancassurance,Annual,6566.46,1104000,6566.46,0.1721,99,Inforce,4,N,,Y,Private Hospital,N,,,,,0,Y,,,,,,,,N,N,0.54,7,,,,,,,,,,,,,,False,False,False,False,POL0011474|LAKSHMING|19950609,FUZZY_DUPLICATE
RID-0048355,CLAIMS_SYS,28-05-2026 16:13,CUS-023624,Divya Mitchell,Female,07-11-1989,37,Married,Citizen,Retired,118142,100k-200k,D14,DIVYA.MITCHELL469@EXAMPLE.COM,97672662,POL-0017805,07-11-2025,10-11-2025,PRUShield A Plus,Health & IP,Digital,Annual,"S$1,568.55",1077000,1568.55,0.159,20,Inforce,9,N,,Y,Private Hospital,Y,607.84,607.84,0,0,57,N,,,,,,,,N,N,0.43,5,,,,,,,,,,,,,,False,False,False,False,POL0017805|DIVYAMITCHELL|19891107,FUZZY_DUPLICATE
RID-0014624,AGENCY_MGMT,28-05-2026 21:29,CUS-030570,Marcus Fraser,Male,19-08-1985,41,Married,Employment Pass,Retired,59598,50k-100k,D08,marcus.fraser432@example.com,+65 92702270,POL-0014624,04-01-2025,08-01-2025,PRUExtra Care,Health & IP,Agency,Annual,1904.68,869000,1904.68,0.1966,10,Inforce,20,N,,Y,Public B1-Ward,Y,859.6,859.6,0,2500,25,N,CLM-0014624,29-08-2026,Death Benefit,3597.26,Approved,,31,N,N,0.11,7,ASR-0053,25000,N,N,0.176,AGT-01176,Rachel Koh,Established,26,AU-21,Active,96.7,0.253,False,False,False,False,POL0014624|MARCUSFRASER|19850819,FUZZY_DUPLICATE
RID-0047742,CRM,28-05-2026 22:22,CUS-003886,Zulkifli Kumar,Male,24-10-1986,40,Single,Citizen,Executive,55439,50k-100k,D09,ZULKIFLI.KUMAR14@EXAMPLE.COM,98421934,POL-0021113,10-02-2024,16-02-2024,PRUFlexiCash,Savings & Wealth,Agency,Monthly,"S$6,575.23",315000,6575.23,0.0468,10,Inforce,30,N,,Y,,N,,,,,15,N,,,,,,,,N,N,0.49,8,,,,,,AGT-00867,Marcus Menon,Established,60,AU-09,Active,85.1,0.367,False,False,False,False,POL0021113|ZULKIFLIKUMAR|19861024,FUZZY_DUPLICATE
RID-0045988,CLAIMS_SYS,28-05-2026 22:50,CUS-007046,Daniel Pillai,Male,05-09-1989,37,Single,Citizen,Sales,104433,100k-200k,D02,daniel.pillai32@example.com,+65 87384473,POL-0045988,20-02-2026,12-03-2026,PRUFlexiCash,Savings & Wealth,Bancassurance,Quarterly,42737.63,150000,42737.63,0.0645,99,Inforce,5,N,,Y,,N,,,,,85,N,CLM-0045988,17-05-2026,Hospitalisation,3980.48,Approved,,34,N,N,0.35,7,ASR-0056,50000,N,N,0.297,,,,,,,,,False,False,False,False,POL0045988|DANIELPILLAI|19890905,FUZZY_DUPLICATE
RID-0017340,CRM,28-06-2026 00:23,CUS-003097,Hakim Low,Male,27-12-1952,74,Widowed,Citizen,Retired,52112,50k-100k,D27,hakim.low157@example.com,+65 97501490,POL-0017340,17-05-2024,26-05-2024,PRUShield Premier,Health & IP,Agency,Monthly,5659.31,672000,5659.31,0.1222,30,Inforce,27,N,,Y,Public A-Ward,Y,2835.02,2835.02,0,2500,26,N,CLM-0017340,22-03-2025,Disability,8577.25,Approved,,25,N,N,0.86,8,ASR-0004,100000,N,N,0.231,AGT-00562,Kavitha Teo,New,7,AU-10,Active,33.9,0.086,False,False,False,False,POL0017340|HAKIMLOW|19521227,FUZZY_DUPLICATE
RID-0025982,CLAIMS_SYS,28-06-2026 01:18,CUS-004748,Joanne Chan,Female,19-01-1986,40,Single,Citizen,Civil Service,315027,200k-400k,D26,joanne.chan355@example.com,+65 93685666,POL-0025982,20-05-2026,12-06-2026,PRUCritical Cover,Protection,Bancassurance,Monthly,5671.72,973000,5671.72,0.2467,5,Inforce,2,N,,Y,,N,,,,,22,Y,CLM-0025982,15-08-2026,Maternity,6205.96,Approved,,12,N,N,0.23,7,ASR-0027,25000,N,N,0.129,,,,,,,,,False,False,False,False,POL0025982|JOANNECHAN|19860119,FUZZY_DUPLICATE
RID-0004573,CRM,28-06-2026 05:27,CUS-037616,Meera Wright,Female,26-12-1990,36,Single,Citizen,Technician,42117,Below 50k,D01,meera.wright404@example.com,+65 96381404,POL-0004573,05-07-2024,06-08-2024,PRUSave Endowment,Savings & Wealth,Bancassurance,Monthly,33854.24,451000,33854.24,0.0341,99,Inforce,25,N,,Y,,N,,,,,58,N,,,,,,,,N,N,-0.08,7,,,,,,,,,,,,,,False,False,False,False,POL0004573|MEERAWRIGHT|19901226,FUZZY_DUPLICATE
RID-0005568,CRM,28-06-2026 06:27,CUS-025867,Divya Hassan,Female,20-11-1982,44,Widowed,Citizen,Self-Employed,99560,50k-100k,D13,divya.hassan55@example.com,+65 87252067,POL-0005568,13-04-2026,08-05-2026,PRUFlexiCash,Savings & Wealth,Agency,Annual,36566.09,273000,36566.09,0.0893,25,Inforce,3,N,,Y,,N,,,,,55,Y,CLM-0005568,28-06-2026,Critical Illness,675.06,Approved,,17,N,N,0.65,6,ASR-0016,100000,N,N,0.323,AGT-00795,Nurul Aisyah Yeo,Established,13,AU-19,Active,80.8,0.318,False,False,False,False,POL0005568|DIVYAHASSAN|19821120,FUZZY_DUPLICATE
RID-0048348,POLICY_ADMIN,28-06-2026 10:19,CUS-017317,NurulAisyahKoh,Female,09-05-1980,46,Single,Citizen,Professional,30000,Below 50k,D26,NURUL.AISYAH.KOH428@EXAMPLE.COM,99659056,POL-0025882,23-02-2025,21-03-2025,PRUShield Standard,Health & IP,Broker,Annual,"S$3,913.41",458000,3913.41,0.1325,15,Inforce,17,N,,Y,Public A-Ward,Y,1780.14,1780.14,0,2500,152,N,,,,,,,,N,N,0.63,10,,,,,,AGT-00172,Joanne Sharma,Established,57,AU-04,Active,39.4,0.072,False,False,False,False,POL0025882|NURULAISYAHKOH|19800509,FUZZY_DUPLICATE
RID-0015554,POLICY_ADMIN,28-06-2026 10:30,CUS-037957,Xin Yi Rahman,Female,03-09-1980,46,Divorced,Foreigner,Retired,47328,Below 50k,D15,xin.yi.rahman131@example.com,+65 99622254,POL-0015554,03-02-2026,07-02-2026,PRUExtra Care,Health & IP,Agency,Monthly,6662.72,345000,6662.72,0.1721,99,Inforce,6,N,,Y,Public B1-Ward,Y,3274.16,3274.16,0,2500,150,N,CLM-0015554,10-02-2026,Accident,12704.51,Partially Approved,,7,N,N,0.44,6,ASR-0060,10000,N,N,0.256,AGT-00864,Rohan Sim,New,3,AU-15,Active,23.5,0.073,False,False,False,False,POL0015554|XINYIRAHMAN|19800903,FUZZY_DUPLICATE
RID-0048273,CRM,28-06-2026 11:45,CUS-028208,KAI XUAN TAN,Male,08-03-1976,50,Single,Permanent Resident,Retired,81882,50k-100k,D04,KAI.XUAN.TAN319@EXAMPLE.COM,89264357,POL-0000960,22-12-2025,11-01-2026,PRUShield Standard,Health & IP,Bancassurance,Monthly,"S$1,290.48",1178000,1290.48,0.1759,15,Inforce,7,N,,Y,Public B1-Ward,Y,532.34,532.34,0,1500,51,Y,CLM-0000960,21-01-2026,Outpatient Specialist,458.33,Approved,,13,N,N,0.22,9,ASR-0031,100000,N,N,0.284,,,,,,,,,False,False,False,False,POL0000960|KAIXUANTAN|19760308,FUZZY_DUPLICATE
RID-0047745,POLICY_ADMIN,28-06-2026 13:24,CUS-007641,Kavitha Ibrahim,Female,20-10-1987,39,Widowed,Citizen,Retired,69775,50k-100k,D10,KAVITHA.IBRAHIM186@EXAMPLE.COM,82888418,POL-0006831,22-09-2023,01-10-2023,PRUVantage Legacy,Savings & Wealth,Bancassurance,Monthly,"S$22,404.61",387000,22404.61,0.0526,10,Inforce,35,N,,Y,,N,,,,,0,N,,,,,,,,N,N,0.81,9,,,,,,,,,,,,,,False,False,False,False,POL0006831|KAVITHAIBRAHIM|19871020,FUZZY_DUPLICATE
RID-0025543,CRM,28-07-2026 04:06,CUS-017597,Farah Ng,Female,12-01-1998,28,Widowed,Citizen,Professional,75691,50k-100k,D08,farah.ng485@example.com,+65 84660857,POL-0025543,12-06-2026,16-07-2026,PRUActive Term,Protection,Broker,Annual,777.06,1755000,777.06,0.3362,15,Inforce,1,N,,Y,,N,,,,,130,N,CLM-0025543,06-08-2026,Critical Illness,4698.42,Partially Approved,,23,N,Y,-0.42,2,ASR-0056,50000,N,Y,0.028,AGT-01081,Nicholas Nair,Senior,121,AU-26,Active,66.8,0.221,False,False,False,False,POL0025543|FARAHNG|19980112,FUZZY_DUPLICATE
RID-0014181,CRM,28-07-2026 05:26,CUS-026094,Denise Bennett,Female,14-02-1995,31,Married,Citizen,Executive,31021,Below 50k,D04,denise.bennett345@example.com,+65 96609930,POL-0014181,05-08-2023,11-08-2023,PRUSave Endowment,Savings & Wealth,Bancassurance,Monthly,32352.02,370000,32352.02,0.0522,30,Inforce,37,N,,Y,,N,,,,,177,Y,CLM-0014181,05-11-2023,Death Benefit,18186.01,Approved,,1,N,N,0.36,7,ASR-0060,10000,N,N,0.419,,,,,,,,,False,False,False,False,POL0014181|DENISEBENNETT|19950214,FUZZY_DUPLICATE
RID-0007032,CLAIMS_SYS,28-07-2026 07:45,CUS-026431,Lakshmi Kumar,Female,02-08-1964,62,Widowed,Employment Pass,Education,249960,200k-400k,D15,lakshmi.kumar48@example.com,+65 98246945,POL-0007032,25-02-2023,27-03-2023,PRUShield Premier,Health & IP,Digital,Annual,3670.49,591000,3670.49,0.1893,15,Matured,41,N,,Y,Public B1-Ward,Y,1929.12,1929.12,0,0,78,N,,,,,,,,N,N,0.8,10,,,,,,,,,,,,,,False,False,False,False,POL0007032|LAKSHMIKUMAR|19640802,FUZZY_DUPLICATE
RID-0048284,CRM,28-07-2026 13:15,CUS-009351,PriyaFoo,Female,01-06-1986,40,Single,Citizen,Manager,147892,100k-200k,D11,PRIYA.FOO461@EXAMPLE.COM,88568441,POL-0008218,31-05-2025,20-06-2025,PRUCritical Cover,Protection,Agency,Annual,"S$1,043.16",838000,1043.16,0.2536,30,Inforce,14,N,,Y,,N,,,,,136,Y,,,,,,,,N,N,0.13,7,,,,,,AGT-00670,Lakshmi Chua,New,9,AU-39,Active,66.5,0.189,False,False,False,False,POL0008218|PRIYAFOO|19860601,FUZZY_DUPLICATE
RID-0046901,CLAIMS_SYS,28-07-2026 14:10,CUS-030151,Rachel Goh,Female,23-06-2005,21,Single,Permanent Resident,Civil Service,90461,50k-100k,D27,rachel.goh444@example.com,+65 92936477,POL-0046901,14-06-2024,22-07-2024,PRULink Global Growth,Investment-Linked,Bancassurance,Monthly,20250.97,870000,20250.97,0.121,25,Inforce,25,N,,Y,,N,,,,,136,N,CLM-0046901,14-06-2025,Accident,1299.88,Approved,,18,N,N,0.53,9,ASR-0011,50000,N,N,0.173,,,,,,,,,False,False,False,False,POL0046901|RACHELGOH|20050623,FUZZY_DUPLICATE
RID-0047818,CLAIMS_SYS,28-07-2026 20:06,CUS-019255,DIVYA HASSAN,Female,19-11-1985,41,Divorced,Citizen,Professional,55371,50k-100k,D21,DIVYA.HASSAN195@EXAMPLE.COM,89047665,POL-0020868,31-05-2024,27-06-2024,PRUSave Endowment,Savings & Wealth,Bancassurance,Monthly,"S$44,482.34",426000,44482.34,0.0407,30,Inforce,26,N,,Y,,N,,,,,238,N,,,,,,,,N,N,0.01,10,,,,,,,,,,,,,,False,False,False,False,POL0020868|DIVYAHASSAN|19851119,FUZZY_DUPLICATE
RID-0047995,CLAIMS_SYS,28-07-2026 21:30,CUS-002629,FaisalKoh,Male,13-03-1978,48,Married,Citizen,Retired,66953,50k-100k,D18,FAISAL.KOH188@EXAMPLE.COM,82620540,POL-0032583,02-06-2026,03-06-2026,PRUFlexiCash,Savings & Wealth,Agency,Monthly,"S$7,878.51",308000,7878.51,0.0701,20,Inforce,3,N,,Y,,N,,,,,33,N,CLM-0032583,14-06-2026,Death Benefit,1243.68,Approved,,1,N,N,0.9,7,ASR-0055,5000,N,N,0.054,AGT-00057,Chee Keong Wong,Senior,159,AU-36,Active,30,0.348,False,False,False,False,POL0032583|FAISALKOH|19780313,FUZZY_DUPLICATE
RID-0048467,AGENCY_MGMT,28-08-2026 08:39,CUS-037498,Yong Sheng Chong,Male,14-11-1973,53,Single,Permanent Resident,Sales,195367,100k-200k,D19,YONG.SHENG.CHONG466@EXAMPLE.COM,99066878,POL-0007984,29-06-2026,28-07-2026,PRUVantage Legacy,Savings & Wealth,Agency,Semi-Annual,"S$14,926.95",373000,14926.95,0.0383,99,Inforce,1,N,,Y,,N,,,,,204,N,CLM-0007984,22-08-2026,Day Surgery,3248.55,Approved,,3,N,N,1,8,ASR-0013,100000,N,N,0.899,AGT-00353,Joanne Toh,Senior,172,AU-06,Active,92.7,0.507,False,False,False,False,POL0007984|YONGSHENGCHONG|19731114,FUZZY_DUPLICATE
RID-0011310,POLICY_ADMIN,28-08-2026 10:47,CUS-006843,Divya Koh,Female,18-06-1972,54,Divorced,Citizen,Sales,30000,Below 50k,D26,divya.koh402@example.com,+65 92548348,POL-0011310,10-01-2026,31-01-2026,PRUWealth Plus,Savings & Wealth,Digital,Annual,53525.31,119000,53525.31,0.0945,10,Inforce,7,N,,Y,,N,,,,,119,N,CLM-0011310,13-02-2026,Death Benefit,10233.62,Approved,,19,N,N,0.65,10,ASR-0001,50000,N,N,0.017,,,,,,,,,False,False,False,False,POL0011310|DIVYAKOH|19720618,FUZZY_DUPLICATE
RID-0048051,CRM,28-08-2026 16:28,CUS-006724,Zarina Pillai,Female,22-05-1953,73,Divorced,Citizen,Manager,104192,100k-200k,D22,ZARINA.PILLAI65@EXAMPLE.COM,95261689,POL-0006092,21-11-2024,27-11-2024,PRUWealth Plus,Savings & Wealth,Agency,Annual,"S$15,152.49",364000,15152.49,0.0886,30,Matured,21,N,,Y,,N,,,,,96,N,CLM-0006092,02-08-2025,Critical Illness,911.96,Approved,,14,N,N,0.23,8,ASR-0043,5000,N,N,0.015,AGT-00491,Denise Kamal,New,2,AU-08,Active,76.5,0.758,False,False,False,False,POL0006092|ZARINAPILLAI|19530522,FUZZY_DUPLICATE
RID-0048095,AGENCY_MGMT,28-08-2026 20:57,CUS-007216,AMINAH TOH,Female,03-01-1987,39,Single,Employment Pass,Technician,57068,50k-100k,D03,AMINAH.TOH170@EXAMPLE.COM,93078885,POL-0021455,02-08-2023,12-09-2023,PRUFlexiCash,Savings & Wealth,Bancassurance,Annual,"S$26,328.18",278000,26328.18,0.0671,15,Inforce,36,N,,Y,,N,,,,,185,N,,,,,,,,N,N,0.36,8,,,,,,,,,,,,,,False,False,False,False,POL0021455|AMINAHTOH|19870103,FUZZY_DUPLICATE
RID-0047893,POLICY_ADMIN,29-03-2026 00:35,CUS-008972,KavithaNair,Female,12-02-1993,33,Divorced,Permanent Resident,Professional,84428,50k-100k,D20,KAVITHA.NAIR285@EXAMPLE.COM,84333478,POL-0036247,22-08-2023,24-08-2023,PRUFlexiCash,Savings & Wealth,Bancassurance,Monthly,"S$47,223.56",466000,47223.56,0.0797,30,Inforce,36,N,,Y,,N,,,,,38,N,CLM-0036247,26-06-2026,Hospitalisation,11351.21,Approved,,38,N,N,0.69,6,ASR-0015,25000,N,N,0.564,,,,,,,,,False,False,False,False,POL0036247|KAVITHANAIR|19930212,FUZZY_DUPLICATE
RID-0048153,CRM,29-03-2026 08:10,CUS-002894,EDWIN TOH,Male,17-01-1966,60,Widowed,Permanent Resident,Professional,73233,50k-100k,D22,EDWIN.TOH310@EXAMPLE.COM,99920867,POL-0042030,16-02-2024,01-03-2024,PRUSave Endowment,Savings & Wealth,Agency,Annual,"S$59,250.90",114000,59250.9,0.0399,25,Inforce,30,N,,Y,,N,,,,,136,N,CLM-0042030,29-10-2025,Accident,24578.13,Approved,,13,N,N,0.51,9,ASR-0034,100000,N,N,0.186,AGT-00621,Priya Kumar,Established,69,AU-11,Active,46.8,0.642,False,False,False,False,POL0042030|EDWINTOH|19660117,FUZZY_DUPLICATE
RID-0001405,CRM,29-03-2026 17:28,CUS-018799,Deepak Reddy,Male,13-05-1963,63,Single,Citizen,Education,71306,50k-100k,D27,deepak.reddy214@example.com,+65 95530177,POL-0001405,23-11-2023,09-12-2023,PRUSelect Vantage,Investment-Linked,Bancassurance,Monthly,40628.93,368000,40628.93,0.1149,10,Lapsed,33,Y,18-03-2026,Y,,N,,,,,32,N,CLM-0001405,24-06-2024,Disability,5215.23,Approved,,1,N,N,0.43,6,ASR-0018,25000,N,N,0.234,,,,,,,,,False,False,False,False,POL0001405|DEEPAKREDDY|19630513,FUZZY_DUPLICATE
RID-0047527,CLAIMS_SYS,29-03-2026 22:49,CUS-025128,Xin Yi Neo,Female,27-03-1979,47,Widowed,Citizen,Education,148282,100k-200k,D28,XIN.YI.NEO333@EXAMPLE.COM,98537680,POL-0038822,24-08-2024,27-08-2024,PRUActive Term,Protection,Bancassurance,Semi-Annual,"S$1,465.57",1698000,1465.57,0.2882,30,Inforce,24,N,,Y,,N,,,,,0,N,CLM-0038822,13-07-2025,Disability,6336.7,Approved,,6,N,N,0.39,9,ASR-0036,25000,N,N,0.359,,,,,,,,,False,False,False,False,POL0038822|XINYINEO|19790327,FUZZY_DUPLICATE
RID-0042885,POLICY_ADMIN,29-04-2026 04:42,CUS-017048,Denise Pillai,Female,12-11-1986,40,Married,Citizen,Executive,141836,100k-200k,D26,denise.pillai372@example.com,+65 82553977,POL-0042885,28-04-2023,17-05-2023,PRUWealth Plus,Savings & Wealth,Direct,Monthly,22449.59,83000,22449.59,0.0638,15,Inforce,40,N,,Y,,N,,,,,70,N,CLM-0042885,30-10-2024,Death Benefit,6253.55,Approved,,34,N,N,-0.1,7,ASR-0014,5000,N,N,0.276,,,,,,,,,False,False,False,False,POL0042885|DENISEPILLAI|19861112,FUZZY_DUPLICATE
RID-0032277,POLICY_ADMIN,29-04-2026 06:29,CUS-010205,Divya Raj,Female,10-03-1977,49,Single,Citizen,Executive,173922,100k-200k,D16,divya.raj200@example.com,+65 98148391,POL-0032277,01-10-2025,07-11-2025,PRUSelect Vantage,Investment-Linked,Agency,Annual,40797.12,207000,40797.12,0.1644,25,Inforce,9,N,,Y,,N,,,,,185,N,,,,,,,,N,N,0.83,7,,,,,,AGT-00003,Daniel Menon,Established,37,AU-37,Active,39.3,0.124,False,False,False,False,POL0032277|DIVYARAJ|19770310,FUZZY_DUPLICATE
RID-0015174,POLICY_ADMIN,29-04-2026 09:59,CUS-028702,Kavitha Neo,Female,17-09-1988,38,Single,Employment Pass,Sales,81192,50k-100k,D24,kavitha.neo60@example.com,+65 81948687,POL-0015174,28-04-2023,10-05-2023,PRUExtra Care,Health & IP,Agency,Annual,5733.15,762000,5733.15,0.2049,99,Inforce,40,N,,Y,Public B1-Ward,Y,2391.92,2391.92,0,0,45,N,,,,,,,,N,N,0.23,7,,,,,,AGT-00003,Daniel Menon,Established,37,AU-37,Active,39.3,0.124,False,False,False,False,POL0015174|KAVITHANEO|19880917,FUZZY_DUPLICATE
RID-0048448,CRM,29-04-2026 13:57,CUS-001233,Divya Toh,Female,15-07-2001,25,Widowed,Citizen,Self-Employed,71696,50k-100k,D15,DIVYA.TOH201@EXAMPLE.COM,83546057,POL-0011785,03-03-2025,18-03-2025,PRUShield Life,Protection,Agency,Annual,"S$5,074.95",882000,5074.95,0.3121,15,Inforce,17,N,,Y,,N,,,,,69,Y,,,,,,,,N,N,0.88,8,,,,,,AGT-00228,Hui Ling Kamal,Established,79,AU-17,Active,79.5,0.064,False,False,False,False,POL0011785|DIVYATOH|20010715,FUZZY_DUPLICATE
RID-0023111,CLAIMS_SYS,29-04-2026 15:02,CUS-034873,Hui Ling Salleh,Female,25-03-1982,44,Single,Employment Pass,Healthcare,93163,50k-100k,D12,hui.ling.salleh111@example.com,+65 93989585,POL-0023111,22-12-2023,09-01-2024,PRUWealth Plus,Savings & Wealth,Agency,Quarterly,43221.73,453000,43221.73,0.0778,15,Inforce,32,N,,Y,,N,,,,,37,N,CLM-0023111,03-12-2025,Maternity,1145.81,Partially Approved,,15,N,N,0.43,6,ASR-0039,100000,N,N,0.333,AGT-00587,Meera Wright,Established,83,AU-39,Active,99.6,0.031,False,False,False,False,POL0023111|HUILINGSALLEH|19820325,FUZZY_DUPLICATE
RID-0009944,POLICY_ADMIN,29-04-2026 15:02,CUS-024692,Siti Nadia Aziz,Female,01-06-1983,43,Single,Citizen,Education,96620,50k-100k,D09,siti.nadia.aziz120@example.com,+65 97359092,POL-0009944,24-11-2023,02-01-2024,PRUShield A Plus,Health & IP,Agency,Semi-Annual,659.22,807000,659.22,0.2093,30,Lapsed,32,Y,09-10-2024,N,Private Hospital,Y,185.45,185.45,0,1500,29,Y,,,,,,,,N,N,0.94,6,,,,,,AGT-01144,Edwin Sim,Senior,86,AU-05,On Notice,52.2,0.702,False,False,False,False,POL0009944|SITINADIAAZIZ|19830601,FUZZY_DUPLICATE
RID-0047540,AGENCY_MGMT,29-04-2026 19:26,CUS-034130,Marcus Nair,Male,28-01-1960,66,Widowed,Citizen,Professional,114711,100k-200k,D02,MARCUS.NAIR60@EXAMPLE.COM,98692596,POL-0003313,04-06-2023,09-06-2023,PRUWealth Plus,Savings & Wealth,Broker,Annual,"S$32,112.47",320000,32112.47,0.0914,25,Inforce,39,N,,Y,,N,,,,,125,N,,,,,,,,N,N,0.3,5,,,,,,AGT-00835,Jia Hui Seah,New,7,AU-16,Active,93.2,0.183,False,False,False,False,POL0003313|MARCUSNAIR|19600128,FUZZY_DUPLICATE
RID-0008011,CLAIMS_SYS,29-05-2026 00:36,CUS-030060,Chee Keong Sharma,Male,20-01-1981,45,Married,Citizen,Education,107107,100k-200k,D09,chee.keong.sharma121@example.com,+65 88336336,POL-0008011,04-10-2024,06-10-2024,PRUFlexiCash,Savings & Wealth,Agency,Annual,23673.34,33000,23673.34,0.0615,30,Inforce,23,N,,Y,,N,,,,,11,N,CLM-0008011,26-12-2025,Outpatient Specialist,17642.83,Partially Approved,,15,N,N,0.54,9,ASR-0055,5000,N,N,0.316,AGT-01002,Arjun Nair,New,4,AU-34,Active,48.7,0.381,False,False,False,False,POL0008011|CHEEKEONGSHARMA|19810120,FUZZY_DUPLICATE
RID-0039483,AGENCY_MGMT,29-05-2026 01:38,CUS-021217,Vikram Bennett,Male,10-09-2003,23,Divorced,Permanent Resident,Civil Service,144922,100k-200k,D07,vikram.bennett18@example.com,+65 98166041,POL-0039483,01-11-2024,08-12-2024,PRUWealth Plus,Savings & Wealth,Bancassurance,Monthly,14547.43,292000,14547.43,0.0564,5,Inforce,21,N,,Y,,N,,,,,0,N,,,,,,,,N,N,0.85,10,,,,,,,,,,,,,,False,False,False,False,POL0039483|VIKRAMBENNETT|20030910,FUZZY_DUPLICATE
RID-0048372,CRM,29-05-2026 21:36,CUS-005106,ZhiHaoHo,Male,25-09-1992,34,Single,Citizen,Self-Employed,77021,50k-100k,D10,ZHI.HAO.HO406@EXAMPLE.COM,99258823,POL-0021172,30-09-2023,12-11-2023,PRUShield A Plus,Health & IP,Bancassurance,Monthly,"S$5,601.30",491000,5601.3,0.1456,15,Lapsed,34,Y,26-01-2026,Y,Public A-Ward,Y,2121.75,2121.75,0,1500,68,N,,,,,,,,N,N,0.62,8,,,,,,,,,,,,,,False,False,False,False,POL0021172|ZHIHAOHO|19920925,FUZZY_DUPLICATE
RID-0048040,CLAIMS_SYS,29-06-2026 02:25,CUS-016152,XIN YI BENNETT,Female,12-11-1978,48,Divorced,Citizen,Technician,76996,50k-100k,D22,XIN.YI.BENNETT61@EXAMPLE.COM,86477312,POL-0018803,27-02-2025,13-04-2025,PRUShield Life,Protection,Agency,Semi-Annual,"S$5,122.49",2923000,5122.49,0.2973,99,Inforce,16,N,,Y,,N,,,,,264,N,,,,,,,,N,N,0.95,9,,,,,,AGT-00176,Arjun Chua,Established,43,AU-20,Active,49.2,0.048,False,False,False,False,POL0018803|XINYIBENNETT|19781112,FUZZY_DUPLICATE
RID-0048356,CRM,29-06-2026 04:50,CUS-013900,MEERA SIM,Female,06-10-1999,27,Widowed,Permanent Resident,Sales,67665,50k-100k,D04,MEERA.SIM322@EXAMPLE.COM,82852080,POL-0045640,18-11-2024,21-11-2024,PRULink Global Growth,Investment-Linked,Bancassurance,Quarterly,"S$27,512.68",505000,27512.68,0.1064,15,Inforce,21,N,,Y,,N,,,,,23,N,CLM-0045640,26-11-2024,Day Surgery,39938.04,Approved,,13,N,N,-0.06,9,ASR-0019,100000,N,N,0.364,,,,,,,,,False,False,False,False,POL0045640|MEERASIM|19991006,FUZZY_DUPLICATE
RID-0047822,CRM,29-06-2026 07:07,CUS-001664,Kavitha Wright,Female,06-03-1982,44,Single,Citizen,Self-Employed,94847,50k-100k,D09,KAVITHA.WRIGHT478@EXAMPLE.COM,98598572,POL-0015953,09-05-2024,10-05-2024,PRUActive Term,Protection,Digital,Annual,"S$6,033.58",2138000,6033.58,0.2441,99,Inforce,28,N,,Y,,N,,,,,13,N,CLM-0015953,12-03-2026,Disability,4433.69,Approved,,25,N,N,0.14,9,ASR-0031,100000,N,N,0.001,,,,,,,,,False,False,False,False,POL0015953|KAVITHAWRIGHT|19820306,FUZZY_DUPLICATE
RID-0039925,AGENCY_MGMT,29-06-2026 08:24,CUS-036464,Kavitha Pillai,Female,16-06-1990,36,Single,Citizen,Professional,173523,100k-200k,D24,kavitha.pillai251@example.com,+65 81186260,POL-0039925,18-06-2023,21-07-2023,PRUShield Premier,Health & IP,Agency,Semi-Annual,6278.55,456000,6278.55,0.1581,25,Inforce,37,N,,Y,Public A-Ward,Y,1859.05,1859.05,0,0,0,Y,CLM-0039925,22-08-2026,Day Surgery,6709.79,Declined,Outside panel provider,16,N,N,-0.19,7,ASR-0048,25000,N,N,0.255,AGT-00102,Anjali Aziz,Established,86,AU-31,Active,74.2,0.41,False,False,False,False,POL0039925|KAVITHAPILLAI|19900616,FUZZY_DUPLICATE
RID-0027747,POLICY_ADMIN,29-06-2026 08:54,CUS-018114,Xin Yi Wong,Female,21-12-1980,46,Single,Citizen,Healthcare,226214,200k-400k,D10,xin.yi.wong117@example.com,+65 96256233,POL-0027747,07-08-2023,12-09-2023,PRUFlexiCash,Savings & Wealth,Bancassurance,Annual,11908.34,113000,11908.34,0.0441,10,Inforce,36,N,,Y,,N,,,,,104,Y,,,,,,,,N,N,0.44,7,,,,,,,,,,,,,,False,False,False,False,POL0027747|XINYIWONG|19801221,FUZZY_DUPLICATE
RID-0047735,CLAIMS_SYS,29-07-2026 00:02,CUS-018527,CHERYL KUMAR,Female,15-11-1981,45,Widowed,Citizen,Professional,101789,100k-200k,D17,CHERYL.KUMAR450@EXAMPLE.COM,82082440,POL-0028915,06-07-2025,19-08-2025,PRUExtra Care,Health & IP,Agency,Annual,"S$3,086.72",264000,3086.72,0.192,10,Inforce,12,N,,Y,Public B1-Ward,Y,1494.29,1494.29,0,2500,365,N,CLM-0028915,05-12-2025,Day Surgery,2605.8,Approved,,10,N,N,0.09,7,ASR-0017,50000,N,N,0.147,AGT-00342,Zarina Neo,New,11,AU-11,Active,88.8,0.7,False,False,False,False,POL0028915|CHERYLKUMAR|19811115,FUZZY_DUPLICATE
RID-0048457,POLICY_ADMIN,29-07-2026 01:39,CUS-010751,Aravind Chua,Male,09-04-1993,33,Married,Citizen,Technician,62946,50k-100k,D03,ARAVIND.CHUA150@EXAMPLE.COM,91884778,POL-0017098,21-03-2024,21-04-2024,PRUSave Endowment,Savings & Wealth,Direct,Quarterly,"S$59,056.03",416000,59056.03,0.0598,10,Inforce,28,N,,Y,,N,,,,,0,N,CLM-0017098,14-03-2026,Disability,14031.07,Pending,,51,N,N,0.98,9,ASR-0038,100000,N,N,0.409,,,,,,,,,False,False,False,False,POL0017098|ARAVINDCHUA|19930409,FUZZY_DUPLICATE
RID-0048498,CLAIMS_SYS,29-07-2026 06:15,CUS-020261,Divya Ong,Female,09-08-1982,44,Divorced,Citizen,Education,118919,100k-200k,D09,DIVYA.ONG257@EXAMPLE.COM,88929613,POL-0000804,17-06-2023,26-06-2023,PRULink Assurance,Investment-Linked,Agency,Annual,"S$29,868.35",587000,29868.35,0.1595,99,Inforce,38,N,,Y,,N,,,,,39,Y,,,,,,,,N,N,0.28,6,,,,,,AGT-01151,Marcus Turner,Established,28,AU-26,Resigned,40,0.214,False,False,False,False,POL0000804|DIVYAONG|19820809,FUZZY_DUPLICATE
RID-0048135,CLAIMS_SYS,29-07-2026 06:50,CUS-034077,DENISE HO,Female,01-12-1997,29,Married,Citizen,Manager,134185,100k-200k,D22,DENISE.HO442@EXAMPLE.COM,96999367,POL-0020592,09-05-2023,14-06-2023,PRUVantage Legacy,Savings & Wealth,Agency,Monthly,"S$56,619.22",241000,56619.22,0.0618,15,Inforce,39,N,,Y,,N,,,,,31,N,CLM-0020592,01-07-2023,Outpatient Specialist,3854.77,Approved,,22,N,N,-0.12,7,ASR-0060,10000,N,N,0.129,AGT-00277,Faisal Tan,Established,21,AU-09,Active,39.9,0.279,False,False,False,False,POL0020592|DENISEHO|19971201,FUZZY_DUPLICATE
RID-0047596,CRM,29-07-2026 10:46,CUS-002042,MarcusTeo,Male,14-05-1970,56,Married,Citizen,Self-Employed,88186,50k-100k,D01,MARCUS.TEO84@EXAMPLE.COM,87381324,POL-0028585,28-11-2025,14-12-2025,PRUTerm Secure,Protection,Agency,Monthly,"S$7,122.31",1766000,7122.31,0.2962,99,Inforce,8,N,,Y,,N,,,,,38,N,CLM-0028585,08-08-2026,Death Benefit,4068.73,Declined,Policy exclusion clause,9,Y,N,0.11,8,ASR-0005,10000,N,N,0.157,AGT-00396,Iskandar Bennett,Established,64,AU-05,Active,89.5,0.366,False,False,False,False,POL0028585|MARCUSTEO|19700514,FUZZY_DUPLICATE
RID-0037591,POLICY_ADMIN,29-07-2026 11:38,CUS-016714,Lakshmi Chan,Female,09-11-1977,49,Widowed,Citizen,Manager,334387,200k-400k,D07,lakshmi.chan90@example.com,+65 86884282,POL-0037591,23-10-2023,15-11-2023,PRUShield Standard,Health & IP,Agency,Monthly,6323.85,433000,6323.85,0.1221,99,Inforce,34,N,,Y,Private Hospital,N,,,,,45,Y,CLM-0037591,16-03-2024,Accident,4764.64,Withdrawn,,19,N,Y,-0.37,5,ASR-0024,50000,N,N,0.246,AGT-00628,Jun Hao Osman,Established,57,AU-27,Active,84.5,0.074,False,False,False,False,POL0037591|LAKSHMICHAN|19771109,FUZZY_DUPLICATE
RID-0040683,CLAIMS_SYS,29-07-2026 11:43,CUS-030207,Samantha Chua,Female,28-03-1987,39,Single,Permanent Resident,Manager,30000,Below 50k,D27,samantha.chua112@example.com,+65 95710222,POL-0040683,21-06-2025,28-06-2025,PRUShield Life,Protection,Agency,Quarterly,1060.79,202000,1060.79,0.2436,25,Inforce,14,N,,Y,,N,,,,,0,N,,,,,,,,N,N,0.7,5,,,,,,AGT-00557,Priya Tan,New,6,AU-32,Resigned,31.6,0.417,False,False,False,False,POL0040683|SAMANTHACHUA|19870328,FUZZY_DUPLICATE
RID-0025000,AGENCY_MGMT,29-07-2026 15:42,CUS-006992,Suresh Reddy,Male,27-10-2005,21,Married,Citizen,Technician,87260,50k-100k,D10,suresh.reddy57@example.com,+65 82404401,POL-0025000,20-09-2024,15-10-2024,PRULink Global Growth,Investment-Linked,Agency,Semi-Annual,19666.51,265000,19666.51,0.1278,5,Inforce,22,N,,Y,,N,,,,,22,N,,,,,,,,N,N,0.83,8,,,,,,AGT-00706,Joanne Salleh,Established,60,AU-11,Active,71.2,0.69,False,False,False,False,POL0025000|SURESHREDDY|20051027,FUZZY_DUPLICATE
RID-0023679,POLICY_ADMIN,29-07-2026 21:04,CUS-001595,Valerie Raj,Female,21-08-1981,45,Married,Permanent Resident,Retired,188583,100k-200k,D22,valerie.raj250@example.com,+65 98094690,POL-0023679,14-02-2025,30-03-2025,PRUExtra Care,Health & IP,Bancassurance,Monthly,776.06,1207000,776.06,0.1671,30,Inforce,17,N,,Y,Private Hospital,N,,,,,71,Y,,,,,,,,N,N,0.39,10,,,,,,,,,,,,,,False,False,False,False,POL0023679|VALERIERAJ|19810821,FUZZY_DUPLICATE
RID-0048190,AGENCY_MGMT,29-07-2026 21:38,CUS-000284,Yong Sheng Ho,Male,06-02-1993,33,Single,Citizen,Healthcare,128811,100k-200k,D08,YONG.SHENG.HO150@EXAMPLE.COM,97702496,POL-0011510,06-05-2026,04-06-2026,PRUShield A Plus,Health & IP,Agency,Annual,"S$4,491.25",554000,4491.25,0.2059,25,Inforce,2,N,,Y,Private Hospital,Y,2434.74,1549.95,5,1500,70,Y,,,,,,,,N,N,0.78,10,,,,,,AGT-01059,Vikram Ibrahim,New,1,AU-26,Active,94.8,0.366,False,False,False,False,POL0011510|YONGSHENGHO|19930206,FUZZY_DUPLICATE
RID-0012003,POLICY_ADMIN,29-07-2026 21:51,CUS-030656,Suresh Menon,Male,21-07-1987,39,Married,Citizen,Civil Service,48206,Below 50k,D04,suresh.menon164@example.com,+65 93760899,POL-0012003,15-04-2026,13-05-2026,PRUWealth Plus,Savings & Wealth,Bancassurance,Semi-Annual,26218.29,409000,26218.29,0.0353,5,Inforce,3,N,,Y,,N,,,,,79,N,,,,,,,,N,N,0.76,9,,,,,,,,,,,,,,False,False,False,False,POL0012003|SURESHMENON|19870721,FUZZY_DUPLICATE
RID-0013398,AGENCY_MGMT,29-08-2026 00:32,CUS-002926,Hui Ling Kamal,Female,03-08-1991,35,Widowed,Employment Pass,Healthcare,30000,Below 50k,D13,hui.ling.kamal375@example.com,+65 84227278,POL-0013398,30-08-2025,30-09-2025,PRULink Assurance,Investment-Linked,Bancassurance,Annual,18978.85,791000,18978.85,0.0792,10,Inforce,11,N,,Y,,N,,,,,35,Y,CLM-0013398,11-01-2026,Disability,17560.18,Partially Approved,,23,N,N,0.57,10,ASR-0008,10000,N,N,0.292,,,,,,,,,False,False,False,False,POL0013398|HUILINGKAMAL|19910803,FUZZY_DUPLICATE
RID-0047779,AGENCY_MGMT,29-08-2026 14:43,CUS-021514,Kavitha Chong,Female,02-10-2001,25,Widowed,Citizen,Retired,95088,50k-100k,D11,KAVITHA.CHONG10@EXAMPLE.COM,87523852,POL-0038988,31-05-2024,12-07-2024,PRUShield Premier,Health & IP,Agency,Semi-Annual,"S$5,959.68",829000,5959.68,0.148,99,Inforce,26,N,,Y,Private Hospital,Y,1804.27,1804.27,0,0,39,N,CLM-0038988,01-07-2026,Critical Illness,4167.53,Approved,,17,N,N,-0.11,7,ASR-0048,25000,N,N,0.274,AGT-00644,Rachel Neo,Established,56,AU-29,Active,92.5,0.096,False,False,False,False,POL0038988|KAVITHACHONG|20011002,FUZZY_DUPLICATE
RID-0048465,AGENCY_MGMT,30-03-2026 06:00,CUS-026224,MEI YI REDDY,Female,22-07-1976,50,Married,Citizen,Manager,51586,50k-100k,D15,MEI.YI.REDDY70@EXAMPLE.COM,84937960,POL-0005796,11-09-2025,12-09-2025,PRUVantage Legacy,Savings & Wealth,Agency,Semi-Annual,"S$45,374.53",469000,45374.53,0.0554,15,Inforce,11,N,,Y,,N,,,,,135,N,CLM-0005796,21-06-2026,Outpatient Specialist,12160.55,Approved,,13,N,N,0.25,6,ASR-0040,100000,N,N,0.128,AGT-00360,Divya Wong,Senior,177,AU-30,Active,61,0.077,False,False,False,False,POL0005796|MEIYIREDDY|19760722,FUZZY_DUPLICATE
RID-0048324,POLICY_ADMIN,30-03-2026 11:36,CUS-028702,JONATHAN RAHMAN,Male,19-06-1994,32,Married,Citizen,Healthcare,59107,50k-100k,D02,JONATHAN.RAHMAN370@EXAMPLE.COM,81113157,POL-0001733,02-01-2025,04-02-2025,PRUShield Life,Protection,Agency,Semi-Annual,"S$6,101.10",2160000,6101.1,0.244,20,Inforce,19,N,,Y,,N,,,,,28,N,CLM-0001733,06-09-2025,Outpatient Specialist,5094.58,Withdrawn,,2,N,N,-0.07,9,ASR-0026,10000,N,N,0.28,AGT-00587,Meera Wright,Established,83,AU-39,Active,99.6,0.031,False,False,False,False,POL0001733|JONATHANRAHMAN|19940619,FUZZY_DUPLICATE
RID-0047603,CLAIMS_SYS,30-03-2026 13:36,CUS-003191,JONATHAN TURNER,Male,23-11-1990,36,Divorced,Citizen,Retired,77018,50k-100k,D17,JONATHAN.TURNER52@EXAMPLE.COM,97714788,POL-0022934,23-07-2025,29-07-2025,PRUSave Endowment,Savings & Wealth,Agency,Annual,"S$44,834.11",76000,44834.11,0.0366,5,Surrendered,13,Y,09-12-2025,N,,N,,,,,39,N,,,,,,,,N,N,0.27,9,,,,,,AGT-00925,Aravind Lim,New,6,AU-13,Active,39.3,0.281,False,False,False,False,POL0022934|JONATHANTURNER|19901123,FUZZY_DUPLICATE
RID-0047963,CLAIMS_SYS,30-04-2026 02:40,CUS-003247,Nurul Aisyah Tan,Female,21-12-1965,61,Widowed,Citizen,Civil Service,243450,200k-400k,D12,NURUL.AISYAH.TAN185@EXAMPLE.COM,92165440,POL-0025742,01-06-2024,04-07-2024,PRUActive Term,Protection,Digital,Monthly,"S$8,543.58",2911000,8543.58,0.328,20,Inforce,26,N,,Y,,N,,,,,6,N,CLM-0025742,21-02-2026,Death Benefit,2891.73,Approved,,32,N,N,0.83,9,ASR-0051,5000,N,N,0.329,,,,,,,,,False,False,False,False,POL0025742|NURULAISYAHTAN|19651221,FUZZY_DUPLICATE
RID-0047528,CLAIMS_SYS,30-04-2026 13:07,CUS-027210,Valerie Ibrahim,Female,04-06-2000,26,Widowed,Permanent Resident,Executive,174915,100k-200k,D08,VALERIE.IBRAHIM346@EXAMPLE.COM,88455596,POL-0006338,05-12-2023,08-12-2023,PRUShield A Plus,Health & IP,Agency,Semi-Annual,"S$6,959.13",581000,6959.13,0.212,20,Inforce,33,N,,Y,Public A-Ward,Y,2098.62,2098.62,0,0,77,Y,CLM-0006338,04-08-2025,Day Surgery,853.34,Approved,,18,N,N,0.55,7,ASR-0013,100000,Y,N,0.637,AGT-00544,Edwin Yeo,New,4,AU-11,Active,59,0.395,False,False,False,False,POL0006338|VALERIEIBRAHIM|20000604,FUZZY_DUPLICATE
RID-0048141,AGENCY_MGMT,30-04-2026 23:52,CUS-001561,ARJUN CHUA,Male,01-06-1982,44,Married,Citizen,Sales,141479,100k-200k,D01,ARJUN.CHUA195@EXAMPLE.COM,95885536,POL-0030603,25-10-2025,12-11-2025,PRUCritical Cover,Protection,Agency,Quarterly,"S$2,660.32",1623000,2660.32,0.2663,15,Inforce,9,N,,Y,,N,,,,,68,N,CLM-0030603,30-12-2025,Critical Illness,2438.92,Approved,,29,N,N,0.18,9,ASR-0014,5000,N,N,0.341,AGT-00646,Samantha Wong,New,10,AU-34,Active,20.8,0.29,False,False,False,False,POL0030603|ARJUNCHUA|19820601,FUZZY_DUPLICATE
RID-0013537,AGENCY_MGMT,30-05-2026 10:30,CUS-026764,Lakshmi Sharma,Female,08-12-2000,26,Single,Citizen,Technician,55112,50k-100k,D01,lakshmi.sharma156@example.com,+65 81814900,POL-0013537,14-01-2024,25-02-2024,PRUActive Term,Protection,Digital,Semi-Annual,4146.84,992000,4146.84,0.2573,20,Inforce,30,N,,Y,,N,,,,,26,N,,,,,,,,N,N,0.1,7,,,,,,,,,,,,,,False,False,False,False,POL0013537|LAKSHMISHARMA|20001208,FUZZY_DUPLICATE
RID-0022766,CLAIMS_SYS,30-05-2026 11:53,CUS-025366,Divya Seah,Female,03-03-1979,47,Single,Citizen,Education,80501,50k-100k,D19,divya.seah137@example.com,+65 91538631,POL-0022766,18-10-2025,30-10-2025,PRUCritical Cover,Protection,Bancassurance,Monthly,8131.63,2249000,8131.63,0.2271,25,Inforce,10,N,,Y,,N,,,,,134,N,,,,,,,,N,N,0.18,9,,,,,,,,,,,,,,False,False,False,False,POL0022766|DIVYASEAH|19790303,FUZZY_DUPLICATE
RID-0048388,AGENCY_MGMT,30-05-2026 14:09,CUS-012010,DeepakLee,Male,04-03-1981,45,Divorced,Permanent Resident,Self-Employed,100136,100k-200k,D27,DEEPAK.LEE317@EXAMPLE.COM,93669584,POL-0019299,07-09-2025,28-09-2025,PRUTerm Secure,Protection,Digital,Annual,"S$2,295.55",504000,2295.55,0.2415,25,Inforce,11,N,,Y,,N,,,,,264,N,CLM-0019299,09-07-2026,Death Benefit,1154.08,Approved,,7,N,N,-0.02,10,ASR-0029,5000,N,Y,0.112,,,,,,,,,False,False,False,False,POL0019299|DEEPAKLEE|19810304,FUZZY_DUPLICATE
RID-0026038,AGENCY_MGMT,30-05-2026 15:40,CUS-010550,Zulkifli Low,Male,01-06-1984,42,Married,Citizen,Technician,35619,Below 50k,D03,zulkifli.low490@example.com,+65 98805969,POL-0026038,06-12-2025,08-12-2025,PRUShield Standard,Health & IP,Bancassurance,Monthly,3903.52,250000,3903.52,0.1711,10,Inforce,8,N,,Y,Private Hospital,N,,,,,0,Y,CLM-0026038,05-08-2026,Death Benefit,12940.79,Partially Approved,,23,N,N,0.99,9,ASR-0041,5000,N,N,0.298,,,,,,,,,False,False,False,False,POL0026038|ZULKIFLILOW|19840601,FUZZY_DUPLICATE
RID-0044075,POLICY_ADMIN,30-06-2026 01:38,CUS-038960,Siti Nadia Kamal,Female,27-03-1970,56,Widowed,Citizen,Civil Service,106498,100k-200k,D21,siti.nadia.kamal18@example.com,+65 82353026,POL-0044075,18-01-2024,13-02-2024,PRUShield Life,Protection,Agency,Annual,3520.86,519000,3520.86,0.314,15,Inforce,31,N,,Y,,N,,,,,11,N,,,,,,,,N,N,0.67,5,,,,,,AGT-00541,Divya Foo,New,12,AU-34,Active,78.7,0.095,False,False,False,False,POL0044075|SITINADIAKAMAL|19700327,FUZZY_DUPLICATE
RID-0047597,AGENCY_MGMT,30-06-2026 03:00,CUS-023162,Siew Peng Menon,Female,25-02-1984,42,Divorced,Permanent Resident,Self-Employed,73797,50k-100k,D14,SIEW.PENG.MENON449@EXAMPLE.COM,95906664,POL-0001467,24-06-2026,27-06-2026,PRUSelect Vantage,Investment-Linked,Bancassurance,Annual,"S$11,319.69",666000,11319.69,0.0934,99,Inforce,2,N,,Y,,N,,,,,1,N,,,,,,,,N,N,0.91,8,,,,,,,,,,,,,,False,False,False,False,POL0001467|SIEWPENGMENON|19840225,FUZZY_DUPLICATE
RID-0023663,AGENCY_MGMT,30-06-2026 04:30,CUS-038911,Lakshmi Kumar,Female,22-01-1995,31,Single,Permanent Resident,Healthcare,59573,50k-100k,D02,lakshmi.kumar304@example.com,+65 83255874,POL-0023663,30-05-2024,14-06-2024,PRUActive Term,Protection,Agency,Monthly,727.98,2771000,727.98,0.2534,20,Inforce,26,N,,Y,,N,,,,,185,Y,CLM-0023663,25-10-2025,Day Surgery,14426.13,Partially Approved,,28,N,N,0.55,9,ASR-0029,5000,Y,N,0.269,AGT-00411,Valerie Neo,New,12,AU-07,Active,35.3,0.253,False,False,False,False,POL0023663|LAKSHMIKUMAR|19950122,FUZZY_DUPLICATE
RID-0048328,AGENCY_MGMT,30-06-2026 05:59,CUS-005882,Wei Ming Rahman,Male,15-06-1963,63,Married,Citizen,Sales,195977,100k-200k,D04,WEI.MING.RAHMAN70@EXAMPLE.COM,91045711,POL-0025360,08-04-2023,21-04-2023,PRUWealth Plus,Savings & Wealth,Digital,Monthly,"S$50,873.41",429000,50873.41,0.0787,20,Inforce,40,N,,Y,,N,,,,,0,Y,CLM-0025360,30-10-2025,Critical Illness,1293.61,Approved,,12,N,N,0.65,9,ASR-0026,10000,N,N,0.327,,,,,,,,,False,False,False,False,POL0025360|WEIMINGRAHMAN|19630615,FUZZY_DUPLICATE
RID-0048309,AGENCY_MGMT,30-06-2026 09:05,CUS-003902,Anjali Ibrahim,Female,10-01-1996,30,Married,Permanent Resident,Sales,213272,200k-400k,D25,ANJALI.IBRAHIM387@EXAMPLE.COM,94632943,POL-0042627,18-01-2026,04-03-2026,PRUSave Endowment,Savings & Wealth,Bancassurance,Quarterly,"S$36,672.70",65000,36672.7,0.0381,25,Inforce,6,N,,Y,,N,,,,,178,N,,,,,,,,N,N,0.07,5,,,,,,,,,,,,,,False,False,False,False,POL0042627|ANJALIIBRAHIM|19960110,FUZZY_DUPLICATE
RID-0001191,POLICY_ADMIN,30-06-2026 09:45,CUS-004617,Jun Hao Kamal,Male,22-05-1979,47,Divorced,Citizen,Executive,114068,100k-200k,D15,jun.hao.kamal171@example.com,+65 99607926,POL-0001191,05-07-2024,16-07-2024,PRUWealth Plus,Savings & Wealth,Agency,Quarterly,30430.45,179000,30430.45,0.0899,99,Inforce,25,N,,Y,,N,,,,,80,N,CLM-0001191,07-08-2024,Outpatient Specialist,4147.01,Partially Approved,,17,N,N,0.95,9,ASR-0014,5000,N,N,0.189,AGT-01031,Terence Chong,New,6,AU-30,Active,71.4,0.37,False,False,False,False,POL0001191|JUNHAOKAMAL|19790522,FUZZY_DUPLICATE
RID-0048406,CRM,30-06-2026 14:11,CUS-017746,Hakim Tan,Male,12-04-1986,40,Widowed,Citizen,Retired,139330,100k-200k,D14,HAKIM.TAN142@EXAMPLE.COM,85901292,POL-0027581,25-06-2023,09-08-2023,PRUTerm Secure,Protection,Digital,Annual,"S$7,795.80",1853000,7795.8,0.291,10,Inforce,37,N,,Y,,N,,,,,0,N,CLM-0027581,20-03-2025,Critical Illness,1667,Declined,Pre-existing condition,21,N,N,0.85,6,ASR-0008,10000,N,N,0.062,,,,,,,,,False,False,False,False,POL0027581|HAKIMTAN|19860412,FUZZY_DUPLICATE
RID-0005761,POLICY_ADMIN,30-06-2026 20:33,CUS-027949,Cheryl Chua,Female,22-11-1962,64,Widowed,Citizen,Self-Employed,150570,100k-200k,D16,cheryl.chua59@example.com,+65 81283027,POL-0005761,21-10-2023,26-11-2023,PRUVantage Legacy,Savings & Wealth,Agency,Monthly,43188.37,435000,43188.37,0.0545,5,Inforce,33,N,,Y,,N,,,,,60,N,CLM-0005761,11-04-2026,Death Benefit,12136.39,Partially Approved,,4,N,N,0.36,7,ASR-0055,5000,N,N,0.049,AGT-00602,Daniel Ibrahim,New,8,AU-14,Active,91.2,0.247,False,False,False,False,POL0005761|CHERYLCHUA|19621122,FUZZY_DUPLICATE
RID-0048104,POLICY_ADMIN,30-06-2026 21:27,CUS-024901,Priya Ng,Female,03-05-1995,31,Married,Citizen,Retired,48805,Below 50k,D24,PRIYA.NG113@EXAMPLE.COM,81668349,POL-0005705,27-10-2024,30-11-2024,PRUSelect Vantage,Investment-Linked,Agency,Semi-Annual,"S$18,815.26",378000,18815.26,0.1121,15,Inforce,21,N,,Y,,N,,,,,291,N,CLM-0005705,23-02-2026,Maternity,23163.1,Approved,,14,N,N,0.19,7,ASR-0001,50000,N,N,0.336,AGT-00862,Chee Keong Raj,Established,25,AU-17,Active,84,0.052,False,False,False,False,POL0005705|PRIYANG|19950503,FUZZY_DUPLICATE
RID-0001674,CLAIMS_SYS,30-07-2026 00:32,CUS-012201,Arjun Reddy,Male,26-02-1968,58,Widowed,Permanent Resident,Professional,83407,50k-100k,D18,arjun.reddy385@example.com,+65 89364921,POL-0001674,07-05-2025,08-06-2025,PRUVantage Legacy,Savings & Wealth,Digital,Monthly,29881.5,302000,29881.5,0.0399,99,Inforce,15,N,,Y,,N,,,,,30,Y,,,,,,,,N,N,0.38,6,,,,,,,,,,,,,,False,False,False,False,POL0001674|ARJUNREDDY|19680226,FUZZY_DUPLICATE
RID-0032095,AGENCY_MGMT,30-07-2026 09:07,CUS-016211,Faisal Sharma,Male,16-12-1998,28,Single,Citizen,Executive,70102,50k-100k,D01,faisal.sharma240@example.com,+65 81637464,POL-0032095,03-05-2026,02-06-2026,PRUSelect Vantage,Investment-Linked,Agency,Quarterly,24523.97,290000,24523.97,0.1652,15,Inforce,3,N,,Y,,N,,,,,72,N,,,,,,,,N,N,0.97,10,,,,,,AGT-00989,Farah Pillai,Senior,70,AU-37,Active,81.6,0.227,False,False,False,False,POL0032095|FAISALSHARMA|19981216,FUZZY_DUPLICATE
RID-0015675,POLICY_ADMIN,30-07-2026 12:50,CUS-005564,Hui Ling Teo,Female,16-10-1991,35,Married,Employment Pass,Executive,163883,100k-200k,D09,hui.ling.teo454@example.com,+65 83942714,POL-0015675,17-03-2024,19-03-2024,PRUShield Life,Protection,Agency,Monthly,3268.42,1401000,3268.42,0.3107,99,Inforce,29,N,,Y,,N,,,,,99,Y,,,,,,,,N,N,0.32,7,,,,,,AGT-01040,Hakim Osman,MDRT,148,AU-31,Resigned,39.5,0.502,False,False,False,False,POL0015675|HUILINGTEO|19911016,FUZZY_DUPLICATE
RID-0047613,POLICY_ADMIN,30-07-2026 21:03,CUS-011509,Mei Yi Low,Female,28-11-1980,46,Widowed,Citizen,Executive,30000,Below 50k,D22,MEI.YI.LOW50@EXAMPLE.COM,96655364,POL-0000919,01-03-2026,21-03-2026,PRUCritical Cover,Protection,Digital,Monthly,"S$6,846.86",1703000,6846.86,0.3148,30,Inforce,5,N,,Y,,N,,,,,80,N,,,,,,,,N,N,0.57,10,,,,,,,,,,,,,,False,False,False,False,POL0000919|MEIYILOW|19801128,FUZZY_DUPLICATE
RID-0047934,AGENCY_MGMT,30-07-2026 21:18,CUS-008015,Muhammad Ariff Osman,Male,21-09-1977,49,Divorced,Citizen,Healthcare,48342,Below 50k,D23,MUHAMMAD.ARIFF.OSMAN178@EXAMPLE.COM,84736256,POL-0005321,29-04-2024,05-06-2024,PRUWealth Plus,Savings & Wealth,Agency,Quarterly,"S$59,625.34",405000,59625.34,0.0743,25,Inforce,27,N,,Y,,N,,,,,51,Y,CLM-0005321,12-04-2025,Maternity,642.01,Approved,,21,N,N,0.89,10,ASR-0013,100000,N,N,0.827,AGT-00941,Zhi Hao Salleh,New,1,AU-34,Active,77.4,0.141,False,False,False,False,POL0005321|MUHAMMADARIFFOSMAN|19770921,FUZZY_DUPLICATE
RID-0001201,CLAIMS_SYS,30-07-2026 23:00,CUS-018104,Iskandar Neo,Male,15-07-1977,49,Widowed,Citizen,Civil Service,61703,50k-100k,D17,iskandar.neo15@example.com,+65 95023850,POL-0001201,08-05-2026,16-05-2026,PRUVantage Legacy,Savings & Wealth,Digital,Quarterly,56409.71,358000,56409.71,0.067,5,Inforce,3,N,,Y,,N,,,,,0,Y,CLM-0001201,03-08-2026,Disability,10944.26,Partially Approved,,18,N,N,0.56,9,ASR-0038,100000,N,N,0.275,,,,,,,,,False,False,False,False,POL0001201|ISKANDARNEO|19770715,FUZZY_DUPLICATE
RID-0043471,AGENCY_MGMT,30-07-2026 23:06,CUS-000902,Cheryl Ibrahim,Female,20-08-1984,42,Widowed,Permanent Resident,Civil Service,58316,50k-100k,D21,cheryl.ibrahim5@example.com,+65 86058729,POL-0043471,22-02-2023,12-03-2023,PRUVantage Legacy,Savings & Wealth,Digital,Quarterly,44217,477000,44217,0.0568,99,Inforce,42,N,,Y,,N,,,,,337,N,CLM-0043471,03-11-2024,Outpatient Specialist,16315.78,Approved,,29,N,N,0.45,9,ASR-0025,50000,N,N,0.202,,,,,,,,,False,False,False,False,POL0043471|CHERYLIBRAHIM|19840820,FUZZY_DUPLICATE
RID-0010324,POLICY_ADMIN,30-08-2026 09:46,CUS-030092,Aminah Goh,Female,26-08-1985,41,Divorced,Employment Pass,Executive,409212,Above 400k,D21,aminah.goh45@example.com,+65 81840628,POL-0010324,19-12-2025,24-01-2026,PRUTerm Secure,Protection,Agency,Annual,8755.79,2625000,8755.79,0.2243,15,Inforce,7,N,,Y,,N,,,,,36,Y,CLM-0010324,19-04-2026,Maternity,31228.97,Approved,,11,N,N,0.34,7,ASR-0019,100000,N,N,0.225,AGT-00571,Suresh Wright,Senior,177,AU-20,Active,60.9,0.329,False,False,False,False,POL0010324|AMINAHGOH|19850826,FUZZY_DUPLICATE
RID-0013462,CRM,30-08-2026 20:24,CUS-010149,Suresh Ong,Male,14-10-2001,25,Single,Citizen,Civil Service,36883,Below 50k,D23,suresh.ong315@example.com,+65 98478375,POL-0013462,08-04-2024,29-04-2024,PRUExtra Care,Health & IP,Bancassurance,Annual,5967.81,855000,5967.81,0.1161,99,Inforce,28,N,,Y,Public A-Ward,N,,,,,111,Y,CLM-0013462,08-06-2026,Accident,3612.55,Pending,,50,N,N,0.53,9,ASR-0032,25000,N,N,0.055,,,,,,,,,False,False,False,False,POL0013462|SURESHONG|20011014,FUZZY_DUPLICATE
RID-0048085,AGENCY_MGMT,30-08-2026 21:07,CUS-007816,Valerie Fraser,Female,22-06-1987,39,Divorced,Citizen,Education,33257,Below 50k,D10,VALERIE.FRASER454@EXAMPLE.COM,89431644,POL-0043610,02-06-2023,16-07-2023,PRUActive Term,Protection,Digital,Semi-Annual,"S$8,144.59",1635000,8144.59,0.3219,25,Inforce,38,N,,Y,,N,,,,,17,N,CLM-0043610,28-07-2025,Accident,2972.74,Approved,,5,N,N,0.36,6,ASR-0020,5000,N,N,0.252,,,,,,,,,False,False,False,False,POL0043610|VALERIEFRASER|19870622,FUZZY_DUPLICATE
RID-0029502,CRM,30-08-2026 22:41,CUS-015099,Aravind Kamal,Male,08-05-1988,38,Divorced,Permanent Resident,Executive,67483,50k-100k,D01,aravind.kamal473@example.com,+65 92839197,POL-0029502,14-09-2023,13-10-2023,PRUWealth Plus,Savings & Wealth,Bancassurance,Annual,22364.24,397000,22364.24,0.0444,15,Inforce,35,N,,Y,,N,,,,,223,N,,,,,,,,N,N,0.91,6,,,,,,,,,,,,,,False,False,False,False,POL0029502|ARAVINDKAMAL|19880508,FUZZY_DUPLICATE
RID-0048280,POLICY_ADMIN,30-08-2026 22:50,CUS-036889,WeiMingWright,Male,02-02-2001,25,Married,Employment Pass,Self-Employed,67103,50k-100k,D13,WEI.MING.WRIGHT264@EXAMPLE.COM,92311435,POL-0042942,26-06-2023,30-07-2023,PRUTerm Secure,Protection,Agency,Annual,"S$6,365.94",2177000,6365.94,0.2796,20,Inforce,37,N,,Y,,N,,,,,16,N,CLM-0042942,12-12-2025,Outpatient Specialist,1633.68,Declined,Pre-existing condition,15,N,N,0.37,8,ASR-0026,10000,N,N,0.233,AGT-01042,Muhammad Ariff Sim,Established,39,AU-29,Active,68,0.291,False,False,False,False,POL0042942|WEIMINGWRIGHT|20010202,FUZZY_DUPLICATE
RID-0048242,CRM,30-08-2026 23:23,CUS-000156,DivyaChong,Female,11-06-1977,49,Married,Employment Pass,Manager,152905,100k-200k,D02,DIVYA.CHONG391@EXAMPLE.COM,98835804,POL-0019460,14-02-2025,13-03-2025,PRULink Assurance,Investment-Linked,Bancassurance,Monthly,"S$42,986.98",102000,42986.98,0.0978,30,Inforce,17,N,,Y,,N,,,,,17,N,,,,,,,,N,N,0.07,9,,,,,,,,,,,,,,False,False,False,False,POL0019460|DIVYACHONG|19770611,FUZZY_DUPLICATE
RID-0047514,AGENCY_MGMT,31-03-2026 00:54,CUS-000121,ROHAN ONG,Male,09-10-1972,54,Married,Citizen,Healthcare,64724,50k-100k,D22,ROHAN.ONG434@EXAMPLE.COM,81270780,POL-0042204,01-02-2023,17-03-2023,PRUCritical Cover,Protection,Bancassurance,Monthly,"S$5,050.64",1882000,5050.64,0.1779,30,Inforce,42,N,,Y,,N,,,,,0,N,,,,,,,,N,N,0.61,9,,,,,,,,,,,,,,False,False,False,False,POL0042204|ROHANONG|19721009,FUZZY_DUPLICATE
RID-0037405,AGENCY_MGMT,31-03-2026 04:09,CUS-008693,Meera Ong,Female,08-09-1968,58,Married,Citizen,Sales,228277,200k-400k,D04,meera.ong488@example.com,+65 85492706,POL-0037405,02-10-2023,16-11-2023,PRUSelect Vantage,Investment-Linked,Agency,Monthly,12489.72,647000,12489.72,0.1388,25,Inforce,34,N,,Y,,N,,,,,50,N,CLM-0037405,20-02-2024,Outpatient Specialist,8661.63,Approved,,23,N,N,0.03,7,ASR-0001,50000,N,N,0.369,AGT-00866,Marcus Menon,Senior,140,AU-34,Resigned,42.9,0.284,False,False,False,False,POL0037405|MEERAONG|19680908,FUZZY_DUPLICATE
RID-0048301,AGENCY_MGMT,31-03-2026 05:34,CUS-031537,LAKSHMI CHONG,Female,25-02-1982,44,Divorced,Citizen,Self-Employed,40052,Below 50k,D18,LAKSHMI.CHONG335@EXAMPLE.COM,86847338,POL-0023711,05-11-2025,27-11-2025,PRUCritical Cover,Protection,Digital,Annual,"S$6,591.22",2254000,6591.22,0.3183,30,Inforce,9,N,,Y,,N,,,,,67,N,,,,,,,,N,N,0.51,5,,,,,,,,,,,,,,False,False,False,False,POL0023711|LAKSHMICHONG|19820225,FUZZY_DUPLICATE
RID-0036132,POLICY_ADMIN,31-03-2026 07:59,CUS-029457,Valerie Seah,Female,19-11-1949,77,Divorced,Citizen,Retired,36130,Below 50k,D03,valerie.seah135@example.com,+65 82836537,POL-0036132,30-12-2023,27-01-2024,PRUShield Standard,Health & IP,Bancassurance,Monthly,2566.58,938000,2566.58,0.1383,99,Inforce,31,N,,Y,Private Hospital,Y,874.12,874.12,0,2500,402,N,,,,,,,,N,N,0.81,5,,,,,,,,,,,,,,False,False,False,False,POL0036132|VALERIESEAH|19491119,FUZZY_DUPLICATE
RID-0013277,POLICY_ADMIN,31-03-2026 09:25,CUS-006115,Iskandar Menon,Male,01-06-1976,50,Single,Employment Pass,Executive,56197,50k-100k,D03,iskandar.menon119@example.com,+65 84857574,POL-0013277,16-10-2025,18-10-2025,PRUExtra Care,Health & IP,Bancassurance,Annual,4423.63,676000,4423.63,0.1163,15,Inforce,10,N,,Y,Private Hospital,Y,2258.58,2258.58,0,1500,51,Y,CLM-0013277,23-08-2026,Day Surgery,13219.05,Approved,,21,N,N,0.74,6,ASR-0039,100000,N,N,0.361,,,,,,,,,False,False,False,False,POL0013277|ISKANDARMENON|19760601,FUZZY_DUPLICATE
RID-0047845,AGENCY_MGMT,31-03-2026 10:26,CUS-023706,Zarina Sharma,Female,12-12-1979,47,Single,Permanent Resident,Manager,137765,100k-200k,D23,ZARINA.SHARMA127@EXAMPLE.COM,91486419,POL-0045153,15-02-2026,10-03-2026,PRUTerm Secure,Protection,Bancassurance,Annual,"S$3,663.73",1151000,3663.73,0.2012,25,Inforce,5,N,,Y,,N,,,,,0,N,CLM-0045153,10-03-2026,Hospitalisation,6307.4,Approved,,21,N,N,1,8,ASR-0048,25000,N,N,0.102,,,,,,,,,False,False,False,False,POL0045153|ZARINASHARMA|19791212,FUZZY_DUPLICATE
RID-0047944,CLAIMS_SYS,31-03-2026 11:58,CUS-025868,Siew Peng Toh,Female,11-08-1999,27,Married,Citizen,Education,94163,50k-100k,D06,SIEW.PENG.TOH472@EXAMPLE.COM,92725704,POL-0003745,23-08-2023,06-10-2023,PRUTerm Secure,Protection,Digital,Monthly,S$896.01,2485000,896.01,0.2586,15,Inforce,35,N,,Y,,N,,,,,51,N,CLM-0003745,13-10-2025,Outpatient Specialist,3684.7,Partially Approved,,18,N,N,0.7,10,ASR-0053,25000,N,N,0.093,,,,,,,,,False,False,False,False,POL0003745|SIEWPENGTOH|19990811,FUZZY_DUPLICATE
RID-0048384,POLICY_ADMIN,31-03-2026 15:06,CUS-011209,XIN YI WRIGHT,Female,08-07-1988,38,Single,Permanent Resident,Education,129025,100k-200k,D13,XIN.YI.WRIGHT40@EXAMPLE.COM,86048867,POL-0040929,14-01-2023,21-02-2023,PRUSave Endowment,Savings & Wealth,Agency,Quarterly,"S$38,426.54",387000,38426.54,0.0872,15,Matured,42,N,,Y,,N,,,,,187,Y,,,,,,,,N,N,0.51,5,,,,,,AGT-01191,Valerie Tan,Established,50,AU-09,Active,95.2,0.032,False,False,False,False,POL0040929|XINYIWRIGHT|19880708,FUZZY_DUPLICATE
RID-0047809,POLICY_ADMIN,31-03-2026 18:49,CUS-016635,Hui Ling Sim,Female,04-07-1981,45,Single,Permanent Resident,Executive,30000,Below 50k,D22,HUI.LING.SIM161@EXAMPLE.COM,86158593,POL-0016590,18-04-2025,25-05-2025,PRUShield Standard,Health & IP,Agency,Annual,"S$4,813.26",475000,4813.26,0.2121,30,Inforce,15,N,,Y,Public A-Ward,Y,2191.19,2191.19,0,2500,324,N,CLM-0016590,31-01-2026,Outpatient Specialist,4097.26,Approved,,15,N,Y,-0.43,0,ASR-0011,50000,N,N,0.005,AGT-00169,Kavitha Yeo,Established,67,AU-06,Active,32,0.636,False,False,False,False,POL0016590|HUILINGSIM|19810704,FUZZY_DUPLICATE
RID-0006690,POLICY_ADMIN,31-03-2026 18:53,CUS-011113,Faisal Raj,Male,05-11-2005,21,Widowed,Permanent Resident,Executive,65735,50k-100k,D12,faisal.raj395@example.com,+65 93660415,POL-0006690,27-02-2025,30-03-2025,PRUShield Premier,Health & IP,Direct,Quarterly,1477.72,1098000,1477.72,0.1207,99,Inforce,17,N,,Y,Private Hospital,Y,672.24,672.24,0,1500,58,N,,,,,,,,N,N,0.68,9,,,,,,,,,,,,,,False,False,False,False,POL0006690|FAISALRAJ|20051105,FUZZY_DUPLICATE
RID-0047590,CLAIMS_SYS,31-05-2026 05:01,CUS-001853,EdwinFraser,Male,20-03-1969,57,Widowed,Employment Pass,Professional,66224,50k-100k,D23,EDWIN.FRASER491@EXAMPLE.COM,87326620,POL-0012648,05-04-2024,16-05-2024,PRUFlexiCash,Savings & Wealth,Agency,Quarterly,"S$5,457.58",402000,5457.58,0.0482,10,Inforce,27,N,,Y,,N,,,,,172,N,,,,,,,,N,N,0.98,10,,,,,,AGT-00191,Wan Ting Sim,Established,56,AU-20,Active,58.8,0.179,False,False,False,False,POL0012648|EDWINFRASER|19690320,FUZZY_DUPLICATE
RID-0047965,AGENCY_MGMT,31-05-2026 09:04,CUS-026547,JIA HUI TAN,Female,22-02-1988,38,Married,Employment Pass,Civil Service,92808,50k-100k,D25,JIA.HUI.TAN51@EXAMPLE.COM,96182779,POL-0017024,04-04-2024,14-04-2024,PRUTerm Secure,Protection,Broker,Semi-Annual,"S$8,747.26",2235000,8747.26,0.2868,15,Inforce,29,N,,Y,,N,,,,,14,N,,,,,,,,N,N,0.7,9,,,,,,AGT-00387,Chee Keong Pillai,Established,47,AU-16,Active,46,0.274,False,False,False,False,POL0017024|JIAHUITAN|19880222,FUZZY_DUPLICATE
RID-0047971,AGENCY_MGMT,31-05-2026 13:45,CUS-017853,Chee Keong Sharma,Male,24-02-1979,47,Divorced,Citizen,Professional,73875,50k-100k,D03,CHEE.KEONG.SHARMA357@EXAMPLE.COM,92845285,POL-0019318,16-03-2024,22-04-2024,PRUCritical Cover,Protection,Bancassurance,Annual,"S$3,342.66",1962000,3342.66,0.2867,20,Inforce,28,N,,Y,,N,,,,,377,N,CLM-0019318,19-11-2025,Critical Illness,4144.07,Approved,,29,N,N,0.57,6,ASR-0009,25000,N,N,0.391,,,,,,,,,False,False,False,False,POL0019318|CHEEKEONGSHARMA|19790224,FUZZY_DUPLICATE
RID-0047964,CRM,31-05-2026 18:13,CUS-039299,TerenceKamal,Male,05-03-1974,52,Married,Citizen,Sales,156114,100k-200k,D08,TERENCE.KAMAL85@EXAMPLE.COM,81087807,POL-0000320,21-11-2025,01-12-2025,PRUVantage Legacy,Savings & Wealth,Bancassurance,Annual,"S$48,619.99",312000,48619.99,0.0694,25,Inforce,9,N,,Y,,N,,,,,69,N,,,,,,,,N,N,0.83,9,,,,,,,,,,,,,,False,False,False,False,POL0000320|TERENCEKAMAL|19740305,FUZZY_DUPLICATE
RID-0047315,CLAIMS_SYS,31-05-2026 20:26,CUS-013365,Jia Hui Ong,Female,23-03-1993,33,Single,Citizen,Civil Service,73920,50k-100k,D04,jia.hui.ong122@example.com,+65 85159729,POL-0047315,19-10-2024,03-12-2024,PRUCritical Cover,Protection,Agency,Annual,8261.61,581000,8261.61,0.2267,15,Inforce,21,N,,Y,,N,,,,,121,N,CLM-0047315,20-04-2026,Outpatient Specialist,1820.42,Partially Approved,,1,N,N,0.93,7,ASR-0037,50000,N,N,0.136,AGT-01130,Samantha Koh,New,3,AU-36,Active,76.5,0.446,False,False,False,False,POL0047315|JIAHUIONG|19930323,FUZZY_DUPLICATE
RID-0038513,CRM,31-07-2026 00:03,CUS-021660,Zarina Raj,Female,11-05-1997,29,Married,Citizen,Civil Service,159959,100k-200k,D07,zarina.raj385@example.com,+65 99457773,POL-0038513,19-02-2025,23-03-2025,PRUSave Endowment,Savings & Wealth,Direct,Monthly,30779.94,111000,30779.94,0.0542,5,Inforce,17,N,,Y,,N,,,,,67,N,,,,,,,,N,N,0.78,8,,,,,,,,,,,,,,False,False,False,False,POL0038513|ZARINARAJ|19970511,FUZZY_DUPLICATE
RID-0047554,CLAIMS_SYS,31-07-2026 03:03,CUS-012856,SAMANTHA CHUA,Female,12-07-1993,33,Married,Citizen,Technician,50751,50k-100k,D16,SAMANTHA.CHUA2@EXAMPLE.COM,84587384,POL-0023571,12-08-2024,09-09-2024,PRUWealth Plus,Savings & Wealth,Agency,Annual,"S$13,010.12",163000,13010.12,0.0591,5,Inforce,24,N,,Y,,N,,,,,42,N,CLM-0023571,08-10-2025,Accident,5190.71,Approved,,4,N,N,0.02,7,ASR-0028,10000,N,N,0.273,AGT-00266,Jun Hao Chan,New,2,AU-25,Active,75.4,0.159,False,False,False,False,POL0023571|SAMANTHACHUA|19930712,FUZZY_DUPLICATE
RID-0047884,POLICY_ADMIN,31-07-2026 09:36,CUS-008242,SITI NADIA OSMAN,Female,14-09-1965,61,Single,Citizen,Technician,48347,Below 50k,D09,SITI.NADIA.OSMAN344@EXAMPLE.COM,94081176,POL-0025290,26-02-2026,01-04-2026,PRUShield Life,Protection,Bancassurance,Monthly,"S$7,610.72",2327000,7610.72,0.2555,99,Inforce,5,N,,Y,,N,,,,,134,Y,CLM-0025290,31-08-2026,Death Benefit,7275.13,Partially Approved,,11,N,N,0.16,8,ASR-0022,25000,N,N,0.317,,,,,,,,,False,False,False,False,POL0025290|SITINADIAOSMAN|19650914,FUZZY_DUPLICATE
RID-0043486,AGENCY_MGMT,31-07-2026 10:03,CUS-039633,Cheryl Pillai,Female,19-06-1969,57,Divorced,Citizen,Professional,230296,200k-400k,D17,cheryl.pillai322@example.com,+65 95563391,POL-0043486,08-04-2024,06-05-2024,PRULink Assurance,Investment-Linked,Agency,Monthly,18353.62,247000,18353.62,0.1431,15,Surrendered,28,Y,21-07-2025,Y,,N,,,,,25,Y,CLM-0043486,04-09-2024,Day Surgery,1860.06,Approved,,1,N,N,0.56,8,ASR-0036,25000,N,N,0.348,AGT-00837,Zulkifli Ng,Senior,45,AU-16,Active,75.4,0.355,False,False,False,False,POL0043486|CHERYLPILLAI|19690619,FUZZY_DUPLICATE
RID-0047858,AGENCY_MGMT,31-07-2026 15:38,CUS-026701,FaisalMitchell,Male,13-07-1992,34,Single,Citizen,Professional,138504,100k-200k,D16,FAISAL.MITCHELL37@EXAMPLE.COM,88535352,POL-0029948,02-09-2023,19-09-2023,PRUWealth Plus,Savings & Wealth,Agency,Annual,"S$18,840.11",301000,18840.11,0.0512,5,Inforce,35,N,,Y,,N,,,,,0,Y,,,,,,,,N,N,0.18,7,,,,,,AGT-00321,Priya Bennett,Established,89,AU-21,Active,81.5,0.236,False,False,False,False,POL0029948|FAISALMITCHELL|19920713,FUZZY_DUPLICATE
RID-0035870,AGENCY_MGMT,31-07-2026 19:00,CUS-006434,Zulkifli Lim,Male,21-07-1983,43,Divorced,Employment Pass,Professional,74863,50k-100k,D28,zulkifli.lim384@example.com,+65 93740349,POL-0035870,31-10-2025,21-11-2025,PRUShield Standard,Health & IP,Agency,Monthly,2634.81,1253000,2634.81,0.1543,10,Inforce,9,N,,Y,Private Hospital,Y,891.14,891.14,0,2500,41,N,,,,,,,,N,N,0.59,5,,,,,,AGT-00504,Nurul Aisyah Sim,MDRT,125,AU-36,Active,51.8,0.087,False,False,False,False,POL0035870|ZULKIFLILIM|19830721,FUZZY_DUPLICATE
RID-0039392,AGENCY_MGMT,31-07-2026 22:45,CUS-000129,Daniel Kumar,Male,09-01-1982,44,Single,Citizen,Self-Employed,60281,50k-100k,D23,daniel.kumar382@example.com,+65 85271255,POL-0039392,19-12-2023,30-12-2023,PRUFlexiCash,Savings & Wealth,Agency,Semi-Annual,19502.5,362000,19502.5,0.0634,5,Inforce,32,N,,Y,,N,,,,,0,N,CLM-0039392,12-12-2025,Death Benefit,3255.47,Partially Approved,,16,N,N,0.3,6,ASR-0036,25000,N,N,0.194,AGT-00999,Iskandar Chong,Established,36,AU-34,Active,20.9,0.225,False,False,False,False,POL0039392|DANIELKUMAR|19820109,FUZZY_DUPLICATE
RID-0020474,AGENCY_MGMT,31-08-2026 00:19,CUS-006038,Anjali Yeo,Female,11-07-1978,48,Married,Employment Pass,Executive,100364,100k-200k,D21,anjali.yeo418@example.com,+65 89431717,POL-0020474,06-04-2023,19-05-2023,PRUTerm Secure,Protection,Agency,Quarterly,5603.31,2598000,5603.31,0.2808,15,Inforce,40,N,,Y,,N,,,,,0,N,,,,,,,,N,N,0.9,10,,,,,,AGT-00868,Zulkifli Kamal,New,1,AU-06,Active,35.9,0.357,False,False,False,False,POL0020474|ANJALIYEO|19780711,FUZZY_DUPLICATE
RID-0016455,CRM,31-08-2026 03:41,CUS-012744,Meera Neo,Female,14-12-1993,33,Divorced,Citizen,Healthcare,42170,Below 50k,D25,meera.neo487@example.com,+65 81735053,POL-0016455,07-07-2024,13-07-2024,PRUShield Premier,Health & IP,Agency,Quarterly,7451.48,742000,7451.48,0.1954,5,Inforce,26,N,,Y,Public A-Ward,N,,,,,75,N,CLM-0016455,07-02-2026,Death Benefit,3771.73,Partially Approved,,9,N,N,-0.16,6,ASR-0016,100000,N,N,0.346,AGT-00861,Suresh Chua,Established,76,AU-31,Active,99.8,0.703,False,False,False,False,POL0016455|MEERANEO|19931214,FUZZY_DUPLICATE
RID-0048359,AGENCY_MGMT,31-08-2026 06:03,CUS-026383,Daniel Fraser,Male,15-04-1998,28,Single,Permanent Resident,Manager,76140,50k-100k,D14,DANIEL.FRASER286@EXAMPLE.COM,93964268,POL-0017394,15-10-2025,21-11-2025,PRUVantage Legacy,Savings & Wealth,Agency,Semi-Annual,"S$38,914.00",354000,38914,0.0408,10,Inforce,9,N,,Y,,N,,,,,68,N,CLM-0017394,01-08-2026,Critical Illness,11364.56,Pending,,52,N,N,0.7,6,ASR-0022,25000,N,N,0.008,AGT-00302,Kavitha Mitchell,MDRT,176,AU-07,Active,57.4,0.399,False,False,False,False,POL0017394|DANIELFRASER|19980415,FUZZY_DUPLICATE
RID-0046391,CLAIMS_SYS,31-08-2026 19:30,CUS-024053,Marcus Toh,Male,05-03-1969,57,Married,Citizen,Self-Employed,72272,50k-100k,D03,marcus.toh348@example.com,+65 84091143,POL-0046391,25-08-2023,02-09-2023,PRUExtra Care,Health & IP,Agency,Annual,4560.37,784000,4560.37,0.138,15,Inforce,36,N,,Y,Private Hospital,Y,2082.45,2082.45,0,2500,54,N,CLM-0046391,06-10-2025,Critical Illness,9787.29,Pending,,20,N,N,0.03,7,ASR-0060,10000,N,N,0.286,AGT-00622,Aminah Harper,Senior,71,AU-40,Active,68.5,0.031,False,False,False,False,POL0046391|MARCUSTOH|19690305,FUZZY_DUPLICATE
RID-0047538,AGENCY_MGMT,31-08-2026 19:31,CUS-026293,DIVYA NG,Female,07-03-1989,37,Widowed,Citizen,Manager,139959,100k-200k,D02,DIVYA.NG345@EXAMPLE.COM,81982545,POL-0023371,03-04-2023,26-04-2023,PRUTerm Secure,Protection,Bancassurance,Annual,"S$2,983.68",432000,2983.68,0.1837,30,Inforce,40,N,,Y,,N,,,,,260,N,,,,,,,,N,N,0.48,10,,,,,,,,,,,,,,False,False,False,False,POL0023371|DIVYANG|19890307,FUZZY_DUPLICATE
RID-0047984,AGENCY_MGMT,31-08-2026 19:52,CUS-026304,Wei Ming Teo,Male,02-06-1986,40,Married,Citizen,Technician,40973,Below 50k,D11,WEI.MING.TEO421@EXAMPLE.COM,92825919,POL-0004308,27-05-2026,07-07-2026,PRUVantage Legacy,Savings & Wealth,Agency,Monthly,"S$44,788.47",87000,44788.47,0.0752,15,Inforce,1,N,,Y,,N,,,,,65,N,,,,,,,,N,N,1,7,,,,,,AGT-00763,Jonathan Turner,Senior,155,AU-39,Active,58.9,0.177,False,False,False,False,POL0004308|WEIMINGTEO|19860602,FUZZY_DUPLICATE
