record_id,source_system,last_updated_ts,customer_id,customer_name,gender,date_of_birth,age,marital_status,residency_status,occupation_group,annual_income_sgd,income_band,postal_district,email,mobile_number,policy_id,quote_date,policy_start_date,product_name,product_category,distribution_channel,payment_frequency,annual_premium_sgd,sum_assured_sgd,ape_sgd,nbp_margin_pct,policy_term_years,policy_status,months_inforce,lapse_flag,lapse_date,persistency_13m_flag,ip_plan_tier,rider_attached_flag,rider_premium_before_sgd,rider_premium_after_sgd,copay_pct,deductible_sgd,care_delay_days,chronic_condition_flag,claim_id,claim_date,claim_type,claim_amount_sgd,claim_status,claim_decline_reason,claim_tat_days,disputed_flag,complaint_flag,customer_sentiment_score,nps_score,assessor_id,assessor_approval_limit_sgd,approval_above_limit_flag,sod_breach_flag,fraud_risk_score,agent_id,agent_name,agent_tier,agent_tenure_months,agency_unit,agent_status,agent_productivity_score,agent_attrition_risk,occupation_group_imputed_flag,postal_district_imputed_flag,marital_status_imputed_flag,residency_status_imputed_flag,dq_flag_date,dq_age,dq_annual_premium_sgd,dq_sum_assured_sgd,dq_claim_amount_sgd,dq_claim_tat_days,dq_copay_pct,dq_nbp_margin_pct,dq_fraud_risk_score,dq_row_status,dq_agent_id,product_key,channel_key,customer_key,agent_key,start_date_key,reject_reason
RID-0041190,CLAIMS_SYS,01-04-2026 04:59,CUS-022797,Meera Goh,Female,1979-01-21,47,Widowed,Permanent Resident,Healthcare,54895.0,50k-100k,D19,@example.com,+65 96576995,POL-0041190,2023-09-25,1899-01-01,PRUSelect Vantage,Investment-Linked,Agency,Monthly,-25034.2,202000.0,25034.2,0.178,15,Lapsed,34.0,True,2024-08-19,False,,False,,,,,173,True,,,,,,,,False,False,0.76,10,,,,,,AGT-00981,Kavitha Lim,New,7,AU-10,Active,23.9,0.259,False,False,False,False,DATE_LOGIC_BREACH,,OUT_OF_RANGE,,,,,,,REVIEW,,139.0,41.0,223556,9640.0,18990101,NON_POSITIVE_PREMIUM
RID-0037463,AGENCY_MGMT,01-04-2026 21:11,CUS-010656,Mei Yi Neo,Female,1988-02-01,1,Single,Citizen,Manager,90617.0,50k-100k,D02,mei.yi.neo208@example.com,+65 93333142,POL-0037463,2024-03-30,1899-01-01,PRUVantage Legacy,Savings & Wealth,Agency,Semi-Annual,-22731.88,422000.0,22731.88,0.0852,99,Inforce,28.0,False,,True,,False,,,,,64,True,,,,,,,,False,False,-0.02,8,,,,,,AGT-00813,Hui Ling Tan,MDRT,225,AU-12,On Notice,65.2,0.134,False,False,False,False,DATE_LOGIC_BREACH,OUT_OF_RANGE,OUT_OF_RANGE,,,,,,,REVIEW,,145.0,41.0,223690,9718.0,18990101,NON_POSITIVE_PREMIUM
RID-0010600,POLICY_ADMIN,01-05-2026 22:44,CUS-003156,Kai Xuan Koh,Male,1979-08-13,0,Widowed,Citizen,Professional,118163.0,100k-200k,D22,@example.com,+65 82783487,POL-0010600,2024-05-10,2024-06-18,PRUFlexiCash,Savings & Wealth,Digital,Semi-Annual,-30824.4,367000.0,30824.4,0.0616,30,Inforce,26.0,False,,True,,False,,,,,88,False,,,,,,,,False,False,0.48,7,,,,,,,,,,,,,,False,False,False,False,,OUT_OF_RANGE,OUT_OF_RANGE,,,,,,,REVIEW,,151.0,42.0,223929,,20240618,NON_POSITIVE_PREMIUM
RID-0013400,CRM,01-06-2026 03:23,CUS-008137,Samantha Harper,Female,1965-03-17,61,Widowed,Permanent Resident,Civil Service,91911.0,50k-100k,D06,samantha.harper193@example.com,9999-CALL-ME,POL-0013400,2025-04-10,1899-01-01,PRUShield Standard,Health & IP,Agency,Annual,-6639.92,989000.0,6639.92,0.1716,99,Inforce,16.0,False,,True,Private Hospital,True,1877.32,1877.32,0.0,1500.0,54,False,,,,,,,,False,False,0.7,8,,,,,,AGT-00643,Divya Ho,Senior,143,AU-28,Active,76.1,0.265,False,False,False,False,DATE_LOGIC_BREACH,,OUT_OF_RANGE,,,,,,,REVIEW,,143.0,41.0,223975,9846.0,18990101,NON_POSITIVE_PREMIUM
RID-0045831,POLICY_ADMIN,01-06-2026 16:52,CUS-027579,Lakshmi Kamal,Female,1959-08-17,67,Divorced,Citizen,Retired,31994.0,Below 50k,D09,@example.com,+65 12345,POL-0045831,2023-12-17,2024-01-10,PRUFlexiCash,Savings & Wealth,Bancassurance,Monthly,-36422.28,248000.0,36422.28,0.0437,30,Inforce,32.0,False,,True,,False,,,,,0,False,CLM-0045831,2025-03-21,Day Surgery,2940.76,Approved,,4000.0,False,False,0.98,7,ASR-0028,10000.0,False,False,0.275,,,,,,,,,False,False,False,False,,,OUT_OF_RANGE,,,OUT_OF_RANGE,,,,REVIEW,,151.0,44.0,224119,,20240110,NON_POSITIVE_PREMIUM
RID-0015001,POLICY_ADMIN,01-06-2026 20:55,CUS-003366,Faisal Seah,Male,1983-01-25,43,Divorced,Permanent Resident,Sales,39969.0,Below 50k,D21,faisal.seah175@example.com,+65 98487528,POL-0015001,2023-08-05,2023-08-11,PRUShield Life,Protection,Bancassurance,Semi-Annual,-5328.24,279000.0,5328.24,0.1924,25,Inforce,37.0,False,,True,,False,,,999.0,,59,False,,,,,,,,False,False,0.59,9,,,,,,,,,,,,,,False,False,False,False,,,OUT_OF_RANGE,,,,OUT_OF_RANGE,,,REVIEW,,137.0,44.0,224170,,20230811,NON_POSITIVE_PREMIUM
RID-0015988,POLICY_ADMIN,01-06-2026 21:53,CUS-023607,Vikram Bennett,Male,1991-10-02,35,Widowed,Citizen,Sales,34910.0,Below 50k,D12,vikram.bennett244@example.com,+65 12345,POL-0015988,2023-10-23,2023-11-07,PRULink Assurance,Investment-Linked,Digital,Quarterly,-43872.44,253000.0,43872.44,0.1608,15,Surrendered,34.0,True,2024-09-15,False,,False,,,,,258,True,CLM-0015988,2025-09-23,Critical Illness,9526.99,Approved,,20.0,False,False,-0.07,9,ASR-0043,5000.0,False,False,0.263,,,,,,,,,False,False,False,False,,,OUT_OF_RANGE,,,,,,,REVIEW,,140.0,42.0,224180,,20231107,NON_POSITIVE_PREMIUM
RID-0015436,AGENCY_MGMT,01-07-2026 13:04,CUS-004252,Meera Yeo,Female,1978-12-05,48,Married,Citizen,Executive,131666.0,100k-200k,D27,meera.yeo399@example.com,0,POL-0015436,2024-09-04,2024-10-14,PRUWealth Plus,Savings & Wealth,Agency,Monthly,-54370.23,385000.0,54370.23,0.0476,5,Inforce,22.0,False,,True,,False,,,999.0,,139,False,,,,,,,,False,False,0.62,8,,,,,,AGT-00246,Suresh Sharma,New,10,AU-02,Active,27.8,0.408,False,False,False,False,,,OUT_OF_RANGE,,,,OUT_OF_RANGE,,,REVIEW,,138.0,41.0,224347,9975.0,20241014,NON_POSITIVE_PREMIUM
RID-0028383,AGENCY_MGMT,01-08-2026 00:19,CUS-017778,Priya Seah,Female,1981-07-08,45,Married,Citizen,Executive,67091.0,50k-100k,D19,@example.com,+65 94433486,POL-0028383,2026-05-16,2075-06-15,PRUShield Life,Protection,Agency,Semi-Annual,-1510.84,1053000.0,1510.84,0.3254,10,Inforce,2.0,False,,True,,False,,,,,111,False,,,,,,,,False,False,0.74,9,,,,,,AGT-00052,Wan Ting Koh,New,3,AU-17,Active,48.6,0.198,False,False,False,False,DATE_LOGIC_BREACH,,OUT_OF_RANGE,,,,,,,REVIEW,,137.0,41.0,223927,10037.0,20750615,NON_POSITIVE_PREMIUM
RID-0027057,CLAIMS_SYS,01-08-2026 03:11,CUS-034924,Meera Bennett,Female,1973-05-24,53,Married,Permanent Resident,Retired,57241.0,50k-100k,D18,meera.bennett427@example.com,+65 8123 456789012,POL-0027057,2025-12-24,2099-12-31,PRUFlexiCash,Savings & Wealth,Digital,Monthly,-55740.33,465000.0,55740.33,0.0407,25,Inforce,7.0,False,,True,,False,,,,,0,False,CLM-0027057,2026-03-07,Hospitalisation,0.0,Approved,,9.0,False,False,0.18,6,ASR-0054,5000.0,False,False,0.246,,,,,,,,,False,False,False,False,DATE_LOGIC_BREACH,,OUT_OF_RANGE,,OUT_OF_RANGE,,,,,REVIEW,,151.0,42.0,224528,,20991231,NON_POSITIVE_PREMIUM
RID-0000923,AGENCY_MGMT,01-08-2026 05:54,CUS-018521,Mei Yi Raj,Female,1979-08-08,47,Widowed,Citizen,Professional,58376.0,50k-100k,D12,mei.yi.raj408@example.com,+65 88353003,POL-0000923,2026-01-16,2099-12-31,PRUFlexiCash,Savings & Wealth,Digital,Semi-Annual,-56827.22,129000.0,56827.22,0.0835,30,Inforce,7.0,False,,True,,False,,,,,199,False,,,,,,,,False,False,0.83,10,,,,,,,,,,,,,,False,False,False,False,DATE_LOGIC_BREACH,,OUT_OF_RANGE,,,,,,,REVIEW,,151.0,42.0,224556,,20991231,NON_POSITIVE_PREMIUM
RID-0033678,CRM,01-09-2026 02:17,CUS-002793,Rachel Teo,Female,1996-07-13,30,Married,Foreigner,Education,62112.0,50k-100k,D19,@example.com,+65 97901249,POL-0033678,2023-01-24,1899-01-01,PRUSelect Vantage,Investment-Linked,Agency,Annual,-32935.44,287000.0,32935.44,0.1215,5,Inforce,43.0,False,,True,,False,,,,,59,False,CLM-0033678,2023-03-20,Accident,3846.37,Partially Approved,,12.0,False,False,-0.19,7,ASR-0060,10000.0,False,False,0.371,AGT-00669,Suresh Iyer,Established,29,AU-33,Resigned,77,0.386,False,False,False,False,DATE_LOGIC_BREACH,,OUT_OF_RANGE,,,,,,,REVIEW,,139.0,41.0,224797,9849.0,18990101,NON_POSITIVE_PREMIUM
RID-0031709,CRM,01-09-2026 18:11,CUS-014826,Edwin Turner,Male,1981-07-15,45,Divorced,Citizen,Manager,130247.0,100k-200k,D25,not-an-email,+65 12345,POL-0031709,2025-12-01,2025-12-10,PRUTerm Secure,Protection,Agency,Annual,-7448.26,1210000.0,7448.26,0.2439,10,Inforce,8.0,False,,True,,False,,,,,233,True,,,,,,,,False,False,-0.05,10,,,,,,AGT-00072,Joanne Yeo,Established,60,AU-14,Active,37.7,0.254,False,False,False,False,,,OUT_OF_RANGE,,,,,,,REVIEW,,147.0,41.0,224977,9907.0,20251210,NON_POSITIVE_PREMIUM
RID-0026730,CLAIMS_SYS,01-09-2026 20:09,CUS-022261,Wei Ming Harper,Male,1981-09-19,45,Single,Citizen,Professional,41686.0,Below 50k,D01,wei.ming.harper207@example.com,0,POL-0026730,2026-06-29,2026-07-18,PRUShield Premier,Health & IP,Agency,Monthly,-5340.44,1239000.0,5340.44,0.1681,99,Inforce,1.0,False,,True,Private Hospital,True,2666.05,1560.66,5.0,2500.0,60,False,,,,,,,,False,False,0.34,9,,,,,,AGT-00654,Priya Kamal,New,5,AU-19,Active,45.6,0.041,False,False,False,False,,,OUT_OF_RANGE,,,,,,,REVIEW,,142.0,41.0,224993,9655.0,20260718,NON_POSITIVE_PREMIUM
RID-0011946,AGENCY_MGMT,01-09-2026 21:53,CUS-020554,Edwin Kumar,Male,1963-06-23,1,Single,Citizen,Sales,93872.0,50k-100k,D19,edwin.kumar332@example.com,0,POL-0011946,2026-06-20,2026-07-05,PRUShield Standard,Health & IP,Agency,Annual,-3784.44,1452000.0,3784.44,0.1478,10,Inforce,1.0,False,,True,Private Hospital,True,1292.25,715.16,5.0,1500.0,50,False,CLM-0011946,2026-07-19,Hospitalisation,7292.34,Approved,,-3.0,False,False,-0.03,6,ASR-0023,50000.0,False,False,0.346,AGT-00317,Joanne Rahman,Senior,103,AU-28,Active,29.2,0.045,False,False,False,False,,OUT_OF_RANGE,OUT_OF_RANGE,,,OUT_OF_RANGE,,,,REVIEW,,143.0,41.0,225009,10214.0,20260705,NON_POSITIVE_PREMIUM
RID-0046907,CLAIMS_SYS,02-04-2026 02:56,CUS-002297,Wan Ting Kamal,Female,1979-02-01,48,Widowed,Citizen,Technician,36880.0,Below 50k,D28,@example.com,+65 12345,POL-0046907,2025-07-02,2025-07-09,PRUShield Premier,Health & IP,Bancassurance,Monthly,-7240.69,386000.0,7240.69,0.1449,5,Matured,13.0,False,,True,Public B1-Ward,True,3866.26,3866.26,0.0,1500.0,36,False,CLM-0046907,2026-08-07,Hospitalisation,6377.03,Partially Approved,,7.0,False,False,0.88,9,ASR-0047,5000.0,False,False,0.056,,,,,,,,,False,False,False,False,,,OUT_OF_RANGE,,,,,,,REVIEW,,142.0,44.0,225062,,20250709,NON_POSITIVE_PREMIUM
RID-0007108,POLICY_ADMIN,02-04-2026 09:59,CUS-035707,Zulkifli Ong,Male,1973-01-19,53,Divorced,Citizen,Civil Service,183727.0,100k-200k,D14,zulkifli.ong45@example.com,9999-CALL-ME,POL-0007108,2023-05-09,2023-06-11,PRUVantage Legacy,Savings & Wealth,Broker,Monthly,-53192.01,90000.0,53192.01,0.0535,30,Inforce,39.0,False,,True,,False,,,,,0,False,CLM-0007108,2024-11-16,Critical Illness,99999999.99,Approved,,-12.0,False,False,0.43,10,ASR-0047,5000.0,False,False,0.276,AGT-00157,Kavitha Lee,New,2,AU-38,Active,38.7,0.133,False,False,False,False,,,OUT_OF_RANGE,,OUT_OF_RANGE,OUT_OF_RANGE,,,,REVIEW,,145.0,43.0,225123,10081.0,20230611,NON_POSITIVE_PREMIUM
RID-0001901,CLAIMS_SYS,02-04-2026 14:05,CUS-040255,Denise Osman,Female,1964-05-09,62,Single,Permanent Resident,Sales,46967.0,Below 50k,D23,not-an-email,+65 88841525,POL-0001901,2024-01-30,2024-02-07,PRUSelect Vantage,Investment-Linked,Bancassurance,Annual,-35300.86,203000.0,35300.86,0.1092,10,Surrendered,31.0,True,2025-03-13,True,,False,,,,,57,False,,,,,,,,False,False,0.1,6,,,,,,,,,,,,,,False,False,False,False,,,OUT_OF_RANGE,,,,,,,REVIEW,,139.0,44.0,225158,,20240207,NON_POSITIVE_PREMIUM
RID-0012432,AGENCY_MGMT,02-04-2026 17:47,CUS-011713,Farah Rahman,Female,1976-08-17,50,Divorced,Foreigner,Civil Service,41424.0,Below 50k,D03,farah.rahman192@example.com,9999-CALL-ME,POL-0012432,2023-07-11,2023-08-09,PRUSave Endowment,Savings & Wealth,Bancassurance,Quarterly,-23064.03,290000.0,23064.03,0.0451,10,Inforce,37.0,False,,True,,False,,,,,145,False,,,,,,,,False,False,0.86,5,,,,,,,,,,,,,,False,False,False,False,,,OUT_OF_RANGE,,,,,,,REVIEW,,141.0,44.0,225188,,20230809,NON_POSITIVE_PREMIUM
RID-0015457,POLICY_ADMIN,02-04-2026 19:55,CUS-017756,Hakim Bennett,Male,1993-04-26,0,Single,Permanent Resident,Executive,37505.0,Below 50k,D11,hakim.bennett49@example.com,+65 95885809,POL-0015457,2023-08-08,2023-09-04,PRUSave Endowment,Savings & Wealth,Agency,Monthly,-58719.74,421000.0,58719.74,0.083,25,Inforce,36.0,False,,True,,False,,,,,259,True,,,,,,,,False,False,0.52,8,,,,,,AGT-00505,Aminah Seah,New,4,AU-18,Active,32.3,0.221,False,False,False,False,,OUT_OF_RANGE,OUT_OF_RANGE,,,,,,,REVIEW,,141.0,41.0,225150,9932.0,20230904,NON_POSITIVE_PREMIUM
RID-0014675,CRM,02-06-2026 03:12,CUS-015551,Chee Keong Seah,Male,1992-04-18,34,Single,Permanent Resident,Civil Service,164441.0,100k-200k,D03,chee.keong.seah483@example.com,0,POL-0014675,2023-03-09,1899-01-01,PRUFlexiCash,Savings & Wealth,Agency,Monthly,-31098.11,373000.0,31098.11,0.0597,25,Inforce,42.0,False,,True,,False,,,,,228,False,,,,,,,,False,False,0.13,6,,,,,,AGT-00212,Zulkifli Wright,New,6,AU-40,Active,38.9,0.204,False,False,False,False,DATE_LOGIC_BREACH,,OUT_OF_RANGE,,,,,,,REVIEW,,151.0,41.0,225490,10333.0,18990101,NON_POSITIVE_PREMIUM
RID-0034719,AGENCY_MGMT,02-06-2026 08:47,CUS-037578,Zhi Hao Sim,Male,2005-07-02,21,Widowed,Employment Pass,Retired,88115.0,50k-100k,D08,zhi.hao.sim478@example.com,9999-CALL-ME,POL-0034719,2025-05-27,1899-01-01,PRUFlexiCash,Savings & Wealth,Agency,Semi-Annual,-42952.97,67000.0,42952.97,0.0372,15,Inforce,14.0,False,,True,,False,,,120.0,,0,False,CLM-0034719,2026-01-21,Critical Illness,5385.21,Withdrawn,,30.0,False,False,0.09,6,ASR-0049,100000.0,False,False,0.065,AGT-00496,Edwin Low,New,5,AU-18,Active,36,0.409,False,False,False,False,DATE_LOGIC_BREACH,,OUT_OF_RANGE,,,,OUT_OF_RANGE,,,REVIEW,,151.0,41.0,225540,10017.0,18990101,NON_POSITIVE_PREMIUM
RID-0012197,CRM,02-08-2026 00:59,CUS-028919,Valerie Foo,Female,1979-08-28,47,Divorced,Citizen,Executive,288153.0,200k-400k,D06,valerie.foo112@example.com,+65 8123 456789012,POL-0012197,2026-01-05,2099-12-31,PRUSelect Vantage,Investment-Linked,Agency,Semi-Annual,-10131.11,702000.0,10131.11,0.1378,10,Inforce,7.0,False,,True,,False,,,,,23,False,CLM-0012197,2026-04-23,Day Surgery,1305.37,Pending,,47.0,False,False,0.63,7,ASR-0004,100000.0,False,False,0.272,AGT-00326,Terence Sharma,Established,76,AU-09,Active,56.9,0.306,False,False,False,False,DATE_LOGIC_BREACH,,OUT_OF_RANGE,,,,,,,REVIEW,,139.0,41.0,225941,9610.0,20991231,NON_POSITIVE_PREMIUM
RID-0044235,CLAIMS_SYS,02-08-2026 11:18,CUS-034802,Samantha Lim,Female,1987-09-20,0,Widowed,Citizen,Healthcare,97272.0,50k-100k,D16,samantha.lim55@example.com,+65 12345,POL-0044235,2023-06-23,2023-07-31,PRUWealth Plus,Savings & Wealth,Bancassurance,Annual,-45934.55,108000.0,45934.55,0.0635,20,Inforce,37.0,False,,True,,False,,,,,133,False,,,,,,,,False,False,-0.06,5,,,,,,,,,,,,,,False,False,False,False,,OUT_OF_RANGE,OUT_OF_RANGE,,,,,,,REVIEW,,138.0,44.0,226052,,20230731,NON_POSITIVE_PREMIUM
RID-0000808,POLICY_ADMIN,02-08-2026 13:00,CUS-014818,Wan Ting Goh,Female,1991-12-23,35,Divorced,Permanent Resident,Executive,118227.0,100k-200k,D20,wan.ting.goh255@example.com,+65 81910969,POL-0000808,2023-10-02,2023-10-07,PRUCritical Cover,Protection,Broker,Semi-Annual,-6419.29,2841000.0,6419.29,0.2388,15,Inforce,35.0,False,,True,,False,,,,,215,True,CLM-0000808,2025-01-23,Hospitalisation,11335.84,Withdrawn,,4000.0,False,False,0.28,10,ASR-0003,10000.0,False,False,0.097,AGT-01112,Joanne Kamal,New,9,AU-03,Active,71.3,0.1,False,False,False,False,,,OUT_OF_RANGE,,,OUT_OF_RANGE,,,,REVIEW,,150.0,43.0,226078,10277.0,20231007,NON_POSITIVE_PREMIUM
RID-0030533,AGENCY_MGMT,02-08-2026 20:19,CUS-012280,Nurul Aisyah Kumar,Female,1991-12-26,35,Single,Citizen,Retired,104200.0,100k-200k,D24,nurul.aisyah.kumar94@example.com,+65 98373988,POL-0030533,2025-05-23,2099-12-31,PRUShield Premier,Health & IP,Direct,Quarterly,-5601.37,1081000.0,5601.37,0.1758,10,Inforce,14.0,False,,True,Private Hospital,True,1943.39,1943.39,0.0,1500.0,48,False,,,,,,,,False,False,0.15,5,,,,,,,,,,,,,,False,False,False,False,DATE_LOGIC_BREACH,,OUT_OF_RANGE,,,,,,,REVIEW,,142.0,45.0,226163,,20991231,NON_POSITIVE_PREMIUM
RID-0032998,CLAIMS_SYS,03-04-2026 11:33,CUS-002291,Edwin Kumar,Male,1981-05-27,45,Married,Citizen,Self-Employed,43128.0,Below 50k,D16,edwin.kumar230@example.com,+65 89839654,POL-0032998,2025-10-30,1899-01-01,PRUFlexiCash,Savings & Wealth,Bancassurance,Annual,-51856.91,380000.0,51856.91,0.0711,15,Inforce,9.0,False,,True,,False,,,,,85,False,,,,,,,,False,False,0.08,8,,,,,,,,,,,,,,False,False,False,False,DATE_LOGIC_BREACH,,OUT_OF_RANGE,,,,,,,REVIEW,,151.0,44.0,226328,,18990101,NON_POSITIVE_PREMIUM
RID-0012456,CRM,03-04-2026 20:20,CUS-024940,Faisal Menon,Male,1972-03-02,54,Divorced,Employment Pass,Professional,33783.0,Below 50k,D14,faisal.menon55@example.com,+65 95754823,POL-0012456,2025-03-17,2099-12-31,PRUShield A Plus,Health & IP,Bancassurance,Monthly,-6652.3,1370000.0,6652.3,0.1633,5,Inforce,17.0,False,,True,Public A-Ward,True,3442.98,3442.98,0.0,0.0,83,False,,,,,,,,False,False,0.42,10,,,,,,,,,,,,,,False,False,False,False,DATE_LOGIC_BREACH,,OUT_OF_RANGE,,,,,,,REVIEW,,148.0,44.0,226414,,20991231,NON_POSITIVE_PREMIUM
RID-0040044,CLAIMS_SYS,03-05-2026 04:02,CUS-018984,Xin Yi Chong,Female,2002-07-12,24,Widowed,Citizen,Self-Employed,149251.0,100k-200k,D06,xin.yi.chong433@example.com,+65 12345,POL-0040044,2024-01-16,2024-01-24,PRUSave Endowment,Savings & Wealth,Bancassurance,Annual,-37254.33,297000.0,37254.33,0.0676,5,Inforce,31.0,False,,True,,False,,,,,71,False,CLM-0040044,2025-10-08,Outpatient Specialist,0.0,Approved,,24.0,False,False,-0.02,8,ASR-0055,5000.0,False,False,0.389,,,,,,,,,False,False,False,False,,,OUT_OF_RANGE,,OUT_OF_RANGE,,,,,REVIEW,,141.0,44.0,226491,,20240124,NON_POSITIVE_PREMIUM
RID-0000798,CLAIMS_SYS,03-07-2026 01:24,CUS-034963,Deepak Fraser,Male,1997-12-18,29,Widowed,Citizen,Education,78182.0,50k-100k,D14,deepak.fraser459@example.com,+65 81140932,POL-0000798,2026-06-01,1899-01-01,PRUSave Endowment,Savings & Wealth,Agency,Annual,-25752.53,387000.0,25752.53,0.0471,15,Inforce,2.0,False,,True,,False,,,,,330,True,,,,,,,,False,False,0.03,5,,,,,,AGT-00505,Aminah Seah,New,4,AU-18,Active,32.3,0.221,False,False,False,False,DATE_LOGIC_BREACH,,OUT_OF_RANGE,,,,,,,REVIEW,,141.0,41.0,226910,9932.0,18990101,NON_POSITIVE_PREMIUM
RID-0012366,AGENCY_MGMT,03-08-2026 02:30,CUS-033191,Denise Aziz,Female,1975-05-23,51,Single,Citizen,Retired,126550.0,100k-200k,D27,denise.aziz52@example.com,0,POL-0012366,2024-01-16,2099-12-31,PRUShield Life,Protection,Digital,Monthly,-8317.88,1068000.0,8317.88,0.2565,99,Inforce,31.0,False,,True,,False,,,,,29,False,,,,,,,,False,False,0.74,9,,,,,,,,,,,,,,False,False,False,False,DATE_LOGIC_BREACH,,OUT_OF_RANGE,,,,,,,REVIEW,,137.0,42.0,227162,,20991231,NON_POSITIVE_PREMIUM
RID-0021621,AGENCY_MGMT,03-08-2026 17:05,CUS-033261,Wei Ming Aziz,Male,1985-07-20,41,Married,Citizen,Healthcare,85229.0,50k-100k,D10,wei.ming.aziz152@example.com,+65 93053695,POL-0021621,2026-04-25,1899-01-01,PRUTerm Secure,Protection,Agency,Annual,-7981.77,1995000.0,7981.77,0.2447,25,Inforce,4.0,False,,True,,False,,,,,0,False,,,,,,,,False,False,0.24,8,,,,,,AGT-00382,Siti Nadia Sharma,Established,54,AU-18,Active,74.2,0.211,False,False,False,False,DATE_LOGIC_BREACH,,OUT_OF_RANGE,,,,,,,REVIEW,,147.0,41.0,227304,9753.0,18990101,NON_POSITIVE_PREMIUM
RID-0016642,AGENCY_MGMT,03-08-2026 19:33,CUS-027656,Samantha Ong,Female,1981-07-22,45,Divorced,Citizen,Retired,112055.0,100k-200k,D06,abc@@example..com,+65 88657009,POL-0016642,2023-04-05,2099-12-31,PRULink Global Growth,Investment-Linked,Agency,Semi-Annual,-41925.99,676000.0,41925.99,0.1303,25,Inforce,40.0,False,,True,,False,,,,,31,False,CLM-0016642,2024-11-11,Day Surgery,13537.15,Approved,,8.0,False,False,0.75,10,ASR-0017,50000.0,False,False,0.225,AGT-01083,Terence Koh,Established,57,AU-28,Active,49.3,0.227,False,False,False,False,DATE_LOGIC_BREACH,,OUT_OF_RANGE,,,,,,,REVIEW,,144.0,41.0,227332,9653.0,20991231,NON_POSITIVE_PREMIUM
RID-0017295,CRM,04-04-2026 16:24,CUS-030900,Samantha Ng,Female,2005-10-28,21,Widowed,Permanent Resident,Manager,140854.0,100k-200k,D21,user at example dot com,+65 93413338,POL-0017295,2024-11-12,2024-12-23,PRUShield Life,Protection,Broker,Annual,-1509.72,2238000.0,1509.72,0.3269,5,Matured,20.0,False,,True,,False,,,,,75,False,CLM-0017295,2025-03-21,Outpatient Specialist,99999999.99,Approved,,-12.0,False,False,-0.08,9,ASR-0048,25000.0,False,False,0.236,AGT-00040,Siew Peng Reddy,New,2,AU-37,Resigned,24.4,0.113,False,False,False,False,,,OUT_OF_RANGE,,OUT_OF_RANGE,OUT_OF_RANGE,,,,REVIEW,,137.0,43.0,227549,10140.0,20241223,NON_POSITIVE_PREMIUM
RID-0011730,CLAIMS_SYS,04-05-2026 08:45,CUS-001754,Kavitha Pillai,Female,1977-12-23,49,Single,Citizen,Manager,56902.0,50k-100k,D09,abc@@example..com,+65 91240079,POL-0011730,2025-11-04,2025-12-12,PRUCritical Cover,Protection,Bancassurance,Quarterly,-6923.92,2247000.0,6923.92,0.2351,25,Matured,8.0,False,,True,,False,,,,,118,False,CLM-0011730,2026-05-31,Day Surgery,29365.6,Approved,,30.0,False,False,0.5,9,ASR-0049,100000.0,False,False,0.056,,,,,,,,,False,False,False,False,,,OUT_OF_RANGE,,,,,,,REVIEW,,150.0,44.0,227683,,20251212,NON_POSITIVE_PREMIUM
RID-0026538,AGENCY_MGMT,04-05-2026 16:55,CUS-020010,Faisal Low,Male,1988-05-27,38,Divorced,Citizen,Civil Service,238461.0,200k-400k,D26,@example.com,+65 87078077,POL-0026538,2024-06-05,2024-06-15,PRUVantage Legacy,Savings & Wealth,Agency,Monthly,-18814.68,85000.0,18814.68,0.0929,5,Inforce,26.0,False,,True,,False,,,999.0,,42,False,,,,,,,,False,False,0.05,10,,,,,,AGT-00170,Kavitha Wright,New,6,AU-07,Resigned,58.9,0.238,False,False,False,False,,,OUT_OF_RANGE,,,,OUT_OF_RANGE,,,REVIEW,,145.0,41.0,227755,10205.0,20240615,NON_POSITIVE_PREMIUM
RID-0045862,AGENCY_MGMT,04-06-2026 12:28,CUS-029767,Jun Hao Neo,Male,2005-09-19,1,Widowed,Permanent Resident,Healthcare,98344.0,50k-100k,D04,@example.com,+65 93115546,POL-0045862,2024-07-25,2024-08-12,PRUWealth Plus,Savings & Wealth,Agency,Quarterly,-24683.15,201000.0,24683.15,0.073,25,Inforce,25.0,False,,True,,False,,,,,0,False,,,,,,,,False,False,0.42,7,,,,,,AGT-00839,Yong Sheng Turner,New,9,AU-38,Active,51.6,0.336,False,False,False,False,,OUT_OF_RANGE,OUT_OF_RANGE,,,,,,,REVIEW,,138.0,41.0,227934,10033.0,20240812,NON_POSITIVE_PREMIUM
RID-0042270,AGENCY_MGMT,04-07-2026 06:45,CUS-015360,Wan Ting Osman,Female,1980-03-22,46,Divorced,Citizen,Education,130597.0,100k-200k,D14,wan.ting.osman230@example.com,+65 91858477,POL-0042270,2025-04-21,1899-01-01,PRUExtra Care,Health & IP,Agency,Monthly,-4540.21,865000.0,4540.21,0.1311,5,Inforce,16.0,False,,True,Public B1-Ward,True,2264.57,2264.57,0.0,0.0,25,False,CLM-0042270,2025-11-01,Maternity,4909.24,Approved,,-3.0,False,False,-0.13,6,ASR-0032,25000.0,False,False,0.386,AGT-00210,Siti Nadia Kumar,Established,80,AU-08,Active,99.6,0.612,False,False,False,False,DATE_LOGIC_BREACH,,OUT_OF_RANGE,,,OUT_OF_RANGE,,,,REVIEW,,149.0,41.0,228111,10474.0,18990101,NON_POSITIVE_PREMIUM
RID-0000912,AGENCY_MGMT,04-07-2026 07:26,CUS-033595,Mei Yi Lim,Female,1972-06-27,54,Married,Citizen,Technician,64184.0,50k-100k,D12,mei.yi.lim85@example.com,+65 89664181,POL-0000912,2024-06-14,2099-12-31,PRUVantage Legacy,Savings & Wealth,Direct,Annual,-49036.57,51000.0,49036.57,0.0455,10,Inforce,26.0,False,,True,,False,,,,,48,False,CLM-0000912,2024-09-30,Maternity,0.0,Approved,,22.0,False,False,0.88,8,ASR-0048,25000.0,False,False,0.045,,,,,,,,,False,False,False,False,DATE_LOGIC_BREACH,,OUT_OF_RANGE,,OUT_OF_RANGE,,,,,REVIEW,,145.0,45.0,224343,,20991231,NON_POSITIVE_PREMIUM
RID-0028404,CLAIMS_SYS,04-07-2026 22:08,CUS-021204,Daniel Raj,Male,1976-07-25,50,Single,Permanent Resident,Sales,37275.0,Below 50k,D21,user at example dot com,+65 85375766,POL-0028404,2025-12-18,2025-12-24,PRUFlexiCash,Savings & Wealth,Agency,Monthly,-4130.63,117000.0,4130.63,0.0712,15,Inforce,8.0,False,,True,,False,,,,,79,True,,,,,,,,False,False,0.1,8,,,,,,AGT-00207,Nicholas Menon,Senior,96,AU-40,Active,22.1,0.35,False,False,False,False,,,OUT_OF_RANGE,,,,,,,REVIEW,,151.0,41.0,228269,10444.0,20251224,NON_POSITIVE_PREMIUM
RID-0043026,CRM,04-08-2026 18:47,CUS-019747,Daniel Yeo,Male,1961-12-06,65,Divorced,Citizen,Retired,83310.0,50k-100k,D04,user at example dot com,+65 92092922,POL-0043026,2023-05-07,2023-06-17,PRULink Global Growth,Investment-Linked,Agency,Monthly,-18242.55,777000.0,18242.55,0.1469,15,Surrendered,39.0,True,2026-02-01,True,,False,,,-10.0,,113,False,CLM-0043026,2025-09-05,Outpatient Specialist,8749.76,Approved,,-3.0,False,False,0.34,10,ASR-0002,25000.0,False,False,0.0,AGT-00262,Kavitha Salleh,Established,71,AU-09,Resigned,78.3,0.25,False,False,False,False,,,OUT_OF_RANGE,,,OUT_OF_RANGE,OUT_OF_RANGE,,,REVIEW,,144.0,41.0,228457,10699.0,20230617,NON_POSITIVE_PREMIUM
RID-0002844,AGENCY_MGMT,05-04-2026 01:29,CUS-001048,Zarina Kumar,Female,1980-07-09,46,Single,Citizen,Professional,83288.0,50k-100k,D04,zarina.kumar227@example.com,+65 87767808,POL-0002844,2025-07-21,2075-06-15,PRUWealth Plus,Savings & Wealth,Bancassurance,Monthly,-23888.68,364000.0,23888.68,0.0363,99,Inforce,12.0,False,,True,,False,,,,,137,False,,,,,,,,False,False,0.9,6,,,,,,,,,,,,,,False,False,False,False,DATE_LOGIC_BREACH,,OUT_OF_RANGE,,,,,,,REVIEW,,138.0,44.0,228700,,20750615,NON_POSITIVE_PREMIUM
RID-0045526,CLAIMS_SYS,05-05-2026 21:40,CUS-022380,Aravind Tan,Male,1967-12-09,59,Single,Permanent Resident,Sales,193811.0,100k-200k,D28,abc@@example..com,+65 85242588,POL-0045526,2024-06-28,2024-07-24,PRUShield Premier,Health & IP,Agency,Annual,-1576.95,562000.0,1576.95,0.1743,25,Inforce,25.0,False,,True,Public A-Ward,False,,,,,0,True,CLM-0045526,2024-08-15,Critical Illness,-15000.0,Withdrawn,,10.0,False,False,0.68,7,ASR-0026,10000.0,False,False,0.124,AGT-01103,Priya Hassan,Senior,83,AU-24,Active,20.9,0.237,False,False,False,False,,,OUT_OF_RANGE,,OUT_OF_RANGE,,,,,REVIEW,,142.0,41.0,229084,10220.0,20240724,NON_POSITIVE_PREMIUM
RID-0022681,CLAIMS_SYS,05-06-2026 08:55,CUS-026292,Suresh Koh,Male,1993-09-12,33,Married,Foreigner,Retired,50518.0,50k-100k,D22,suresh.koh355@example.com,+65 92119560,POL-0022681,2024-07-31,2075-06-15,PRUActive Term,Protection,Agency,Annual,-3465.13,1031000.0,3465.13,0.2433,5,Inforce,24.0,False,,True,,False,,,,,159,False,CLM-0022681,2024-09-30,Critical Illness,3406.09,Approved,,4000.0,False,False,0.44,6,ASR-0014,5000.0,False,False,0.139,AGT-00525,Zulkifli Reddy,Established,35,AU-24,Active,29.1,0.344,False,False,False,False,DATE_LOGIC_BREACH,,OUT_OF_RANGE,,,OUT_OF_RANGE,,,,REVIEW,,146.0,41.0,229189,9962.0,20750615,NON_POSITIVE_PREMIUM
RID-0005381,POLICY_ADMIN,05-06-2026 10:33,CUS-034420,Samantha Rahman,Female,1983-02-18,43,Married,Foreigner,Healthcare,48748.0,Below 50k,D03,samantha.rahman355@example.com,+65 94342688,POL-0005381,2023-07-26,2023-08-06,PRULink Global Growth,Investment-Linked,Agency,Semi-Annual,-17336.88,818000.0,17336.88,0.1064,30,Inforce,37.0,False,,True,,False,,,,,250,False,CLM-0005381,2023-12-01,Outpatient Specialist,0.0,Partially Approved,,12.0,False,False,0.14,10,ASR-0043,5000.0,False,False,0.04,AGT-01160,Joanne Tan,Established,71,AU-33,Active,36.4,0.102,False,False,False,False,,,OUT_OF_RANGE,,OUT_OF_RANGE,,,,,REVIEW,,144.0,41.0,229200,10530.0,20230806,NON_POSITIVE_PREMIUM
RID-0006546,POLICY_ADMIN,05-07-2026 19:40,CUS-009559,Kavitha Hassan,Female,1979-04-20,47,Married,Citizen,Manager,253745.0,200k-400k,D28,kavitha.hassan431@example.com,+65 99873712,POL-0006546,2023-09-29,2023-10-04,PRUShield Premier,Health & IP,Agency,Quarterly,-4000.93,855000.0,4000.93,0.15,10,Lapsed,35.0,True,2026-02-06,True,Public B1-Ward,True,2110.9,2110.9,0.0,1500.0,50,False,CLM-0006546,2023-10-10,Death Benefit,6009.51,Approved,,-3.0,False,False,0.63,6,ASR-0025,50000.0,False,False,0.18,AGT-00351,Nicholas Salleh,New,5,AU-20,Active,93.8,0.125,False,False,False,False,,,OUT_OF_RANGE,,,OUT_OF_RANGE,,,,REVIEW,,142.0,41.0,229511,9795.0,20231004,NON_POSITIVE_PREMIUM
RID-0005402,CRM,05-07-2026 22:29,CUS-019707,Nurul Aisyah Nair,Female,1978-10-14,48,Widowed,Citizen,Retired,78459.0,50k-100k,D22,not-an-email,+65 8123 456789012,POL-0005402,2024-01-06,2024-02-08,PRUShield Standard,Health & IP,Agency,Monthly,-6905.01,480000.0,6905.01,0.1794,5,Inforce,31.0,False,,True,Private Hospital,False,,,,,102,False,,,,,,,,False,False,0.08,7,,,,,,AGT-01069,Valerie Kamal,Senior,47,AU-17,Active,86.4,0.259,False,False,False,False,,,OUT_OF_RANGE,,,,,,,REVIEW,,143.0,41.0,229546,10204.0,20240208,NON_POSITIVE_PREMIUM
RID-0026791,POLICY_ADMIN,05-08-2026 12:39,CUS-018177,Farah Reddy,Female,1988-02-19,38,Divorced,Citizen,Manager,46454.0,Below 50k,D15,farah.reddy382@example.com,0,POL-0026791,2025-09-25,2025-10-17,PRUShield Life,Protection,Digital,Semi-Annual,-7614.43,454000.0,7614.43,0.2603,15,Inforce,10.0,False,,True,,False,,,-10.0,,106,False,CLM-0026791,2026-03-26,Critical Illness,3367.74,Approved,,36.0,False,True,-0.43,4,ASR-0004,100000.0,False,False,0.154,,,,,,,,,False,False,False,False,,,OUT_OF_RANGE,,,,OUT_OF_RANGE,,,REVIEW,,137.0,42.0,229691,,20251017,NON_POSITIVE_PREMIUM
RID-0044944,CRM,06-04-2026 06:37,CUS-008141,Joanne Aziz,Female,1977-10-06,49,Single,Citizen,Sales,94923.0,50k-100k,D23,joanne.aziz239@example.com,+65 91918662,POL-0044944,2023-07-16,2023-08-12,PRUActive Term,Protection,Bancassurance,Monthly,-4213.77,2287000.0,4213.77,0.2346,10,Lapsed,37.0,True,2026-05-22,True,,False,,,999.0,,236,True,,,,,,,,False,False,0.47,7,,,,,,,,,,,,,,False,False,False,False,,,OUT_OF_RANGE,,,,OUT_OF_RANGE,,,REVIEW,,146.0,44.0,228501,,20230812,NON_POSITIVE_PREMIUM
RID-0013761,AGENCY_MGMT,06-04-2026 12:47,CUS-000893,Mei Yi Ong,Female,1977-10-12,49,Married,Citizen,Self-Employed,225912.0,200k-400k,D10,user at example dot com,+65 96640470,POL-0013761,2023-09-11,2023-09-15,PRUSave Endowment,Savings & Wealth,Agency,Quarterly,-29433.65,309000.0,29433.65,0.0735,10,Inforce,36.0,False,,True,,False,,,,,83,False,,,,,,,,False,False,0.69,5,,,,,,AGT-00319,Faisal Chong,Senior,51,AU-14,Active,49.3,0.271,False,False,False,False,,,OUT_OF_RANGE,,,,,,,REVIEW,,141.0,41.0,228920,9710.0,20230915,NON_POSITIVE_PREMIUM
RID-0034742,CRM,06-05-2026 01:11,CUS-025965,Terence Sharma,Male,2000-01-22,27,Single,Citizen,Sales,201115.0,200k-400k,D05,terence.sharma122@example.com,+65 99120209,POL-0034742,2023-01-07,2099-12-31,PRUShield Life,Protection,Agency,Monthly,-7555.48,2319000.0,7555.48,0.3127,99,Inforce,43.0,False,,True,,False,,,,,8,False,,,,,,,,False,False,0.45,10,,,,,,AGT-00607,Wan Ting Ong,Senior,101,AU-26,Resigned,23.8,0.431,False,False,False,False,DATE_LOGIC_BREACH,,OUT_OF_RANGE,,,,,,,REVIEW,,137.0,41.0,230222,10027.0,20991231,NON_POSITIVE_PREMIUM
RID-0020861,CRM,06-05-2026 19:31,CUS-019050,Faisal Menon,Male,1980-12-27,0,Divorced,Citizen,Education,141859.0,100k-200k,D06,faisal.menon147@example.com,+65 83376263,POL-0020861,2025-03-18,2025-04-16,PRUShield Life,Protection,Agency,Quarterly,-1995.65,250000.0,1995.65,0.2956,25,Inforce,16.0,False,,True,,False,,,,,169,True,,,,,,,,False,False,0.27,7,,,,,,AGT-00717,Aminah Seah,Senior,93,AU-04,Active,55.6,0.033,False,False,False,False,,OUT_OF_RANGE,OUT_OF_RANGE,,,,,,,REVIEW,,137.0,41.0,230378,10708.0,20250416,NON_POSITIVE_PREMIUM
RID-0038816,CRM,06-06-2026 12:27,CUS-015757,Aminah Aziz,Female,2005-08-23,1,Single,Citizen,Sales,106467.0,100k-200k,D07,aminah.aziz228@example.com,+65 83245057,POL-0038816,2024-04-14,2024-05-29,PRUWealth Plus,Savings & Wealth,Agency,Annual,-15675.51,437000.0,15675.51,0.0432,30,Surrendered,27.0,True,2025-10-06,True,,False,,,999.0,,75,False,,,,,,,,False,False,0.75,7,,,,,,AGT-00722,Edwin Fraser,Established,34,AU-13,Active,72.7,0.225,False,False,False,False,,OUT_OF_RANGE,OUT_OF_RANGE,,,,OUT_OF_RANGE,,,REVIEW,,138.0,41.0,230517,10352.0,20240529,NON_POSITIVE_PREMIUM
RID-0044091,AGENCY_MGMT,06-07-2026 00:03,CUS-011714,Muhammad Ariff Sim,Male,1980-09-01,46,Single,Permanent Resident,Manager,38542.0,Below 50k,D17,muhammad.ariff.sim288@example.com,+65 96559193,POL-0044091,2023-05-20,2023-05-31,PRUSave Endowment,Savings & Wealth,Bancassurance,Quarterly,-43366.08,411000.0,43366.08,0.0498,10,Inforce,39.0,False,,True,,False,,,,,27,False,,,,,,,,False,False,0.98,6,,,,,,,,,,,,,,False,False,False,False,,,OUT_OF_RANGE,,,,,,,REVIEW,,141.0,44.0,229361,,20230531,NON_POSITIVE_PREMIUM
RID-0017510,CRM,06-07-2026 01:03,CUS-000121,Wan Ting Sim,Female,2004-04-13,22,Widowed,Permanent Resident,Self-Employed,113748.0,100k-200k,D19,@example.com,+65 83137722,POL-0017510,2025-09-24,2025-11-03,PRUExtra Care,Health & IP,Agency,Semi-Annual,-3939.12,241000.0,3939.12,0.1236,99,Inforce,10.0,False,,True,Public B1-Ward,True,1954.25,1954.25,-10.0,2500.0,0,False,,,,,,,,False,False,0.49,6,,,,,,AGT-00110,Anjali Nair,Established,22,AU-21,Active,26.9,0.412,False,False,False,False,,,OUT_OF_RANGE,,,,OUT_OF_RANGE,,,REVIEW,,149.0,41.0,230627,9879.0,20251103,NON_POSITIVE_PREMIUM
RID-0026879,CLAIMS_SYS,06-07-2026 17:18,CUS-008863,Farah Sim,Female,1968-10-03,58,Widowed,Citizen,Professional,135212.0,100k-200k,D03,farah.sim374@example.com,+65 92771444,POL-0026879,2023-12-13,2023-12-18,PRUShield Standard,Health & IP,Agency,Monthly,-5158.88,1304000.0,5158.88,0.1872,10,Inforce,32.0,False,,True,Private Hospital,True,1883.13,1883.13,0.0,2500.0,97,True,CLM-0026879,2026-08-09,Outpatient Specialist,0.0,Approved,,4000.0,False,False,0.48,6,ASR-0019,100000.0,False,False,0.28,AGT-00923,Terence Chong,Established,28,AU-25,Active,83,0.209,False,False,False,False,,,OUT_OF_RANGE,,OUT_OF_RANGE,OUT_OF_RANGE,,,,REVIEW,,143.0,41.0,230791,10619.0,20231218,NON_POSITIVE_PREMIUM
RID-0018224,AGENCY_MGMT,06-07-2026 23:44,CUS-017502,Cheryl Iyer,Female,2005-03-07,21,Widowed,Permanent Resident,Education,32468.0,Below 50k,D17,not-an-email,9999-CALL-ME,POL-0018224,2025-12-13,2026-01-08,PRUSelect Vantage,Investment-Linked,Bancassurance,Monthly,-42446.65,613000.0,42446.65,0.0971,20,Inforce,7.0,False,,True,,False,,,120.0,,32,True,,,,,,,,False,False,0,5,,,,,,,,,,,,,,False,False,False,False,,,OUT_OF_RANGE,,,,OUT_OF_RANGE,,,REVIEW,,139.0,44.0,230855,,20260108,NON_POSITIVE_PREMIUM
RID-0019647,CRM,06-08-2026 02:27,CUS-011332,Farah Reddy,Female,1966-09-27,60,Divorced,Employment Pass,Manager,49586.0,Below 50k,D16,farah.reddy63@example.com,+65 88720955,POL-0019647,2023-03-28,1899-01-01,PRUFlexiCash,Savings & Wealth,Broker,Annual,-51706.48,451000.0,51706.48,0.0671,25,Inforce,41.0,False,,True,,False,,,,,0,False,,,,,,,,False,False,0.88,7,,,,,,AGT-00076,Marcus Bennett,Senior,73,AU-06,Active,24.5,0.707,False,False,False,False,DATE_LOGIC_BREACH,,OUT_OF_RANGE,,,,,,,REVIEW,,151.0,43.0,230880,10780.0,18990101,NON_POSITIVE_PREMIUM
RID-0024817,CLAIMS_SYS,06-08-2026 06:30,CUS-028524,Anjali Wright,Female,1997-05-07,29,Widowed,Employment Pass,Sales,52449.0,50k-100k,D09,anjali.wright234@example.com,0,POL-0024817,2025-06-16,2025-07-15,PRUSave Endowment,Savings & Wealth,Bancassurance,Annual,-56168.71,162000.0,56168.71,0.0451,20,Inforce,13.0,False,,True,,False,,,,,86,False,CLM-0024817,2025-08-22,Maternity,55510.54,Approved,,24.0,False,False,0.88,7,ASR-0001,50000.0,False,False,0.121,,,,,,,,,False,False,False,False,,,OUT_OF_RANGE,,,,,,,REVIEW,,141.0,44.0,229106,,20250715,NON_POSITIVE_PREMIUM
RID-0023056,CLAIMS_SYS,06-08-2026 14:34,CUS-024207,Wan Ting Hassan,Female,1989-12-23,37,Single,Citizen,Technician,124923.0,100k-200k,D20,not-an-email,+65 92599340,POL-0023056,2023-11-20,2023-12-22,PRULink Assurance,Investment-Linked,Agency,Annual,-42325.14,469000.0,42325.14,0.1094,20,Inforce,32.0,False,,True,,False,,,,,267,False,,,,,,,,False,False,0.46,10,,,,,,AGT-00447,Wei Ming Lee,Senior,159,AU-35,Active,94.4,0.364,False,False,False,False,,,OUT_OF_RANGE,,,,,,,REVIEW,,140.0,41.0,228789,9702.0,20231222,NON_POSITIVE_PREMIUM
RID-0031989,POLICY_ADMIN,06-08-2026 18:07,CUS-027312,Divya Kamal,Female,1971-06-19,55,Single,Citizen,Manager,51650.0,50k-100k,D28,divya.kamal448@example.com,9999-CALL-ME,POL-0031989,2024-10-04,1899-01-01,PRUCritical Cover,Protection,Broker,Annual,-8774.55,271000.0,8774.55,0.2451,5,Inforce,22.0,False,,True,,False,,,,,56,True,,,,,,,,False,False,0.29,10,,,,,,AGT-01160,Joanne Tan,Established,71,AU-33,Active,36.4,0.102,False,False,False,False,DATE_LOGIC_BREACH,,OUT_OF_RANGE,,,,,,,REVIEW,,150.0,43.0,231023,10530.0,18990101,NON_POSITIVE_PREMIUM
RID-0037067,POLICY_ADMIN,06-08-2026 19:46,CUS-008191,Kai Xuan Low,Male,1993-02-09,33,Married,Permanent Resident,Healthcare,30000.0,Below 50k,D11,not-an-email,+65 86137304,POL-0037067,2026-01-15,2026-02-24,PRUTerm Secure,Protection,Agency,Quarterly,-1387.62,1913000.0,1387.62,0.3061,5,Inforce,6.0,False,,True,,False,,,999.0,,573,False,CLM-0037067,2026-04-25,Hospitalisation,-15000.0,Partially Approved,,19.0,False,False,-0.19,8,ASR-0056,50000.0,False,False,0.055,AGT-00056,Meera Menon,Established,39,AU-07,On Notice,36.1,0.026,False,False,False,False,,,OUT_OF_RANGE,,OUT_OF_RANGE,,OUT_OF_RANGE,,,REVIEW,,147.0,41.0,231042,10674.0,20260224,NON_POSITIVE_PREMIUM
RID-0036135,CLAIMS_SYS,07-03-2026 23:34,CUS-036844,Siti Nadia Wong,Female,1966-09-22,60,Married,Employment Pass,Sales,30246.0,Below 50k,D09,siti.nadia.wong65@example.com,0,POL-0036135,2025-11-16,2025-11-23,PRUSave Endowment,Savings & Wealth,Digital,Annual,-37295.91,31000.0,37295.91,0.0436,20,Surrendered,9.0,True,2026-03-22,False,,False,,,,,173,False,CLM-0036135,2026-05-24,Maternity,4087.93,Approved,,15.0,False,False,-0.08,9,ASR-0024,50000.0,False,False,0.278,,,,,,,,,False,False,False,False,,,OUT_OF_RANGE,,,,,,,REVIEW,,141.0,42.0,231254,,20251123,NON_POSITIVE_PREMIUM
RID-0025189,CLAIMS_SYS,07-04-2026 05:46,CUS-008381,Aminah Aziz,Female,1993-03-02,33,Widowed,Foreigner,Civil Service,86352.0,50k-100k,D16,aminah.aziz379@example.com,+65 97270960,POL-0025189,2023-06-16,2023-06-25,PRUVantage Legacy,Savings & Wealth,Broker,Annual,-46109.67,382000.0,46109.67,0.0664,99,Inforce,38.0,False,,True,,False,,,,,148,True,,,,,,,,False,False,0.19,7,,,,,,AGT-00583,Chee Keong Hassan,Established,29,AU-32,Active,63.5,0.321,False,False,False,False,,,OUT_OF_RANGE,,,,,,,REVIEW,,145.0,43.0,231305,9621.0,20230625,NON_POSITIVE_PREMIUM
RID-0005079,CLAIMS_SYS,07-04-2026 17:55,CUS-001647,Chee Keong Seah,Male,1965-05-20,0,Single,Permanent Resident,Healthcare,248867.0,200k-400k,D21,chee.keong.seah372@example.com,9999-CALL-ME,POL-0005079,2023-01-23,2023-02-12,PRUShield Life,Protection,Bancassurance,Annual,-7031.06,2350000.0,7031.06,0.296,99,Inforce,43.0,False,,True,,False,,,,,23,False,CLM-0005079,2024-12-21,Disability,0.0,Declined,Outside panel provider,13.0,False,False,0.95,10,ASR-0011,50000.0,False,False,0.223,,,,,,,,,False,False,False,False,,OUT_OF_RANGE,OUT_OF_RANGE,,OUT_OF_RANGE,,,,,REVIEW,,137.0,44.0,224735,,20230212,NON_POSITIVE_PREMIUM
RID-0044265,CRM,07-05-2026 20:48,CUS-035564,Cheryl Pillai,Female,1965-08-25,61,Divorced,Citizen,Healthcare,114718.0,100k-200k,D15,cheryl.pillai279@example.com,+65 86978625,POL-0044265,2025-11-10,2025-11-17,PRUVantage Legacy,Savings & Wealth,Agency,Monthly,-24662.6,323000.0,24662.6,0.0417,25,Matured,9.0,False,,True,,False,,,,,18,False,CLM-0044265,2026-08-29,Disability,3685.74,Approved,,28.0,False,False,0.48,10,ASR-0041,5000.0,False,False,0.155,AGT-00364,Chee Keong Menon,New,3,AU-05,Active,82,0.495,False,False,False,False,,,OUT_OF_RANGE,,,,,,,REVIEW,,145.0,41.0,231640,10035.0,20251117,NON_POSITIVE_PREMIUM
RID-0003526,AGENCY_MGMT,07-06-2026 15:41,CUS-019717,Siew Peng Yeo,Female,1976-08-21,0,Widowed,Citizen,Manager,52494.0,50k-100k,D09,siew.peng.yeo294@example.com,9999-CALL-ME,POL-0003526,2023-12-10,1899-01-01,PRUTerm Secure,Protection,Agency,Monthly,-8439.01,787000.0,8439.01,0.3078,20,Inforce,32.0,False,,True,,False,,,,,24,False,,,,,,,,False,False,0.69,10,,,,,,AGT-00179,Jun Hao Teo,New,9,AU-02,Active,69.2,0.371,False,False,False,False,DATE_LOGIC_BREACH,OUT_OF_RANGE,OUT_OF_RANGE,,,,,,,REVIEW,,147.0,41.0,227931,9789.0,18990101,NON_POSITIVE_PREMIUM
RID-0042437,CRM,07-07-2026 14:13,CUS-017164,Kavitha Osman,Female,2005-04-18,21,Married,Citizen,Manager,48369.0,Below 50k,D18,@example.com,+65 83817222,POL-0042437,2025-02-18,2025-03-03,PRUActive Term,Protection,Broker,Monthly,-2950.24,2919000.0,2950.24,0.3119,10,Inforce,18.0,False,,True,,False,,,120.0,,20,False,,,,,,,,False,False,0.07,7,,,,,,AGT-00183,Hui Ling Mitchell,Senior,74,AU-33,Active,80.7,0.379,False,False,False,False,,,OUT_OF_RANGE,,,,OUT_OF_RANGE,,,REVIEW,,146.0,43.0,224752,9921.0,20250303,NON_POSITIVE_PREMIUM
RID-0002361,AGENCY_MGMT,07-07-2026 14:15,CUS-030300,Deepak Wong,Male,1987-07-01,39,Married,Citizen,Self-Employed,80605.0,50k-100k,D13,deepak.wong139@example.com,+65 98424506,POL-0002361,2024-11-23,2024-12-23,PRUExtra Care,Health & IP,Bancassurance,Annual,-2860.64,564000.0,2860.64,0.0994,10,Inforce,20.0,False,,True,Private Hospital,False,,,120.0,,68,False,,,,,,,,False,False,0.98,9,,,,,,,,,,,,,,False,False,False,False,,,OUT_OF_RANGE,,,,OUT_OF_RANGE,,,REVIEW,,149.0,44.0,231999,,20241223,NON_POSITIVE_PREMIUM
RID-0037594,POLICY_ADMIN,07-07-2026 20:50,CUS-004064,Yong Sheng Sim,Male,1985-07-04,0,Divorced,Citizen,Civil Service,253167.0,200k-400k,D21,yong.sheng.sim180@example.com,+65 8123 456789012,POL-0037594,2025-02-28,2025-03-07,PRUVantage Legacy,Savings & Wealth,Bancassurance,Monthly,-28024.96,336000.0,28024.96,0.034,20,Matured,18.0,False,,True,,False,,,,,27,True,,,,,,,,False,False,0.99,10,,,,,,,,,,,,,,False,False,False,False,,OUT_OF_RANGE,OUT_OF_RANGE,,,,,,,REVIEW,,145.0,44.0,232069,,20250307,NON_POSITIVE_PREMIUM
RID-0027048,POLICY_ADMIN,07-08-2026 05:35,CUS-006869,Suresh Chong,Male,1990-12-09,36,Single,Citizen,Healthcare,67423.0,50k-100k,D17,suresh.chong75@example.com,+65 87286719,POL-0027048,2025-04-12,2075-06-15,PRUShield Standard,Health & IP,Agency,Annual,-4617.54,230000.0,4617.54,0.1457,99,Inforce,15.0,False,,True,Public A-Ward,True,1866.25,1866.25,0.0,1500.0,82,False,CLM-0027048,2026-06-01,Disability,0.0,Approved,,4000.0,False,False,0.37,10,ASR-0038,100000.0,False,False,0.083,AGT-00379,Edwin Ng,Established,38,AU-19,Active,39,0.322,False,False,False,False,DATE_LOGIC_BREACH,,OUT_OF_RANGE,,OUT_OF_RANGE,OUT_OF_RANGE,,,,REVIEW,,143.0,41.0,232160,10194.0,20750615,NON_POSITIVE_PREMIUM
RID-0030661,CLAIMS_SYS,07-08-2026 06:26,CUS-028922,Nicholas Turner,Male,1976-01-10,50,Divorced,Employment Pass,Executive,30000.0,Below 50k,D04,nicholas.turner421@example.com,0,POL-0030661,2023-03-22,2023-04-14,PRULink Assurance,Investment-Linked,Digital,Annual,-40997.37,221000.0,40997.37,0.1079,99,Inforce,41.0,False,,True,,False,,,-10.0,,0,False,CLM-0030661,2025-10-20,Critical Illness,3931.12,Approved,,10.0,False,False,-0.18,9,ASR-0013,100000.0,True,False,0.964,,,,,,,,,False,False,False,False,,,OUT_OF_RANGE,,,,OUT_OF_RANGE,,,REVIEW,,140.0,42.0,232166,,20230414,NON_POSITIVE_PREMIUM
RID-0039438,POLICY_ADMIN,07-08-2026 08:34,CUS-030662,Terence Kumar,Male,1990-04-19,36,Widowed,Citizen,Retired,75558.0,50k-100k,D21,terence.kumar404@example.com,+65 12345,POL-0039438,2025-04-29,2025-06-02,PRUVantage Legacy,Savings & Wealth,Bancassurance,Monthly,-59298.45,56000.0,59298.45,0.074,5,Inforce,15.0,False,,True,,False,,,,,88,False,CLM-0039438,2025-08-26,Accident,8618.25,Approved,,40.0,False,False,-0.03,7,ASR-0043,5000.0,False,False,0.415,,,,,,,,,False,False,False,False,,,OUT_OF_RANGE,,,,,,,REVIEW,,145.0,44.0,232182,,20250602,NON_POSITIVE_PREMIUM
RID-0017176,CLAIMS_SYS,07-08-2026 10:47,CUS-002908,Marcus Chan,Male,1986-01-26,40,Divorced,Citizen,Technician,146964.0,100k-200k,D09,marcus.chan418@example.com,+65 89734832,POL-0017176,2024-11-15,1899-01-01,PRUShield Standard,Health & IP,Agency,Annual,-1878.03,1457000.0,1878.03,0.2079,5,Inforce,21.0,False,,True,Public A-Ward,True,941.42,941.42,0.0,2500.0,244,False,CLM-0017176,2025-06-30,Outpatient Specialist,10849.02,Withdrawn,,-3.0,False,False,0.67,9,ASR-0027,25000.0,False,False,0.222,AGT-00641,Hui Ling Hassan,Established,85,AU-25,Active,63,0.286,False,False,False,False,DATE_LOGIC_BREACH,,OUT_OF_RANGE,,,OUT_OF_RANGE,,,,REVIEW,,143.0,41.0,232204,10413.0,18990101,NON_POSITIVE_PREMIUM
RID-0038518,AGENCY_MGMT,07-08-2026 20:31,CUS-017891,Jun Hao Aziz,Male,1982-03-07,44,Divorced,Citizen,Executive,39608.0,Below 50k,D21,jun.hao.aziz103@example.com,+65 8123 456789012,POL-0038518,2025-12-14,1899-01-01,PRUSelect Vantage,Investment-Linked,Agency,Semi-Annual,-42597.17,815000.0,42597.17,0.1022,25,Inforce,8.0,False,,True,,False,,,,,128,False,,,,,,,,False,False,0.27,10,,,,,,AGT-00366,Chee Keong Goh,New,8,AU-17,Active,42.9,0.322,False,False,False,False,DATE_LOGIC_BREACH,,OUT_OF_RANGE,,,,,,,REVIEW,,139.0,41.0,232289,10549.0,18990101,NON_POSITIVE_PREMIUM
RID-0034737,AGENCY_MGMT,07-08-2026 22:17,CUS-007862,Jia Hui Neo,Female,1976-02-27,50,Single,Permanent Resident,Professional,33564.0,Below 50k,D22,jia.hui.neo446@example.com,+65 95493397,POL-0034737,2024-11-20,2099-12-31,PRULink Assurance,Investment-Linked,Bancassurance,Monthly,-13698.48,317000.0,13698.48,0.1501,20,Inforce,20.0,False,,True,,False,,,,,41,False,,,,,,,,False,False,0.37,9,,,,,,,,,,,,,,False,False,False,False,DATE_LOGIC_BREACH,,OUT_OF_RANGE,,,,,,,REVIEW,,140.0,44.0,232304,,20991231,NON_POSITIVE_PREMIUM
RID-0019908,CLAIMS_SYS,08-03-2026 00:19,CUS-031557,Nurul Aisyah Neo,Female,1994-12-15,32,Married,Citizen,Healthcare,105280.0,100k-200k,D05,nurul.aisyah.neo318@example.com,0,POL-0019908,2026-01-27,2075-06-15,PRULink Global Growth,Investment-Linked,Agency,Monthly,-16603.91,793000.0,16603.91,0.1051,25,Inforce,6.0,False,,True,,False,,,,,132,False,,,,,,,,False,False,0.05,8,,,,,,AGT-00222,Chee Keong Teo,Senior,135,AU-34,Active,52.2,0.025,False,False,False,False,DATE_LOGIC_BREACH,,OUT_OF_RANGE,,,,,,,REVIEW,,144.0,41.0,232321,9658.0,20750615,NON_POSITIVE_PREMIUM
RID-0009414,AGENCY_MGMT,08-03-2026 01:05,CUS-037635,Kai Xuan Aziz,Male,1990-09-19,36,Widowed,Foreigner,Executive,98660.0,50k-100k,D07,user at example dot com,0,POL-0009414,2023-10-28,2023-11-09,PRUSave Endowment,Savings & Wealth,Agency,Annual,-25646.07,173000.0,25646.07,0.0769,15,Inforce,34.0,False,,True,,False,,,,,38,False,,,,,,,,False,False,0.99,9,,,,,,AGT-00958,Wan Ting Raj,Senior,64,AU-25,Active,25.7,0.326,False,False,False,False,,,OUT_OF_RANGE,,,,,,,REVIEW,,141.0,41.0,232330,10786.0,20231109,NON_POSITIVE_PREMIUM
RID-0022256,CLAIMS_SYS,08-03-2026 11:37,CUS-020481,Jonathan Osman,Male,1992-07-10,1,Married,Citizen,Healthcare,120323.0,100k-200k,D09,jonathan.osman143@example.com,+65 88308221,POL-0022256,2024-10-29,2024-11-30,PRUSave Endowment,Savings & Wealth,Agency,Monthly,-14437.07,493000.0,14437.07,0.0874,20,Inforce,21.0,False,,True,,False,,,,,0,False,CLM-0022256,2025-02-18,Death Benefit,3632.4,Partially Approved,,-12.0,False,False,0.11,8,ASR-0032,25000.0,False,False,0.406,AGT-01192,Anjali Reddy,MDRT,236,AU-13,Active,63.5,0.081,False,False,False,False,,OUT_OF_RANGE,OUT_OF_RANGE,,,OUT_OF_RANGE,,,,REVIEW,,141.0,41.0,225256,10427.0,20241130,NON_POSITIVE_PREMIUM
RID-0026957,POLICY_ADMIN,08-03-2026 13:35,CUS-040513,Marcus Sharma,Male,1976-03-14,50,Widowed,Citizen,Sales,32661.0,Below 50k,D18,marcus.sharma19@example.com,9999-CALL-ME,POL-0026957,2024-01-03,2024-02-15,PRUShield Standard,Health & IP,Digital,Monthly,-6329.21,1202000.0,6329.21,0.1266,10,Inforce,30.0,False,,True,Public B1-Ward,True,3368.63,3368.63,120.0,1500.0,124,False,,,,,,,,False,False,0.18,8,,,,,,,,,,,,,,False,False,False,False,,,OUT_OF_RANGE,,,,OUT_OF_RANGE,,,REVIEW,,143.0,42.0,228588,,20240215,NON_POSITIVE_PREMIUM
RID-0033092,CLAIMS_SYS,08-03-2026 18:10,CUS-028349,Denise Chan,Female,1979-12-23,47,Widowed,Employment Pass,Professional,70343.0,50k-100k,D17,denise.chan352@example.com,+65 81956458,POL-0033092,2024-12-03,2075-06-15,PRUSave Endowment,Savings & Wealth,Agency,Monthly,-21386.1,453000.0,21386.1,0.0779,15,Lapsed,20.0,True,2025-08-13,False,,False,,,,,162,False,CLM-0033092,2025-09-20,Accident,-15000.0,Withdrawn,,-12.0,False,False,0.22,9,ASR-0033,25000.0,False,False,0.201,AGT-01006,Priya Chong,New,6,AU-37,Active,50.8,0.424,False,False,False,False,DATE_LOGIC_BREACH,,OUT_OF_RANGE,,OUT_OF_RANGE,OUT_OF_RANGE,,,,REVIEW,,141.0,41.0,232464,9609.0,20750615,NON_POSITIVE_PREMIUM
RID-0026697,CRM,08-03-2026 20:52,CUS-029148,Rachel Lee,Female,1970-11-16,56,Widowed,Citizen,Executive,131922.0,100k-200k,D17,rachel.lee135@example.com,+65 82913965,POL-0026697,2024-01-14,2024-02-25,PRUWealth Plus,Savings & Wealth,Broker,Annual,-27503.99,138000.0,27503.99,0.0462,20,Inforce,30.0,False,,True,,False,,,,,0,False,,,,,,,,False,False,0.47,8,,,,,,AGT-00320,Iskandar Pillai,New,10,AU-01,Active,47.3,0.25,False,False,False,False,,,OUT_OF_RANGE,,,,,,,REVIEW,,138.0,43.0,229490,10591.0,20240225,NON_POSITIVE_PREMIUM
RID-0002924,AGENCY_MGMT,08-04-2026 03:52,CUS-019085,Priya Kumar,Female,1992-08-03,34,Divorced,Citizen,Executive,186775.0,100k-200k,D04,priya.kumar293@example.com,0,POL-0002924,2024-05-31,2024-06-21,PRULink Assurance,Investment-Linked,Agency,Monthly,-18525.94,146000.0,18525.94,0.1368,10,Inforce,26.0,False,,True,,False,,,999.0,,87,False,CLM-0002924,2025-07-22,Accident,3754.52,Approved,,33.0,False,False,0.42,8,ASR-0047,5000.0,False,False,0.262,AGT-00895,Jun Hao Teo,New,3,AU-12,Active,32.6,0.241,False,False,False,False,,,OUT_OF_RANGE,,,,OUT_OF_RANGE,,,REVIEW,,140.0,41.0,232536,10701.0,20240621,NON_POSITIVE_PREMIUM
RID-0044489,POLICY_ADMIN,08-04-2026 04:03,CUS-022195,Farah Reddy,Female,1994-06-24,32,Married,Employment Pass,Self-Employed,81921.0,50k-100k,D09,farah.reddy93@example.com,+65 82456244,POL-0044489,2023-02-10,2023-03-10,PRUFlexiCash,Savings & Wealth,Broker,Annual,-34115.59,204000.0,34115.59,0.0921,30,Inforce,42.0,False,,True,,False,,,999.0,,65,False,,,,,,,,False,False,0.54,8,,,,,,AGT-01002,Arjun Nair,New,4,AU-34,Active,48.7,0.381,False,False,False,False,,,OUT_OF_RANGE,,,,OUT_OF_RANGE,,,REVIEW,,151.0,43.0,232540,10265.0,20230310,NON_POSITIVE_PREMIUM
RID-0004528,CRM,08-04-2026 08:50,CUS-010564,Zulkifli Chan,Male,1979-09-02,47,Married,Citizen,Self-Employed,63777.0,50k-100k,D15,zulkifli.chan25@example.com,+65 86366440,POL-0004528,2025-01-02,2025-02-05,PRUFlexiCash,Savings & Wealth,Agency,Annual,-20673.99,108000.0,20673.99,0.084,99,Inforce,19.0,False,,True,,False,,,,,93,False,,,,,,,,False,False,0.3,10,,,,,,AGT-00047,Zarina Lee,Established,88,AU-07,Active,76.5,0.224,False,False,False,False,,,OUT_OF_RANGE,,,,,,,REVIEW,,151.0,41.0,232582,10553.0,20250205,NON_POSITIVE_PREMIUM
RID-0045937,CLAIMS_SYS,08-04-2026 10:43,CUS-008594,Denise Rahman,Female,1993-01-19,33,Single,Employment Pass,Self-Employed,53651.0,50k-100k,D13,denise.rahman121@example.com,+65 84905466,POL-0045937,2026-01-21,2026-02-25,PRUShield A Plus,Health & IP,Direct,Annual,-7167.48,554000.0,7167.48,0.1474,20,Inforce,6.0,False,,True,Public A-Ward,False,,,,,53,False,CLM-0045937,2026-07-07,Maternity,99999999.99,Approved,,17.0,False,False,0.91,7,ASR-0034,100000.0,False,False,0.061,,,,,,,,,False,False,False,False,,,OUT_OF_RANGE,,OUT_OF_RANGE,,,,,REVIEW,,148.0,45.0,232602,,20260225,NON_POSITIVE_PREMIUM
RID-0024748,CRM,08-05-2026 00:10,CUS-033918,Cheryl Mitchell,Female,1976-03-28,50,Single,Permanent Resident,Professional,99489.0,50k-100k,D26,abc@@example..com,+65 91544325,POL-0024748,2024-11-19,2075-06-15,PRUVantage Legacy,Savings & Wealth,Bancassurance,Monthly,-42690.97,64000.0,42690.97,0.045,99,Inforce,20.0,False,,True,,False,,,,,115,False,CLM-0024748,2025-12-29,Accident,14991.84,Approved,,26.0,False,False,0.14,10,ASR-0057,50000.0,False,False,0.199,,,,,,,,,False,False,False,False,DATE_LOGIC_BREACH,,OUT_OF_RANGE,,,,,,,REVIEW,,145.0,44.0,227353,,20750615,NON_POSITIVE_PREMIUM
RID-0038572,AGENCY_MGMT,08-05-2026 08:53,CUS-009230,Joanne Lee,Female,1990-04-01,36,Married,Permanent Resident,Education,107572.0,100k-200k,D16,joanne.lee233@example.com,+65 84125471,POL-0038572,2023-02-22,2075-06-15,PRUShield Life,Protection,Bancassurance,Annual,-5984.99,2062000.0,5984.99,0.1752,30,Matured,42.0,False,,True,,False,,,,,0,False,CLM-0038572,2025-10-27,Outpatient Specialist,1113.97,Approved,,4000.0,False,False,-0.16,9,ASR-0022,25000.0,False,False,0.144,,,,,,,,,False,False,False,False,DATE_LOGIC_BREACH,,OUT_OF_RANGE,,,OUT_OF_RANGE,,,,REVIEW,,137.0,44.0,229146,,20750615,NON_POSITIVE_PREMIUM
RID-0000063,AGENCY_MGMT,08-05-2026 11:38,CUS-023745,Muhammad Ariff Lee,Male,1988-02-25,39,Married,Citizen,Professional,129002.0,100k-200k,D22,muhammad.ariff.lee132@example.com,+65 8123 456789012,POL-0000063,2024-09-13,2099-12-31,PRUShield A Plus,Health & IP,Broker,Monthly,-4334.67,950000.0,4334.67,0.1377,30,Inforce,23.0,False,,True,Public B1-Ward,True,2110.15,2110.15,0.0,1500.0,194,False,CLM-0000063,2024-12-14,Maternity,14559.65,Approved,,18.0,False,False,0.34,7,ASR-0019,100000.0,False,False,0.403,AGT-00965,Kavitha Wong,Senior,134,AU-04,Active,57.9,0.186,False,False,False,False,DATE_LOGIC_BREACH,,OUT_OF_RANGE,,,,,,,REVIEW,,148.0,43.0,232807,9933.0,20991231,NON_POSITIVE_PREMIUM
RID-0006684,CRM,08-05-2026 22:36,CUS-008985,Marcus Koh,Male,1983-06-21,43,Divorced,Citizen,Healthcare,43596.0,Below 50k,D17,marcus.koh76@example.com,+65 12345,POL-0006684,2023-12-21,2024-01-23,PRUVantage Legacy,Savings & Wealth,Direct,Monthly,-53715.83,415000.0,53715.83,0.0665,99,Inforce,31.0,False,,True,,False,,,,,88,False,,,,,,,,False,False,0.5,9,,,,,,,,,,,,,,False,False,False,False,,,OUT_OF_RANGE,,,,,,,REVIEW,,145.0,45.0,232903,,20240123,NON_POSITIVE_PREMIUM
RID-0028474,AGENCY_MGMT,08-06-2026 09:17,CUS-021563,Deepak Wong,Male,1996-01-05,30,Divorced,Citizen,Sales,77552.0,50k-100k,D04,deepak.wong202@example.com,+65 94429707,POL-0028474,2025-03-21,2075-06-15,PRUVantage Legacy,Savings & Wealth,Broker,Monthly,-41207.96,80000.0,41207.96,0.0933,25,Inforce,17.0,False,,True,,False,,,120.0,,55,False,CLM-0028474,2025-06-07,Outpatient Specialist,10992.76,Approved,,10.0,False,False,0.18,10,ASR-0012,100000.0,False,False,0.258,AGT-00454,Farah Aziz,Established,93,AU-32,On Notice,61.8,0.134,False,False,False,False,DATE_LOGIC_BREACH,,OUT_OF_RANGE,,,,OUT_OF_RANGE,,,REVIEW,,145.0,43.0,232993,10788.0,20750615,NON_POSITIVE_PREMIUM
RID-0028053,CLAIMS_SYS,08-07-2026 06:48,CUS-029776,Siti Nadia Menon,Female,1969-10-25,57,Widowed,Citizen,Sales,59890.0,50k-100k,D14,siti.nadia.menon489@example.com,+65 94523822,POL-0028053,2023-07-26,2023-09-08,PRUTerm Secure,Protection,Bancassurance,Annual,-3537.66,2545000.0,3537.66,0.2388,15,Inforce,36.0,False,,True,,False,,,120.0,,43,False,,,,,,,,False,False,0.22,10,,,,,,,,,,,,,,False,False,False,False,,,OUT_OF_RANGE,,,,OUT_OF_RANGE,,,REVIEW,,147.0,44.0,233167,,20230908,NON_POSITIVE_PREMIUM
RID-0019042,AGENCY_MGMT,08-07-2026 09:40,CUS-026872,Jun Hao Yusof,Male,1992-08-24,34,Widowed,Citizen,Executive,112685.0,100k-200k,D26,not-an-email,+65 94294060,POL-0019042,2025-04-24,2025-05-12,PRUShield Standard,Health & IP,Direct,Monthly,-4769.12,1035000.0,4769.12,0.1682,15,Inforce,15.0,False,,True,Private Hospital,True,1797.87,1797.87,0.0,1500.0,78,False,,,,,,,,False,False,0.43,9,,,,,,,,,,,,,,False,False,False,False,,,OUT_OF_RANGE,,,,,,,REVIEW,,143.0,45.0,230957,,20250512,NON_POSITIVE_PREMIUM
RID-0019429,CLAIMS_SYS,08-07-2026 18:57,CUS-001629,Suresh Ho,Male,1972-11-23,54,Divorced,Citizen,Self-Employed,76510.0,50k-100k,D11,user at example dot com,9999-CALL-ME,POL-0019429,2025-12-14,2026-01-06,PRUShield Standard,Health & IP,Bancassurance,Monthly,-2279.83,1411000.0,2279.83,0.1692,30,Inforce,7.0,False,,True,Public B1-Ward,True,690.55,690.55,0.0,0.0,44,False,,,,,,,,False,False,0.67,6,,,,,,,,,,,,,,False,False,False,False,,,OUT_OF_RANGE,,,,,,,REVIEW,,143.0,44.0,233276,,20260106,NON_POSITIVE_PREMIUM
RID-0025804,CRM,08-07-2026 22:17,CUS-029201,Zarina Kumar,Female,1953-03-05,73,Married,Citizen,Healthcare,62140.0,50k-100k,D01,zarina.kumar183@example.com,+65 82426985,POL-0025804,2026-06-13,2026-07-08,PRUWealth Plus,Savings & Wealth,Bancassurance,Semi-Annual,-20056.85,119000.0,20056.85,0.0548,15,Inforce,1.0,False,,True,,False,,,,,56,False,,,,,,,,False,False,0.75,5,,,,,,,,,,,,,,False,False,False,False,,,OUT_OF_RANGE,,,,,,,REVIEW,,138.0,44.0,233297,,20260708,NON_POSITIVE_PREMIUM
RID-0036403,AGENCY_MGMT,08-08-2026 00:29,CUS-020902,Divya Lim,Female,1983-07-20,43,Single,Permanent Resident,Technician,30000.0,Below 50k,D15,@example.com,+65 84309244,POL-0036403,2025-10-16,2025-11-14,PRUWealth Plus,Savings & Wealth,Bancassurance,Monthly,-27498.51,442000.0,27498.51,0.0678,25,Inforce,9.0,False,,True,,False,,,,,399,False,CLM-0036403,2026-04-26,Day Surgery,18599.03,Approved,,34.0,False,False,0.11,6,ASR-0018,25000.0,False,False,0.21,,,,,,,,,False,False,False,False,,,OUT_OF_RANGE,,,,,,,REVIEW,,138.0,44.0,233313,,20251114,NON_POSITIVE_PREMIUM
RID-0044174,POLICY_ADMIN,08-08-2026 07:46,CUS-001501,Aminah Goh,Female,1992-09-12,34,Divorced,Citizen,Sales,262017.0,200k-400k,D25,aminah.goh421@example.com,+65 8123 456789012,POL-0044174,2025-01-05,2025-01-26,PRUShield A Plus,Health & IP,Digital,Annual,-2151.14,1215000.0,2151.14,0.1693,20,Inforce,19.0,False,,True,Public A-Ward,True,767.76,767.76,0.0,2500.0,199,False,,,,,,,,False,False,0.95,10,,,,,,,,,,,,,,False,False,False,False,,,OUT_OF_RANGE,,,,,,,REVIEW,,148.0,42.0,233370,,20250126,NON_POSITIVE_PREMIUM
RID-0024813,POLICY_ADMIN,08-08-2026 14:33,CUS-006404,Marcus Salleh,Male,1987-10-06,39,Widowed,Permanent Resident,Healthcare,137260.0,100k-200k,D19,not-an-email,+65 84822240,POL-0024813,2024-03-13,2024-04-12,PRUVantage Legacy,Savings & Wealth,Broker,Annual,-4107.02,357000.0,4107.02,0.056,15,Inforce,29.0,False,,True,,False,,,,,32,False,CLM-0024813,2026-06-18,Maternity,4529.58,Approved,,-3.0,False,True,-0.41,1,ASR-0040,100000.0,False,False,0.388,AGT-00045,Rohan Ho,Established,50,AU-02,Active,56.1,0.318,False,False,False,False,,,OUT_OF_RANGE,,,OUT_OF_RANGE,,,,REVIEW,,145.0,43.0,233449,10487.0,20240412,NON_POSITIVE_PREMIUM
RID-0040523,CLAIMS_SYS,09-03-2026 00:37,CUS-002268,Zarina Turner,Female,1993-10-27,33,Married,Permanent Resident,Civil Service,96510.0,50k-100k,D20,zarina.turner47@example.com,+65 97250801,POL-0040523,2024-11-02,2024-12-03,PRUSave Endowment,Savings & Wealth,Digital,Semi-Annual,-8373.1,101000.0,8373.1,0.0941,20,Inforce,21.0,False,,True,,False,,,-10.0,,24,False,CLM-0040523,2025-04-25,Disability,8380.63,Partially Approved,,-12.0,False,False,0.43,8,ASR-0020,5000.0,False,False,0.227,,,,,,,,,False,False,False,False,,,OUT_OF_RANGE,,,OUT_OF_RANGE,OUT_OF_RANGE,,,REVIEW,,141.0,42.0,224960,,20241203,NON_POSITIVE_PREMIUM
RID-0007714,CLAIMS_SYS,09-03-2026 08:09,CUS-001524,Farah Salleh,Female,1973-09-16,53,Widowed,Citizen,Civil Service,59249.0,50k-100k,D06,farah.salleh13@example.com,+65 97399351,POL-0007714,2024-08-25,2075-06-15,PRUShield Premier,Health & IP,Bancassurance,Monthly,-1095.03,726000.0,1095.03,0.182,5,Inforce,24.0,False,,True,Public B1-Ward,True,563.05,563.05,0.0,1500.0,27,True,CLM-0007714,2026-02-06,Day Surgery,7950.86,Partially Approved,,29.0,False,False,0.12,6,ASR-0021,100000.0,False,False,0.009,,,,,,,,,False,False,False,False,DATE_LOGIC_BREACH,,OUT_OF_RANGE,,,,,,,REVIEW,,142.0,44.0,233572,,20750615,NON_POSITIVE_PREMIUM
RID-0039407,CLAIMS_SYS,09-03-2026 23:42,CUS-040259,Chee Keong Tan,Male,1989-11-02,37,Single,Permanent Resident,Sales,198622.0,100k-200k,D28,chee.keong.tan209@example.com,+65 85203843,POL-0039407,2024-04-30,2024-05-09,PRUExtra Care,Health & IP,Bancassurance,Monthly,-1682.77,1193000.0,1682.77,0.1054,25,Inforce,28.0,False,,True,Private Hospital,True,507.8,507.8,0.0,2500.0,103,True,,,,,,,,False,False,-0.05,8,,,,,,,,,,,,,,False,False,False,False,,,OUT_OF_RANGE,,,,,,,REVIEW,,149.0,44.0,233670,,20240509,NON_POSITIVE_PREMIUM
RID-0025717,AGENCY_MGMT,09-04-2026 03:14,CUS-032128,Siew Peng Lim,Female,1970-07-26,56,Widowed,Permanent Resident,Technician,47093.0,Below 50k,D07,@example.com,+65 86829518,POL-0025717,2025-09-22,2025-10-10,PRUExtra Care,Health & IP,Agency,Semi-Annual,-4395.41,1197000.0,4395.41,0.1233,10,Inforce,10.0,False,,True,Private Hospital,False,,,,,17,False,,,,,,,,False,False,0,7,,,,,,AGT-01174,Terence Koh,Established,33,AU-09,Active,54.3,0.433,False,False,False,False,,,OUT_OF_RANGE,,,,,,,REVIEW,,149.0,41.0,233696,10305.0,20251010,NON_POSITIVE_PREMIUM
RID-0037009,CRM,09-05-2026 01:42,CUS-030077,Yong Sheng Menon,Male,1977-04-24,0,Married,Employment Pass,Healthcare,93815.0,50k-100k,D17,yong.sheng.menon244@example.com,+65 8123 456789012,POL-0037009,2023-08-16,2023-08-31,PRUFlexiCash,Savings & Wealth,Bancassurance,Monthly,-27181.6,173000.0,27181.6,0.0522,10,Inforce,36.0,False,,True,,False,,,,,31,False,,,,,,,,False,False,0.15,8,,,,,,,,,,,,,,False,False,False,False,,OUT_OF_RANGE,OUT_OF_RANGE,,,,,,,REVIEW,,151.0,44.0,233864,,20230831,NON_POSITIVE_PREMIUM
RID-0016709,AGENCY_MGMT,09-05-2026 04:24,CUS-024665,Jia Hui Chong,Female,1978-12-07,0,Widowed,Citizen,Sales,64700.0,50k-100k,D07,jia.hui.chong452@example.com,+65 83792860,POL-0016709,2025-12-31,2026-02-11,PRUTerm Secure,Protection,Agency,Quarterly,-3767.03,712000.0,3767.03,0.3135,99,Inforce,6.0,False,,True,,False,,,,,82,True,CLM-0016709,2026-07-02,Accident,-15000.0,Approved,,12.0,False,False,0.18,9,ASR-0023,50000.0,False,False,0.293,AGT-00170,Kavitha Wright,New,6,AU-07,Resigned,58.9,0.238,False,False,False,False,,OUT_OF_RANGE,OUT_OF_RANGE,,OUT_OF_RANGE,,,,,REVIEW,,147.0,41.0,233893,10205.0,20260211,NON_POSITIVE_PREMIUM
RID-0036520,CRM,09-05-2026 12:52,CUS-031448,Hakim Menon,Male,1985-11-01,41,Divorced,Citizen,Education,121842.0,100k-200k,D26,hakim.menon261@example.com,9999-CALL-ME,POL-0036520,2025-02-14,2025-03-14,PRUFlexiCash,Savings & Wealth,Bancassurance,Quarterly,-12669.9,381000.0,12669.9,0.0406,99,Inforce,17.0,False,,True,,False,,,120.0,,0,False,CLM-0036520,2025-04-30,Disability,2395.38,Approved,,-12.0,False,True,-0.91,4,ASR-0032,25000.0,False,False,0.013,,,,,,,,,False,False,False,False,,,OUT_OF_RANGE,,,OUT_OF_RANGE,OUT_OF_RANGE,,,REVIEW,,151.0,44.0,233191,,20250314,NON_POSITIVE_PREMIUM
RID-0004485,CRM,09-05-2026 21:47,CUS-014482,Siti Nadia Iyer,Female,2005-03-12,21,Married,Citizen,Executive,58719.0,50k-100k,D10,siti.nadia.iyer426@example.com,+65 86164995,POL-0004485,2025-05-27,2025-05-28,PRUFlexiCash,Savings & Wealth,Digital,Annual,-50771.41,430000.0,50771.41,0.0779,99,Inforce,15.0,False,,True,,False,,,-10.0,,123,False,CLM-0004485,2026-06-17,Hospitalisation,93663.07,Partially Approved,,-12.0,False,False,-0.1,10,ASR-0051,5000.0,False,False,0.143,,,,,,,,,False,False,False,False,,,OUT_OF_RANGE,,,OUT_OF_RANGE,OUT_OF_RANGE,,,REVIEW,,151.0,42.0,234012,,20250528,NON_POSITIVE_PREMIUM
RID-0042631,CRM,09-05-2026 23:38,CUS-012471,Muhammad Ariff Teo,Male,1966-08-18,0,Divorced,Citizen,Technician,61454.0,50k-100k,D03,@example.com,+65 94184902,POL-0042631,2024-06-30,2024-08-08,PRUFlexiCash,Savings & Wealth,Bancassurance,Monthly,-8359.21,416000.0,8359.21,0.0841,10,Inforce,25.0,False,,True,,False,,,120.0,,0,False,,,,,,,,False,False,0.92,9,,,,,,,,,,,,,,False,False,False,False,,OUT_OF_RANGE,OUT_OF_RANGE,,,,OUT_OF_RANGE,,,REVIEW,,151.0,44.0,234026,,20240808,NON_POSITIVE_PREMIUM
RID-0018030,POLICY_ADMIN,09-06-2026 01:56,CUS-012175,Jia Hui Harper,Female,1968-09-10,58,Widowed,Citizen,Self-Employed,110324.0,100k-200k,D02,jia.hui.harper490@example.com,+65 99748624,POL-0018030,2023-09-26,1899-01-01,PRUShield Premier,Health & IP,Agency,Monthly,-5388.33,693000.0,5388.33,0.1617,99,Inforce,35.0,False,,True,Private Hospital,True,2484.68,2484.68,0.0,0.0,0,False,CLM-0018030,2026-08-21,Accident,2883.59,Approved,,13.0,False,False,0.22,8,ASR-0010,50000.0,True,False,0.726,AGT-00742,Siew Peng Tan,Established,77,AU-38,Active,45.5,0.226,False,False,False,False,DATE_LOGIC_BREACH,,OUT_OF_RANGE,,,,,,,REVIEW,,142.0,41.0,234045,10746.0,18990101,NON_POSITIVE_PREMIUM
RID-0047241,AGENCY_MGMT,09-06-2026 19:44,CUS-026905,Rohan Fraser,Male,1963-05-19,0,Married,Permanent Resident,Sales,41580.0,Below 50k,D12,rohan.fraser16@example.com,+65 12345,POL-0047241,2023-01-02,2023-01-08,PRUSave Endowment,Savings & Wealth,Bancassurance,Monthly,-11775.7,440000.0,11775.7,0.0423,15,Inforce,44.0,False,,True,,False,,,,,290,True,CLM-0047241,2023-11-03,Critical Illness,4089.16,Pending,,31.0,False,False,0.17,10,ASR-0051,5000.0,False,False,0.111,,,,,,,,,False,False,False,False,,OUT_OF_RANGE,OUT_OF_RANGE,,,,,,,REVIEW,,141.0,44.0,231329,,20230108,NON_POSITIVE_PREMIUM
RID-0024824,CRM,09-07-2026 01:42,CUS-015346,Iskandar Yusof,Male,1982-06-01,44,Divorced,Permanent Resident,Civil Service,51815.0,50k-100k,D02,iskandar.yusof463@example.com,+65 87492922,POL-0024824,2025-12-25,2099-12-31,PRUVantage Legacy,Savings & Wealth,Bancassurance,Monthly,-34093.05,364000.0,34093.05,0.0419,30,Inforce,8.0,False,,True,,False,,,,,0,False,CLM-0024824,2026-01-19,Outpatient Specialist,-15000.0,Partially Approved,,18.0,False,False,-0.17,10,ASR-0055,5000.0,False,False,0.134,,,,,,,,,False,False,False,False,DATE_LOGIC_BREACH,,OUT_OF_RANGE,,OUT_OF_RANGE,,,,,REVIEW,,145.0,44.0,234241,,20991231,NON_POSITIVE_PREMIUM
RID-0014980,CRM,09-07-2026 21:06,CUS-008226,Joanne Osman,Female,1990-03-15,36,Married,Foreigner,Self-Employed,31609.0,Below 50k,D23,joanne.osman90@example.com,9999-CALL-ME,POL-0014980,2023-03-06,2023-04-03,PRUShield Premier,Health & IP,Bancassurance,Quarterly,-6363.3,1132000.0,6363.3,0.1509,5,Inforce,41.0,False,,True,Private Hospital,True,3393.06,3393.06,0.0,2500.0,183,True,,,,,,,,False,False,0.33,8,,,,,,,,,,,,,,False,False,False,False,,,OUT_OF_RANGE,,,,,,,REVIEW,,142.0,44.0,234396,,20230403,NON_POSITIVE_PREMIUM
RID-0032165,POLICY_ADMIN,10-03-2026 15:53,CUS-003426,Jun Hao Neo,Male,1989-04-21,37,Married,Citizen,Self-Employed,84833.0,50k-100k,D09,jun.hao.neo372@example.com,+65 82700092,POL-0032165,2025-12-23,2075-06-15,PRUSave Endowment,Savings & Wealth,Bancassurance,Monthly,-16520.31,488000.0,16520.31,0.0547,20,Inforce,7.0,False,,True,,False,,,,,184,False,CLM-0032165,2026-06-03,Day Surgery,-15000.0,Declined,Outside panel provider,-3.0,False,False,0.59,8,ASR-0055,5000.0,False,False,0.266,,,,,,,,,False,False,False,False,DATE_LOGIC_BREACH,,OUT_OF_RANGE,,OUT_OF_RANGE,OUT_OF_RANGE,,,,REVIEW,,141.0,44.0,234762,,20750615,NON_POSITIVE_PREMIUM
RID-0024551,POLICY_ADMIN,10-04-2026 02:53,CUS-008608,Meera Neo,Female,1992-10-15,34,Divorced,Permanent Resident,Professional,48957.0,Below 50k,D07,meera.neo215@example.com,0,POL-0024551,2024-04-10,2024-04-23,PRUCritical Cover,Protection,Direct,Monthly,-808.01,2825000.0,808.01,0.2707,20,Inforce,28.0,False,,True,,False,,,,,104,False,CLM-0024551,2026-08-21,Hospitalisation,2929.32,Approved,,2.0,False,False,0.71,6,ASR-0018,25000.0,False,False,0.412,,,,,,,,,False,False,False,False,,,OUT_OF_RANGE,,,,,,,REVIEW,,150.0,45.0,234853,,20240423,NON_POSITIVE_PREMIUM
RID-0036635,CRM,10-04-2026 18:49,CUS-028082,Marcus Tan,Male,1988-01-23,38,Single,Employment Pass,Self-Employed,69195.0,50k-100k,D09,marcus.tan298@example.com,0,POL-0036635,2023-10-06,1899-01-01,PRUCritical Cover,Protection,Bancassurance,Annual,-1601.18,674000.0,1601.18,0.2062,99,Inforce,34.0,False,,True,,False,,,120.0,,0,True,,,,,,,,False,False,0.96,9,,,,,,,,,,,,,,False,False,False,False,DATE_LOGIC_BREACH,,OUT_OF_RANGE,,,,OUT_OF_RANGE,,,REVIEW,,150.0,44.0,234965,,18990101,NON_POSITIVE_PREMIUM
RID-0007934,AGENCY_MGMT,10-04-2026 22:28,CUS-035021,Marcus Kamal,Male,1985-05-21,41,Married,Permanent Resident,Retired,89565.0,50k-100k,D01,@example.com,+65 99360317,POL-0007934,2025-06-05,2025-06-14,PRUSave Endowment,Savings & Wealth,Bancassurance,Monthly,-12075.46,97000.0,12075.46,0.0796,10,Inforce,14.0,False,,True,,False,,,,,0,False,CLM-0007934,2026-06-28,Hospitalisation,775.12,Pending,,-12.0,False,False,0.88,9,ASR-0004,100000.0,False,False,0.313,,,,,,,,,False,False,False,False,,,OUT_OF_RANGE,,,OUT_OF_RANGE,,,,REVIEW,,141.0,44.0,234995,,20250614,NON_POSITIVE_PREMIUM
RID-0033131,CLAIMS_SYS,10-05-2026 01:21,CUS-027831,Yong Sheng Ng,Male,1986-02-08,40,Married,Employment Pass,Education,102762.0,100k-200k,D17,@example.com,+65 86171398,POL-0033131,2023-09-09,2023-10-05,PRUSave Endowment,Savings & Wealth,Bancassurance,Monthly,-10506.54,99000.0,10506.54,0.0619,10,Inforce,35.0,False,,True,,False,,,,,187,False,CLM-0033131,2026-08-31,Day Surgery,0.0,Approved,,19.0,False,False,0.95,10,ASR-0007,25000.0,False,False,0.058,,,,,,,,,False,False,False,False,,,OUT_OF_RANGE,,OUT_OF_RANGE,,,,,REVIEW,,141.0,44.0,235013,,20231005,NON_POSITIVE_PREMIUM
RID-0001769,AGENCY_MGMT,10-05-2026 04:43,CUS-005517,Lakshmi Sim,Female,1980-06-05,46,Widowed,Permanent Resident,Professional,125618.0,100k-200k,D27,lakshmi.sim132@example.com,+65 88315938,POL-0001769,2025-03-30,2025-04-07,PRUFlexiCash,Savings & Wealth,Agency,Monthly,-21049.81,337000.0,21049.81,0.0798,30,Inforce,17.0,False,,True,,False,,,,,208,False,CLM-0001769,2026-04-07,Disability,0.0,Partially Approved,,-12.0,False,False,-0.09,10,ASR-0007,25000.0,False,False,0.079,AGT-00841,Faisal Chong,Senior,170,AU-01,Active,35.6,0.022,False,False,False,False,,,OUT_OF_RANGE,,OUT_OF_RANGE,OUT_OF_RANGE,,,,REVIEW,,151.0,41.0,235044,9782.0,20250407,NON_POSITIVE_PREMIUM
RID-0010564,CRM,10-05-2026 10:12,CUS-025278,Hui Ling Low,Female,1986-08-05,40,Married,Permanent Resident,Retired,82149.0,50k-100k,D21,hui.ling.low191@example.com,0,POL-0010564,2025-05-16,2025-06-14,PRUSave Endowment,Savings & Wealth,Broker,Monthly,-36561.67,208000.0,36561.67,0.0678,10,Inforce,14.0,False,,True,,False,,,,,60,False,CLM-0010564,2026-06-18,Death Benefit,963.2,Approved,,28.0,False,False,-0.12,7,ASR-0040,100000.0,False,False,0.061,AGT-00440,Terence Raj,Established,96,AU-21,Active,42.6,0.249,False,False,False,False,,,OUT_OF_RANGE,,,,,,,REVIEW,,141.0,43.0,235082,10594.0,20250614,NON_POSITIVE_PREMIUM
RID-0008134,AGENCY_MGMT,10-05-2026 15:36,CUS-036255,Faisal Yusof,Male,1988-12-20,0,Married,Citizen,Healthcare,151505.0,100k-200k,D11,faisal.yusof119@example.com,9999-CALL-ME,POL-0008134,2026-03-28,2026-05-09,PRUShield Standard,Health & IP,Agency,Monthly,-3983.87,209000.0,3983.87,0.1702,99,Inforce,3.0,False,,True,Public A-Ward,True,1720.8,1104.57,5.0,2500.0,0,False,CLM-0008134,2026-06-08,Maternity,-15000.0,Approved,,29.0,False,False,0.96,6,ASR-0028,10000.0,False,False,0.147,AGT-00057,Chee Keong Wong,Senior,159,AU-36,Active,30,0.348,False,False,False,False,,OUT_OF_RANGE,OUT_OF_RANGE,,OUT_OF_RANGE,,,,,REVIEW,,143.0,41.0,235121,10477.0,20260509,NON_POSITIVE_PREMIUM
RID-0023017,CRM,10-05-2026 16:31,CUS-009449,Mei Yi Lee,Female,1964-08-09,62,Single,Employment Pass,Self-Employed,46399.0,Below 50k,D10,mei.yi.lee451@example.com,+65 94281711,POL-0023017,2024-10-04,2075-06-15,PRUVantage Legacy,Savings & Wealth,Broker,Monthly,-27768.81,71000.0,27768.81,0.0376,5,Inforce,22.0,False,,True,,False,,,,,0,False,CLM-0023017,2025-11-04,Hospitalisation,6350.29,Partially Approved,,14.0,False,False,-0.19,7,ASR-0007,25000.0,False,False,0.37,AGT-00910,Siti Nadia Ong,New,2,AU-02,Active,61.9,0.256,False,False,False,False,DATE_LOGIC_BREACH,,OUT_OF_RANGE,,,,,,,REVIEW,,145.0,43.0,235128,10575.0,20750615,NON_POSITIVE_PREMIUM
RID-0023795,AGENCY_MGMT,10-06-2026 12:43,CUS-039975,Wei Ming Mitchell,Male,1980-05-27,0,Single,Citizen,Sales,163137.0,100k-200k,D13,wei.ming.mitchell433@example.com,+65 99044101,POL-0023795,2025-01-21,2025-02-07,PRUSelect Vantage,Investment-Linked,Agency,Annual,-29111.54,564000.0,29111.54,0.1675,99,Inforce,19.0,False,,True,,False,,,,,13,True,CLM-0023795,2025-03-25,Disability,9464.34,Approved,,4000.0,False,False,0.1,7,ASR-0001,50000.0,False,False,0.094,AGT-00905,Kavitha Yeo,New,10,AU-39,Active,25.2,0.339,False,False,False,False,,OUT_OF_RANGE,OUT_OF_RANGE,,,OUT_OF_RANGE,,,,REVIEW,,139.0,41.0,235285,10491.0,20250207,NON_POSITIVE_PREMIUM
RID-0032074,CRM,10-07-2026 21:36,CUS-014655,Marcus Sim,Male,1989-01-28,37,Single,Permanent Resident,Civil Service,88562.0,50k-100k,D23,marcus.sim208@example.com,+65 88320185,POL-0032074,2024-07-24,2024-07-31,PRUVantage Legacy,Savings & Wealth,Agency,Quarterly,-35238.17,84000.0,35238.17,0.0369,10,Inforce,25.0,False,,True,,False,,,,,131,False,CLM-0032074,2025-07-11,Disability,0.0,Declined,Premium in arrears,29.0,False,False,-0.18,9,ASR-0052,5000.0,False,False,0.159,AGT-00970,Iskandar Bennett,Senior,125,AU-40,Active,56.8,0.415,False,False,False,False,,,OUT_OF_RANGE,,OUT_OF_RANGE,,,,,REVIEW,,145.0,41.0,235550,9914.0,20240731,NON_POSITIVE_PREMIUM
RID-0023552,CRM,10-08-2026 06:53,CUS-035447,Siew Peng Chua,Female,1993-02-16,0,Single,Citizen,Manager,61541.0,50k-100k,D08,@example.com,+65 88234297,POL-0023552,2026-04-25,2026-06-05,PRUSelect Vantage,Investment-Linked,Bancassurance,Monthly,-11238.87,334000.0,11238.87,0.0978,99,Inforce,2.0,False,,True,,False,,,,,82,False,,,,,,,,False,False,0.28,7,,,,,,,,,,,,,,False,False,False,False,,OUT_OF_RANGE,OUT_OF_RANGE,,,,,,,REVIEW,,139.0,44.0,235629,,20260605,NON_POSITIVE_PREMIUM
RID-0025589,AGENCY_MGMT,10-08-2026 23:54,CUS-014972,Rohan Harper,Male,1991-01-23,35,Divorced,Citizen,Executive,88060.0,50k-100k,D08,rohan.harper292@example.com,+65 98461482,POL-0025589,2026-02-25,2026-03-11,PRUWealth Plus,Savings & Wealth,Bancassurance,Monthly,-13978.75,417000.0,13978.75,0.0448,10,Inforce,5.0,False,,True,,False,,,999.0,,148,False,CLM-0025589,2026-07-07,Accident,99999999.99,Declined,Documentation incomplete,8.0,False,False,0.99,10,ASR-0059,50000.0,False,False,0.231,,,,,,,,,False,False,False,False,,,OUT_OF_RANGE,,OUT_OF_RANGE,,OUT_OF_RANGE,,,REVIEW,,138.0,44.0,230015,,20260311,NON_POSITIVE_PREMIUM
RID-0039312,AGENCY_MGMT,11-03-2026 09:31,CUS-039728,Iskandar Teo,Male,2001-08-02,25,Divorced,Permanent Resident,Healthcare,108936.0,100k-200k,D12,iskandar.teo100@example.com,+65 91037878,POL-0039312,2023-07-06,2023-07-07,PRUShield Premier,Health & IP,Agency,Semi-Annual,-695.56,231000.0,695.56,0.173,30,Matured,38.0,False,,True,Public B1-Ward,True,242.67,242.67,0.0,2500.0,0,False,,,,,,,,False,False,0.81,8,,,,,,AGT-00657,Siti Nadia Menon,Established,91,AU-25,Active,83.9,0.072,False,False,False,False,,,OUT_OF_RANGE,,,,,,,REVIEW,,142.0,41.0,235830,9714.0,20230707,NON_POSITIVE_PREMIUM
RID-0012693,CLAIMS_SYS,11-03-2026 14:26,CUS-011017,Hui Ling Teo,Female,1988-07-08,38,Divorced,Permanent Resident,Healthcare,61459.0,50k-100k,D09,hui.ling.teo275@example.com,+65 94237909,POL-0012693,2023-08-05,2023-08-31,PRUShield Premier,Health & IP,Agency,Annual,-7154.09,1030000.0,7154.09,0.1406,25,Inforce,36.0,False,,True,Private Hospital,False,,,,,57,False,CLM-0012693,2024-08-16,Critical Illness,-15000.0,Approved,,18.0,False,False,0.27,9,ASR-0039,100000.0,False,False,0.325,AGT-00210,Siti Nadia Kumar,Established,80,AU-08,Active,99.6,0.612,False,False,False,False,,,OUT_OF_RANGE,,OUT_OF_RANGE,,,,,REVIEW,,142.0,41.0,235868,10474.0,20230831,NON_POSITIVE_PREMIUM
RID-0021676,POLICY_ADMIN,11-04-2026 00:35,CUS-030679,Hui Ling Reddy,Female,1985-10-23,0,Widowed,Citizen,Healthcare,30000.0,Below 50k,D01,hui.ling.reddy341@example.com,+65 82382026,POL-0021676,2025-07-27,1899-01-01,PRUSelect Vantage,Investment-Linked,Digital,Quarterly,-10686.94,295000.0,10686.94,0.1535,99,Inforce,13.0,False,,True,,False,,,,,123,False,,,,,,,,False,False,0.27,9,,,,,,,,,,,,,,False,False,False,False,DATE_LOGIC_BREACH,OUT_OF_RANGE,OUT_OF_RANGE,,,,,,,REVIEW,,139.0,42.0,226127,,18990101,NON_POSITIVE_PREMIUM
RID-0017984,AGENCY_MGMT,11-04-2026 15:22,CUS-038428,Nurul Aisyah Menon,Female,1999-03-18,27,Single,Citizen,Retired,130383.0,100k-200k,D08,abc@@example..com,+65 98919362,POL-0017984,2023-09-04,2099-12-31,PRUWealth Plus,Savings & Wealth,Bancassurance,Annual,-37865.21,96000.0,37865.21,0.0482,15,Lapsed,35.0,True,2024-03-04,False,,False,,,,,89,False,,,,,,,,False,False,0.65,5,,,,,,,,,,,,,,False,False,False,False,DATE_LOGIC_BREACH,,OUT_OF_RANGE,,,,,,,REVIEW,,138.0,44.0,236048,,20991231,NON_POSITIVE_PREMIUM
RID-0023346,POLICY_ADMIN,11-04-2026 18:34,CUS-024348,Kavitha Bennett,Female,2001-09-11,1,Widowed,Citizen,Civil Service,73663.0,50k-100k,D11,kavitha.bennett57@example.com,+65 8123 456789012,POL-0023346,2023-03-15,2099-12-31,PRUVantage Legacy,Savings & Wealth,Agency,Annual,-24108.42,164000.0,24108.42,0.0389,15,Inforce,40.0,False,,True,,False,,,,,70,False,,,,,,,,False,False,0.22,10,,,,,,AGT-00701,Jonathan Aziz,Established,75,AU-27,Active,69.9,0.303,False,False,False,False,DATE_LOGIC_BREACH,OUT_OF_RANGE,OUT_OF_RANGE,,,,,,,REVIEW,,145.0,41.0,228006,10707.0,20991231,NON_POSITIVE_PREMIUM
RID-0023465,CRM,11-05-2026 01:05,CUS-030913,Cheryl Iyer,Female,2002-04-20,24,Married,Permanent Resident,Manager,57607.0,50k-100k,D04,cheryl.iyer179@example.com,+65 85911836,POL-0023465,2024-01-06,2024-01-16,PRUSave Endowment,Savings & Wealth,Agency,Quarterly,-13986.5,343000.0,13986.5,0.0454,5,Inforce,31.0,False,,True,,False,,,120.0,,143,False,CLM-0023465,2025-10-10,Outpatient Specialist,2156.17,Approved,,22.0,False,True,-0.62,0,ASR-0055,5000.0,False,False,0.168,AGT-00804,Siew Peng Seah,MDRT,87,AU-34,On Notice,57.7,0.44,False,False,False,False,,,OUT_OF_RANGE,,,,OUT_OF_RANGE,,,REVIEW,,141.0,41.0,236111,10380.0,20240116,NON_POSITIVE_PREMIUM
RID-0004424,CRM,11-05-2026 04:11,CUS-025869,Zulkifli Ng,Male,1973-04-12,1,Married,Citizen,Technician,97345.0,50k-100k,D14,zulkifli.ng285@example.com,+65 87524549,POL-0004424,2023-03-14,2023-03-26,PRUShield Life,Protection,Agency,Annual,-1938.3,853000.0,1938.3,0.2769,25,Inforce,41.0,False,,True,,False,,,,,134,False,,,,,,,,False,False,0.64,6,,,,,,AGT-00926,Jonathan Harper,New,12,AU-03,Active,23.8,0.074,False,False,False,False,,OUT_OF_RANGE,OUT_OF_RANGE,,,,,,,REVIEW,,137.0,41.0,235224,10751.0,20230326,NON_POSITIVE_PREMIUM
RID-0004291,CRM,11-06-2026 18:35,CUS-023568,Chee Keong Harper,Male,1960-11-12,66,Divorced,Citizen,Healthcare,69484.0,50k-100k,D01,chee.keong.harper88@example.com,0,POL-0004291,2025-10-04,2025-10-05,PRUVantage Legacy,Savings & Wealth,Agency,Semi-Annual,-48702.95,466000.0,48702.95,0.0853,10,Inforce,11.0,False,,True,,False,,,,,75,True,CLM-0004291,2026-06-18,Maternity,0.0,Approved,,13.0,False,False,0.29,8,ASR-0006,25000.0,False,False,0.338,AGT-00920,Hui Ling Menon,Established,44,AU-38,Active,35.9,0.148,False,False,False,False,,,OUT_OF_RANGE,,OUT_OF_RANGE,,,,,REVIEW,,145.0,41.0,232177,9838.0,20251005,NON_POSITIVE_PREMIUM
RID-0040097,POLICY_ADMIN,11-06-2026 20:40,CUS-020530,Zhi Hao Toh,Male,1969-10-10,57,Divorced,Permanent Resident,Civil Service,83233.0,50k-100k,D27,zhi.hao.toh253@example.com,+65 81252466,POL-0040097,2023-05-11,2023-06-21,PRULink Assurance,Investment-Linked,Agency,Monthly,-29097.4,489000.0,29097.4,0.159,25,Inforce,38.0,False,,True,,False,,,999.0,,145,False,CLM-0040097,2025-06-16,Critical Illness,2780.9,Declined,Treatment not medically necessary,33.0,False,False,-0.1,8,ASR-0039,100000.0,False,False,0.19,AGT-00616,Wei Ming Tan,Established,13,AU-38,Active,68,0.328,False,False,False,False,,,OUT_OF_RANGE,,,,OUT_OF_RANGE,,,REVIEW,,140.0,41.0,236410,10139.0,20230621,NON_POSITIVE_PREMIUM
RID-0031198,POLICY_ADMIN,12-03-2026 05:49,CUS-024664,Yong Sheng Teo,Male,1980-02-05,46,Married,Foreigner,Technician,243818.0,200k-400k,D02,not-an-email,+65 89077063,POL-0031198,2023-07-24,2023-08-17,PRUTerm Secure,Protection,Agency,Quarterly,-5441.83,1587000.0,5441.83,0.2477,99,Inforce,37.0,False,,True,,False,,,,,128,True,,,,,,,,False,False,0.05,6,,,,,,AGT-00424,Suresh Sharma,Senior,149,AU-12,Active,39.6,0.099,False,False,False,False,,,OUT_OF_RANGE,,,,,,,REVIEW,,147.0,41.0,227950,9618.0,20230817,NON_POSITIVE_PREMIUM
RID-0030055,POLICY_ADMIN,12-03-2026 13:41,CUS-005701,Anjali Salleh,Female,1983-07-23,43,Single,Citizen,Technician,53273.0,50k-100k,D19,anjali.salleh361@example.com,0,POL-0030055,2024-11-03,2024-12-18,PRUActive Term,Protection,Broker,Monthly,-4292.52,1364000.0,4292.52,0.2327,15,Inforce,20.0,False,,True,,False,,,,,50,False,,,,,,,,False,False,-0.08,10,,,,,,AGT-01195,Aminah Sharma,MDRT,69,AU-29,Active,94.8,0.088,False,False,False,False,,,OUT_OF_RANGE,,,,,,,REVIEW,,146.0,43.0,236887,10342.0,20241218,NON_POSITIVE_PREMIUM
RID-0019598,CRM,12-03-2026 19:54,CUS-032870,Farah Lim,Female,1972-06-12,54,Married,Citizen,Healthcare,81980.0,50k-100k,D05,farah.lim475@example.com,+65 95724452,POL-0019598,2023-03-19,2023-04-13,PRUSave Endowment,Savings & Wealth,Bancassurance,Monthly,-53930.79,223000.0,53930.79,0.0477,30,Inforce,41.0,False,,True,,False,,,999.0,,0,False,,,,,,,,False,False,1,9,,,,,,,,,,,,,,False,False,False,False,,,OUT_OF_RANGE,,,,OUT_OF_RANGE,,,REVIEW,,141.0,44.0,236925,,20230413,NON_POSITIVE_PREMIUM
RID-0021727,AGENCY_MGMT,12-05-2026 15:42,CUS-037331,Joanne Toh,Female,1993-07-24,33,Divorced,Citizen,Professional,106250.0,100k-200k,D05,joanne.toh361@example.com,+65 95220811,POL-0021727,2024-12-04,2024-12-07,PRULink Assurance,Investment-Linked,Broker,Monthly,-14505.63,303000.0,14505.63,0.135,20,Inforce,21.0,False,,True,,False,,,120.0,,62,False,CLM-0021727,2026-01-18,Death Benefit,12642.67,Approved,,-3.0,False,False,0.62,9,ASR-0036,25000.0,False,False,0.316,AGT-00957,Valerie Chong,Established,88,AU-04,Active,48.9,0.192,False,False,False,False,,,OUT_OF_RANGE,,,OUT_OF_RANGE,OUT_OF_RANGE,,,REVIEW,,140.0,43.0,237222,10670.0,20241207,NON_POSITIVE_PREMIUM
RID-0031636,AGENCY_MGMT,12-05-2026 19:46,CUS-039421,Jun Hao Harper,Male,1979-10-03,47,Divorced,Citizen,Executive,79785.0,50k-100k,D12,user at example dot com,+65 97299084,POL-0031636,2024-03-11,2024-04-23,PRUActive Term,Protection,Bancassurance,Monthly,-1429.56,1048000.0,1429.56,0.1791,99,Inforce,28.0,False,,True,,False,,,,,84,False,CLM-0031636,2024-12-01,Hospitalisation,-15000.0,Approved,,10.0,False,False,0.66,6,ASR-0028,10000.0,False,False,0.403,,,,,,,,,False,False,False,False,,,OUT_OF_RANGE,,OUT_OF_RANGE,,,,,REVIEW,,146.0,44.0,237253,,20240423,NON_POSITIVE_PREMIUM
RID-0016465,AGENCY_MGMT,12-05-2026 21:24,CUS-006836,Samantha Ho,Female,1978-05-09,48,Widowed,Employment Pass,Manager,98006.0,50k-100k,D24,samantha.ho287@example.com,+65 81251770,POL-0016465,2023-06-17,2075-06-15,PRUVantage Legacy,Savings & Wealth,Digital,Quarterly,-37033.42,66000.0,37033.42,0.091,15,Inforce,38.0,False,,True,,False,,,,,15,False,CLM-0016465,2023-08-04,Hospitalisation,46984.8,Approved,,26.0,False,False,-0.1,9,ASR-0037,50000.0,False,False,0.049,,,,,,,,,False,False,False,False,DATE_LOGIC_BREACH,,OUT_OF_RANGE,,,,,,,REVIEW,,145.0,42.0,226292,,20750615,NON_POSITIVE_PREMIUM
RID-0026520,AGENCY_MGMT,12-06-2026 04:50,CUS-019203,Xin Yi Chua,Female,1998-05-07,28,Divorced,Citizen,Civil Service,90857.0,50k-100k,D09,xin.yi.chua479@example.com,+65 98333610,POL-0026520,2025-07-02,1899-01-01,PRULink Assurance,Investment-Linked,Bancassurance,Monthly,-18326.49,303000.0,18326.49,0.1026,5,Inforce,13.0,False,,True,,False,,,,,0,False,CLM-0026520,2025-10-22,Disability,0.0,Approved,,9.0,False,False,0.1,6,ASR-0027,25000.0,False,False,0.03,,,,,,,,,False,False,False,False,DATE_LOGIC_BREACH,,OUT_OF_RANGE,,OUT_OF_RANGE,,,,,REVIEW,,140.0,44.0,237323,,18990101,NON_POSITIVE_PREMIUM
RID-0021325,POLICY_ADMIN,12-06-2026 08:04,CUS-001856,Rohan Chan,Male,1985-08-09,41,Married,Citizen,Healthcare,81032.0,50k-100k,D25,rohan.chan20@example.com,+65 84138978,POL-0021325,2026-03-10,2099-12-31,PRUVantage Legacy,Savings & Wealth,Bancassurance,Monthly,-36592.69,140000.0,36592.69,0.0401,15,Inforce,5.0,False,,True,,False,,,120.0,,15,False,CLM-0021325,2026-07-22,Outpatient Specialist,2858.62,Partially Approved,,12.0,False,False,-0.06,8,ASR-0046,25000.0,False,False,0.026,,,,,,,,,False,False,False,False,DATE_LOGIC_BREACH,,OUT_OF_RANGE,,,,OUT_OF_RANGE,,,REVIEW,,145.0,44.0,237339,,20991231,NON_POSITIVE_PREMIUM
RID-0038361,POLICY_ADMIN,12-07-2026 01:25,CUS-037728,Marcus Chua,Male,1989-01-23,37,Widowed,Employment Pass,Self-Employed,61610.0,50k-100k,D22,marcus.chua432@example.com,+65 92456107,POL-0038361,2026-05-20,2026-06-28,PRUFlexiCash,Savings & Wealth,Agency,Semi-Annual,-54404.85,413000.0,54404.85,0.0864,20,Inforce,2.0,False,,True,,False,,,,,7,False,CLM-0038361,2026-08-07,Accident,-15000.0,Approved,,25.0,False,False,0.65,6,ASR-0017,50000.0,False,False,0.01,AGT-00354,Terence Osman,New,9,AU-38,Active,97.9,0.071,False,False,False,False,,,OUT_OF_RANGE,,OUT_OF_RANGE,,,,,REVIEW,,151.0,41.0,234104,10383.0,20260628,NON_POSITIVE_PREMIUM
RID-0036789,AGENCY_MGMT,12-07-2026 18:02,CUS-024175,Divya Toh,Female,1997-11-08,0,Single,Permanent Resident,Education,174896.0,100k-200k,D08,divya.toh65@example.com,+65 87186927,POL-0036789,2023-12-06,2099-12-31,PRUShield Life,Protection,Bancassurance,Quarterly,-2133.53,1359000.0,2133.53,0.198,25,Inforce,32.0,False,,True,,False,,,999.0,,222,False,CLM-0036789,2024-04-07,Disability,22621.53,Partially Approved,,12.0,False,False,0.74,10,ASR-0028,10000.0,False,False,0.349,,,,,,,,,False,False,False,False,DATE_LOGIC_BREACH,OUT_OF_RANGE,OUT_OF_RANGE,,,,OUT_OF_RANGE,,,REVIEW,,137.0,44.0,237580,,20991231,NON_POSITIVE_PREMIUM
RID-0009446,AGENCY_MGMT,13-03-2026 01:47,CUS-036502,Xin Yi Osman,Female,1965-11-14,61,Divorced,Permanent Resident,Civil Service,80263.0,50k-100k,D24,xin.yi.osman430@example.com,+65 93486054,POL-0009446,2023-02-07,2023-02-28,PRUFlexiCash,Savings & Wealth,Bancassurance,Annual,-39268.21,457000.0,39268.21,0.0521,25,Inforce,42.0,False,,True,,False,,,999.0,,35,True,CLM-0009446,2026-01-15,Outpatient Specialist,153643.4,Approved,,-3.0,False,False,0.07,10,ASR-0046,25000.0,False,False,0.26,,,,,,,,,False,False,False,False,,,OUT_OF_RANGE,,,OUT_OF_RANGE,OUT_OF_RANGE,,,REVIEW,,151.0,44.0,231741,,20230228,NON_POSITIVE_PREMIUM
RID-0037215,AGENCY_MGMT,13-03-2026 12:40,CUS-032358,Deepak Teo,Male,1985-04-15,41,Divorced,Citizen,Professional,50209.0,50k-100k,D06,deepak.teo365@example.com,9999-CALL-ME,POL-0037215,2024-01-08,2024-02-12,PRUShield Standard,Health & IP,Agency,Semi-Annual,-1604.79,663000.0,1604.79,0.1799,5,Inforce,31.0,False,,True,Public A-Ward,True,491.88,491.88,0.0,0.0,13,False,,,,,,,,False,False,0.22,10,,,,,,AGT-00307,Valerie Chua,Established,33,AU-14,Active,62.7,0.185,False,False,False,False,,,OUT_OF_RANGE,,,,,,,REVIEW,,143.0,41.0,237912,10300.0,20240212,NON_POSITIVE_PREMIUM
RID-0024310,CRM,13-05-2026 08:49,CUS-026389,Xin Yi Yusof,Female,1978-07-23,0,Widowed,Citizen,Healthcare,69224.0,50k-100k,D14,user at example dot com,+65 94579137,POL-0024310,2023-05-02,2099-12-31,PRUVantage Legacy,Savings & Wealth,Digital,Monthly,-25241.47,231000.0,25241.47,0.0369,10,Inforce,39.0,False,,True,,False,,,,,488,False,CLM-0024310,2025-11-22,Outpatient Specialist,4248.75,Approved,,19.0,False,False,0.09,10,ASR-0027,25000.0,False,False,0.309,,,,,,,,,False,False,False,False,DATE_LOGIC_BREACH,OUT_OF_RANGE,OUT_OF_RANGE,,,,,,,REVIEW,,145.0,42.0,236081,,20991231,NON_POSITIVE_PREMIUM
RID-0023382,POLICY_ADMIN,13-06-2026 11:15,CUS-040653,Denise Kumar,Female,1990-01-15,1,Divorced,Citizen,Civil Service,63056.0,50k-100k,D19,denise.kumar145@example.com,0,POL-0023382,2026-02-19,2099-12-31,PRUWealth Plus,Savings & Wealth,Bancassurance,Annual,-33279.26,133000.0,33279.26,0.0316,10,Inforce,4.0,False,,True,,False,,,,,0,False,CLM-0023382,2026-09-01,Critical Illness,2371.78,Approved,,15.0,False,False,-0.2,8,ASR-0024,50000.0,False,False,0.389,,,,,,,,,False,False,False,False,DATE_LOGIC_BREACH,OUT_OF_RANGE,OUT_OF_RANGE,,,,,,,REVIEW,,138.0,44.0,238368,,20991231,NON_POSITIVE_PREMIUM
RID-0042308,AGENCY_MGMT,13-07-2026 14:11,CUS-030553,Siew Peng Turner,Female,2001-06-28,0,Widowed,Citizen,Sales,88517.0,50k-100k,D23,siew.peng.turner240@example.com,+65 91759710,POL-0042308,2024-07-28,2099-12-31,PRUWealth Plus,Savings & Wealth,Bancassurance,Monthly,-5477.11,273000.0,5477.11,0.0635,5,Inforce,24.0,False,,True,,False,,,-10.0,,87,True,CLM-0042308,2026-03-11,Critical Illness,6143.33,Approved,,1.0,False,False,0.59,9,ASR-0028,10000.0,False,False,0.067,,,,,,,,,False,False,False,False,DATE_LOGIC_BREACH,OUT_OF_RANGE,OUT_OF_RANGE,,,,OUT_OF_RANGE,,,REVIEW,,138.0,44.0,233337,,20991231,NON_POSITIVE_PREMIUM
RID-0009678,CRM,13-08-2026 01:02,CUS-026852,Muhammad Ariff Chua,Male,1971-08-18,55,Divorced,Employment Pass,Healthcare,104340.0,100k-200k,D22,muhammad.ariff.chua453@example.com,+65 97065494,POL-0009678,2024-12-27,2099-12-31,PRUCritical Cover,Protection,Digital,Semi-Annual,-4906.64,2256000.0,4906.64,0.2858,99,Inforce,19.0,False,,True,,False,,,120.0,,61,False,CLM-0009678,2025-05-01,Maternity,1019.86,Approved,,4000.0,False,False,0.43,9,ASR-0007,25000.0,False,False,0.154,,,,,,,,,False,False,False,False,DATE_LOGIC_BREACH,,OUT_OF_RANGE,,,OUT_OF_RANGE,OUT_OF_RANGE,,,REVIEW,,150.0,42.0,238644,,20991231,NON_POSITIVE_PREMIUM
RID-0008493,AGENCY_MGMT,13-08-2026 05:52,CUS-005537,Deepak Low,Male,2005-12-28,21,Married,Employment Pass,Healthcare,155247.0,100k-200k,D16,deepak.low191@example.com,9999-CALL-ME,POL-0008493,2023-03-02,2023-04-08,PRUWealth Plus,Savings & Wealth,Agency,Annual,-40098.61,375000.0,40098.61,0.0577,99,Inforce,41.0,False,,True,,False,,,-10.0,,210,False,,,,,,,,False,False,0.92,5,,,,,,AGT-00333,Daniel Iyer,MDRT,215,AU-23,Active,53.8,0.277,False,False,False,False,,,OUT_OF_RANGE,,,,OUT_OF_RANGE,,,REVIEW,,138.0,41.0,238682,10778.0,20230408,NON_POSITIVE_PREMIUM
RID-0035524,POLICY_ADMIN,13-08-2026 18:03,CUS-012820,Valerie Pillai,Female,1984-06-21,42,Married,Citizen,Civil Service,64283.0,50k-100k,D10,@example.com,0,POL-0035524,2026-06-28,2026-06-30,PRUExtra Care,Health & IP,Agency,Annual,-7473.82,303000.0,7473.82,0.1332,20,Inforce,2.0,False,,True,Public A-Ward,False,,,,,31,False,CLM-0035524,2026-07-25,Day Surgery,3456.79,Approved,,4000.0,False,False,0.57,8,ASR-0039,100000.0,False,False,0.297,AGT-00847,Muhammad Ariff Teo,New,11,AU-09,Active,73.2,0.114,False,False,False,False,,,OUT_OF_RANGE,,,OUT_OF_RANGE,,,,REVIEW,,149.0,41.0,238777,9915.0,20260630,NON_POSITIVE_PREMIUM
RID-0030309,POLICY_ADMIN,14-03-2026 12:13,CUS-008578,Siew Peng Rahman,Female,1992-12-20,0,Single,Citizen,Civil Service,47722.0,Below 50k,D18,siew.peng.rahman156@example.com,+65 81199853,POL-0030309,2024-07-10,2075-06-15,PRUVantage Legacy,Savings & Wealth,Agency,Monthly,-57929.29,438000.0,57929.29,0.0482,15,Inforce,25.0,False,,True,,False,,,,,45,False,CLM-0030309,2024-09-16,Critical Illness,7779.67,Partially Approved,,5.0,False,False,0.95,7,ASR-0011,50000.0,False,False,0.303,AGT-00835,Jia Hui Seah,New,7,AU-16,Active,93.2,0.183,False,False,False,False,DATE_LOGIC_BREACH,OUT_OF_RANGE,OUT_OF_RANGE,,,,,,,REVIEW,,145.0,41.0,227188,9870.0,20750615,NON_POSITIVE_PREMIUM
RID-0016198,POLICY_ADMIN,14-03-2026 12:52,CUS-002485,Yong Sheng Kamal,Male,1974-03-14,52,Single,Citizen,Self-Employed,30000.0,Below 50k,D01,yong.sheng.kamal155@example.com,+65 92973154,POL-0016198,2024-03-25,2075-06-15,PRUFlexiCash,Savings & Wealth,Agency,Monthly,-26439.59,163000.0,26439.59,0.0704,20,Inforce,28.0,False,,True,,False,,,,,0,True,CLM-0016198,2026-07-24,Outpatient Specialist,0.0,Approved,,18.0,False,False,0.37,10,ASR-0051,5000.0,False,False,0.017,AGT-00026,Edwin Harper,Senior,160,AU-37,Active,60.9,0.449,False,False,False,False,DATE_LOGIC_BREACH,,OUT_OF_RANGE,,OUT_OF_RANGE,,,,,REVIEW,,151.0,41.0,224046,10410.0,20750615,NON_POSITIVE_PREMIUM
RID-0009288,CLAIMS_SYS,14-03-2026 17:49,CUS-024730,Divya Yusof,Female,2005-10-10,21,Married,Permanent Resident,Executive,114303.0,100k-200k,D11,divya.yusof312@example.com,0,POL-0009288,2024-11-29,2075-06-15,PRUTerm Secure,Protection,Bancassurance,Semi-Annual,-5457.31,2620000.0,5457.31,0.2492,10,Lapsed,20.0,True,2026-08-09,True,,False,,,-10.0,,0,False,,,,,,,,False,False,-0.03,8,,,,,,,,,,,,,,False,False,False,False,DATE_LOGIC_BREACH,,OUT_OF_RANGE,,,,OUT_OF_RANGE,,,REVIEW,,147.0,44.0,238925,,20750615,NON_POSITIVE_PREMIUM
RID-0030939,CLAIMS_SYS,14-05-2026 19:50,CUS-002181,Deepak Seah,Male,1969-04-01,57,Divorced,Citizen,Manager,148001.0,100k-200k,D13,not-an-email,+65 84870301,POL-0030939,2026-03-09,2026-03-30,PRUTerm Secure,Protection,Agency,Semi-Annual,-6533.84,2110000.0,6533.84,0.2461,30,Inforce,5.0,False,,True,,False,,,,,138,False,CLM-0030939,2026-05-25,Outpatient Specialist,4204.0,Approved,,-12.0,False,False,0.99,6,ASR-0017,50000.0,False,False,0.259,AGT-00395,Hui Ling Pillai,Senior,152,AU-28,Active,83.1,0.282,False,False,False,False,,,OUT_OF_RANGE,,,OUT_OF_RANGE,,,,REVIEW,,147.0,41.0,239214,9663.0,20260330,NON_POSITIVE_PREMIUM
RID-0045992,AGENCY_MGMT,14-05-2026 23:29,CUS-019986,Wan Ting Yeo,Female,1958-03-12,0,Married,Permanent Resident,Self-Employed,61338.0,50k-100k,D26,wan.ting.yeo127@example.com,+65 84998132,POL-0045992,2025-06-07,2075-06-15,PRUShield Life,Protection,Digital,Annual,-6544.43,854000.0,6544.43,0.2276,10,Inforce,14.0,False,,True,,False,,,120.0,,64,True,,,,,,,,False,False,0.24,10,,,,,,,,,,,,,,False,False,False,False,DATE_LOGIC_BREACH,OUT_OF_RANGE,OUT_OF_RANGE,,,,OUT_OF_RANGE,,,REVIEW,,137.0,42.0,226578,,20750615,NON_POSITIVE_PREMIUM
RID-0025829,POLICY_ADMIN,14-06-2026 03:18,CUS-035647,Zhi Hao Turner,Male,1997-04-23,29,Divorced,Employment Pass,Retired,130630.0,100k-200k,D05,user at example dot com,0,POL-0025829,2026-01-29,1899-01-01,PRUShield A Plus,Health & IP,Bancassurance,Monthly,-3498.97,106000.0,3498.97,0.1455,30,Inforce,7.0,False,,True,Private Hospital,True,1896.87,1896.87,0.0,0.0,0,False,CLM-0025829,2026-05-06,Hospitalisation,9258.73,Approved,,23.0,False,False,0.19,10,ASR-0047,5000.0,False,True,0.416,,,,,,,,,False,False,False,False,DATE_LOGIC_BREACH,,OUT_OF_RANGE,,,,,,,REVIEW,,148.0,44.0,226572,,18990101,NON_POSITIVE_PREMIUM
RID-0043992,CLAIMS_SYS,14-06-2026 06:21,CUS-027218,Mei Yi Teo,Female,1968-06-14,58,Divorced,Citizen,Professional,35128.0,Below 50k,D02,mei.yi.teo227@example.com,0,POL-0043992,2024-11-04,2024-12-05,PRUFlexiCash,Savings & Wealth,Agency,Quarterly,-5222.26,457000.0,5222.26,0.0919,10,Inforce,21.0,False,,True,,False,,,999.0,,10,False,,,,,,,,False,False,0.86,7,,,,,,AGT-00809,Zulkifli Sharma,New,9,AU-34,Resigned,67.9,0.026,False,False,False,False,,,OUT_OF_RANGE,,,,OUT_OF_RANGE,,,REVIEW,,151.0,41.0,239285,10218.0,20241205,NON_POSITIVE_PREMIUM
RID-0022364,CLAIMS_SYS,14-06-2026 11:19,CUS-005889,Daniel Salleh,Male,1996-04-21,0,Married,Citizen,Manager,97393.0,50k-100k,D23,daniel.salleh496@example.com,9999-CALL-ME,POL-0022364,2025-09-14,2025-10-10,PRUSave Endowment,Savings & Wealth,Agency,Semi-Annual,-53724.36,69000.0,53724.36,0.0518,15,Inforce,10.0,False,,True,,False,,,,,187,True,,,,,,,,False,False,0.34,8,,,,,,AGT-00011,Nurul Aisyah Aziz,Established,73,AU-13,Active,49.4,0.233,False,False,False,False,,OUT_OF_RANGE,OUT_OF_RANGE,,,,,,,REVIEW,,141.0,41.0,239319,10069.0,20251010,NON_POSITIVE_PREMIUM
RID-0008241,CLAIMS_SYS,14-07-2026 07:13,CUS-033641,Edwin Lim,Male,1972-04-19,54,Divorced,Citizen,Professional,105038.0,100k-200k,D02,edwin.lim413@example.com,9999-CALL-ME,POL-0008241,2026-05-04,2026-06-01,PRUVantage Legacy,Savings & Wealth,Agency,Quarterly,-3735.29,53000.0,3735.29,0.0457,10,Inforce,3.0,False,,True,,False,,,,,0,False,CLM-0008241,2026-08-26,Outpatient Specialist,21103.28,Approved,,17.0,False,False,0.73,10,ASR-0008,10000.0,False,False,0.174,AGT-00793,Chee Keong Kumar,New,2,AU-06,Active,86,0.838,False,False,False,False,,,OUT_OF_RANGE,,,,,,,REVIEW,,145.0,41.0,239447,10543.0,20260601,NON_POSITIVE_PREMIUM
RID-0009577,CLAIMS_SYS,14-08-2026 22:10,CUS-025935,Arjun Koh,Male,1995-09-14,31,Married,Citizen,Education,97133.0,50k-100k,D02,not-an-email,9999-CALL-ME,POL-0009577,2025-02-08,2025-02-23,PRUVantage Legacy,Savings & Wealth,Bancassurance,Quarterly,-40473.73,409000.0,40473.73,0.0453,10,Inforce,18.0,False,,True,,False,,,,,259,False,,,,,,,,False,False,0.72,8,,,,,,,,,,,,,,False,False,False,False,,,OUT_OF_RANGE,,,,,,,REVIEW,,145.0,44.0,238328,,20250223,NON_POSITIVE_PREMIUM
RID-0025854,CRM,15-03-2026 19:39,CUS-013824,Mei Yi Turner,Female,1999-11-01,27,Widowed,Permanent Resident,Civil Service,30000.0,Below 50k,D03,user at example dot com,+65 85377763,POL-0025854,2024-09-03,2024-10-18,PRUTerm Secure,Protection,Agency,Monthly,-4870.06,2753000.0,4870.06,0.2588,10,Inforce,22.0,False,,True,,False,,,,,46,True,,,,,,,,False,False,-0.02,6,,,,,,AGT-00994,Nurul Aisyah Nair,Senior,37,AU-20,Resigned,63.1,0.449,False,False,False,False,,,OUT_OF_RANGE,,,,,,,REVIEW,,147.0,41.0,239843,10120.0,20241018,NON_POSITIVE_PREMIUM
RID-0023681,AGENCY_MGMT,15-04-2026 10:45,CUS-038152,Valerie Nair,Female,1975-10-13,51,Widowed,Citizen,Sales,74500.0,50k-100k,D15,valerie.nair122@example.com,+65 95412405,POL-0023681,2025-11-18,2025-12-10,PRUSave Endowment,Savings & Wealth,Bancassurance,Monthly,-37177.96,138000.0,37177.96,0.0562,30,Inforce,8.0,False,,True,,False,,,120.0,,147,True,CLM-0023681,2026-06-02,Maternity,-15000.0,Pending,,-3.0,False,False,0.19,9,ASR-0055,5000.0,False,False,0.038,,,,,,,,,False,False,False,False,,,OUT_OF_RANGE,,OUT_OF_RANGE,OUT_OF_RANGE,OUT_OF_RANGE,,,REVIEW,,141.0,44.0,239927,,20251210,NON_POSITIVE_PREMIUM
RID-0034872,CRM,15-04-2026 14:49,CUS-001547,Jia Hui Kamal,Female,1968-08-10,58,Married,Citizen,Manager,119865.0,100k-200k,D05,jia.hui.kamal454@example.com,+65 12345,POL-0034872,2025-01-21,2025-01-27,PRULink Global Growth,Investment-Linked,Agency,Quarterly,-21316.52,389000.0,21316.52,0.1779,15,Inforce,19.0,False,,True,,False,,,-10.0,,14,False,,,,,,,,False,False,0.44,7,,,,,,AGT-00769,Zulkifli Chan,Established,55,AU-26,Active,24,0.348,False,False,False,False,,,OUT_OF_RANGE,,,,OUT_OF_RANGE,,,REVIEW,,144.0,41.0,231022,10052.0,20250127,NON_POSITIVE_PREMIUM
RID-0038868,POLICY_ADMIN,15-04-2026 17:20,CUS-037898,Mei Yi Reddy,Female,1969-02-19,57,Single,Permanent Resident,Education,117237.0,100k-200k,D17,mei.yi.reddy359@example.com,+65 91275787,POL-0038868,2024-05-22,2024-06-27,PRUTerm Secure,Protection,Bancassurance,Semi-Annual,-4242.95,2794000.0,4242.95,0.1707,99,Inforce,26.0,False,,True,,False,,,120.0,,21,False,CLM-0038868,2025-10-12,Death Benefit,9433.64,Approved,,4000.0,False,False,0.11,7,ASR-0016,100000.0,False,False,0.339,,,,,,,,,False,False,False,False,,,OUT_OF_RANGE,,,OUT_OF_RANGE,OUT_OF_RANGE,,,REVIEW,,147.0,44.0,239978,,20240627,NON_POSITIVE_PREMIUM
RID-0043200,CRM,15-04-2026 23:44,CUS-028274,Samantha Chan,Female,1963-11-18,63,Single,Citizen,Civil Service,30000.0,Below 50k,D27,samantha.chan219@example.com,+65 88075773,POL-0043200,2024-12-10,2099-12-31,PRUShield Standard,Health & IP,Bancassurance,Monthly,-2985.31,590000.0,2985.31,0.1108,20,Inforce,20.0,False,,True,Private Hospital,False,,,-10.0,,256,False,CLM-0043200,2025-07-31,Death Benefit,6191.79,Approved,,4000.0,False,False,0.04,9,ASR-0005,10000.0,False,False,0.085,,,,,,,,,False,False,False,False,DATE_LOGIC_BREACH,,OUT_OF_RANGE,,,OUT_OF_RANGE,OUT_OF_RANGE,,,REVIEW,,143.0,44.0,239103,,20991231,NON_POSITIVE_PREMIUM
RID-0006313,CLAIMS_SYS,15-05-2026 13:36,CUS-027811,Meera Seah,Female,2001-12-17,0,Divorced,Permanent Resident,Professional,83355.0,50k-100k,D13,meera.seah366@example.com,+65 86291017,POL-0006313,2024-02-17,2099-12-31,PRUWealth Plus,Savings & Wealth,Bancassurance,Annual,-46197.11,359000.0,46197.11,0.0688,5,Lapsed,30.0,True,2025-01-23,False,,False,,,,,525,False,CLM-0006313,2026-08-28,Accident,23197.66,Partially Approved,,27.0,False,False,0.89,10,ASR-0017,50000.0,False,False,0.248,,,,,,,,,False,False,False,False,DATE_LOGIC_BREACH,OUT_OF_RANGE,OUT_OF_RANGE,,,,,,,REVIEW,,138.0,44.0,240121,,20991231,NON_POSITIVE_PREMIUM
RID-0011806,CLAIMS_SYS,15-05-2026 18:48,CUS-003007,Suresh Chan,Male,1994-02-08,1,Divorced,Permanent Resident,Retired,136150.0,100k-200k,D23,suresh.chan348@example.com,0,POL-0011806,2023-08-18,2023-09-25,PRUShield A Plus,Health & IP,Direct,Quarterly,-3275.82,104000.0,3275.82,0.16,10,Inforce,35.0,False,,True,Private Hospital,True,1264.33,1264.33,0.0,2500.0,121,False,CLM-0011806,2025-11-24,Critical Illness,5117.39,Approved,,-12.0,False,False,0.99,8,ASR-0036,25000.0,False,False,0.073,,,,,,,,,False,False,False,False,,OUT_OF_RANGE,OUT_OF_RANGE,,,OUT_OF_RANGE,,,,REVIEW,,148.0,45.0,232100,,20230925,NON_POSITIVE_PREMIUM
RID-0007603,CRM,15-05-2026 20:07,CUS-024370,Chee Keong Rahman,Male,1975-09-08,1,Divorced,Permanent Resident,Professional,100266.0,100k-200k,D26,abc@@example..com,0,POL-0007603,2025-08-22,2025-09-13,PRUFlexiCash,Savings & Wealth,Bancassurance,Annual,-34844.52,303000.0,34844.52,0.0806,10,Inforce,11.0,False,,True,,False,,,,,29,False,,,,,,,,False,False,0.03,9,,,,,,,,,,,,,,False,False,False,False,,OUT_OF_RANGE,OUT_OF_RANGE,,,,,,,REVIEW,,151.0,44.0,238753,,20250913,NON_POSITIVE_PREMIUM
RID-0031639,AGENCY_MGMT,15-05-2026 22:32,CUS-004673,Zarina Iyer,Female,1982-10-21,44,Married,Citizen,Executive,147823.0,100k-200k,D28,@example.com,+65 88240350,POL-0031639,2024-02-03,2024-03-02,PRUActive Term,Protection,Bancassurance,Quarterly,-3220.92,1062000.0,3220.92,0.2038,20,Inforce,30.0,False,,True,,False,,,120.0,,101,False,,,,,,,,False,False,-0.07,7,,,,,,,,,,,,,,False,False,False,False,,,OUT_OF_RANGE,,,,OUT_OF_RANGE,,,REVIEW,,146.0,44.0,240174,,20240302,NON_POSITIVE_PREMIUM
RID-0024590,AGENCY_MGMT,15-06-2026 02:08,CUS-013332,Jun Hao Neo,Male,1953-09-09,73,Married,Citizen,Sales,70625.0,50k-100k,D15,jun.hao.neo60@example.com,0,POL-0024590,2026-03-27,2026-04-24,PRUCritical Cover,Protection,Digital,Annual,-7111.77,1919000.0,7111.77,0.3009,5,Inforce,4.0,False,,True,,False,,,,,199,True,,,,,,,,False,False,0.55,5,,,,,,,,,,,,,,False,False,False,False,,,OUT_OF_RANGE,,,,,,,REVIEW,,150.0,42.0,240190,,20260424,NON_POSITIVE_PREMIUM
RID-0036200,CRM,15-06-2026 16:10,CUS-027481,Aravind Sharma,Male,1987-11-05,39,Divorced,Citizen,Healthcare,62932.0,50k-100k,D07,aravind.sharma254@example.com,+65 81968939,POL-0036200,2024-08-07,2024-08-26,PRUShield A Plus,Health & IP,Bancassurance,Semi-Annual,-3901.73,720000.0,3901.73,0.1406,20,Inforce,24.0,False,,True,Private Hospital,False,,,,,32,False,CLM-0036200,2026-05-05,Outpatient Specialist,-15000.0,Approved,,-12.0,False,False,0.96,9,ASR-0036,25000.0,False,False,0.007,,,,,,,,,False,False,False,False,,,OUT_OF_RANGE,,OUT_OF_RANGE,OUT_OF_RANGE,,,,REVIEW,,148.0,44.0,240276,,20240826,NON_POSITIVE_PREMIUM
RID-0020393,AGENCY_MGMT,15-07-2026 16:37,CUS-036596,Aravind Lim,Male,2005-04-21,21,Single,Foreigner,Executive,202016.0,200k-400k,D11,aravind.lim90@example.com,+65 86510012,POL-0020393,2023-10-05,2099-12-31,PRUShield Life,Protection,Agency,Monthly,-8601.1,507000.0,8601.1,0.3137,99,Inforce,34.0,False,,True,,False,,,-10.0,,471,False,CLM-0020393,2025-09-17,Maternity,4618.16,Approved,,6.0,False,False,0.99,6,ASR-0013,100000.0,False,False,0.953,AGT-00949,Jonathan Reddy,Established,69,AU-12,Active,85.8,0.026,False,False,False,False,DATE_LOGIC_BREACH,,OUT_OF_RANGE,,,,OUT_OF_RANGE,,,REVIEW,,137.0,41.0,240432,9967.0,20991231,NON_POSITIVE_PREMIUM
RID-0024794,CLAIMS_SYS,16-03-2026 00:09,CUS-022855,Kavitha Teo,Female,1997-09-16,29,Widowed,Employment Pass,Technician,58117.0,50k-100k,D25,user at example dot com,+65 86663102,POL-0024794,2023-12-02,2075-06-15,PRUActive Term,Protection,Agency,Quarterly,-2754.28,342000.0,2754.28,0.2863,5,Inforce,33.0,False,,True,,False,,,,,94,False,,,,,,,,False,False,0.36,9,,,,,,AGT-00234,Divya Low,Senior,144,AU-19,Active,66.6,0.242,False,False,False,False,DATE_LOGIC_BREACH,,OUT_OF_RANGE,,,,,,,REVIEW,,146.0,41.0,232744,10544.0,20750615,NON_POSITIVE_PREMIUM
RID-0003244,POLICY_ADMIN,16-03-2026 06:28,CUS-028036,Valerie Neo,Female,1961-11-21,65,Divorced,Citizen,Professional,82749.0,50k-100k,D28,not-an-email,+65 82342516,POL-0003244,2025-03-25,2025-04-03,PRUFlexiCash,Savings & Wealth,Agency,Monthly,-26396.51,230000.0,26396.51,0.0714,30,Inforce,17.0,False,,True,,False,,,,,20,False,,,,,,,,False,False,0.74,9,,,,,,AGT-00003,Daniel Menon,Established,37,AU-37,Active,39.3,0.124,False,False,False,False,,,OUT_OF_RANGE,,,,,,,REVIEW,,151.0,41.0,240699,9856.0,20250403,NON_POSITIVE_PREMIUM
RID-0028149,CLAIMS_SYS,16-03-2026 10:56,CUS-013209,Divya Low,Female,1993-10-21,33,Single,Citizen,Technician,144354.0,100k-200k,D27,divya.low225@example.com,+65 95762887,POL-0028149,2023-10-07,2075-06-15,PRUShield Standard,Health & IP,Agency,Semi-Annual,-2094.29,211000.0,2094.29,0.1687,30,Inforce,34.0,False,,True,Public A-Ward,True,799.18,799.18,0.0,1500.0,35,False,CLM-0028149,2024-03-31,Critical Illness,99999999.99,Partially Approved,,24.0,False,False,0.29,9,ASR-0015,25000.0,True,False,0.694,AGT-00632,Rachel Salleh,Established,17,AU-34,Active,22.8,0.333,False,False,False,False,DATE_LOGIC_BREACH,,OUT_OF_RANGE,,OUT_OF_RANGE,,,,,REVIEW,,143.0,41.0,235940,10015.0,20750615,NON_POSITIVE_PREMIUM
RID-0011006,AGENCY_MGMT,16-04-2026 04:25,CUS-010857,Vikram Nair,Male,1991-07-19,35,Single,Citizen,Executive,76563.0,50k-100k,D03,vikram.nair240@example.com,+65 94424462,POL-0011006,2025-01-10,2099-12-31,PRUSave Endowment,Savings & Wealth,Bancassurance,Monthly,-8884.28,353000.0,8884.28,0.0551,30,Inforce,18.0,False,,True,,False,,,999.0,,70,False,CLM-0011006,2026-04-11,Accident,1327.33,Approved,,28.0,False,False,0.75,9,ASR-0012,100000.0,False,False,0.038,,,,,,,,,False,False,False,False,DATE_LOGIC_BREACH,,OUT_OF_RANGE,,,,OUT_OF_RANGE,,,REVIEW,,141.0,44.0,240824,,20991231,NON_POSITIVE_PREMIUM
RID-0022855,AGENCY_MGMT,16-04-2026 09:14,CUS-009544,Farah Chong,Female,1981-04-23,45,Divorced,Citizen,Sales,74819.0,50k-100k,D17,not-an-email,+65 86129094,POL-0022855,2023-02-10,2023-02-15,PRUShield A Plus,Health & IP,Bancassurance,Quarterly,-3590.17,708000.0,3590.17,0.1638,20,Inforce,43.0,False,,True,Public A-Ward,False,,,,,149,False,,,,,,,,False,False,0.59,5,,,,,,,,,,,,,,False,False,False,False,,,OUT_OF_RANGE,,,,,,,REVIEW,,148.0,44.0,235168,,20230215,NON_POSITIVE_PREMIUM
RID-0040858,POLICY_ADMIN,16-04-2026 10:08,CUS-034594,Zarina Menon,Female,1982-12-21,44,Married,Citizen,Sales,106259.0,100k-200k,D10,zarina.menon143@example.com,+65 82852477,POL-0040858,2024-09-11,2099-12-31,PRUVantage Legacy,Savings & Wealth,Agency,Monthly,-17070.15,135000.0,17070.15,0.0355,30,Inforce,23.0,False,,True,,False,,,,,273,False,CLM-0040858,2025-12-12,Day Surgery,0.0,Approved,,13.0,False,False,-0.01,10,ASR-0060,10000.0,False,False,0.374,AGT-00083,Rachel Tan,Established,87,AU-03,Active,43.9,0.086,False,False,False,False,DATE_LOGIC_BREACH,,OUT_OF_RANGE,,OUT_OF_RANGE,,,,,REVIEW,,145.0,41.0,240857,10318.0,20991231,NON_POSITIVE_PREMIUM
RID-0044533,CRM,16-06-2026 07:25,CUS-027879,Nicholas Harper,Male,1967-06-15,1,Divorced,Employment Pass,Executive,37854.0,Below 50k,D08,nicholas.harper69@example.com,+65 8123 456789012,POL-0044533,2026-04-05,2026-04-29,PRUWealth Plus,Savings & Wealth,Digital,Monthly,-30908.94,55000.0,30908.94,0.0853,30,Inforce,4.0,False,,True,,False,,,,,500,True,,,,,,,,False,False,-0.09,6,,,,,,,,,,,,,,False,False,False,False,,OUT_OF_RANGE,OUT_OF_RANGE,,,,,,,REVIEW,,138.0,42.0,241123,,20260429,NON_POSITIVE_PREMIUM
RID-0033613,POLICY_ADMIN,16-07-2026 09:10,CUS-012672,Kai Xuan Wong,Male,1963-07-05,63,Single,Citizen,Self-Employed,140439.0,100k-200k,D05,kai.xuan.wong102@example.com,0,POL-0033613,2024-08-12,2024-09-08,PRUVantage Legacy,Savings & Wealth,Digital,Annual,-53345.35,378000.0,53345.35,0.0436,15,Inforce,24.0,False,,True,,False,,,,,14,True,CLM-0033613,2025-05-10,Disability,4707.84,Approved,,7.0,False,False,0.12,8,ASR-0042,10000.0,False,False,0.2,,,,,,,,,False,False,False,False,,,OUT_OF_RANGE,,,,,,,REVIEW,,145.0,42.0,241290,,20240908,NON_POSITIVE_PREMIUM
RID-0014084,CLAIMS_SYS,16-07-2026 18:05,CUS-006570,Muhammad Ariff Neo,Male,1991-04-09,35,Married,Citizen,Retired,145743.0,100k-200k,D05,user at example dot com,+65 81658273,POL-0014084,2025-10-06,2025-11-14,PRUShield Life,Protection,Bancassurance,Monthly,-7742.39,1068000.0,7742.39,0.25,15,Inforce,9.0,False,,True,,False,,,,,155,False,CLM-0014084,2026-06-16,Day Surgery,3981.62,Approved,,17.0,False,False,0.26,7,ASR-0015,25000.0,True,False,0.881,,,,,,,,,False,False,False,False,,,OUT_OF_RANGE,,,,,,,REVIEW,,137.0,44.0,241356,,20251114,NON_POSITIVE_PREMIUM
RID-0015292,CRM,16-08-2026 03:16,CUS-033097,Zhi Hao Turner,Male,1984-02-24,42,Single,Permanent Resident,Executive,62332.0,50k-100k,D03,@example.com,+65 84842484,POL-0015292,2026-04-28,1899-01-01,PRUSave Endowment,Savings & Wealth,Direct,Semi-Annual,-43160.95,309000.0,43160.95,0.0703,25,Inforce,3.0,False,,True,,False,,,,,305,False,CLM-0015292,2026-06-30,Day Surgery,0.0,Partially Approved,,17.0,False,False,0.63,8,ASR-0004,100000.0,False,False,0.323,,,,,,,,,False,False,False,False,DATE_LOGIC_BREACH,,OUT_OF_RANGE,,OUT_OF_RANGE,,,,,REVIEW,,141.0,45.0,229843,,18990101,NON_POSITIVE_PREMIUM
RID-0019918,AGENCY_MGMT,17-05-2026 05:56,CUS-039586,Cheryl Bennett,Female,1969-09-13,57,Single,Permanent Resident,Sales,64218.0,50k-100k,D03,cheryl.bennett15@example.com,+65 98270050,POL-0019918,2024-09-09,2024-10-22,PRUShield Premier,Health & IP,Bancassurance,Annual,-5204.1,974000.0,5204.1,0.0991,10,Inforce,22.0,False,,True,Private Hospital,False,,,999.0,,88,True,,,,,,,,False,False,0.74,10,,,,,,,,,,,,,,False,False,False,False,,,OUT_OF_RANGE,,,,OUT_OF_RANGE,,,REVIEW,,142.0,44.0,241880,,20241022,NON_POSITIVE_PREMIUM
RID-0026580,POLICY_ADMIN,17-05-2026 06:17,CUS-015887,Denise Seah,Female,1987-12-18,0,Divorced,Employment Pass,Sales,96444.0,50k-100k,D21,denise.seah34@example.com,+65 86861196,POL-0026580,2024-12-11,1899-01-01,PRUShield Standard,Health & IP,Agency,Semi-Annual,-2585.67,578000.0,2585.67,0.1937,20,Inforce,20.0,False,,True,Public A-Ward,True,1224.9,1224.9,0.0,0.0,118,False,CLM-0026580,2025-02-12,Disability,99999999.99,Pending,,38.0,False,False,0.47,9,ASR-0015,25000.0,False,False,0.856,AGT-00559,Marcus Sharma,Senior,83,AU-12,Active,24.9,0.422,False,False,False,False,DATE_LOGIC_BREACH,OUT_OF_RANGE,OUT_OF_RANGE,,OUT_OF_RANGE,,,,,REVIEW,,143.0,41.0,228373,9898.0,18990101,NON_POSITIVE_PREMIUM
RID-0014626,POLICY_ADMIN,17-06-2026 01:25,CUS-033252,Nicholas Raj,Male,1987-10-05,39,Divorced,Employment Pass,Retired,53923.0,50k-100k,D15,nicholas.raj37@example.com,+65 8123 456789012,POL-0014626,2023-08-18,2075-06-15,PRUWealth Plus,Savings & Wealth,Bancassurance,Annual,-42938.32,335000.0,42938.32,0.0441,15,Inforce,35.0,False,,True,,False,,,,,38,False,CLM-0014626,2025-05-08,Death Benefit,-15000.0,Approved,,21.0,False,False,-0.19,7,ASR-0032,25000.0,False,False,0.248,,,,,,,,,False,False,False,False,DATE_LOGIC_BREACH,,OUT_OF_RANGE,,OUT_OF_RANGE,,,,,REVIEW,,138.0,44.0,241975,,20750615,NON_POSITIVE_PREMIUM
RID-0041245,CLAIMS_SYS,17-07-2026 18:03,CUS-026920,Kavitha Toh,Female,2005-05-14,21,Divorced,Citizen,Civil Service,62636.0,50k-100k,D11,kavitha.toh159@example.com,+65 94011334,POL-0041245,2024-02-22,1899-01-01,PRUShield Standard,Health & IP,Agency,Annual,-4407.12,1468000.0,4407.12,0.13,5,Inforce,30.0,False,,True,Private Hospital,True,2300.65,2300.65,0.0,1500.0,19,False,CLM-0041245,2025-04-13,Accident,-15000.0,Declined,Premium in arrears,6.0,False,True,-0.45,5,ASR-0056,50000.0,False,False,0.329,AGT-00276,Zulkifli Turner,Established,83,AU-10,Active,43.8,0.357,False,False,False,False,DATE_LOGIC_BREACH,,OUT_OF_RANGE,,OUT_OF_RANGE,,,,,REVIEW,,143.0,41.0,242216,10800.0,18990101,NON_POSITIVE_PREMIUM
RID-0045478,POLICY_ADMIN,17-08-2026 11:14,CUS-009504,Iskandar Koh,Male,1976-08-01,50,Married,Citizen,Manager,98472.0,50k-100k,D16,iskandar.koh62@example.com,+65 86420793,POL-0045478,2024-05-25,2075-06-15,PRUWealth Plus,Savings & Wealth,Bancassurance,Annual,-33460.38,455000.0,33460.38,0.0284,99,Inforce,26.0,False,,True,,False,,,,,18,False,CLM-0045478,2024-11-20,Accident,2566.32,Pending,,-12.0,False,False,0.07,8,ASR-0031,100000.0,False,False,0.27,,,,,,,,,False,False,False,False,DATE_LOGIC_BREACH,,OUT_OF_RANGE,,,OUT_OF_RANGE,,,,REVIEW,,138.0,44.0,242329,,20750615,NON_POSITIVE_PREMIUM
RID-0023716,CLAIMS_SYS,17-08-2026 13:12,CUS-031955,Denise Ibrahim,Female,1994-01-12,32,Single,Employment Pass,Professional,61123.0,50k-100k,D05,denise.ibrahim329@example.com,+65 12345,POL-0023716,2024-10-11,2024-11-22,PRUShield A Plus,Health & IP,Bancassurance,Monthly,-5236.75,563000.0,5236.75,0.1625,15,Inforce,21.0,False,,True,Public B1-Ward,True,2050.84,2050.84,999.0,2500.0,46,False,,,,,,,,False,False,0.83,6,,,,,,,,,,,,,,False,False,False,False,,,OUT_OF_RANGE,,,,OUT_OF_RANGE,,,REVIEW,,148.0,44.0,242343,,20241122,NON_POSITIVE_PREMIUM
RID-0009444,CRM,18-03-2026 00:53,CUS-018368,Chee Keong Turner,Male,1988-09-27,38,Widowed,Citizen,Professional,57241.0,50k-100k,D13,chee.keong.turner15@example.com,+65 8123 456789012,POL-0009444,2024-01-28,2024-03-12,PRUShield Standard,Health & IP,Agency,Semi-Annual,-3181.8,821000.0,3181.8,0.2059,20,Inforce,30.0,False,,True,Private Hospital,False,,,,,46,False,CLM-0009444,2024-06-07,Maternity,4103.05,Declined,Documentation incomplete,4000.0,False,False,0.29,8,ASR-0054,5000.0,False,False,0.194,AGT-00759,Zarina Raj,Established,20,AU-31,Active,20.2,0.376,False,False,False,False,,,OUT_OF_RANGE,,,OUT_OF_RANGE,,,,REVIEW,,143.0,41.0,231092,10126.0,20240312,NON_POSITIVE_PREMIUM
RID-0009180,CRM,18-03-2026 04:15,CUS-032126,Terence Chong,Male,1966-08-22,60,Married,Permanent Resident,Civil Service,152261.0,100k-200k,D28,terence.chong383@example.com,+65 95774058,POL-0009180,2023-09-29,2099-12-31,PRUTerm Secure,Protection,Agency,Semi-Annual,-3198.04,549000.0,3198.04,0.2632,15,Inforce,35.0,False,,True,,False,,,-10.0,,34,False,CLM-0009180,2025-04-03,Critical Illness,29007.44,Approved,,15.0,False,False,1,9,ASR-0038,100000.0,False,False,0.218,AGT-00254,Daniel Neo,Established,73,AU-26,Active,54.6,0.341,False,False,False,False,DATE_LOGIC_BREACH,,OUT_OF_RANGE,,,,OUT_OF_RANGE,,,REVIEW,,147.0,41.0,236790,10063.0,20991231,NON_POSITIVE_PREMIUM
RID-0034917,POLICY_ADMIN,18-03-2026 20:57,CUS-004199,Hui Ling Ibrahim,Female,1988-06-01,38,Divorced,Citizen,Sales,226757.0,200k-400k,D01,hui.ling.ibrahim9@example.com,9999-CALL-ME,POL-0034917,2025-08-02,2025-09-13,PRUShield A Plus,Health & IP,Bancassurance,Annual,-1118.11,597000.0,1118.11,0.1766,15,Inforce,11.0,False,,True,Private Hospital,True,480.92,480.92,-10.0,0.0,197,True,CLM-0034917,2025-09-16,Critical Illness,0.0,Approved,,29.0,False,False,-0.08,10,ASR-0057,50000.0,False,False,0.275,,,,,,,,,False,False,False,False,,,OUT_OF_RANGE,,OUT_OF_RANGE,,OUT_OF_RANGE,,,REVIEW,,148.0,44.0,231250,,20250913,NON_POSITIVE_PREMIUM
RID-0026024,POLICY_ADMIN,18-03-2026 23:22,CUS-007216,Terence Wright,Male,1981-02-19,45,Widowed,Citizen,Sales,73496.0,50k-100k,D15,terence.wright119@example.com,+65 87384291,POL-0026024,2024-12-05,2024-12-16,PRUWealth Plus,Savings & Wealth,Bancassurance,Monthly,-6416.72,383000.0,6416.72,0.0358,99,Inforce,20.0,False,,True,,False,,,-10.0,,0,False,,,,,,,,False,False,0.79,8,,,,,,,,,,,,,,False,False,False,False,,,OUT_OF_RANGE,,,,OUT_OF_RANGE,,,REVIEW,,138.0,44.0,232276,,20241216,NON_POSITIVE_PREMIUM
RID-0035687,CRM,18-04-2026 00:52,CUS-026275,Zarina Iyer,Female,1966-12-13,60,Divorced,Citizen,Technician,102054.0,100k-200k,D03,zarina.iyer234@example.com,+65 99767873,POL-0035687,2024-01-08,1899-01-01,PRUShield A Plus,Health & IP,Agency,Monthly,-899.64,460000.0,899.64,0.1358,20,Surrendered,31.0,True,2026-07-18,True,Public A-Ward,True,463.95,463.95,999.0,1500.0,85,True,,,,,,,,False,False,0.5,8,,,,,,AGT-01125,Valerie Pillai,Established,65,AU-05,Active,58.7,0.468,False,False,False,False,DATE_LOGIC_BREACH,,OUT_OF_RANGE,,,,OUT_OF_RANGE,,,REVIEW,,148.0,41.0,242548,10471.0,18990101,NON_POSITIVE_PREMIUM
RID-0034234,CRM,18-04-2026 12:16,CUS-015199,Farah Reddy,Female,1983-01-02,43,Widowed,Citizen,Civil Service,210795.0,200k-400k,D03,@example.com,+65 99853497,POL-0034234,2024-05-27,2024-07-09,PRUFlexiCash,Savings & Wealth,Agency,Monthly,-36340.87,374000.0,36340.87,0.0778,10,Inforce,26.0,False,,True,,False,,,,,36,False,,,,,,,,False,False,0.6,6,,,,,,AGT-00125,Cheryl Foo,Established,96,AU-11,Active,27.6,0.553,False,False,False,False,,,OUT_OF_RANGE,,,,,,,REVIEW,,151.0,41.0,226429,10237.0,20240709,NON_POSITIVE_PREMIUM
RID-0041633,CLAIMS_SYS,18-05-2026 02:08,CUS-026020,Nurul Aisyah Aziz,Female,1986-07-16,40,Single,Citizen,Technician,45221.0,Below 50k,D23,nurul.aisyah.aziz58@example.com,+65 86923978,POL-0041633,2024-01-15,2024-02-10,PRUWealth Plus,Savings & Wealth,Bancassurance,Semi-Annual,-2949.47,111000.0,2949.47,0.0483,99,Inforce,31.0,False,,True,,False,,,120.0,,68,False,CLM-0041633,2025-11-16,Critical Illness,0.0,Approved,,-3.0,False,False,-0.19,9,ASR-0010,50000.0,False,False,0.822,,,,,,,,,False,False,False,False,,,OUT_OF_RANGE,,OUT_OF_RANGE,OUT_OF_RANGE,OUT_OF_RANGE,,,REVIEW,,138.0,44.0,242688,,20240210,NON_POSITIVE_PREMIUM
RID-0011185,AGENCY_MGMT,18-07-2026 07:09,CUS-028167,Anjali Reddy,Female,1964-07-27,62,Widowed,Permanent Resident,Manager,59608.0,50k-100k,D28,anjali.reddy227@example.com,+65 86484059,POL-0011185,2025-11-02,2025-11-22,PRUShield Standard,Health & IP,Agency,Annual,-3715.68,371000.0,3715.68,0.1886,30,Inforce,9.0,False,,True,Public B1-Ward,True,1217.97,1217.97,999.0,0.0,19,False,CLM-0011185,2026-04-13,Death Benefit,5451.28,Declined,Policy exclusion clause,18.0,False,False,0.22,9,ASR-0049,100000.0,False,False,0.327,AGT-00111,Valerie Harper,Established,61,AU-35,Active,87.6,0.394,False,False,False,False,,,OUT_OF_RANGE,,,,OUT_OF_RANGE,,,REVIEW,,143.0,41.0,237958,9876.0,20251122,NON_POSITIVE_PREMIUM
RID-0043144,CLAIMS_SYS,18-07-2026 07:54,CUS-011338,Xin Yi Harper,Female,1960-11-26,66,Widowed,Foreigner,Technician,42975.0,Below 50k,D16,xin.yi.harper483@example.com,+65 83475958,POL-0043144,2023-09-26,2075-06-15,PRUSave Endowment,Savings & Wealth,Agency,Annual,-41651.06,449000.0,41651.06,0.066,30,Inforce,35.0,False,,True,,False,,,,,140,True,,,,,,,,False,False,0.81,6,,,,,,AGT-00382,Siti Nadia Sharma,Established,54,AU-18,Active,74.2,0.211,False,False,False,False,DATE_LOGIC_BREACH,,OUT_OF_RANGE,,,,,,,REVIEW,,141.0,41.0,228974,9753.0,20750615,NON_POSITIVE_PREMIUM
RID-0009036,AGENCY_MGMT,18-07-2026 11:46,CUS-000466,Cheryl Low,Female,1968-11-26,58,Widowed,Citizen,Civil Service,151188.0,100k-200k,D05,not-an-email,+65 83159933,POL-0009036,2026-02-18,2026-03-26,PRUCritical Cover,Protection,Agency,Semi-Annual,-3427.37,1237000.0,3427.37,0.2538,99,Inforce,5.0,False,,True,,False,,,120.0,,229,False,CLM-0009036,2026-07-31,Accident,0.0,Approved,,28.0,False,False,0.72,10,ASR-0045,10000.0,False,False,0.296,AGT-00707,Siew Peng Wong,New,12,AU-05,Active,30.8,0.582,False,False,False,False,,,OUT_OF_RANGE,,OUT_OF_RANGE,,OUT_OF_RANGE,,,REVIEW,,150.0,41.0,243032,10741.0,20260326,NON_POSITIVE_PREMIUM
RID-0035516,AGENCY_MGMT,18-08-2026 12:54,CUS-015592,Suresh Raj,Male,1975-11-21,51,Single,Citizen,Professional,65622.0,50k-100k,D16,abc@@example..com,+65 88007403,POL-0035516,2024-11-26,2024-12-15,PRUFlexiCash,Savings & Wealth,Bancassurance,Annual,-18705.47,390000.0,18705.47,0.0833,20,Surrendered,20.0,True,2026-03-20,True,,False,,,,,149,False,CLM-0035516,2026-07-19,Disability,9461.07,Declined,Treatment not medically necessary,-3.0,False,False,0.55,7,ASR-0053,25000.0,False,False,0.223,,,,,,,,,False,False,False,False,,,OUT_OF_RANGE,,,OUT_OF_RANGE,,,,REVIEW,,151.0,44.0,233262,,20241215,NON_POSITIVE_PREMIUM
RID-0040671,POLICY_ADMIN,18-08-2026 23:47,CUS-028220,Jia Hui Yeo,Female,1968-05-26,58,Married,Employment Pass,Professional,46839.0,Below 50k,D04,jia.hui.yeo157@example.com,+65 8123 456789012,POL-0040671,2026-03-16,2026-03-17,PRUTerm Secure,Protection,Bancassurance,Monthly,-6313.73,1097000.0,6313.73,0.1989,10,Inforce,5.0,False,,True,,False,,,,,0,False,CLM-0040671,2026-04-02,Maternity,0.0,Approved,,1.0,False,False,0.15,7,ASR-0053,25000.0,False,False,0.414,,,,,,,,,False,False,False,False,,,OUT_OF_RANGE,,OUT_OF_RANGE,,,,,REVIEW,,147.0,44.0,243232,,20260317,NON_POSITIVE_PREMIUM
RID-0032537,CLAIMS_SYS,19-03-2026 05:08,CUS-030926,Terence Kamal,Male,1977-12-23,49,Widowed,Citizen,Executive,59338.0,50k-100k,D28,terence.kamal308@example.com,+65 89285667,POL-0032537,2025-04-25,2025-06-08,PRUSave Endowment,Savings & Wealth,Agency,Semi-Annual,-35147.66,324000.0,35147.66,0.0684,30,Inforce,15.0,False,,True,,False,,,120.0,,126,False,,,,,,,,False,False,0.58,9,,,,,,AGT-01074,Arjun Wright,Established,17,AU-22,Active,22.4,0.191,False,False,False,False,,,OUT_OF_RANGE,,,,OUT_OF_RANGE,,,REVIEW,,141.0,41.0,243251,9831.0,20250608,NON_POSITIVE_PREMIUM
RID-0025561,CRM,19-03-2026 07:58,CUS-029349,Jun Hao Mitchell,Male,1995-01-09,31,Widowed,Citizen,Executive,30000.0,Below 50k,D15,@example.com,+65 86061686,POL-0025561,2025-04-18,2025-05-27,PRUActive Term,Protection,Digital,Quarterly,-7381.24,1285000.0,7381.24,0.2517,10,Inforce,15.0,False,,True,,False,,,,,88,False,CLM-0025561,2026-03-13,Death Benefit,99999999.99,Approved,,-3.0,False,False,0.51,8,ASR-0011,50000.0,False,False,0.025,,,,,,,,,False,False,False,False,,,OUT_OF_RANGE,,OUT_OF_RANGE,OUT_OF_RANGE,,,,REVIEW,,146.0,42.0,237662,,20250527,NON_POSITIVE_PREMIUM
RID-0044039,CRM,19-03-2026 20:02,CUS-034328,Muhammad Ariff Seah,Male,1995-07-04,0,Divorced,Citizen,Self-Employed,33575.0,Below 50k,D16,muhammad.ariff.seah230@example.com,9999-CALL-ME,POL-0044039,2025-06-22,2025-07-31,PRUActive Term,Protection,Digital,Annual,-1018.01,1058000.0,1018.01,0.2687,5,Inforce,13.0,False,,True,,False,,,,,97,True,,,,,,,,False,False,0.86,8,,,,,,,,,,,,,,False,False,False,False,,OUT_OF_RANGE,OUT_OF_RANGE,,,,,,,REVIEW,,146.0,42.0,243321,,20250731,NON_POSITIVE_PREMIUM
RID-0040933,AGENCY_MGMT,19-03-2026 22:19,CUS-010347,Rohan Menon,Male,1981-04-09,45,Divorced,Citizen,Civil Service,42385.0,Below 50k,D17,rohan.menon363@example.com,9999-CALL-ME,POL-0040933,2024-04-07,1899-01-01,PRUExtra Care,Health & IP,Agency,Monthly,-3031.51,862000.0,3031.51,0.1481,20,Lapsed,28.0,True,2024-12-17,False,Public B1-Ward,True,854.17,854.17,999.0,0.0,100,False,,,,,,,,False,False,0.38,9,,,,,,AGT-00009,Nicholas Sharma,Established,76,AU-22,Resigned,24,0.191,False,False,False,False,DATE_LOGIC_BREACH,,OUT_OF_RANGE,,,,OUT_OF_RANGE,,,REVIEW,,149.0,41.0,243335,10658.0,18990101,NON_POSITIVE_PREMIUM
RID-0026597,CRM,19-03-2026 23:55,CUS-016020,Nicholas Kumar,Male,1986-05-01,40,Single,Citizen,Civil Service,73710.0,50k-100k,D04,nicholas.kumar28@example.com,+65 95155414,POL-0026597,2023-11-27,1899-01-01,PRUVantage Legacy,Savings & Wealth,Digital,Annual,-49571.79,34000.0,49571.79,0.0903,15,Matured,33.0,False,,True,,False,,,,,79,False,,,,,,,,False,False,0.43,6,,,,,,,,,,,,,,False,False,False,False,DATE_LOGIC_BREACH,,OUT_OF_RANGE,,,,,,,REVIEW,,145.0,42.0,243347,,18990101,NON_POSITIVE_PREMIUM
RID-0031854,AGENCY_MGMT,19-04-2026 10:13,CUS-033564,Aravind Wong,Male,1989-04-16,37,Widowed,Citizen,Technician,36918.0,Below 50k,D23,aravind.wong310@example.com,+65 84153615,POL-0031854,2023-04-29,2099-12-31,PRULink Global Growth,Investment-Linked,Bancassurance,Monthly,-34301.67,387000.0,34301.67,0.0782,99,Inforce,39.0,False,,True,,False,,,,,99,False,CLM-0031854,2023-09-14,Maternity,0.0,Declined,Premium in arrears,34.0,False,False,0.01,7,ASR-0037,50000.0,False,False,0.323,,,,,,,,,False,False,False,False,DATE_LOGIC_BREACH,,OUT_OF_RANGE,,OUT_OF_RANGE,,,,,REVIEW,,144.0,44.0,243394,,20991231,NON_POSITIVE_PREMIUM
RID-0043703,CLAIMS_SYS,19-05-2026 05:53,CUS-022677,Siew Peng Ho,Female,1999-02-28,27,Single,Citizen,Manager,110723.0,100k-200k,D09,siew.peng.ho424@example.com,+65 85594017,POL-0043703,2024-02-29,2024-03-31,PRUShield A Plus,Health & IP,Bancassurance,Annual,-4148.14,395000.0,4148.14,0.1483,30,Inforce,29.0,False,,True,Public B1-Ward,True,1871.21,1871.21,999.0,0.0,347,False,,,,,,,,False,False,0.45,7,,,,,,,,,,,,,,False,False,False,False,,,OUT_OF_RANGE,,,,OUT_OF_RANGE,,,REVIEW,,148.0,44.0,233647,,20240331,NON_POSITIVE_PREMIUM
RID-0027302,POLICY_ADMIN,19-05-2026 06:29,CUS-021625,Daniel Salleh,Male,1985-05-04,41,Married,Citizen,Executive,76626.0,50k-100k,D08,daniel.salleh331@example.com,+65 96950943,POL-0027302,2026-01-15,2026-02-13,PRUTerm Secure,Protection,Agency,Semi-Annual,-7649.55,462000.0,7649.55,0.328,20,Inforce,6.0,False,,True,,False,,,,,229,False,,,,,,,,False,False,0.67,7,,,,,,AGT-00025,Anjali Low,Established,35,AU-28,Active,52.4,0.024,False,False,False,False,,,OUT_OF_RANGE,,,,,,,REVIEW,,147.0,41.0,243484,10773.0,20260213,NON_POSITIVE_PREMIUM
RID-0008044,AGENCY_MGMT,19-05-2026 15:31,CUS-024925,Vikram Toh,Male,1977-02-26,50,Divorced,Citizen,Manager,106440.0,100k-200k,D07,vikram.toh19@example.com,+65 12345,POL-0008044,2025-08-30,2025-10-02,PRUShield Premier,Health & IP,Direct,Annual,-1817.98,107000.0,1817.98,0.1976,25,Inforce,11.0,False,,True,Public A-Ward,True,997.37,997.37,0.0,0.0,0,False,CLM-0008044,2026-04-19,Death Benefit,1128.9,Approved,,23.0,False,False,0.83,8,ASR-0006,25000.0,False,False,0.179,,,,,,,,,False,False,False,False,,,OUT_OF_RANGE,,,,,,,REVIEW,,142.0,45.0,243518,,20251002,NON_POSITIVE_PREMIUM
RID-0016218,CLAIMS_SYS,19-05-2026 18:11,CUS-033632,Nicholas Aziz,Male,1996-08-20,0,Widowed,Citizen,Healthcare,119942.0,100k-200k,D25,abc@@example..com,+65 86124228,POL-0016218,2023-02-18,2075-06-15,PRUWealth Plus,Savings & Wealth,Digital,Quarterly,-12562.92,129000.0,12562.92,0.046,10,Inforce,43.0,False,,True,,False,,,,,132,False,CLM-0016218,2024-07-17,Death Benefit,20928.86,Approved,,34.0,False,False,0.51,7,ASR-0009,25000.0,False,False,0.407,,,,,,,,,False,False,False,False,DATE_LOGIC_BREACH,OUT_OF_RANGE,OUT_OF_RANGE,,,,,,,REVIEW,,138.0,42.0,225659,,20750615,NON_POSITIVE_PREMIUM
RID-0046925,POLICY_ADMIN,19-07-2026 04:30,CUS-001571,Vikram Yusof,Male,1993-05-10,33,Divorced,Citizen,Technician,43830.0,Below 50k,D08,vikram.yusof414@example.com,+65 97409392,POL-0046925,2023-01-12,2023-01-21,PRUShield Standard,Health & IP,Agency,Semi-Annual,-4138.24,1024000.0,4138.24,0.1917,20,Inforce,43.0,False,,True,Private Hospital,True,1857.55,1857.55,0.0,1500.0,155,False,CLM-0046925,2023-11-19,Hospitalisation,4215.88,Withdrawn,,4000.0,False,False,0.85,6,ASR-0004,100000.0,False,False,0.094,AGT-00582,Lakshmi Lim,Senior,145,AU-12,Active,28.9,0.154,False,False,False,False,,,OUT_OF_RANGE,,,OUT_OF_RANGE,,,,REVIEW,,143.0,41.0,243724,10085.0,20230121,NON_POSITIVE_PREMIUM
RID-0007576,POLICY_ADMIN,19-07-2026 23:45,CUS-008637,Valerie Yusof,Female,1978-12-23,48,Widowed,Permanent Resident,Education,52346.0,50k-100k,D18,valerie.yusof359@example.com,+65 88388014,POL-0007576,2023-05-28,2023-06-29,PRUExtra Care,Health & IP,Bancassurance,Monthly,-2891.87,521000.0,2891.87,0.1287,5,Inforce,38.0,False,,True,Private Hospital,True,1031.31,1031.31,-10.0,0.0,29,False,CLM-0007576,2025-03-18,Critical Illness,-15000.0,Approved,,4000.0,False,True,-0.59,5,ASR-0007,25000.0,False,False,0.198,,,,,,,,,False,False,False,False,,,OUT_OF_RANGE,,OUT_OF_RANGE,OUT_OF_RANGE,OUT_OF_RANGE,,,REVIEW,,149.0,44.0,243850,,20230629,NON_POSITIVE_PREMIUM
RID-0017002,CRM,19-08-2026 06:44,CUS-021346,Suresh Hassan,Male,1967-08-23,59,Married,Permanent Resident,Professional,76661.0,50k-100k,D11,suresh.hassan430@example.com,+65 92093723,POL-0017002,2026-01-12,2026-02-10,PRUSave Endowment,Savings & Wealth,Agency,Annual,-22646.49,56000.0,22646.49,0.0457,25,Inforce,6.0,False,,True,,False,,,,,0,False,CLM-0017002,2026-05-25,Critical Illness,2968.71,Approved,,11.0,False,False,0.24,8,ASR-0015,25000.0,False,False,0.773,AGT-00803,Deepak Teo,New,11,AU-28,Active,38.9,0.089,False,False,False,False,,,OUT_OF_RANGE,,,,,,,REVIEW,,141.0,41.0,242005,10769.0,20260210,NON_POSITIVE_PREMIUM
RID-0027202,CLAIMS_SYS,20-03-2026 09:30,CUS-013870,Arjun Yusof,Male,1980-11-03,46,Married,Permanent Resident,Executive,104628.0,100k-200k,D28,arjun.yusof388@example.com,+65 81900687,POL-0027202,2023-08-07,2099-12-31,PRUShield Life,Protection,Digital,Monthly,-2785.91,2597000.0,2785.91,0.2927,99,Inforce,36.0,False,,True,,False,,,,,223,False,CLM-0027202,2024-04-30,Hospitalisation,2064.46,Partially Approved,,-12.0,False,False,0.64,6,ASR-0022,25000.0,False,False,0.047,,,,,,,,,False,False,False,False,DATE_LOGIC_BREACH,,OUT_OF_RANGE,,,OUT_OF_RANGE,,,,REVIEW,,137.0,42.0,244064,,20991231,NON_POSITIVE_PREMIUM
RID-0035745,AGENCY_MGMT,20-03-2026 16:07,CUS-024254,Jun Hao Bennett,Male,1996-05-13,30,Married,Citizen,Technician,64042.0,50k-100k,D08,jun.hao.bennett242@example.com,9999-CALL-ME,POL-0035745,2025-04-24,2075-06-15,PRUShield Life,Protection,Bancassurance,Quarterly,-8857.26,1141000.0,8857.26,0.2635,10,Inforce,15.0,False,,True,,False,,,,,66,False,,,,,,,,False,False,0.89,8,,,,,,,,,,,,,,False,False,False,False,DATE_LOGIC_BREACH,,OUT_OF_RANGE,,,,,,,REVIEW,,137.0,44.0,224450,,20750615,NON_POSITIVE_PREMIUM
RID-0030178,CRM,20-04-2026 10:27,CUS-001788,Yong Sheng Neo,Male,2001-05-05,25,Single,Citizen,Sales,200973.0,200k-400k,D27,yong.sheng.neo383@example.com,+65 8123 456789012,POL-0030178,2025-09-28,2075-06-15,PRUActive Term,Protection,Bancassurance,Monthly,-2302.63,2262000.0,2302.63,0.1959,10,Inforce,10.0,False,,True,,False,,,,,158,False,CLM-0030178,2026-01-06,Death Benefit,3988.95,Partially Approved,,7.0,False,False,0.58,9,ASR-0035,25000.0,False,False,0.027,,,,,,,,,False,False,False,False,DATE_LOGIC_BREACH,,OUT_OF_RANGE,,,,,,,REVIEW,,146.0,44.0,244190,,20750615,NON_POSITIVE_PREMIUM
RID-0044771,CRM,20-05-2026 12:22,CUS-036622,Jonathan Ng,Male,1989-02-23,38,Divorced,Permanent Resident,Civil Service,78096.0,50k-100k,D23,@example.com,+65 93684587,POL-0044771,2023-01-18,2023-03-01,PRUSave Endowment,Savings & Wealth,Bancassurance,Semi-Annual,-34338.81,378000.0,34338.81,0.0359,10,Lapsed,42.0,True,2025-02-01,True,,False,,,,,208,False,,,,,,,,False,False,-0.01,9,,,,,,,,,,,,,,False,False,False,False,,,OUT_OF_RANGE,,,,,,,REVIEW,,141.0,44.0,240764,,20230301,NON_POSITIVE_PREMIUM
RID-0043747,CRM,20-06-2026 04:48,CUS-002009,Jonathan Chong,Male,1994-12-27,32,Divorced,Citizen,Sales,139054.0,100k-200k,D12,jonathan.chong1@example.com,+65 86064983,POL-0043747,2026-04-25,2026-05-16,PRUShield A Plus,Health & IP,Bancassurance,Annual,-1719.18,221000.0,1719.18,0.1205,10,Inforce,3.0,False,,True,Public B1-Ward,False,,,120.0,,78,False,,,,,,,,False,False,-0.09,5,,,,,,,,,,,,,,False,False,False,False,,,OUT_OF_RANGE,,,,OUT_OF_RANGE,,,REVIEW,,148.0,44.0,243835,,20260516,NON_POSITIVE_PREMIUM
RID-0033585,AGENCY_MGMT,20-06-2026 09:31,CUS-018666,Mei Yi Kumar,Female,1994-02-06,1,Single,Citizen,Retired,152147.0,100k-200k,D16,mei.yi.kumar384@example.com,+65 91784328,POL-0033585,2024-06-12,2024-07-04,PRUActive Term,Protection,Bancassurance,Monthly,-3740.37,273000.0,3740.37,0.1997,10,Inforce,26.0,False,,True,,False,,,,,264,False,CLM-0033585,2025-05-06,Accident,-15000.0,Approved,,18.0,False,False,0.89,6,ASR-0004,100000.0,False,False,0.257,,,,,,,,,False,False,False,False,,OUT_OF_RANGE,OUT_OF_RANGE,,OUT_OF_RANGE,,,,,REVIEW,,146.0,44.0,228325,,20240704,NON_POSITIVE_PREMIUM
RID-0031496,AGENCY_MGMT,20-06-2026 21:08,CUS-013549,Rachel Sim,Female,1998-09-21,28,Widowed,Permanent Resident,Self-Employed,59537.0,50k-100k,D09,rachel.sim75@example.com,+65 92046064,POL-0031496,2023-09-18,2023-10-10,PRUWealth Plus,Savings & Wealth,Agency,Annual,-34702.98,412000.0,34702.98,0.071,99,Inforce,35.0,False,,True,,False,,,,,107,False,CLM-0031496,2026-02-13,Death Benefit,-15000.0,Partially Approved,,-12.0,False,False,0.19,10,ASR-0053,25000.0,False,False,0.083,AGT-00331,Muhammad Ariff Reddy,New,2,AU-40,Active,76.3,0.361,False,False,False,False,,,OUT_OF_RANGE,,OUT_OF_RANGE,OUT_OF_RANGE,,,,REVIEW,,138.0,41.0,244470,10586.0,20231010,NON_POSITIVE_PREMIUM
RID-0015220,CRM,20-07-2026 16:40,CUS-030984,Nicholas Fraser,Male,1990-04-09,36,Married,Permanent Resident,Sales,79322.0,50k-100k,D03,nicholas.fraser450@example.com,+65 92329015,POL-0015220,2025-12-03,2025-12-21,PRUCritical Cover,Protection,Bancassurance,Monthly,-7344.55,941000.0,7344.55,0.2382,99,Inforce,8.0,False,,True,,False,,,-10.0,,0,True,,,,,,,,False,False,0.99,7,,,,,,,,,,,,,,False,False,False,False,,,OUT_OF_RANGE,,,,OUT_OF_RANGE,,,REVIEW,,150.0,44.0,231154,,20251221,NON_POSITIVE_PREMIUM
RID-0045588,POLICY_ADMIN,20-08-2026 01:13,CUS-006425,Vikram Bennett,Male,1993-06-10,33,Divorced,Foreigner,Self-Employed,98294.0,50k-100k,D08,vikram.bennett137@example.com,+65 98700460,POL-0045588,2026-03-04,2075-06-15,PRUShield Life,Protection,Agency,Annual,-2049.65,2514000.0,2049.65,0.3307,10,Inforce,4.0,False,,True,,False,,,999.0,,35,False,,,,,,,,False,False,0.93,5,,,,,,AGT-00838,Siew Peng Lim,Senior,144,AU-28,Active,67.9,0.075,False,False,False,False,DATE_LOGIC_BREACH,,OUT_OF_RANGE,,,,OUT_OF_RANGE,,,REVIEW,,137.0,41.0,244614,9828.0,20750615,NON_POSITIVE_PREMIUM
RID-0025069,CRM,20-08-2026 14:41,CUS-003033,Edwin Wong,Male,1980-01-11,46,Divorced,Citizen,Professional,123087.0,100k-200k,D22,@example.com,+65 99599258,POL-0025069,2024-04-22,2024-05-02,PRUWealth Plus,Savings & Wealth,Bancassurance,Annual,-12091.32,123000.0,12091.32,0.0309,99,Inforce,28.0,False,,True,,False,,,120.0,,0,False,CLM-0025069,2024-09-20,Critical Illness,-15000.0,Approved,,13.0,False,False,0.02,8,ASR-0059,50000.0,False,False,0.083,,,,,,,,,False,False,False,False,,,OUT_OF_RANGE,,OUT_OF_RANGE,,OUT_OF_RANGE,,,REVIEW,,138.0,44.0,226176,,20240502,NON_POSITIVE_PREMIUM
RID-0005876,CLAIMS_SYS,20-08-2026 23:37,CUS-035616,Aravind Nair,Male,1993-08-18,33,Single,Permanent Resident,Manager,58812.0,50k-100k,D01,abc@@example..com,9999-CALL-ME,POL-0005876,2026-04-26,2026-06-01,PRUWealth Plus,Savings & Wealth,Bancassurance,Annual,-35072.91,256000.0,35072.91,0.0691,99,Inforce,3.0,False,,True,,False,,,,,190,False,,,,,,,,False,False,0.67,8,,,,,,,,,,,,,,False,False,False,False,,,OUT_OF_RANGE,,,,,,,REVIEW,,138.0,44.0,225100,,20260601,NON_POSITIVE_PREMIUM
RID-0034097,CLAIMS_SYS,21-03-2026 11:44,CUS-029873,Hakim Foo,Male,1992-08-02,34,Single,Employment Pass,Civil Service,150603.0,100k-200k,D23,hakim.foo285@example.com,+65 85154071,POL-0034097,2024-12-01,2024-12-31,PRULink Assurance,Investment-Linked,Agency,Annual,-7646.25,518000.0,7646.25,0.1618,99,Inforce,20.0,False,,True,,False,,,999.0,,89,True,,,,,,,,False,False,-0.1,6,,,,,,AGT-00138,Kavitha Iyer,New,1,AU-17,Active,48,0.425,False,False,False,False,,,OUT_OF_RANGE,,,,OUT_OF_RANGE,,,REVIEW,,140.0,41.0,244796,10386.0,20241231,NON_POSITIVE_PREMIUM
RID-0038912,CLAIMS_SYS,21-03-2026 11:44,CUS-040426,Vikram Foo,Male,1969-07-09,57,Divorced,Citizen,Education,35047.0,Below 50k,D27,vikram.foo73@example.com,+65 82710714,POL-0038912,2025-09-09,2025-09-25,PRUWealth Plus,Savings & Wealth,Agency,Quarterly,-50314.02,458000.0,50314.02,0.0434,99,Inforce,11.0,False,,True,,False,,,,,79,False,CLM-0038912,2026-01-04,Hospitalisation,99999999.99,Approved,,18.0,False,False,-0.13,7,ASR-0010,50000.0,False,False,0.939,AGT-00553,Nurul Aisyah Chong,Established,13,AU-26,Active,51.1,0.174,False,False,False,False,,,OUT_OF_RANGE,,OUT_OF_RANGE,,,,,REVIEW,,138.0,41.0,227376,9978.0,20250925,NON_POSITIVE_PREMIUM
RID-0041155,AGENCY_MGMT,21-04-2026 10:39,CUS-021849,Edwin Osman,Male,2005-05-26,21,Widowed,Employment Pass,Manager,31356.0,Below 50k,D06,edwin.osman56@example.com,+65 96930993,POL-0041155,2026-02-26,2026-03-06,PRUFlexiCash,Savings & Wealth,Digital,Annual,-5785.04,448000.0,5785.04,0.0431,25,Lapsed,5.0,True,2026-07-13,False,,False,,,,,54,False,CLM-0041155,2026-04-24,Disability,3310.18,Approved,,20.0,False,False,0.01,10,ASR-0050,5000.0,False,False,0.034,,,,,,,,,False,False,False,False,,,OUT_OF_RANGE,,,,,,,REVIEW,,151.0,42.0,231034,,20260306,NON_POSITIVE_PREMIUM
RID-0012863,CLAIMS_SYS,21-04-2026 23:36,CUS-011541,Deepak Wright,Male,1984-04-12,42,Married,Citizen,Civil Service,35755.0,Below 50k,D08,deepak.wright58@example.com,+65 99037180,POL-0012863,2023-12-13,2023-12-17,PRULink Assurance,Investment-Linked,Bancassurance,Annual,-2279.25,606000.0,2279.25,0.0889,25,Lapsed,32.0,True,2024-08-14,False,,False,,,,,226,False,CLM-0012863,2026-03-10,Hospitalisation,-15000.0,Partially Approved,,12.0,False,False,0.75,7,ASR-0018,25000.0,False,False,0.096,,,,,,,,,False,False,False,False,,,OUT_OF_RANGE,,OUT_OF_RANGE,,,,,REVIEW,,140.0,44.0,244981,,20231217,NON_POSITIVE_PREMIUM
RID-0033713,POLICY_ADMIN,21-05-2026 06:54,CUS-027387,Cheryl Bennett,Female,1988-07-28,0,Married,Citizen,Sales,85785.0,50k-100k,D24,@example.com,+65 91369797,POL-0033713,2025-01-14,2025-01-25,PRUWealth Plus,Savings & Wealth,Agency,Semi-Annual,-5897.07,416000.0,5897.07,0.0922,30,Inforce,19.0,False,,True,,False,,,,,114,False,,,,,,,,False,False,0.02,10,,,,,,AGT-00614,Priya Kamal,New,3,AU-31,Active,45.9,0.475,False,False,False,False,,OUT_OF_RANGE,OUT_OF_RANGE,,,,,,,REVIEW,,138.0,41.0,241103,9767.0,20250125,NON_POSITIVE_PREMIUM
RID-0002025,POLICY_ADMIN,21-06-2026 05:14,CUS-037412,Xin Yi Tan,Female,1991-06-04,35,Divorced,Citizen,Professional,157270.0,100k-200k,D13,xin.yi.tan175@example.com,+65 93414511,POL-0002025,2024-01-11,1899-01-01,PRUFlexiCash,Savings & Wealth,Agency,Annual,-36698.54,35000.0,36698.54,0.0614,10,Inforce,31.0,False,,True,,False,,,,,28,False,CLM-0002025,2026-01-07,Accident,7333.46,Approved,,19.0,False,False,-0.09,9,ASR-0013,100000.0,False,False,0.716,AGT-00872,Iskandar Goh,MDRT,211,AU-05,Active,86.5,0.692,False,False,False,False,DATE_LOGIC_BREACH,,OUT_OF_RANGE,,,,,,,REVIEW,,151.0,41.0,245134,10255.0,18990101,NON_POSITIVE_PREMIUM
RID-0029093,CLAIMS_SYS,21-06-2026 17:37,CUS-010255,Daniel Salleh,Male,1987-03-09,39,Widowed,Citizen,Sales,87779.0,50k-100k,D04,daniel.salleh112@example.com,+65 99564948,POL-0029093,2025-10-27,1899-01-01,PRUTerm Secure,Protection,Bancassurance,Annual,-3542.77,2606000.0,3542.77,0.2176,20,Inforce,10.0,False,,True,,False,,,,,325,False,CLM-0029093,2026-07-17,Day Surgery,531.02,Approved,,4.0,False,False,0.27,8,ASR-0056,50000.0,False,False,0.274,,,,,,,,,False,False,False,False,DATE_LOGIC_BREACH,,OUT_OF_RANGE,,,,,,,REVIEW,,147.0,44.0,245203,,18990101,NON_POSITIVE_PREMIUM
RID-0007606,CLAIMS_SYS,21-07-2026 12:08,CUS-008112,Terence Chong,Male,1991-10-05,35,Divorced,Citizen,Education,58611.0,50k-100k,D02,not-an-email,+65 84188027,POL-0007606,2026-06-21,2026-07-15,PRUActive Term,Protection,Agency,Monthly,-2462.3,2824000.0,2462.3,0.3347,30,Inforce,1.0,False,,True,,False,,,,,131,False,CLM-0007606,2026-08-07,Critical Illness,10778.91,Approved,,21.0,False,False,0.01,6,ASR-0058,100000.0,False,False,0.199,AGT-00080,Wei Ming Koh,New,9,AU-15,Active,54.8,0.045,False,False,False,False,,,OUT_OF_RANGE,,,,,,,REVIEW,,146.0,41.0,242665,10462.0,20260715,NON_POSITIVE_PREMIUM
RID-0042994,POLICY_ADMIN,21-08-2026 10:19,CUS-006072,Daniel Bennett,Male,1984-08-14,42,Divorced,Citizen,Healthcare,96763.0,50k-100k,D18,daniel.bennett331@example.com,+65 86703150,POL-0042994,2025-12-14,2026-01-11,PRULink Assurance,Investment-Linked,Bancassurance,Annual,-40991.03,350000.0,40991.03,0.0976,30,Inforce,7.0,False,,True,,False,,,-10.0,,51,False,,,,,,,,False,False,0.57,6,,,,,,,,,,,,,,False,False,False,False,,,OUT_OF_RANGE,,,,OUT_OF_RANGE,,,REVIEW,,140.0,44.0,241460,,20260111,NON_POSITIVE_PREMIUM
RID-0020062,CRM,21-08-2026 15:17,CUS-018523,Kai Xuan Lee,Male,1981-04-12,45,Single,Citizen,Healthcare,30000.0,Below 50k,D14,kai.xuan.lee272@example.com,+65 99471524,POL-0020062,2026-06-22,1899-01-01,PRUSave Endowment,Savings & Wealth,Agency,Annual,-41691.46,107000.0,41691.46,0.0703,15,Inforce,1.0,False,,True,,False,,,,,235,False,,,,,,,,False,False,0.58,6,,,,,,AGT-00040,Siew Peng Reddy,New,2,AU-37,Resigned,24.4,0.113,False,False,False,False,DATE_LOGIC_BREACH,,OUT_OF_RANGE,,,,,,,REVIEW,,141.0,41.0,230997,10140.0,18990101,NON_POSITIVE_PREMIUM
RID-0026500,POLICY_ADMIN,22-04-2026 21:01,CUS-039246,Terence Ho,Male,1962-10-11,64,Married,Citizen,Retired,46013.0,Below 50k,D03,terence.ho315@example.com,+65 88370132,POL-0026500,2025-06-25,1899-01-01,PRUSave Endowment,Savings & Wealth,Bancassurance,Annual,-31363.41,58000.0,31363.41,0.0538,30,Inforce,13.0,False,,True,,False,,,,,83,False,,,,,,,,False,False,0.85,7,,,,,,,,,,,,,,False,False,False,False,DATE_LOGIC_BREACH,,OUT_OF_RANGE,,,,,,,REVIEW,,141.0,44.0,236085,,18990101,NON_POSITIVE_PREMIUM
RID-0044048,POLICY_ADMIN,22-05-2026 10:40,CUS-038276,Nicholas Neo,Male,1978-05-14,1,Single,Permanent Resident,Self-Employed,59126.0,50k-100k,D04,nicholas.neo392@example.com,+65 92221473,POL-0044048,2025-06-08,2025-07-08,PRUActive Term,Protection,Digital,Annual,-5822.49,721000.0,5822.49,0.3069,99,Inforce,14.0,False,,True,,False,,,,,59,False,,,,,,,,False,False,0.8,10,,,,,,,,,,,,,,False,False,False,False,,OUT_OF_RANGE,OUT_OF_RANGE,,,,,,,REVIEW,,146.0,42.0,239550,,20250708,NON_POSITIVE_PREMIUM
RID-0024587,POLICY_ADMIN,22-05-2026 16:29,CUS-022008,Edwin Foo,Male,2001-10-01,25,Single,Permanent Resident,Executive,79548.0,50k-100k,D18,edwin.foo197@example.com,+65 8123 456789012,POL-0024587,2023-08-05,2023-08-31,PRUVantage Legacy,Savings & Wealth,Bancassurance,Monthly,-13591.17,110000.0,13591.17,0.0574,99,Inforce,36.0,False,,True,,False,,,,,45,False,CLM-0024587,2024-01-07,Disability,4062.98,Approved,,4.0,False,True,-0.52,4,ASR-0038,100000.0,False,False,0.062,,,,,,,,,False,False,False,False,,,OUT_OF_RANGE,,,,,,,REVIEW,,145.0,44.0,235374,,20230831,NON_POSITIVE_PREMIUM
RID-0008915,POLICY_ADMIN,22-05-2026 17:17,CUS-003263,Marcus Lee,Male,1996-09-03,30,Married,Citizen,Technician,94553.0,50k-100k,D10,abc@@example..com,+65 92353911,POL-0008915,2023-08-03,2023-08-04,PRUSave Endowment,Savings & Wealth,Bancassurance,Monthly,-5311.52,194000.0,5311.52,0.0795,99,Lapsed,37.0,True,2026-02-10,True,,False,,,,,49,False,,,,,,,,False,False,0.46,9,,,,,,,,,,,,,,False,False,False,False,,,OUT_OF_RANGE,,,,,,,REVIEW,,141.0,44.0,227435,,20230804,NON_POSITIVE_PREMIUM
RID-0013118,CRM,22-06-2026 01:40,CUS-000835,Anjali Kamal,Female,1993-10-15,33,Single,Employment Pass,Sales,214267.0,200k-400k,D02,@example.com,+65 96666422,POL-0013118,2024-09-04,2024-09-07,PRUSave Endowment,Savings & Wealth,Agency,Monthly,-10849.6,286000.0,10849.6,0.0499,10,Inforce,24.0,False,,True,,False,,,,,42,False,CLM-0013118,2025-05-23,Outpatient Specialist,-15000.0,Approved,,10.0,False,False,0.47,6,ASR-0054,5000.0,False,False,0.31,AGT-00757,Lakshmi Salleh,New,5,AU-26,Active,50.9,0.426,False,False,False,False,,,OUT_OF_RANGE,,OUT_OF_RANGE,,,,,REVIEW,,141.0,41.0,245834,9800.0,20240907,NON_POSITIVE_PREMIUM
RID-0000114,POLICY_ADMIN,22-06-2026 02:23,CUS-028201,Iskandar Chua,Male,2001-02-03,26,Single,Foreigner,Healthcare,240037.0,200k-400k,D16,iskandar.chua152@example.com,+65 8123 456789012,POL-0000114,2023-03-21,2023-04-24,PRUShield A Plus,Health & IP,Agency,Annual,-6092.81,1224000.0,6092.81,0.1646,20,Matured,40.0,False,,True,Private Hospital,True,1856.91,1856.91,0.0,0.0,110,True,,,,,,,,False,False,-0.05,9,,,,,,AGT-00317,Joanne Rahman,Senior,103,AU-28,Active,29.2,0.045,False,False,False,False,,,OUT_OF_RANGE,,,,,,,REVIEW,,148.0,41.0,245836,10214.0,20230424,NON_POSITIVE_PREMIUM
RID-0011012,CRM,22-06-2026 02:56,CUS-028157,Hakim Chua,Male,1985-09-07,41,Divorced,Permanent Resident,Manager,267757.0,200k-400k,D26,hakim.chua32@example.com,9999-CALL-ME,POL-0011012,2023-07-18,2023-08-28,PRULink Global Growth,Investment-Linked,Bancassurance,Annual,-11483.5,761000.0,11483.5,0.0842,30,Inforce,36.0,False,,True,,False,,,,,87,True,CLM-0011012,2026-03-16,Day Surgery,0.0,Approved,,34.0,False,False,0.41,7,ASR-0053,25000.0,False,False,0.343,,,,,,,,,False,False,False,False,,,OUT_OF_RANGE,,OUT_OF_RANGE,,,,,REVIEW,,144.0,44.0,245842,,20230828,NON_POSITIVE_PREMIUM
RID-0022710,CLAIMS_SYS,22-06-2026 08:02,CUS-005935,Anjali Rahman,Female,2000-12-21,26,Married,Citizen,Executive,30000.0,Below 50k,D04,not-an-email,+65 12345,POL-0022710,2026-03-06,2026-04-13,PRUSelect Vantage,Investment-Linked,Digital,Monthly,-17651.4,578000.0,17651.4,0.1011,10,Inforce,4.0,False,,True,,False,,,,,18,True,,,,,,,,False,False,0.43,9,,,,,,,,,,,,,,False,False,False,False,,,OUT_OF_RANGE,,,,,,,REVIEW,,139.0,42.0,245872,,20260413,NON_POSITIVE_PREMIUM
RID-0006257,AGENCY_MGMT,22-06-2026 08:46,CUS-038361,Xin Yi Harper,Female,1969-04-26,57,Single,Citizen,Sales,68566.0,50k-100k,D26,user at example dot com,+65 85428893,POL-0006257,2025-10-13,2099-12-31,PRUWealth Plus,Savings & Wealth,Bancassurance,Annual,-14227.4,493000.0,14227.4,0.0585,20,Inforce,9.0,False,,True,,False,,,120.0,,233,False,,,,,,,,False,False,0.5,10,,,,,,,,,,,,,,False,False,False,False,DATE_LOGIC_BREACH,,OUT_OF_RANGE,,,,OUT_OF_RANGE,,,REVIEW,,138.0,44.0,245880,,20991231,NON_POSITIVE_PREMIUM
RID-0014923,AGENCY_MGMT,22-06-2026 10:47,CUS-006737,Kai Xuan Koh,Male,1996-09-21,1,Widowed,Citizen,Civil Service,38104.0,Below 50k,D25,kai.xuan.koh132@example.com,+65 81544879,POL-0014923,2023-12-24,2023-12-25,PRUWealth Plus,Savings & Wealth,Agency,Quarterly,-29564.4,302000.0,29564.4,0.0596,25,Inforce,32.0,False,,True,,False,,,,,18,False,CLM-0014923,2024-02-20,Outpatient Specialist,89445.0,Partially Approved,,-12.0,False,False,0.01,9,ASR-0031,100000.0,False,False,0.152,AGT-01000,Aravind Chan,Established,49,AU-25,Active,74.7,0.21,False,False,False,False,,OUT_OF_RANGE,OUT_OF_RANGE,,,OUT_OF_RANGE,,,,REVIEW,,138.0,41.0,234692,10047.0,20231225,NON_POSITIVE_PREMIUM
RID-0004105,CLAIMS_SYS,22-06-2026 17:49,CUS-003402,Zhi Hao Harper,Male,1991-05-11,35,Married,Foreigner,Sales,30000.0,Below 50k,D06,zhi.hao.harper302@example.com,+65 8123 456789012,POL-0004105,2026-04-05,2026-05-20,PRUSave Endowment,Savings & Wealth,Bancassurance,Quarterly,-49717.64,493000.0,49717.64,0.0566,5,Inforce,3.0,False,,True,,False,,,,,128,False,,,,,,,,False,False,0.38,7,,,,,,,,,,,,,,False,False,False,False,,,OUT_OF_RANGE,,,,,,,REVIEW,,141.0,44.0,245922,,20260520,NON_POSITIVE_PREMIUM
RID-0001820,CRM,22-07-2026 05:41,CUS-037593,Priya Tan,Female,1979-02-28,47,Single,Citizen,Retired,65344.0,50k-100k,D25,priya.tan450@example.com,+65 12345,POL-0001820,2026-06-28,2026-07-05,PRULink Global Growth,Investment-Linked,Agency,Monthly,-5842.5,419000.0,5842.5,0.1272,10,Inforce,1.0,False,,True,,False,,,120.0,,72,False,CLM-0001820,2026-08-09,Disability,99999999.99,Approved,,31.0,False,False,0.88,8,ASR-0040,100000.0,False,False,0.002,AGT-00273,Lakshmi Lim,New,6,AU-14,Active,55.8,0.386,False,False,False,False,,,OUT_OF_RANGE,,OUT_OF_RANGE,,OUT_OF_RANGE,,,REVIEW,,144.0,41.0,245984,10347.0,20260705,NON_POSITIVE_PREMIUM
RID-0033735,CRM,22-07-2026 11:28,CUS-018819,Samantha Mitchell,Female,1976-05-16,1,Divorced,Employment Pass,Healthcare,30000.0,Below 50k,D15,samantha.mitchell454@example.com,+65 83138261,POL-0033735,2024-05-26,2099-12-31,PRUVantage Legacy,Savings & Wealth,Agency,Annual,-58930.13,474000.0,58930.13,0.0791,30,Inforce,27.0,False,,True,,False,,,,,36,True,CLM-0033735,2026-01-01,Day Surgery,6199.72,Declined,Premium in arrears,-12.0,False,False,0.67,8,ASR-0018,25000.0,False,False,0.214,AGT-00087,Valerie Ho,Established,45,AU-19,Active,23.5,0.386,False,False,False,False,DATE_LOGIC_BREACH,OUT_OF_RANGE,OUT_OF_RANGE,,,OUT_OF_RANGE,,,,REVIEW,,145.0,41.0,246016,10249.0,20991231,NON_POSITIVE_PREMIUM
RID-0033553,CRM,22-07-2026 12:26,CUS-014274,Yong Sheng Turner,Male,1979-04-27,47,Widowed,Citizen,Retired,74328.0,50k-100k,D03,yong.sheng.turner349@example.com,+65 83104582,POL-0033553,2024-06-05,2075-06-15,PRUSave Endowment,Savings & Wealth,Agency,Monthly,-12055.28,312000.0,12055.28,0.0889,10,Inforce,26.0,False,,True,,False,,,120.0,,5,False,CLM-0033553,2025-12-27,Critical Illness,28002.77,Approved,,4000.0,False,False,0.27,6,ASR-0003,10000.0,False,False,0.073,AGT-00343,Wei Ming Teo,Established,91,AU-23,On Notice,73.4,0.307,False,False,False,False,DATE_LOGIC_BREACH,,OUT_OF_RANGE,,,OUT_OF_RANGE,OUT_OF_RANGE,,,REVIEW,,141.0,41.0,241785,10328.0,20750615,NON_POSITIVE_PREMIUM
RID-0016678,AGENCY_MGMT,22-08-2026 00:12,CUS-029199,Nicholas Turner,Male,1993-11-16,33,Single,Citizen,Executive,99595.0,50k-100k,D02,abc@@example..com,+65 8123 456789012,POL-0016678,2026-06-11,2026-06-28,PRUWealth Plus,Savings & Wealth,Agency,Monthly,-24531.3,129000.0,24531.3,0.0853,30,Inforce,2.0,False,,True,,False,,,,,20,False,CLM-0016678,2026-08-22,Death Benefit,797.65,Approved,,18.0,False,False,0.29,8,ASR-0044,50000.0,False,False,0.149,AGT-00775,Divya Raj,New,5,AU-39,Active,66.9,0.06,False,False,False,False,,,OUT_OF_RANGE,,,,,,,REVIEW,,138.0,41.0,230235,10020.0,20260628,NON_POSITIVE_PREMIUM
RID-0022139,CLAIMS_SYS,22-08-2026 09:35,CUS-002100,Xin Yi Kumar,Female,1990-01-18,36,Widowed,Foreigner,Professional,93001.0,50k-100k,D11,user at example dot com,+65 86868464,POL-0022139,2026-06-11,1899-01-01,PRUShield A Plus,Health & IP,Agency,Monthly,-1667.39,783000.0,1667.39,0.1221,15,Inforce,1.0,False,,True,Public A-Ward,False,,,,,27,False,,,,,,,,False,False,0.47,5,,,,,,AGT-00534,Marcus Tan,New,7,AU-27,Active,31.9,0.266,False,False,False,False,DATE_LOGIC_BREACH,,OUT_OF_RANGE,,,,,,,REVIEW,,148.0,41.0,235139,9647.0,18990101,NON_POSITIVE_PREMIUM
RID-0011318,AGENCY_MGMT,22-08-2026 12:15,CUS-021058,Xin Yi Goh,Female,1965-03-05,61,Widowed,Permanent Resident,Self-Employed,174254.0,100k-200k,D24,@example.com,+65 88785812,POL-0011318,2025-03-03,1899-01-01,PRUFlexiCash,Savings & Wealth,Agency,Annual,-35624.97,393000.0,35624.97,0.0673,10,Inforce,17.0,False,,True,,False,,,,,36,False,CLM-0011318,2026-05-16,Accident,99999999.99,Partially Approved,,12.0,False,False,-0.08,6,ASR-0021,100000.0,False,False,0.323,AGT-00819,Rohan Aziz,Established,49,AU-36,Active,82.6,0.269,False,False,False,False,DATE_LOGIC_BREACH,,OUT_OF_RANGE,,OUT_OF_RANGE,,,,,REVIEW,,151.0,41.0,225905,10711.0,18990101,NON_POSITIVE_PREMIUM
RID-0000726,CLAIMS_SYS,22-08-2026 18:46,CUS-008544,Marcus Nair,Male,1979-02-20,47,Married,Citizen,Education,118070.0,100k-200k,D10,marcus.nair463@example.com,+65 88216397,POL-0000726,2023-08-13,2075-06-15,PRUVantage Legacy,Savings & Wealth,Agency,Semi-Annual,-35256.76,90000.0,35256.76,0.0425,10,Inforce,35.0,False,,True,,False,,,-10.0,,309,False,CLM-0000726,2025-08-28,Disability,4433.54,Declined,Treatment not medically necessary,-3.0,False,False,-0.01,8,ASR-0019,100000.0,False,False,0.039,AGT-00016,Terence Ng,Established,69,AU-03,Active,57.5,0.257,False,False,False,False,DATE_LOGIC_BREACH,,OUT_OF_RANGE,,,OUT_OF_RANGE,OUT_OF_RANGE,,,REVIEW,,145.0,41.0,230764,10105.0,20750615,NON_POSITIVE_PREMIUM
RID-0013316,CLAIMS_SYS,22-08-2026 22:58,CUS-030692,Nurul Aisyah Menon,Female,1986-07-25,40,Single,Citizen,Healthcare,108273.0,100k-200k,D21,nurul.aisyah.menon49@example.com,+65 12345,POL-0013316,2024-06-05,2024-06-13,PRUWealth Plus,Savings & Wealth,Broker,Monthly,-26614.29,342000.0,26614.29,0.0946,30,Inforce,27.0,False,,True,,False,,,,,22,False,CLM-0013316,2024-12-23,Maternity,0.0,Approved,,2.0,False,False,0.5,8,ASR-0009,25000.0,False,False,0.419,AGT-00871,Kavitha Koh,Established,95,AU-35,Active,85.2,0.455,False,False,False,False,,,OUT_OF_RANGE,,OUT_OF_RANGE,,,,,REVIEW,,138.0,43.0,242136,9666.0,20240613,NON_POSITIVE_PREMIUM
RID-0034663,POLICY_ADMIN,23-03-2026 12:13,CUS-008702,Denise Chan,Female,1992-08-26,34,Divorced,Citizen,Retired,52654.0,50k-100k,D18,denise.chan448@example.com,+65 86149278,POL-0034663,2025-03-30,2025-04-01,PRUExtra Care,Health & IP,Bancassurance,Monthly,-2492.38,1157000.0,2492.38,0.1161,15,Inforce,17.0,False,,True,Private Hospital,True,1203.62,1203.62,0.0,1500.0,24,False,CLM-0034663,2026-06-28,Critical Illness,10051.05,Approved,,21.0,False,False,0.79,9,ASR-0021,100000.0,False,False,0.321,,,,,,,,,False,False,False,False,,,OUT_OF_RANGE,,,,,,,REVIEW,,149.0,44.0,246258,,20250401,NON_POSITIVE_PREMIUM
RID-0004465,AGENCY_MGMT,23-03-2026 13:44,CUS-007228,Xin Yi Foo,Female,1997-10-11,29,Divorced,Employment Pass,Education,56032.0,50k-100k,D21,xin.yi.foo180@example.com,0,POL-0004465,2026-02-08,2026-03-02,PRUFlexiCash,Savings & Wealth,Agency,Monthly,-59757.34,143000.0,59757.34,0.0695,20,Inforce,6.0,False,,True,,False,,,,,0,True,CLM-0004465,2026-08-06,Death Benefit,99999999.99,Approved,,-3.0,False,False,0.54,9,ASR-0050,5000.0,False,False,0.231,AGT-00741,Daniel Chong,Established,78,AU-18,Resigned,70.3,0.322,False,False,False,False,,,OUT_OF_RANGE,,OUT_OF_RANGE,OUT_OF_RANGE,,,,REVIEW,,151.0,41.0,246269,10012.0,20260302,NON_POSITIVE_PREMIUM
RID-0040366,AGENCY_MGMT,23-04-2026 10:24,CUS-006884,Zarina Bennett,Female,1978-11-08,48,Divorced,Citizen,Technician,64129.0,50k-100k,D13,@example.com,9999-CALL-ME,POL-0040366,2024-05-22,2024-06-17,PRUShield Life,Protection,Agency,Annual,-2828.92,1833000.0,2828.92,0.2783,99,Inforce,26.0,False,,True,,False,,,,,372,False,,,,,,,,False,False,0.04,5,,,,,,AGT-00466,Arjun Toh,Established,69,AU-37,Active,84.5,0.085,False,False,False,False,,,OUT_OF_RANGE,,,,,,,REVIEW,,137.0,41.0,227632,10030.0,20240617,NON_POSITIVE_PREMIUM
RID-0006492,AGENCY_MGMT,23-04-2026 14:58,CUS-026793,Jonathan Lim,Male,1970-06-10,56,Single,Employment Pass,Education,92045.0,50k-100k,D05,jonathan.lim216@example.com,0,POL-0006492,2024-01-23,2024-03-02,PRUVantage Legacy,Savings & Wealth,Bancassurance,Quarterly,-19657.44,142000.0,19657.44,0.0368,15,Inforce,30.0,False,,True,,False,,,,,67,True,,,,,,,,False,False,-0.01,10,,,,,,,,,,,,,,False,False,False,False,,,OUT_OF_RANGE,,,,,,,REVIEW,,145.0,44.0,246362,,20240302,NON_POSITIVE_PREMIUM
RID-0031245,CRM,23-04-2026 16:04,CUS-030093,Xin Yi Neo,Female,1973-05-18,53,Married,Citizen,Retired,59255.0,50k-100k,D20,xin.yi.neo1@example.com,+65 82220504,POL-0031245,2023-12-06,2099-12-31,PRUActive Term,Protection,Bancassurance,Monthly,-2495.36,517000.0,2495.36,0.2089,15,Surrendered,32.0,True,2026-07-31,True,,False,,,,,190,False,CLM-0031245,2024-07-13,Accident,1287.45,Declined,Documentation incomplete,14.0,False,False,0.63,9,ASR-0009,25000.0,False,False,0.368,,,,,,,,,False,False,False,False,DATE_LOGIC_BREACH,,OUT_OF_RANGE,,,,,,,REVIEW,,146.0,44.0,235425,,20991231,NON_POSITIVE_PREMIUM
RID-0007651,AGENCY_MGMT,23-05-2026 03:12,CUS-034019,Nurul Aisyah Harper,Female,1958-01-14,69,Married,Citizen,Technician,70473.0,50k-100k,D05,nurul.aisyah.harper112@example.com,+65 86060226,POL-0007651,2026-03-27,2026-04-29,PRUSave Endowment,Savings & Wealth,Digital,Quarterly,-37359.95,116000.0,37359.95,0.0595,15,Inforce,4.0,False,,True,,False,,,120.0,,35,True,CLM-0007651,2026-08-01,Critical Illness,17386.12,Approved,,20.0,False,False,0.92,9,ASR-0014,5000.0,False,False,0.297,,,,,,,,,False,False,False,False,,,OUT_OF_RANGE,,,,OUT_OF_RANGE,,,REVIEW,,141.0,42.0,224391,,20260429,NON_POSITIVE_PREMIUM
RID-0045569,AGENCY_MGMT,23-05-2026 23:31,CUS-024463,Muhammad Ariff Yeo,Male,1985-07-06,1,Widowed,Citizen,Sales,75826.0,50k-100k,D16,muhammad.ariff.yeo195@example.com,+65 89555399,POL-0045569,2025-01-21,2025-02-05,PRUWealth Plus,Savings & Wealth,Digital,Annual,-53185.8,61000.0,53185.8,0.0833,5,Inforce,19.0,False,,True,,False,,,,,126,False,,,,,,,,False,False,0.19,9,,,,,,,,,,,,,,False,False,False,False,,OUT_OF_RANGE,OUT_OF_RANGE,,,,,,,REVIEW,,138.0,42.0,239589,,20250205,NON_POSITIVE_PREMIUM
RID-0031945,AGENCY_MGMT,23-06-2026 14:47,CUS-017891,Jun Hao Foo,Male,1999-05-04,0,Divorced,Citizen,Healthcare,55027.0,50k-100k,D20,abc@@example..com,+65 96011899,POL-0031945,2025-10-18,2025-11-21,PRUActive Term,Protection,Bancassurance,Semi-Annual,-3998.22,893000.0,3998.22,0.2044,99,Inforce,9.0,False,,True,,False,,,,,17,False,CLM-0031945,2026-06-27,Outpatient Specialist,10799.66,Approved,,12.0,False,False,-0.04,6,ASR-0004,100000.0,False,False,0.018,,,,,,,,,False,False,False,False,,OUT_OF_RANGE,OUT_OF_RANGE,,,,,,,REVIEW,,146.0,44.0,232289,,20251121,NON_POSITIVE_PREMIUM
RID-0014950,AGENCY_MGMT,23-06-2026 16:50,CUS-019353,Arjun Nair,Male,1960-08-25,66,Married,Citizen,Self-Employed,67559.0,50k-100k,D13,arjun.nair333@example.com,+65 85487800,POL-0014950,2023-06-18,2023-07-08,PRUShield Premier,Health & IP,Agency,Monthly,-7167.83,1386000.0,7167.83,0.1564,5,Inforce,38.0,False,,True,Public B1-Ward,True,3576.05,3576.05,0.0,0.0,108,False,,,,,,,,False,False,0.77,8,,,,,,AGT-00813,Hui Ling Tan,MDRT,225,AU-12,On Notice,65.2,0.134,False,False,False,False,,,OUT_OF_RANGE,,,,,,,REVIEW,,142.0,41.0,246600,9718.0,20230708,NON_POSITIVE_PREMIUM
RID-0045530,AGENCY_MGMT,23-06-2026 21:41,CUS-037650,Cheryl Chan,Female,1984-06-26,42,Single,Permanent Resident,Executive,72479.0,50k-100k,D06,cheryl.chan120@example.com,+65 12345,POL-0045530,2023-10-21,2023-10-31,PRUFlexiCash,Savings & Wealth,Direct,Monthly,-51001.11,267000.0,51001.11,0.0597,15,Inforce,34.0,False,,True,,False,,,999.0,,69,False,CLM-0045530,2024-04-25,Outpatient Specialist,9459.22,Approved,,1.0,False,False,0.36,7,ASR-0041,5000.0,False,False,0.402,,,,,,,,,False,False,False,False,,,OUT_OF_RANGE,,,,OUT_OF_RANGE,,,REVIEW,,151.0,45.0,246625,,20231031,NON_POSITIVE_PREMIUM
RID-0017456,CLAIMS_SYS,23-06-2026 22:38,CUS-013426,Anjali Wright,Female,1976-05-09,50,Divorced,Citizen,Healthcare,116711.0,100k-200k,D15,anjali.wright213@example.com,+65 8123 456789012,POL-0017456,2024-02-01,2075-06-15,PRUVantage Legacy,Savings & Wealth,Broker,Quarterly,-8268.82,64000.0,8268.82,0.0645,20,Inforce,30.0,False,,True,,False,,,,,90,False,CLM-0017456,2024-12-01,Maternity,383.59,Approved,,-3.0,False,False,0.29,6,ASR-0052,5000.0,False,False,0.062,AGT-00944,Siew Peng Ong,Established,62,AU-24,Active,70.9,0.381,False,False,False,False,DATE_LOGIC_BREACH,,OUT_OF_RANGE,,,OUT_OF_RANGE,,,,REVIEW,,145.0,43.0,246632,10676.0,20750615,NON_POSITIVE_PREMIUM
RID-0043809,CRM,23-07-2026 09:24,CUS-017512,Meera Foo,Female,2002-12-14,24,Married,Citizen,Executive,43788.0,Below 50k,D23,abc@@example..com,+65 84936948,POL-0043809,2024-01-19,2024-02-05,PRUVantage Legacy,Savings & Wealth,Agency,Monthly,-57931.76,45000.0,57931.76,0.0397,10,Inforce,31.0,False,,True,,False,,,-10.0,,0,True,CLM-0043809,2026-05-29,Outpatient Specialist,20995.11,Partially Approved,,18.0,False,False,-0.19,10,ASR-0002,25000.0,False,False,0.036,AGT-00090,Hui Ling Toh,Senior,157,AU-31,Active,62.5,0.377,False,False,False,False,,,OUT_OF_RANGE,,,,OUT_OF_RANGE,,,REVIEW,,145.0,41.0,246695,10668.0,20240205,NON_POSITIVE_PREMIUM
RID-0014326,AGENCY_MGMT,23-07-2026 17:35,CUS-031742,Siti Nadia Lim,Female,1979-02-16,47,Married,Permanent Resident,Civil Service,175625.0,100k-200k,D06,abc@@example..com,+65 12345,POL-0014326,2025-04-17,2025-04-21,PRUTerm Secure,Protection,Bancassurance,Annual,-8596.09,1188000.0,8596.09,0.1947,10,Inforce,16.0,False,,True,,False,,,,,153,False,CLM-0014326,2026-02-09,Death Benefit,1237.13,Pending,,36.0,False,False,0.42,10,ASR-0027,25000.0,False,False,0.198,,,,,,,,,False,False,False,False,,,OUT_OF_RANGE,,,,,,,REVIEW,,147.0,44.0,239531,,20250421,NON_POSITIVE_PREMIUM
RID-0003514,CRM,23-07-2026 18:05,CUS-022074,Suresh Lim,Male,1977-02-13,49,Divorced,Permanent Resident,Executive,119084.0,100k-200k,D20,suresh.lim492@example.com,9999-CALL-ME,POL-0003514,2026-07-02,2026-07-04,PRUSelect Vantage,Investment-Linked,Agency,Semi-Annual,-27376.61,85000.0,27376.61,0.1047,15,Inforce,1.0,False,,True,,False,,,,,143,True,,,,,,,,False,False,0.16,10,,,,,,AGT-00622,Aminah Harper,Senior,71,AU-40,Active,68.5,0.031,False,False,False,False,,,OUT_OF_RANGE,,,,,,,REVIEW,,139.0,41.0,233741,10103.0,20260704,NON_POSITIVE_PREMIUM
RID-0021187,POLICY_ADMIN,23-08-2026 10:15,CUS-008399,Rachel Wong,Female,1982-08-03,44,Single,Foreigner,Sales,85323.0,50k-100k,D06,not-an-email,+65 88152613,POL-0021187,2023-08-31,2023-09-19,PRUCritical Cover,Protection,Digital,Monthly,-5103.0,2869000.0,5103.0,0.3012,25,Inforce,35.0,False,,True,,False,,,120.0,,41,False,CLM-0021187,2026-07-18,Disability,34463.06,Approved,,13.0,False,False,0.29,6,ASR-0052,5000.0,False,False,0.1,,,,,,,,,False,False,False,False,,,OUT_OF_RANGE,,,,OUT_OF_RANGE,,,REVIEW,,150.0,42.0,246837,,20230919,NON_POSITIVE_PREMIUM
RID-0040324,CRM,24-03-2026 01:32,CUS-040390,Priya Iyer,Female,1980-11-06,46,Divorced,Citizen,Manager,161296.0,100k-200k,D06,user at example dot com,+65 82080363,POL-0040324,2025-07-28,2025-08-08,PRUFlexiCash,Savings & Wealth,Agency,Annual,-52634.58,254000.0,52634.58,0.0884,5,Inforce,12.0,False,,True,,False,,,120.0,,38,False,CLM-0040324,2025-09-05,Day Surgery,-15000.0,Approved,,21.0,False,False,0.87,6,ASR-0040,100000.0,False,False,0.395,AGT-00889,Divya Ibrahim,Senior,155,AU-22,Active,40.1,0.026,False,False,False,False,,,OUT_OF_RANGE,,OUT_OF_RANGE,,OUT_OF_RANGE,,,REVIEW,,151.0,41.0,246918,9995.0,20250808,NON_POSITIVE_PREMIUM
RID-0027219,POLICY_ADMIN,24-03-2026 04:57,CUS-031122,Nurul Aisyah Osman,Female,1967-04-01,59,Single,Citizen,Technician,53409.0,50k-100k,D22,@example.com,+65 88875334,POL-0027219,2025-02-05,2025-02-19,PRUSave Endowment,Savings & Wealth,Agency,Annual,-19271.05,119000.0,19271.05,0.064,15,Inforce,18.0,False,,True,,False,,,,,0,False,CLM-0027219,2025-07-10,Disability,0.0,Pending,,-12.0,False,False,0.38,7,ASR-0026,10000.0,False,False,0.261,AGT-01023,Priya Bennett,Established,88,AU-30,Active,82.6,0.411,False,False,False,False,,,OUT_OF_RANGE,,OUT_OF_RANGE,OUT_OF_RANGE,,,,REVIEW,,141.0,41.0,230639,10049.0,20250219,NON_POSITIVE_PREMIUM
RID-0008670,CLAIMS_SYS,24-03-2026 18:53,CUS-019549,Siti Nadia Osman,Female,1989-06-14,37,Single,Employment Pass,Sales,95936.0,50k-100k,D23,not-an-email,+65 85242528,POL-0008670,2025-06-20,2099-12-31,PRUWealth Plus,Savings & Wealth,Agency,Monthly,-33913.79,407000.0,33913.79,0.0859,15,Cancelled,13.0,True,2026-06-05,False,,False,,,,,47,False,CLM-0008670,2026-08-05,Day Surgery,4863.58,Declined,Documentation incomplete,23.0,False,False,0.21,7,ASR-0054,5000.0,False,False,0.271,AGT-00009,Nicholas Sharma,Established,76,AU-22,Resigned,24,0.191,False,False,False,False,DATE_LOGIC_BREACH,,OUT_OF_RANGE,,,,,,,REVIEW,,138.0,41.0,246986,10658.0,20991231,NON_POSITIVE_PREMIUM
RID-0001688,POLICY_ADMIN,24-03-2026 21:59,CUS-011084,Marcus Low,Male,1985-04-11,41,Married,Citizen,Education,61865.0,50k-100k,D14,not-an-email,+65 97075938,POL-0001688,2023-05-26,2023-06-15,PRUSave Endowment,Savings & Wealth,Agency,Semi-Annual,-11600.62,387000.0,11600.62,0.0356,10,Inforce,39.0,False,,True,,False,,,-10.0,,0,False,CLM-0001688,2024-01-22,Maternity,0.0,Approved,,22.0,False,False,-0.07,10,ASR-0018,25000.0,False,False,0.253,AGT-00541,Divya Foo,New,12,AU-34,Active,78.7,0.095,False,False,False,False,,,OUT_OF_RANGE,,OUT_OF_RANGE,,OUT_OF_RANGE,,,REVIEW,,141.0,41.0,247003,10307.0,20230615,NON_POSITIVE_PREMIUM
RID-0021826,CRM,24-04-2026 16:38,CUS-036318,Faisal Chan,Male,1975-04-05,51,Married,Citizen,Healthcare,115967.0,100k-200k,D14,user at example dot com,+65 86114372,POL-0021826,2026-03-07,2026-03-14,PRUShield A Plus,Health & IP,Agency,Monthly,-3705.77,1187000.0,3705.77,0.1682,15,Inforce,5.0,False,,True,Public A-Ward,True,1302.4,1302.4,0.0,1500.0,0,False,,,,,,,,False,False,0.17,5,,,,,,AGT-00069,Hakim Hassan,Established,62,AU-37,Active,98,0.291,False,False,False,False,,,OUT_OF_RANGE,,,,,,,REVIEW,,148.0,41.0,247089,9721.0,20260314,NON_POSITIVE_PREMIUM
RID-0041152,POLICY_ADMIN,24-05-2026 06:53,CUS-003251,Meera Rahman,Female,2001-01-02,25,Married,Citizen,Self-Employed,39937.0,Below 50k,D13,meera.rahman235@example.com,+65 99957799,POL-0041152,2023-12-15,2024-01-09,PRUTerm Secure,Protection,Digital,Annual,-5426.59,2318000.0,5426.59,0.2922,25,Inforce,32.0,False,,True,,False,,,120.0,,0,False,,,,,,,,False,False,0.64,9,,,,,,,,,,,,,,False,False,False,False,,,OUT_OF_RANGE,,,,OUT_OF_RANGE,,,REVIEW,,147.0,42.0,247151,,20240109,NON_POSITIVE_PREMIUM
RID-0038637,AGENCY_MGMT,24-05-2026 23:26,CUS-028756,Hui Ling Sharma,Female,1970-11-08,56,Widowed,Citizen,Professional,166800.0,100k-200k,D25,hui.ling.sharma184@example.com,+65 8123 456789012,POL-0038637,2025-04-05,2025-05-12,PRULink Assurance,Investment-Linked,Agency,Annual,-12413.52,754000.0,12413.52,0.1677,10,Inforce,15.0,False,,True,,False,,,999.0,,32,False,,,,,,,,False,False,0.8,10,,,,,,AGT-00820,Valerie Chong,Senior,132,AU-37,Active,43.1,0.131,False,False,False,False,,,OUT_OF_RANGE,,,,OUT_OF_RANGE,,,REVIEW,,140.0,41.0,224631,10449.0,20250512,NON_POSITIVE_PREMIUM
RID-0039735,AGENCY_MGMT,24-06-2026 04:32,CUS-034858,Hakim Chua,Male,1995-09-22,31,Single,Employment Pass,Retired,102360.0,100k-200k,D08,hakim.chua274@example.com,9999-CALL-ME,POL-0039735,2024-07-05,2075-06-15,PRUShield A Plus,Health & IP,Agency,Quarterly,-6801.25,695000.0,6801.25,0.1438,5,Inforce,25.0,False,,True,Private Hospital,True,3209.15,3209.15,0.0,2500.0,42,False,CLM-0039735,2026-03-12,Disability,99999999.99,Approved,,11.0,False,False,-0.02,8,ASR-0046,25000.0,False,False,0.226,AGT-01178,Kavitha Toh,New,4,AU-33,Active,65.5,0.333,False,False,False,False,DATE_LOGIC_BREACH,,OUT_OF_RANGE,,OUT_OF_RANGE,,,,,REVIEW,,148.0,41.0,240403,10285.0,20750615,NON_POSITIVE_PREMIUM
RID-0040155,CLAIMS_SYS,24-07-2026 16:25,CUS-001539,Arjun Koh,Male,1980-02-07,46,Divorced,Citizen,Civil Service,83885.0,50k-100k,D02,arjun.koh263@example.com,+65 84065458,POL-0040155,2026-04-30,2075-06-15,PRUActive Term,Protection,Bancassurance,Annual,-7809.97,754000.0,7809.97,0.2827,5,Matured,3.0,False,,True,,False,,,,,84,False,,,,,,,,False,False,0.74,9,,,,,,,,,,,,,,False,False,False,False,DATE_LOGIC_BREACH,,OUT_OF_RANGE,,,,,,,REVIEW,,146.0,44.0,247405,,20750615,NON_POSITIVE_PREMIUM
RID-0033241,AGENCY_MGMT,24-07-2026 17:48,CUS-040223,Daniel Ng,Male,2002-04-01,24,Single,Permanent Resident,Civil Service,138079.0,100k-200k,D24,@example.com,+65 91110825,POL-0033241,2024-11-01,2024-12-05,PRULink Assurance,Investment-Linked,Bancassurance,Monthly,-7713.04,759000.0,7713.04,0.1377,5,Inforce,21.0,False,,True,,False,,,120.0,,7,True,CLM-0033241,2026-03-18,Disability,5718.33,Approved,,22.0,False,False,0.74,9,ASR-0039,100000.0,False,False,0.052,,,,,,,,,False,False,False,False,,,OUT_OF_RANGE,,,,OUT_OF_RANGE,,,REVIEW,,140.0,44.0,247414,,20241205,NON_POSITIVE_PREMIUM
RID-0045734,CRM,24-08-2026 09:43,CUS-030677,Aminah Foo,Female,1966-05-28,60,Widowed,Citizen,Manager,78553.0,50k-100k,D01,aminah.foo423@example.com,+65 92590731,POL-0045734,2023-12-28,2024-02-04,PRUActive Term,Protection,Digital,Annual,-2930.17,1527000.0,2930.17,0.2349,20,Lapsed,31.0,True,2024-11-25,False,,False,,,,,0,False,CLM-0045734,2026-07-16,Critical Illness,7013.37,Approved,,4000.0,False,False,-0.18,9,ASR-0008,10000.0,False,False,0.075,,,,,,,,,False,False,False,False,,,OUT_OF_RANGE,,,OUT_OF_RANGE,,,,REVIEW,,146.0,42.0,231217,,20240204,NON_POSITIVE_PREMIUM
RID-0044483,AGENCY_MGMT,24-08-2026 15:21,CUS-002653,Anjali Chong,Female,1977-04-10,49,Widowed,Citizen,Healthcare,153691.0,100k-200k,D11,user at example dot com,+65 12345,POL-0044483,2023-08-09,2023-08-26,PRULink Global Growth,Investment-Linked,Digital,Monthly,-24938.52,739000.0,24938.52,0.1715,10,Inforce,36.0,False,,True,,False,,,,,106,False,,,,,,,,False,False,0.22,7,,,,,,,,,,,,,,False,False,False,False,,,OUT_OF_RANGE,,,,,,,REVIEW,,144.0,42.0,247515,,20230826,NON_POSITIVE_PREMIUM
RID-0019552,POLICY_ADMIN,25-04-2026 01:00,CUS-012301,Faisal Goh,Male,1976-07-16,50,Widowed,Citizen,Executive,40401.0,Below 50k,D14,faisal.goh20@example.com,+65 99770454,POL-0019552,2023-09-03,2075-06-15,PRUTerm Secure,Protection,Agency,Semi-Annual,-1369.14,2073000.0,1369.14,0.3184,15,Inforce,36.0,False,,True,,False,,,,,47,False,CLM-0019552,2024-01-11,Critical Illness,10594.15,Approved,,29.0,False,False,0.23,6,ASR-0044,50000.0,False,False,0.279,AGT-00939,Zhi Hao Wright,Established,41,AU-31,Active,92.4,0.364,False,False,False,False,DATE_LOGIC_BREACH,,OUT_OF_RANGE,,,,,,,REVIEW,,147.0,41.0,228573,10556.0,20750615,NON_POSITIVE_PREMIUM
RID-0042901,POLICY_ADMIN,25-05-2026 03:47,CUS-010550,Lakshmi Lim,Female,1987-03-24,39,Single,Permanent Resident,Self-Employed,40284.0,Below 50k,D02,user at example dot com,+65 95726073,POL-0042901,2026-05-05,2026-05-24,PRUShield Standard,Health & IP,Bancassurance,Annual,-6891.92,187000.0,6891.92,0.1112,5,Inforce,3.0,False,,True,Public A-Ward,True,3360.96,1586.88,10.0,1500.0,60,True,CLM-0042901,2026-05-26,Death Benefit,-15000.0,Approved,,19.0,False,False,0.85,10,ASR-0052,5000.0,False,False,0.278,,,,,,,,,False,False,False,False,,,OUT_OF_RANGE,,OUT_OF_RANGE,,,,,REVIEW,,143.0,44.0,247781,,20260524,NON_POSITIVE_PREMIUM
RID-0026531,CLAIMS_SYS,25-06-2026 11:43,CUS-033556,Zarina Sharma,Female,1996-06-11,30,Married,Citizen,Technician,30000.0,Below 50k,D21,zarina.sharma155@example.com,+65 8123 456789012,POL-0026531,2025-06-20,2025-07-14,PRULink Global Growth,Investment-Linked,Agency,Semi-Annual,-35398.25,884000.0,35398.25,0.1586,99,Inforce,13.0,False,,True,,False,,,-10.0,,12,False,CLM-0026531,2025-11-26,Critical Illness,99999999.99,Approved,,20.0,False,False,0.15,9,ASR-0030,25000.0,False,False,0.345,AGT-01160,Joanne Tan,Established,71,AU-33,Active,36.4,0.102,False,False,False,False,,,OUT_OF_RANGE,,OUT_OF_RANGE,,OUT_OF_RANGE,,,REVIEW,,144.0,41.0,238659,10530.0,20250714,NON_POSITIVE_PREMIUM
RID-0016414,CLAIMS_SYS,25-06-2026 14:18,CUS-037567,Marcus Aziz,Male,1977-09-06,49,Widowed,Citizen,Executive,61920.0,50k-100k,D24,marcus.aziz248@example.com,9999-CALL-ME,POL-0016414,2024-06-27,2075-06-15,PRUFlexiCash,Savings & Wealth,Digital,Annual,-27512.06,332000.0,27512.06,0.0882,30,Inforce,26.0,False,,True,,False,,,999.0,,18,False,,,,,,,,False,False,0.48,8,,,,,,,,,,,,,,False,False,False,False,DATE_LOGIC_BREACH,,OUT_OF_RANGE,,,,OUT_OF_RANGE,,,REVIEW,,151.0,42.0,247947,,20750615,NON_POSITIVE_PREMIUM
RID-0026320,CRM,25-07-2026 02:51,CUS-000293,Rohan Menon,Male,1979-02-25,47,Divorced,Citizen,Technician,30000.0,Below 50k,D17,rohan.menon493@example.com,9999-CALL-ME,POL-0026320,2024-06-26,2024-07-16,PRUShield Life,Protection,Bancassurance,Semi-Annual,-8524.74,2294000.0,8524.74,0.2904,5,Lapsed,25.0,True,2025-03-09,False,,False,,,-10.0,,130,False,,,,,,,,False,False,0.06,6,,,,,,,,,,,,,,False,False,False,False,,,OUT_OF_RANGE,,,,OUT_OF_RANGE,,,REVIEW,,137.0,44.0,247998,,20240716,NON_POSITIVE_PREMIUM
RID-0007546,CRM,25-07-2026 18:56,CUS-013701,Rachel Wright,Female,1983-02-13,43,Married,Citizen,Technician,75576.0,50k-100k,D27,rachel.wright354@example.com,+65 89245939,POL-0007546,2025-01-23,2099-12-31,PRUSave Endowment,Savings & Wealth,Digital,Monthly,-50950.19,43000.0,50950.19,0.0754,30,Inforce,18.0,False,,True,,False,,,,,730,False,CLM-0007546,2026-06-02,Maternity,99999999.99,Approved,,8.0,False,False,-0.13,6,ASR-0019,100000.0,False,False,0.019,,,,,,,,,False,False,False,False,DATE_LOGIC_BREACH,,OUT_OF_RANGE,,OUT_OF_RANGE,,,,,REVIEW,,141.0,42.0,248070,,20991231,NON_POSITIVE_PREMIUM
RID-0009338,POLICY_ADMIN,25-07-2026 21:20,CUS-025226,Mei Yi Ng,Female,1977-03-04,1,Single,Employment Pass,Education,120707.0,100k-200k,D16,mei.yi.ng216@example.com,9999-CALL-ME,POL-0009338,2024-06-13,2024-06-29,PRUWealth Plus,Savings & Wealth,Agency,Semi-Annual,-45038.51,186000.0,45038.51,0.0859,10,Inforce,26.0,False,,True,,False,,,,,135,True,CLM-0009338,2026-01-25,Outpatient Specialist,4093.22,Approved,,-3.0,False,True,-0.86,1,ASR-0004,100000.0,False,False,0.076,AGT-01029,Chee Keong Chua,New,4,AU-10,Active,95.3,0.244,False,False,False,False,,OUT_OF_RANGE,OUT_OF_RANGE,,,OUT_OF_RANGE,,,,REVIEW,,138.0,41.0,248082,10336.0,20240629,NON_POSITIVE_PREMIUM
RID-0024593,AGENCY_MGMT,25-08-2026 10:31,CUS-014571,Zulkifli Mitchell,Male,1991-08-16,35,Widowed,Employment Pass,Self-Employed,86221.0,50k-100k,D21,not-an-email,+65 81907717,POL-0024593,2026-06-13,2026-07-24,PRUVantage Legacy,Savings & Wealth,Agency,Annual,-29448.87,70000.0,29448.87,0.0408,15,Inforce,1.0,False,,True,,False,,,,,0,False,CLM-0024593,2026-08-01,Critical Illness,900.97,Declined,Non-disclosure at underwriting,23.0,True,False,-0.18,7,ASR-0032,25000.0,False,False,0.418,AGT-00963,Vikram Ho,Established,94,AU-39,Active,64.2,0.303,False,False,False,False,,,OUT_OF_RANGE,,,,,,,REVIEW,,145.0,41.0,233119,10692.0,20260724,NON_POSITIVE_PREMIUM
RID-0023802,CRM,26-03-2026 03:00,CUS-005249,Arjun Raj,Male,1993-07-18,33,Single,Employment Pass,Education,30000.0,Below 50k,D05,arjun.raj89@example.com,+65 93271461,POL-0023802,2024-07-04,2024-08-01,PRUSave Endowment,Savings & Wealth,Bancassurance,Monthly,-11727.84,405000.0,11727.84,0.0663,15,Inforce,25.0,False,,True,,False,,,,,17,False,CLM-0023802,2024-10-30,Outpatient Specialist,-15000.0,Approved,,4000.0,False,False,0.86,6,ASR-0058,100000.0,False,False,0.198,,,,,,,,,False,False,False,False,,,OUT_OF_RANGE,,OUT_OF_RANGE,OUT_OF_RANGE,,,,REVIEW,,141.0,44.0,248231,,20240801,NON_POSITIVE_PREMIUM
RID-0025065,CRM,26-03-2026 08:56,CUS-016951,Zulkifli Pillai,Male,1987-10-03,39,Single,Employment Pass,Professional,133377.0,100k-200k,D18,zulkifli.pillai113@example.com,+65 8123 456789012,POL-0025065,2023-03-29,2023-04-15,PRUSelect Vantage,Investment-Linked,Digital,Monthly,-43740.34,659000.0,43740.34,0.1728,10,Inforce,41.0,False,,True,,False,,,999.0,,614,False,CLM-0025065,2023-12-26,Hospitalisation,2122.45,Partially Approved,,-3.0,False,False,0.92,6,ASR-0006,25000.0,False,False,0.206,,,,,,,,,False,False,False,False,,,OUT_OF_RANGE,,,OUT_OF_RANGE,OUT_OF_RANGE,,,REVIEW,,139.0,42.0,248263,,20230415,NON_POSITIVE_PREMIUM
RID-0016094,POLICY_ADMIN,26-03-2026 18:22,CUS-040401,Priya Kumar,Female,1989-03-13,37,Single,Citizen,Education,103891.0,100k-200k,D20,not-an-email,+65 92631005,POL-0016094,2025-02-23,2099-12-31,PRUExtra Care,Health & IP,Agency,Annual,-5454.51,182000.0,5454.51,0.1376,10,Inforce,17.0,False,,True,Private Hospital,False,,,,,167,False,CLM-0016094,2025-12-20,Day Surgery,895.85,Approved,,-3.0,False,False,0.42,6,ASR-0005,10000.0,False,False,0.019,AGT-00949,Jonathan Reddy,Established,69,AU-12,Active,85.8,0.026,False,False,False,False,DATE_LOGIC_BREACH,,OUT_OF_RANGE,,,OUT_OF_RANGE,,,,REVIEW,,149.0,41.0,248300,9967.0,20991231,NON_POSITIVE_PREMIUM
RID-0021276,CRM,26-03-2026 20:01,CUS-017437,Denise Toh,Female,1977-07-05,49,Married,Citizen,Professional,52183.0,50k-100k,D10,denise.toh355@example.com,+65 8123 456789012,POL-0021276,2025-05-07,2025-05-26,PRUTerm Secure,Protection,Bancassurance,Annual,-633.39,310000.0,633.39,0.2002,25,Inforce,15.0,False,,True,,False,,,,,52,False,,,,,,,,False,False,0.41,5,,,,,,,,,,,,,,False,False,False,False,,,OUT_OF_RANGE,,,,,,,REVIEW,,147.0,44.0,248307,,20250526,NON_POSITIVE_PREMIUM
RID-0013081,AGENCY_MGMT,26-03-2026 21:45,CUS-035273,Meera Neo,Female,1986-10-08,40,Divorced,Citizen,Manager,41082.0,Below 50k,D11,@example.com,+65 96667955,POL-0013081,2024-06-04,2024-07-01,PRUShield Premier,Health & IP,Bancassurance,Monthly,-5386.52,180000.0,5386.52,0.1204,20,Inforce,26.0,False,,True,Public A-Ward,False,,,,,0,False,CLM-0013081,2025-05-02,Day Surgery,1774.92,Approved,,21.0,False,False,0.84,9,ASR-0019,100000.0,False,False,0.175,,,,,,,,,False,False,False,False,,,OUT_OF_RANGE,,,,,,,REVIEW,,142.0,44.0,244916,,20240701,NON_POSITIVE_PREMIUM
RID-0002630,AGENCY_MGMT,26-04-2026 18:50,CUS-026001,Priya Mitchell,Female,1980-10-04,46,Married,Permanent Resident,Executive,67508.0,50k-100k,D18,priya.mitchell162@example.com,+65 84578582,POL-0002630,2024-10-18,2024-10-22,PRUVantage Legacy,Savings & Wealth,Bancassurance,Annual,-39208.51,154000.0,39208.51,0.0627,25,Inforce,22.0,False,,True,,False,,,,,72,False,CLM-0002630,2024-10-25,Disability,-15000.0,Approved,,-12.0,False,False,0.16,10,ASR-0052,5000.0,False,False,0.119,,,,,,,,,False,False,False,False,,,OUT_OF_RANGE,,OUT_OF_RANGE,OUT_OF_RANGE,,,,REVIEW,,145.0,44.0,237504,,20241022,NON_POSITIVE_PREMIUM
RID-0007332,POLICY_ADMIN,26-04-2026 21:52,CUS-039379,Aminah Sharma,Female,1988-08-06,38,Married,Permanent Resident,Retired,52369.0,50k-100k,D20,abc@@example..com,9999-CALL-ME,POL-0007332,2025-07-30,2025-09-04,PRUFlexiCash,Savings & Wealth,Agency,Semi-Annual,-50414.62,285000.0,50414.62,0.0818,99,Inforce,12.0,False,,True,,False,,,,,142,True,CLM-0007332,2026-04-06,Hospitalisation,6166.38,Partially Approved,,36.0,False,False,0.83,9,ASR-0046,25000.0,False,False,0.073,AGT-00618,Hui Ling Wright,New,5,AU-01,Active,89.5,0.311,False,False,False,False,,,OUT_OF_RANGE,,,,,,,REVIEW,,151.0,41.0,245345,10110.0,20250904,NON_POSITIVE_PREMIUM
RID-0004940,CRM,26-05-2026 11:18,CUS-038743,Lakshmi Wong,Female,1985-07-09,41,Widowed,Permanent Resident,Executive,35958.0,Below 50k,D28,lakshmi.wong311@example.com,+65 87000355,POL-0004940,2024-04-20,2075-06-15,PRUVantage Legacy,Savings & Wealth,Agency,Semi-Annual,-6174.83,413000.0,6174.83,0.0375,25,Inforce,28.0,False,,True,,False,,,,,79,False,CLM-0004940,2025-05-04,Hospitalisation,-15000.0,Approved,,20.0,False,False,0.02,9,ASR-0014,5000.0,False,False,0.333,AGT-00685,Deepak Menon,New,9,AU-02,Active,54.1,0.025,False,False,False,False,DATE_LOGIC_BREACH,,OUT_OF_RANGE,,OUT_OF_RANGE,,,,,REVIEW,,145.0,41.0,233751,9927.0,20750615,NON_POSITIVE_PREMIUM
RID-0040295,AGENCY_MGMT,26-06-2026 07:26,CUS-006385,Farah Pillai,Female,1984-03-17,42,Divorced,Citizen,Technician,92197.0,50k-100k,D26,abc@@example..com,0,POL-0040295,2025-05-25,2025-06-09,PRUVantage Legacy,Savings & Wealth,Bancassurance,Annual,-24171.95,330000.0,24171.95,0.05,15,Inforce,14.0,False,,True,,False,,,,,0,False,CLM-0040295,2026-08-25,Critical Illness,99999999.99,Declined,Premium in arrears,22.0,False,False,0.07,10,ASR-0057,50000.0,False,False,0.21,,,,,,,,,False,False,False,False,,,OUT_OF_RANGE,,OUT_OF_RANGE,,,,,REVIEW,,145.0,44.0,248545,,20250609,NON_POSITIVE_PREMIUM
RID-0006584,POLICY_ADMIN,26-06-2026 09:51,CUS-025128,Muhammad Ariff Ho,Male,1960-05-22,66,Widowed,Citizen,Sales,98079.0,50k-100k,D17,muhammad.ariff.ho304@example.com,+65 82058105,POL-0006584,2024-10-01,2024-11-12,PRUSelect Vantage,Investment-Linked,Agency,Annual,-42824.18,693000.0,42824.18,0.1614,25,Inforce,21.0,False,,True,,False,,,999.0,,227,False,,,,,,,,False,False,0.87,8,,,,,,AGT-01090,Zarina Seah,Established,67,AU-26,Active,81.1,0.393,False,False,False,False,,,OUT_OF_RANGE,,,,OUT_OF_RANGE,,,REVIEW,,139.0,41.0,248555,9706.0,20241112,NON_POSITIVE_PREMIUM
RID-0031779,CRM,26-06-2026 10:21,CUS-032321,Divya Pillai,Female,1957-03-19,69,Married,Citizen,Professional,114907.0,100k-200k,D25,divya.pillai6@example.com,+65 91787388,POL-0031779,2025-04-22,2025-05-31,PRUSelect Vantage,Investment-Linked,Agency,Quarterly,-39438.11,520000.0,39438.11,0.1726,5,Inforce,15.0,False,,True,,False,,,,,168,False,CLM-0031779,2026-05-14,Hospitalisation,4163.44,Declined,Waiting period not served,17.0,False,False,-0.09,6,ASR-0031,100000.0,False,False,0.298,AGT-00409,Denise Hassan,Established,85,AU-07,Active,28.5,0.091,False,False,False,False,,,OUT_OF_RANGE,,,,,,,REVIEW,,139.0,41.0,235272,9902.0,20250531,NON_POSITIVE_PREMIUM
RID-0001369,CLAIMS_SYS,26-06-2026 19:38,CUS-008805,Aravind Hassan,Male,1972-05-09,54,Married,Employment Pass,Technician,267254.0,200k-400k,D13,@example.com,9999-CALL-ME,POL-0001369,2023-01-23,2023-03-02,PRUSave Endowment,Savings & Wealth,Agency,Annual,-22052.17,113000.0,22052.17,0.0634,15,Lapsed,42.0,True,2024-01-27,False,,False,,,-10.0,,0,True,CLM-0001369,2023-12-17,Outpatient Specialist,8079.43,Pending,,42.0,False,False,0.99,8,ASR-0047,5000.0,False,False,0.32,AGT-00778,Jun Hao Iyer,Established,39,AU-13,Resigned,60.7,0.407,False,False,False,False,,,OUT_OF_RANGE,,,,OUT_OF_RANGE,,,REVIEW,,141.0,41.0,248587,10592.0,20230302,NON_POSITIVE_PREMIUM
RID-0033877,CLAIMS_SYS,26-07-2026 00:23,CUS-007277,Nicholas Yeo,Male,1990-09-20,36,Widowed,Citizen,Executive,185417.0,100k-200k,D09,nicholas.yeo319@example.com,+65 84796115,POL-0033877,2026-02-19,2099-12-31,PRUFlexiCash,Savings & Wealth,Bancassurance,Quarterly,-55776.43,91000.0,55776.43,0.0303,25,Inforce,5.0,False,,True,,False,,,,,18,False,CLM-0033877,2026-05-11,Day Surgery,18117.89,Declined,Policy exclusion clause,-12.0,True,True,-0.84,3,ASR-0034,100000.0,False,False,0.292,,,,,,,,,False,False,False,False,DATE_LOGIC_BREACH,,OUT_OF_RANGE,,,OUT_OF_RANGE,,,,REVIEW,,151.0,44.0,244514,,20991231,NON_POSITIVE_PREMIUM
RID-0017763,POLICY_ADMIN,26-07-2026 01:21,CUS-006110,Rachel Ho,Female,1974-06-20,52,Divorced,Employment Pass,Retired,73490.0,50k-100k,D01,rachel.ho131@example.com,+65 8123 456789012,POL-0017763,2023-09-30,2099-12-31,PRUActive Term,Protection,Agency,Annual,-4698.19,1327000.0,4698.19,0.3348,5,Inforce,34.0,False,,True,,False,,,,,0,False,CLM-0017763,2026-08-08,Death Benefit,4666.27,Partially Approved,,12.0,False,False,0.14,8,ASR-0005,10000.0,False,False,0.259,AGT-00940,Aminah Foo,Established,66,AU-37,Active,41.4,0.174,False,False,False,False,DATE_LOGIC_BREACH,,OUT_OF_RANGE,,,,,,,REVIEW,,146.0,41.0,248610,10723.0,20991231,NON_POSITIVE_PREMIUM
RID-0047473,CLAIMS_SYS,26-07-2026 11:10,CUS-002159,Anjali Sharma,Female,1960-12-04,66,Married,Employment Pass,Manager,82378.0,50k-100k,D26,anjali.sharma106@example.com,+65 12345,POL-0047473,2024-01-30,2024-02-17,PRUShield Premier,Health & IP,Agency,Annual,-1481.92,554000.0,1481.92,0.1584,15,Inforce,30.0,False,,True,Public A-Ward,True,483.53,483.53,0.0,2500.0,75,False,CLM-0047473,2024-06-24,Accident,0.0,Declined,Waiting period not served,2.0,False,False,0.55,9,ASR-0007,25000.0,False,False,0.277,AGT-00367,Xin Yi Fraser,MDRT,67,AU-04,Active,60.9,0.044,False,False,False,False,,,OUT_OF_RANGE,,OUT_OF_RANGE,,,,,REVIEW,,142.0,41.0,234718,10760.0,20240217,NON_POSITIVE_PREMIUM
RID-0029296,POLICY_ADMIN,26-08-2026 12:28,CUS-012787,Siti Nadia Ho,Female,1989-03-05,37,Married,Citizen,Self-Employed,88350.0,50k-100k,D04,@example.com,0,POL-0029296,2023-08-06,2023-09-07,PRUFlexiCash,Savings & Wealth,Agency,Semi-Annual,-44269.62,197000.0,44269.62,0.0445,25,Inforce,36.0,False,,True,,False,,,,,0,False,CLM-0029296,2024-01-18,Maternity,3224.06,Approved,,4000.0,False,True,-0.54,3,ASR-0009,25000.0,False,False,0.22,AGT-00037,Muhammad Ariff Hassan,Established,55,AU-32,Active,40.3,0.134,False,False,False,False,,,OUT_OF_RANGE,,,OUT_OF_RANGE,,,,REVIEW,,151.0,41.0,236036,10340.0,20230907,NON_POSITIVE_PREMIUM
RID-0016777,AGENCY_MGMT,27-03-2026 03:14,CUS-039949,Vikram Goh,Male,1980-02-22,46,Married,Citizen,Technician,31850.0,Below 50k,D26,vikram.goh32@example.com,+65 86454370,POL-0016777,2024-02-27,2024-04-10,PRUVantage Legacy,Savings & Wealth,Bancassurance,Monthly,-19838.99,100000.0,19838.99,0.0656,15,Lapsed,29.0,True,2026-07-02,True,,False,,,,,119,False,CLM-0016777,2024-11-14,Outpatient Specialist,-15000.0,Approved,,23.0,False,False,0.6,9,ASR-0039,100000.0,False,False,0.16,,,,,,,,,False,False,False,False,,,OUT_OF_RANGE,,OUT_OF_RANGE,,,,,REVIEW,,145.0,44.0,233421,,20240410,NON_POSITIVE_PREMIUM
RID-0032143,POLICY_ADMIN,27-03-2026 10:00,CUS-018059,Hakim Sharma,Male,1974-06-16,52,Divorced,Citizen,Healthcare,61114.0,50k-100k,D21,hakim.sharma5@example.com,0,POL-0032143,2023-12-22,2024-01-23,PRUFlexiCash,Savings & Wealth,Digital,Monthly,-26635.19,139000.0,26635.19,0.0787,5,Inforce,31.0,False,,True,,False,,,,,50,True,CLM-0032143,2026-04-24,Disability,99999999.99,Pending,,47.0,False,False,0.29,8,ASR-0037,50000.0,False,False,0.288,,,,,,,,,False,False,False,False,,,OUT_OF_RANGE,,OUT_OF_RANGE,,,,,REVIEW,,151.0,42.0,227705,,20240123,NON_POSITIVE_PREMIUM
RID-0015532,CLAIMS_SYS,27-03-2026 15:24,CUS-010601,Joanne Raj,Female,1981-07-17,45,Married,Employment Pass,Sales,47983.0,Below 50k,D11,joanne.raj239@example.com,+65 93533789,POL-0015532,2023-11-15,2023-12-29,PRULink Assurance,Investment-Linked,Agency,Quarterly,-13555.27,347000.0,13555.27,0.1618,99,Inforce,32.0,False,,True,,False,,,,,55,False,,,,,,,,False,False,0.54,5,,,,,,AGT-00682,Hakim Iyer,Established,58,AU-05,Active,53.5,0.647,False,False,False,False,,,OUT_OF_RANGE,,,,,,,REVIEW,,140.0,41.0,227581,9893.0,20231229,NON_POSITIVE_PREMIUM
RID-0046302,AGENCY_MGMT,27-05-2026 00:17,CUS-031473,Jia Hui Foo,Female,1974-04-26,52,Married,Citizen,Education,51977.0,50k-100k,D23,@example.com,+65 98782858,POL-0046302,2025-10-08,2025-10-29,PRUShield A Plus,Health & IP,Agency,Annual,-5365.04,906000.0,5365.04,0.1859,20,Inforce,10.0,False,,True,Private Hospital,True,2053.0,2053.0,120.0,2500.0,0,False,,,,,,,,False,False,0.88,8,,,,,,AGT-00258,Samantha Sharma,Established,26,AU-25,Active,83.8,0.385,False,False,False,False,,,OUT_OF_RANGE,,,,OUT_OF_RANGE,,,REVIEW,,148.0,41.0,248980,10498.0,20251029,NON_POSITIVE_PREMIUM
RID-0017272,CLAIMS_SYS,27-05-2026 00:57,CUS-003612,Anjali Teo,Female,1980-01-16,46,Widowed,Citizen,Sales,57787.0,50k-100k,D25,anjali.teo233@example.com,+65 93675143,POL-0017272,2025-01-02,1899-01-01,PRUExtra Care,Health & IP,Agency,Annual,-6233.5,252000.0,6233.5,0.1285,99,Inforce,19.0,False,,True,Public A-Ward,False,,,,,429,False,CLM-0017272,2026-06-01,Disability,-15000.0,Approved,,17.0,False,False,-0.17,9,ASR-0009,25000.0,False,False,0.244,AGT-01026,Nicholas Kumar,Established,23,AU-39,Active,54.3,0.355,False,False,False,False,DATE_LOGIC_BREACH,,OUT_OF_RANGE,,OUT_OF_RANGE,,,,,REVIEW,,149.0,41.0,248989,9788.0,18990101,NON_POSITIVE_PREMIUM
RID-0022122,CLAIMS_SYS,27-05-2026 10:11,CUS-030176,Wan Ting Mitchell,Female,2000-08-24,26,Married,Citizen,Executive,55288.0,50k-100k,D17,wan.ting.mitchell203@example.com,+65 89438098,POL-0022122,2025-11-10,2099-12-31,PRUShield Standard,Health & IP,Digital,Quarterly,-1198.98,500000.0,1198.98,0.2078,10,Inforce,8.0,False,,True,Public A-Ward,True,641.92,641.92,0.0,2500.0,85,False,CLM-0022122,2026-06-24,Critical Illness,13383.09,Approved,,30.0,False,False,0.63,6,ASR-0009,25000.0,False,False,0.252,,,,,,,,,False,False,False,False,DATE_LOGIC_BREACH,,OUT_OF_RANGE,,,,,,,REVIEW,,143.0,42.0,225311,,20991231,NON_POSITIVE_PREMIUM
RID-0014333,AGENCY_MGMT,27-05-2026 11:56,CUS-011649,Rachel Osman,Female,1991-05-02,35,Divorced,Citizen,Sales,56130.0,50k-100k,D13,rachel.osman491@example.com,+65 89431106,POL-0014333,2025-05-26,1899-01-01,PRUVantage Legacy,Savings & Wealth,Bancassurance,Annual,-59904.37,422000.0,59904.37,0.0651,15,Inforce,15.0,False,,True,,False,,,,,0,False,,,,,,,,False,False,0.33,9,,,,,,,,,,,,,,False,False,False,False,DATE_LOGIC_BREACH,,OUT_OF_RANGE,,,,,,,REVIEW,,145.0,44.0,232763,,18990101,NON_POSITIVE_PREMIUM
RID-0040451,POLICY_ADMIN,27-05-2026 23:53,CUS-004998,Kavitha Kumar,Female,1981-08-07,45,Married,Citizen,Technician,32949.0,Below 50k,D07,user at example dot com,0,POL-0040451,2024-01-09,2024-02-06,PRUSelect Vantage,Investment-Linked,Agency,Monthly,-17431.69,541000.0,17431.69,0.1133,25,Inforce,31.0,False,,True,,False,,,,,0,False,CLM-0040451,2026-01-02,Death Benefit,1020.42,Approved,,4.0,False,False,0.6,9,ASR-0038,100000.0,False,False,0.093,AGT-00730,Rachel Fraser,New,10,AU-16,Active,55.6,0.309,False,False,False,False,,,OUT_OF_RANGE,,,,,,,REVIEW,,139.0,41.0,249084,10595.0,20240206,NON_POSITIVE_PREMIUM
RID-0040761,AGENCY_MGMT,27-06-2026 20:38,CUS-028796,Vikram Reddy,Male,1983-07-01,43,Widowed,Permanent Resident,Self-Employed,180207.0,100k-200k,D17,vikram.reddy150@example.com,0,POL-0040761,2026-05-25,2026-06-06,PRUCritical Cover,Protection,Broker,Annual,-2704.66,1352000.0,2704.66,0.2939,25,Inforce,2.0,False,,True,,False,,,,,74,False,,,,,,,,False,False,0.06,10,,,,,,AGT-00570,Kavitha Harper,Senior,40,AU-08,Active,53.2,0.664,False,False,False,False,,,OUT_OF_RANGE,,,,,,,REVIEW,,150.0,43.0,232128,9922.0,20260606,NON_POSITIVE_PREMIUM
RID-0022983,CLAIMS_SYS,27-07-2026 00:33,CUS-006181,Suresh Nair,Male,1978-07-01,1,Widowed,Citizen,Civil Service,30000.0,Below 50k,D24,suresh.nair181@example.com,+65 89796393,POL-0022983,2026-04-24,2026-06-05,PRUCritical Cover,Protection,Agency,Annual,-2016.03,691000.0,2016.03,0.2935,5,Inforce,2.0,False,,True,,False,,,,,12,False,CLM-0022983,2026-07-26,Disability,-15000.0,Approved,,4000.0,False,False,0,8,ASR-0005,10000.0,False,False,0.085,AGT-00657,Siti Nadia Menon,Established,91,AU-25,Active,83.9,0.072,False,False,False,False,,OUT_OF_RANGE,OUT_OF_RANGE,,OUT_OF_RANGE,OUT_OF_RANGE,,,,REVIEW,,150.0,41.0,249197,9714.0,20260605,NON_POSITIVE_PREMIUM
RID-0020431,AGENCY_MGMT,27-07-2026 14:42,CUS-030067,Zarina Nair,Female,1974-08-19,52,Divorced,Citizen,Technician,114352.0,100k-200k,D19,not-an-email,+65 97154873,POL-0020431,2024-11-06,2024-11-21,PRUTerm Secure,Protection,Bancassurance,Quarterly,-3581.46,2743000.0,3581.46,0.2334,25,Inforce,21.0,False,,True,,False,,,,,0,False,,,,,,,,False,False,0.48,7,,,,,,,,,,,,,,False,False,False,False,,,OUT_OF_RANGE,,,,,,,REVIEW,,147.0,44.0,228212,,20241121,NON_POSITIVE_PREMIUM
RID-0024713,CRM,27-08-2026 16:45,CUS-003126,Edwin Ong,Male,1999-07-23,27,Married,Foreigner,Healthcare,76223.0,50k-100k,D02,edwin.ong15@example.com,+65 92290526,POL-0024713,2025-10-26,2075-06-15,PRUSelect Vantage,Investment-Linked,Bancassurance,Annual,-8037.07,279000.0,8037.07,0.1032,15,Inforce,9.0,False,,True,,False,,,,,18,False,,,,,,,,False,False,0.69,8,,,,,,,,,,,,,,False,False,False,False,DATE_LOGIC_BREACH,,OUT_OF_RANGE,,,,,,,REVIEW,,139.0,44.0,234234,,20750615,NON_POSITIVE_PREMIUM
RID-0038767,POLICY_ADMIN,28-03-2026 05:40,CUS-014495,Wan Ting Fraser,Female,1960-05-18,66,Married,Permanent Resident,Professional,125838.0,100k-200k,D26,wan.ting.fraser363@example.com,+65 8123 456789012,POL-0038767,2025-12-09,2026-01-20,PRUCritical Cover,Protection,Bancassurance,Annual,-7991.63,2602000.0,7991.63,0.2446,15,Inforce,7.0,False,,True,,False,,,,,189,False,CLM-0038767,2026-07-28,Day Surgery,5396.74,Pending,,20.0,False,False,0.16,7,ASR-0012,100000.0,False,False,0.119,,,,,,,,,False,False,False,False,,,OUT_OF_RANGE,,,,,,,REVIEW,,150.0,44.0,244415,,20260120,NON_POSITIVE_PREMIUM
RID-0005055,AGENCY_MGMT,28-03-2026 08:01,CUS-006227,Joanne Foo,Female,1987-06-06,39,Divorced,Citizen,Sales,87988.0,50k-100k,D16,joanne.foo141@example.com,0,POL-0005055,2025-08-26,2025-09-23,PRUWealth Plus,Savings & Wealth,Bancassurance,Quarterly,-46601.08,325000.0,46601.08,0.077,10,Inforce,11.0,False,,True,,False,,,-10.0,,0,False,CLM-0005055,2025-11-12,Disability,1741.27,Approved,,16.0,False,False,0.99,7,ASR-0039,100000.0,False,False,0.223,,,,,,,,,False,False,False,False,,,OUT_OF_RANGE,,,,OUT_OF_RANGE,,,REVIEW,,138.0,44.0,232636,,20250923,NON_POSITIVE_PREMIUM
RID-0037340,CRM,28-05-2026 02:58,CUS-010242,Kavitha Mitchell,Female,1985-05-27,41,Widowed,Permanent Resident,Healthcare,119052.0,100k-200k,D20,kavitha.mitchell473@example.com,+65 93591143,POL-0037340,2023-01-21,2023-02-23,PRUWealth Plus,Savings & Wealth,Agency,Annual,-26687.7,373000.0,26687.7,0.0541,99,Inforce,42.0,False,,True,,False,,,999.0,,91,False,,,,,,,,False,False,0.24,7,,,,,,AGT-00081,Jun Hao Sim,Established,17,AU-12,Active,23.6,0.109,False,False,False,False,,,OUT_OF_RANGE,,,,OUT_OF_RANGE,,,REVIEW,,138.0,41.0,249608,10324.0,20230223,NON_POSITIVE_PREMIUM
RID-0012638,CLAIMS_SYS,28-05-2026 07:58,CUS-014703,Priya Rahman,Female,1980-07-09,46,Divorced,Permanent Resident,Sales,61187.0,50k-100k,D18,priya.rahman386@example.com,+65 12345,POL-0012638,2024-02-10,2024-03-26,PRUTerm Secure,Protection,Bancassurance,Quarterly,-6849.44,1349000.0,6849.44,0.2533,15,Lapsed,29.0,True,2025-06-26,True,,False,,,999.0,,28,False,CLM-0012638,2025-12-08,Disability,2164.12,Approved,,8.0,False,False,0.48,6,ASR-0052,5000.0,False,False,0.277,,,,,,,,,False,False,False,False,,,OUT_OF_RANGE,,,,OUT_OF_RANGE,,,REVIEW,,147.0,44.0,241017,,20240326,NON_POSITIVE_PREMIUM
RID-0009002,POLICY_ADMIN,28-05-2026 13:46,CUS-039133,Wei Ming Chan,Male,1997-01-25,30,Married,Citizen,Manager,105159.0,100k-200k,D07,wei.ming.chan418@example.com,+65 86713597,POL-0009002,2025-08-04,2025-08-15,PRUSave Endowment,Savings & Wealth,Bancassurance,Annual,-48375.67,478000.0,48375.67,0.067,15,Inforce,12.0,False,,True,,False,,,120.0,,24,False,,,,,,,,False,False,0.62,9,,,,,,,,,,,,,,False,False,False,False,,,OUT_OF_RANGE,,,,OUT_OF_RANGE,,,REVIEW,,141.0,44.0,239106,,20250815,NON_POSITIVE_PREMIUM
RID-0026408,AGENCY_MGMT,28-06-2026 05:44,CUS-032720,Farah Ng,Female,1985-07-08,0,Married,Foreigner,Professional,103302.0,100k-200k,D24,farah.ng378@example.com,+65 96158231,POL-0026408,2024-05-12,2075-06-15,PRULink Global Growth,Investment-Linked,Bancassurance,Semi-Annual,-34022.62,237000.0,34022.62,0.131,15,Inforce,27.0,False,,True,,False,,,999.0,,81,False,CLM-0026408,2025-07-24,Maternity,3062.01,Approved,,25.0,False,False,0.51,7,ASR-0034,100000.0,False,False,0.15,,,,,,,,,False,False,False,False,DATE_LOGIC_BREACH,OUT_OF_RANGE,OUT_OF_RANGE,,,,OUT_OF_RANGE,,,REVIEW,,144.0,44.0,236761,,20750615,NON_POSITIVE_PREMIUM
RID-0036444,AGENCY_MGMT,28-06-2026 11:59,CUS-015664,Daniel Kamal,Male,1992-01-14,34,Divorced,Employment Pass,Retired,358230.0,200k-400k,D05,daniel.kamal53@example.com,+65 88399568,POL-0036444,2024-11-24,2075-06-15,PRUShield A Plus,Health & IP,Broker,Quarterly,-3075.12,963000.0,3075.12,0.2061,15,Inforce,20.0,False,,True,Private Hospital,True,1114.08,1114.08,0.0,2500.0,0,False,CLM-0036444,2026-05-08,Day Surgery,99999999.99,Approved,,-3.0,False,False,0.85,9,ASR-0025,50000.0,False,False,0.112,AGT-01017,Priya Wright,Established,76,AU-35,Active,45.2,0.439,False,False,False,False,DATE_LOGIC_BREACH,,OUT_OF_RANGE,,OUT_OF_RANGE,OUT_OF_RANGE,,,,REVIEW,,148.0,43.0,244509,10335.0,20750615,NON_POSITIVE_PREMIUM
RID-0041899,AGENCY_MGMT,28-06-2026 19:30,CUS-017359,Suresh Lee,Male,1985-10-03,1,Married,Citizen,Healthcare,82726.0,50k-100k,D15,not-an-email,+65 86548615,POL-0041899,2025-07-13,1899-01-01,PRUSave Endowment,Savings & Wealth,Digital,Annual,-50335.65,291000.0,50335.65,0.0469,20,Inforce,13.0,False,,True,,False,,,,,21,False,CLM-0041899,2026-06-13,Death Benefit,1343.77,Approved,,16.0,False,False,0.62,7,ASR-0003,10000.0,False,False,0.217,,,,,,,,,False,False,False,False,DATE_LOGIC_BREACH,OUT_OF_RANGE,OUT_OF_RANGE,,,,,,,REVIEW,,141.0,42.0,226440,,18990101,NON_POSITIVE_PREMIUM
RID-0024414,CLAIMS_SYS,28-06-2026 20:11,CUS-016268,Deepak Chong,Male,1984-12-19,42,Divorced,Citizen,Sales,41967.0,Below 50k,D21,deepak.chong414@example.com,9999-CALL-ME,POL-0024414,2025-06-29,2025-07-04,PRULink Global Growth,Investment-Linked,Agency,Monthly,-35680.57,275000.0,35680.57,0.1527,10,Inforce,14.0,False,,True,,False,,,,,85,False,CLM-0024414,2026-04-15,Disability,1407.32,Approved,,-12.0,False,False,0.34,6,ASR-0046,25000.0,False,False,0.232,AGT-00004,Daniel Nair,Established,13,AU-12,Active,76.4,0.279,False,False,False,False,,,OUT_OF_RANGE,,,OUT_OF_RANGE,,,,REVIEW,,144.0,41.0,249775,10115.0,20250704,NON_POSITIVE_PREMIUM
RID-0022465,CRM,28-06-2026 20:36,CUS-011967,Marcus Kamal,Male,2001-05-08,25,Married,Citizen,Technician,56258.0,50k-100k,D16,marcus.kamal16@example.com,0,POL-0022465,2023-10-22,2023-10-30,PRUTerm Secure,Protection,Agency,Annual,-3379.54,2790000.0,3379.54,0.2778,20,Lapsed,34.0,True,2026-01-30,True,,False,,,,,269,True,,,,,,,,False,False,0.25,10,,,,,,AGT-00253,Faisal Wong,Established,54,AU-10,Active,38.8,0.206,False,False,False,False,,,OUT_OF_RANGE,,,,,,,REVIEW,,147.0,41.0,249779,10435.0,20231030,NON_POSITIVE_PREMIUM
RID-0038356,CLAIMS_SYS,28-07-2026 02:59,CUS-025425,Edwin Yusof,Male,1968-04-17,58,Widowed,Citizen,Technician,62748.0,50k-100k,D13,user at example dot com,+65 12345,POL-0038356,2025-01-16,2025-01-24,PRUFlexiCash,Savings & Wealth,Bancassurance,Annual,-48288.4,327000.0,48288.4,0.0518,20,Lapsed,19.0,True,2025-12-12,False,,False,,,-10.0,,89,False,,,,,,,,False,False,0.66,6,,,,,,,,,,,,,,False,False,False,False,,,OUT_OF_RANGE,,,,OUT_OF_RANGE,,,REVIEW,,151.0,44.0,224740,,20250124,NON_POSITIVE_PREMIUM
RID-0039495,AGENCY_MGMT,28-07-2026 16:30,CUS-039568,Rohan Reddy,Male,1984-01-15,42,Divorced,Foreigner,Executive,51384.0,50k-100k,D22,rohan.reddy197@example.com,9999-CALL-ME,POL-0039495,2024-05-20,1899-01-01,PRUShield Standard,Health & IP,Digital,Annual,-6744.54,730000.0,6744.54,0.1498,30,Inforce,27.0,False,,True,Public B1-Ward,True,3600.56,3600.56,0.0,1500.0,121,False,CLM-0039495,2025-03-31,Outpatient Specialist,26343.77,Approved,,-12.0,False,False,-0.07,9,ASR-0018,25000.0,False,False,0.305,,,,,,,,,False,False,False,False,DATE_LOGIC_BREACH,,OUT_OF_RANGE,,,OUT_OF_RANGE,,,,REVIEW,,143.0,42.0,226135,,18990101,NON_POSITIVE_PREMIUM
RID-0028990,POLICY_ADMIN,28-07-2026 16:50,CUS-027340,Hui Ling Sharma,Female,1962-02-05,64,Divorced,Citizen,Retired,79430.0,50k-100k,D04,@example.com,+65 81607188,POL-0028990,2023-10-06,2099-12-31,PRUSave Endowment,Savings & Wealth,Broker,Annual,-41857.94,249000.0,41857.94,0.0384,20,Inforce,34.0,False,,True,,False,,,,,0,False,,,,,,,,False,False,0.67,8,,,,,,AGT-00108,Nurul Aisyah Ong,Established,20,AU-25,Active,48.6,0.437,False,False,False,False,DATE_LOGIC_BREACH,,OUT_OF_RANGE,,,,,,,REVIEW,,141.0,43.0,249862,9815.0,20991231,NON_POSITIVE_PREMIUM
RID-0006926,AGENCY_MGMT,28-08-2026 11:34,CUS-024292,Zarina Ibrahim,Female,2005-09-23,21,Single,Citizen,Retired,41159.0,Below 50k,D20,zarina.ibrahim378@example.com,+65 98160160,POL-0006926,2023-06-13,2023-06-21,PRUTerm Secure,Protection,Agency,Annual,-4899.74,386000.0,4899.74,0.2833,5,Inforce,38.0,False,,True,,False,,,,,50,False,CLM-0006926,2025-08-12,Death Benefit,0.0,Approved,,16.0,False,False,0.45,10,ASR-0032,25000.0,False,True,0.277,AGT-01057,Muhammad Ariff Tan,Established,33,AU-31,Active,25.3,0.73,False,False,False,False,,,OUT_OF_RANGE,,OUT_OF_RANGE,,,,,REVIEW,,147.0,41.0,232958,9938.0,20230621,NON_POSITIVE_PREMIUM
RID-0002605,POLICY_ADMIN,28-08-2026 14:13,CUS-008274,Lakshmi Bennett,Female,1990-01-09,36,Single,Permanent Resident,Civil Service,116173.0,100k-200k,D10,user at example dot com,+65 12345,POL-0002605,2024-09-11,2099-12-31,PRUTerm Secure,Protection,Agency,Semi-Annual,-3819.67,1396000.0,3819.67,0.2908,30,Inforce,22.0,False,,True,,False,,,,,84,False,CLM-0002605,2026-01-06,Hospitalisation,7930.2,Approved,,24.0,False,False,0.72,10,ASR-0014,5000.0,False,False,0.205,AGT-00964,Joanne Ng,Senior,73,AU-09,Resigned,38.3,0.252,False,False,False,False,DATE_LOGIC_BREACH,,OUT_OF_RANGE,,,,,,,REVIEW,,147.0,41.0,249963,10223.0,20991231,NON_POSITIVE_PREMIUM
RID-0037167,CRM,28-08-2026 21:27,CUS-030568,Zarina Hassan,Female,1974-03-17,52,Single,Citizen,Healthcare,97426.0,50k-100k,D08,zarina.hassan36@example.com,+65 82465398,POL-0037167,2024-05-28,2024-06-16,PRUFlexiCash,Savings & Wealth,Bancassurance,Semi-Annual,-30057.71,248000.0,30057.71,0.0587,99,Matured,26.0,False,,True,,False,,,,,0,False,CLM-0037167,2026-08-10,Maternity,-15000.0,Approved,,15.0,False,False,0.19,9,ASR-0044,50000.0,False,False,0.144,,,,,,,,,False,False,False,False,,,OUT_OF_RANGE,,OUT_OF_RANGE,,,,,REVIEW,,151.0,44.0,230477,,20240616,NON_POSITIVE_PREMIUM
RID-0029597,CRM,28-08-2026 22:44,CUS-006922,Joanne Yusof,Female,1999-07-03,27,Married,Citizen,Technician,78178.0,50k-100k,D10,joanne.yusof215@example.com,+65 87792407,POL-0029597,2026-05-14,2099-12-31,PRUShield Life,Protection,Agency,Semi-Annual,-2641.46,1653000.0,2641.46,0.2503,15,Inforce,3.0,False,,True,,False,,,120.0,,163,False,,,,,,,,False,False,0.13,8,,,,,,AGT-00514,Samantha Kumar,New,9,AU-15,Active,71.1,0.044,False,False,False,False,DATE_LOGIC_BREACH,,OUT_OF_RANGE,,,,OUT_OF_RANGE,,,REVIEW,,137.0,41.0,227311,10268.0,20991231,NON_POSITIVE_PREMIUM
RID-0014963,CLAIMS_SYS,29-03-2026 09:23,CUS-038553,Rachel Ong,Female,1978-01-09,48,Single,Permanent Resident,Education,34952.0,Below 50k,D04,rachel.ong56@example.com,9999-CALL-ME,POL-0014963,2025-08-21,1899-01-01,PRULink Assurance,Investment-Linked,Agency,Annual,-37863.34,114000.0,37863.34,0.1059,20,Inforce,11.0,False,,True,,False,,,,,48,True,CLM-0014963,2026-05-31,Disability,99999999.99,Partially Approved,,17.0,False,False,0.72,10,ASR-0019,100000.0,False,False,0.052,AGT-00041,Nurul Aisyah Sharma,Established,52,AU-30,Active,76.2,0.315,False,False,False,False,DATE_LOGIC_BREACH,,OUT_OF_RANGE,,OUT_OF_RANGE,,,,,REVIEW,,140.0,41.0,234197,10506.0,18990101,NON_POSITIVE_PREMIUM
RID-0002327,CRM,29-03-2026 14:11,CUS-000819,Muhammad Ariff Raj,Male,1981-03-02,45,Married,Citizen,Civil Service,63213.0,50k-100k,D21,user at example dot com,+65 96427302,POL-0002327,2025-05-16,2025-05-17,PRULink Global Growth,Investment-Linked,Agency,Semi-Annual,-44483.01,511000.0,44483.01,0.1581,10,Inforce,15.0,False,,True,,False,,,-10.0,,2,False,CLM-0002327,2026-01-11,Outpatient Specialist,3880.28,Approved,,4000.0,False,False,0.77,7,ASR-0008,10000.0,False,False,0.056,AGT-00181,Iskandar Teo,Established,36,AU-07,Active,56.1,0.391,False,False,False,False,,,OUT_OF_RANGE,,,OUT_OF_RANGE,OUT_OF_RANGE,,,REVIEW,,144.0,41.0,230798,9716.0,20250517,NON_POSITIVE_PREMIUM
RID-0037353,AGENCY_MGMT,29-04-2026 06:38,CUS-033548,Hui Ling Turner,Female,1978-06-12,0,Divorced,Employment Pass,Technician,41441.0,Below 50k,D24,hui.ling.turner432@example.com,+65 8123 456789012,POL-0037353,2025-04-20,2025-05-22,PRUVantage Legacy,Savings & Wealth,Bancassurance,Annual,-23886.99,453000.0,23886.99,0.0777,5,Inforce,15.0,False,,True,,False,,,,,43,True,CLM-0037353,2025-07-30,Maternity,11982.22,Approved,,-3.0,False,False,0.95,8,ASR-0055,5000.0,False,False,0.297,,,,,,,,,False,False,False,False,,OUT_OF_RANGE,OUT_OF_RANGE,,,OUT_OF_RANGE,,,,REVIEW,,145.0,44.0,249536,,20250522,NON_POSITIVE_PREMIUM
RID-0010700,CRM,29-04-2026 10:41,CUS-024246,Muhammad Ariff Bennett,Male,1973-02-04,53,Single,Permanent Resident,Executive,93391.0,50k-100k,D13,user at example dot com,+65 8123 456789012,POL-0010700,2023-09-05,2099-12-31,PRUShield Premier,Health & IP,Digital,Semi-Annual,-5394.68,324000.0,5394.68,0.1584,99,Inforce,36.0,False,,True,Public B1-Ward,True,2861.93,2861.93,0.0,0.0,0,False,CLM-0010700,2025-12-19,Day Surgery,2468.44,Approved,,26.0,False,False,0.55,7,ASR-0034,100000.0,False,False,0.353,,,,,,,,,False,False,False,False,DATE_LOGIC_BREACH,,OUT_OF_RANGE,,,,,,,REVIEW,,142.0,42.0,237859,,20991231,NON_POSITIVE_PREMIUM
RID-0043598,CLAIMS_SYS,29-04-2026 10:51,CUS-008636,Chee Keong Chan,Male,1980-07-10,46,Divorced,Citizen,Executive,111116.0,100k-200k,D13,chee.keong.chan470@example.com,+65 97659042,POL-0043598,2025-09-30,2099-12-31,PRUActive Term,Protection,Agency,Annual,-867.01,2963000.0,867.01,0.2574,15,Matured,10.0,False,,True,,False,,,120.0,,79,False,,,,,,,,False,False,0.83,9,,,,,,AGT-00498,Daniel Foo,Established,37,AU-25,Active,83.8,0.445,False,False,False,False,DATE_LOGIC_BREACH,,OUT_OF_RANGE,,,,OUT_OF_RANGE,,,REVIEW,,146.0,41.0,228102,10397.0,20991231,NON_POSITIVE_PREMIUM
RID-0041283,CLAIMS_SYS,29-05-2026 03:55,CUS-001994,Rachel Bennett,Female,1968-11-08,58,Married,Citizen,Manager,86151.0,50k-100k,D10,not-an-email,+65 81906038,POL-0041283,2024-08-19,2024-08-22,PRUActive Term,Protection,Agency,Monthly,-5479.86,665000.0,5479.86,0.319,5,Inforce,24.0,False,,True,,False,,,,,56,False,CLM-0041283,2026-07-04,Critical Illness,4106.14,Approved,,26.0,False,False,0.28,6,ASR-0002,25000.0,False,False,0.077,AGT-00694,Aravind Hassan,Established,86,AU-07,Active,20.1,0.23,False,False,False,False,,,OUT_OF_RANGE,,,,,,,REVIEW,,146.0,41.0,250213,10570.0,20240822,NON_POSITIVE_PREMIUM
RID-0012023,AGENCY_MGMT,29-05-2026 14:59,CUS-002404,Priya Aziz,Female,1980-03-07,46,Single,Employment Pass,Sales,128027.0,100k-200k,D15,priya.aziz126@example.com,+65 87051694,POL-0012023,2025-09-19,2025-10-31,PRUSelect Vantage,Investment-Linked,Agency,Monthly,-16387.97,882000.0,16387.97,0.1666,20,Lapsed,10.0,True,2026-07-22,False,,False,,,120.0,,186,True,,,,,,,,False,False,0.79,9,,,,,,AGT-00065,Farah Mitchell,Established,16,AU-33,Active,84.4,0.352,False,False,False,False,,,OUT_OF_RANGE,,,,OUT_OF_RANGE,,,REVIEW,,139.0,41.0,247853,9885.0,20251031,NON_POSITIVE_PREMIUM
RID-0015805,CRM,29-05-2026 17:08,CUS-022785,Yong Sheng Salleh,Male,1986-01-20,40,Widowed,Citizen,Civil Service,108946.0,100k-200k,D25,not-an-email,+65 8123 456789012,POL-0015805,2023-07-18,2023-08-13,PRULink Assurance,Investment-Linked,Agency,Monthly,-24780.9,724000.0,24780.9,0.0976,25,Inforce,37.0,False,,True,,False,,,,,71,True,CLM-0015805,2026-03-17,Outpatient Specialist,11223.56,Declined,Documentation incomplete,27.0,False,False,0.68,7,ASR-0017,50000.0,False,False,0.086,AGT-00601,Priya Raj,Senior,91,AU-14,Active,59.3,0.126,False,False,False,False,,,OUT_OF_RANGE,,,,,,,REVIEW,,140.0,41.0,250247,10409.0,20230813,NON_POSITIVE_PREMIUM
RID-0043959,POLICY_ADMIN,29-06-2026 05:15,CUS-005179,Mei Yi Aziz,Female,1987-02-06,40,Divorced,Citizen,Civil Service,151423.0,100k-200k,D10,mei.yi.aziz446@example.com,+65 98939320,POL-0043959,2025-04-23,2025-05-26,PRUVantage Legacy,Savings & Wealth,Bancassurance,Monthly,-36320.65,43000.0,36320.65,0.063,30,Inforce,15.0,False,,True,,False,,,,,134,False,CLM-0043959,2026-05-15,Outpatient Specialist,1015.42,Approved,,-12.0,False,False,0.28,9,ASR-0021,100000.0,False,False,0.287,,,,,,,,,False,False,False,False,,,OUT_OF_RANGE,,,OUT_OF_RANGE,,,,REVIEW,,145.0,44.0,235386,,20250526,NON_POSITIVE_PREMIUM
RID-0030148,POLICY_ADMIN,29-06-2026 22:28,CUS-024070,Kavitha Ong,Female,1994-04-12,32,Married,Employment Pass,Self-Employed,155972.0,100k-200k,D10,user at example dot com,+65 91016883,POL-0030148,2024-06-17,1899-01-01,PRUFlexiCash,Savings & Wealth,Bancassurance,Monthly,-25878.86,384000.0,25878.86,0.0351,20,Inforce,26.0,False,,True,,False,,,,,0,False,,,,,,,,False,False,0.17,5,,,,,,,,,,,,,,False,False,False,False,DATE_LOGIC_BREACH,,OUT_OF_RANGE,,,,,,,REVIEW,,151.0,44.0,248635,,18990101,NON_POSITIVE_PREMIUM
RID-0046041,CLAIMS_SYS,29-08-2026 00:58,CUS-023214,Zhi Hao Pillai,Male,1989-01-14,37,Widowed,Permanent Resident,Healthcare,48478.0,Below 50k,D12,zhi.hao.pillai441@example.com,+65 89532648,POL-0046041,2025-10-20,2025-11-16,PRUShield Life,Protection,Agency,Monthly,-6470.96,1192000.0,6470.96,0.2504,10,Inforce,9.0,False,,True,,False,,,120.0,,15,False,,,,,,,,False,False,0.74,8,,,,,,AGT-00685,Deepak Menon,New,9,AU-02,Active,54.1,0.025,False,False,False,False,,,OUT_OF_RANGE,,,,OUT_OF_RANGE,,,REVIEW,,137.0,41.0,250454,9927.0,20251116,NON_POSITIVE_PREMIUM
RID-0008203,CLAIMS_SYS,30-03-2026 00:36,CUS-039584,Valerie Harper,Female,1997-12-02,29,Single,Permanent Resident,Manager,60700.0,50k-100k,D19,valerie.harper125@example.com,+65 12345,POL-0008203,2025-07-19,2025-07-22,PRUFlexiCash,Savings & Wealth,Agency,Monthly,-53989.41,87000.0,53989.41,0.0908,15,Inforce,13.0,False,,True,,False,,,999.0,,0,False,,,,,,,,False,False,0.48,10,,,,,,AGT-00222,Chee Keong Teo,Senior,135,AU-34,Active,52.2,0.025,False,False,False,False,,,OUT_OF_RANGE,,,,OUT_OF_RANGE,,,REVIEW,,151.0,41.0,240651,9658.0,20250722,NON_POSITIVE_PREMIUM
RID-0032527,POLICY_ADMIN,30-03-2026 09:34,CUS-035173,Samantha Lee,Female,1960-08-23,66,Widowed,Citizen,Healthcare,199631.0,100k-200k,D07,samantha.lee92@example.com,+65 12345,POL-0032527,2025-03-26,2025-05-05,PRUTerm Secure,Protection,Agency,Annual,-7962.69,529000.0,7962.69,0.236,99,Inforce,16.0,False,,True,,False,,,,,61,False,,,,,,,,False,False,0.26,10,,,,,,AGT-01077,Jonathan Teo,MDRT,234,AU-13,Active,92.5,0.393,False,False,False,False,,,OUT_OF_RANGE,,,,,,,REVIEW,,147.0,41.0,228007,9884.0,20250505,NON_POSITIVE_PREMIUM
RID-0008210,CRM,30-05-2026 06:39,CUS-009421,Suresh Hassan,Male,1993-03-14,33,Single,Citizen,Sales,89581.0,50k-100k,D28,suresh.hassan180@example.com,+65 96416645,POL-0008210,2023-09-11,2099-12-31,PRUFlexiCash,Savings & Wealth,Bancassurance,Monthly,-18211.69,437000.0,18211.69,0.0738,20,Inforce,36.0,False,,True,,False,,,,,16,True,CLM-0008210,2024-08-14,Critical Illness,19685.37,Approved,,1.0,False,False,0.07,8,ASR-0044,50000.0,False,False,0.321,,,,,,,,,False,False,False,False,DATE_LOGIC_BREACH,,OUT_OF_RANGE,,,,,,,REVIEW,,151.0,44.0,231351,,20991231,NON_POSITIVE_PREMIUM
RID-0036799,CRM,30-05-2026 13:06,CUS-025617,Priya Yeo,Female,1976-12-19,50,Widowed,Permanent Resident,Executive,139525.0,100k-200k,D10,priya.yeo152@example.com,+65 88712315,POL-0036799,2023-01-21,2099-12-31,PRUCritical Cover,Protection,Agency,Annual,-6816.8,220000.0,6816.8,0.3099,30,Inforce,43.0,False,,True,,False,,,,,310,False,CLM-0036799,2025-12-15,Death Benefit,3825.54,Approved,,-12.0,False,False,0.43,10,ASR-0011,50000.0,False,False,0.41,AGT-00753,Anjali Ho,Established,14,AU-14,Active,40.8,0.364,False,False,False,False,DATE_LOGIC_BREACH,,OUT_OF_RANGE,,,OUT_OF_RANGE,,,,REVIEW,,150.0,41.0,228089,10599.0,20991231,NON_POSITIVE_PREMIUM
RID-0024717,CRM,30-05-2026 14:17,CUS-033885,Daniel Aziz,Male,1986-05-27,40,Single,Foreigner,Sales,63512.0,50k-100k,D16,daniel.aziz138@example.com,+65 93508692,POL-0024717,2024-11-22,2075-06-15,PRUShield Premier,Health & IP,Agency,Semi-Annual,-5593.0,895000.0,5593.0,0.167,10,Inforce,20.0,False,,True,Public B1-Ward,True,2909.78,2909.78,0.0,1500.0,115,True,,,,,,,,False,False,0.49,9,,,,,,AGT-00524,Anjali Hassan,New,11,AU-22,Active,25.7,0.099,False,False,False,False,DATE_LOGIC_BREACH,,OUT_OF_RANGE,,,,,,,REVIEW,,142.0,41.0,250744,10231.0,20750615,NON_POSITIVE_PREMIUM
RID-0014129,CLAIMS_SYS,30-05-2026 23:04,CUS-025248,Kavitha Ong,Female,1982-06-02,44,Single,Permanent Resident,Manager,98669.0,50k-100k,D08,kavitha.ong244@example.com,+65 93158647,POL-0014129,2025-06-23,1899-01-01,PRUCritical Cover,Protection,Agency,Semi-Annual,-5105.69,1090000.0,5105.69,0.2968,99,Inforce,13.0,False,,True,,False,,,,,62,False,CLM-0014129,2026-03-13,Day Surgery,6133.59,Approved,,27.0,False,False,0.64,6,ASR-0050,5000.0,False,False,0.383,AGT-00327,Nurul Aisyah Sharma,New,10,AU-19,Active,95.9,0.083,False,False,False,False,DATE_LOGIC_BREACH,,OUT_OF_RANGE,,,,,,,REVIEW,,150.0,41.0,250771,10539.0,18990101,NON_POSITIVE_PREMIUM
RID-0016638,AGENCY_MGMT,30-06-2026 07:07,CUS-021326,Zhi Hao Iyer,Male,1970-12-27,56,Divorced,Citizen,Civil Service,89517.0,50k-100k,D27,user at example dot com,+65 97256468,POL-0016638,2026-06-16,2075-06-15,PRUFlexiCash,Savings & Wealth,Agency,Monthly,-3891.55,435000.0,3891.55,0.0892,25,Inforce,2.0,False,,True,,False,,,120.0,,61,False,CLM-0016638,2026-08-14,Outpatient Specialist,10039.93,Partially Approved,,33.0,False,False,-0.11,7,ASR-0006,25000.0,False,False,0.149,AGT-00734,Zulkifli Ong,Established,41,AU-16,Active,99.5,0.307,False,False,False,False,DATE_LOGIC_BREACH,,OUT_OF_RANGE,,,,OUT_OF_RANGE,,,REVIEW,,151.0,41.0,230037,10261.0,20750615,NON_POSITIVE_PREMIUM
RID-0014874,CLAIMS_SYS,30-06-2026 08:55,CUS-038852,Aravind Pillai,Male,1988-05-02,38,Divorced,Permanent Resident,Education,223931.0,200k-400k,D12,aravind.pillai494@example.com,0,POL-0014874,2023-09-23,2023-10-02,PRUActive Term,Protection,Broker,Quarterly,-895.8,2207000.0,895.8,0.3314,30,Surrendered,35.0,True,2024-03-25,False,,False,,,,,40,False,CLM-0014874,2024-06-14,Death Benefit,2775.03,Declined,Treatment not medically necessary,11.0,False,False,0.05,10,ASR-0037,50000.0,False,False,0.335,AGT-00070,Priya Wright,New,1,AU-10,Active,67.1,0.328,False,False,False,False,,,OUT_OF_RANGE,,,,,,,REVIEW,,146.0,43.0,224789,10438.0,20231002,NON_POSITIVE_PREMIUM
RID-0019383,AGENCY_MGMT,30-06-2026 18:34,CUS-009944,Siti Nadia Harper,Female,1985-06-11,41,Single,Citizen,Technician,121301.0,100k-200k,D01,not-an-email,+65 97343902,POL-0019383,2024-05-14,2099-12-31,PRUFlexiCash,Savings & Wealth,Agency,Monthly,-17954.47,281000.0,17954.47,0.0883,25,Surrendered,27.0,True,2025-10-26,True,,False,,,,,21,False,CLM-0019383,2024-12-29,Maternity,1997.4,Approved,,34.0,False,False,0.22,8,ASR-0027,25000.0,False,False,0.049,AGT-00457,Denise Salleh,Established,71,AU-39,Resigned,35.3,0.042,False,False,False,False,DATE_LOGIC_BREACH,,OUT_OF_RANGE,,,,,,,REVIEW,,151.0,41.0,250849,9670.0,20991231,NON_POSITIVE_PREMIUM
RID-0009530,CLAIMS_SYS,30-06-2026 20:36,CUS-012091,Samantha Goh,Female,1985-01-23,41,Single,Citizen,Sales,30000.0,Below 50k,D22,@example.com,0,POL-0009530,2026-06-25,2026-06-30,PRUExtra Care,Health & IP,Agency,Monthly,-3140.86,556000.0,3140.86,0.2078,5,Inforce,2.0,False,,True,Public B1-Ward,True,1355.21,911.33,5.0,1500.0,0,False,CLM-0009530,2026-08-17,Critical Illness,2081.02,Approved,,20.0,False,False,0.48,6,ASR-0043,5000.0,False,False,0.354,AGT-00223,Nurul Aisyah Tan,MDRT,184,AU-09,Active,55.5,0.357,False,False,False,False,,,OUT_OF_RANGE,,,,,,,REVIEW,,149.0,41.0,250857,9939.0,20260630,NON_POSITIVE_PREMIUM
RID-0026956,CLAIMS_SYS,30-07-2026 09:01,CUS-003841,Yong Sheng Sharma,Male,1982-05-13,44,Divorced,Citizen,Healthcare,87564.0,50k-100k,D26,yong.sheng.sharma234@example.com,+65 83919634,POL-0026956,2025-10-29,2025-11-20,PRUCritical Cover,Protection,Bancassurance,Monthly,-6449.55,2892000.0,6449.55,0.2251,15,Inforce,9.0,False,,True,,False,,,120.0,,0,False,CLM-0026956,2026-05-24,Disability,0.0,Declined,Treatment not medically necessary,20.0,False,False,0.65,7,ASR-0011,50000.0,False,False,0.242,,,,,,,,,False,False,False,False,,,OUT_OF_RANGE,,OUT_OF_RANGE,,OUT_OF_RANGE,,,REVIEW,,150.0,44.0,234127,,20251120,NON_POSITIVE_PREMIUM
RID-0025811,CRM,30-07-2026 11:09,CUS-029034,Edwin Salleh,Male,1965-12-26,61,Divorced,Citizen,Self-Employed,219208.0,200k-400k,D11,abc@@example..com,0,POL-0025811,2026-01-07,2075-06-15,PRUShield Premier,Health & IP,Agency,Semi-Annual,-4441.25,501000.0,4441.25,0.1613,5,Inforce,7.0,False,,True,Public A-Ward,True,2106.03,2106.03,0.0,1500.0,157,False,CLM-0025811,2026-08-16,Day Surgery,2518.89,Approved,,18.0,False,False,0.29,7,ASR-0047,5000.0,False,False,0.348,AGT-00438,Denise Ong,Senior,102,AU-36,Active,49.2,0.077,False,False,False,False,DATE_LOGIC_BREACH,,OUT_OF_RANGE,,,,,,,REVIEW,,142.0,41.0,250917,9957.0,20750615,NON_POSITIVE_PREMIUM
RID-0024129,POLICY_ADMIN,30-08-2026 06:34,CUS-002099,Wei Ming Sharma,Male,1960-07-12,66,Widowed,Permanent Resident,Retired,183639.0,100k-200k,D17,abc@@example..com,0,POL-0024129,2024-02-13,2075-06-15,PRUShield A Plus,Health & IP,Agency,Semi-Annual,-3658.06,863000.0,3658.06,0.1703,30,Inforce,30.0,False,,True,Public A-Ward,True,1525.33,1525.33,0.0,1500.0,0,True,CLM-0024129,2025-03-14,Accident,7809.33,Approved,,28.0,False,False,0.83,8,ASR-0040,100000.0,False,False,0.188,AGT-00172,Joanne Sharma,Established,57,AU-04,Active,39.4,0.072,False,False,False,False,DATE_LOGIC_BREACH,,OUT_OF_RANGE,,,,,,,REVIEW,,148.0,41.0,247192,10527.0,20750615,NON_POSITIVE_PREMIUM
RID-0021762,AGENCY_MGMT,31-03-2026 05:53,CUS-036871,Daniel Aziz,Male,1996-03-06,30,Widowed,Permanent Resident,Education,40442.0,Below 50k,D27,daniel.aziz152@example.com,+65 84176160,POL-0021762,2024-07-14,2024-07-25,PRUShield Premier,Health & IP,Bancassurance,Quarterly,-3151.76,1027000.0,3151.76,0.1533,5,Inforce,25.0,False,,True,Public A-Ward,False,,,,,0,False,,,,,,,,False,False,0.9,8,,,,,,,,,,,,,,False,False,False,False,,,OUT_OF_RANGE,,,,,,,REVIEW,,142.0,44.0,251094,,20240725,NON_POSITIVE_PREMIUM
RID-0013878,AGENCY_MGMT,31-05-2026 12:13,CUS-025848,Anjali Tan,Female,1986-09-04,40,Divorced,Citizen,Technician,96855.0,50k-100k,D15,anjali.tan38@example.com,0,POL-0013878,2023-11-09,2023-12-12,PRUCritical Cover,Protection,Digital,Quarterly,-5852.06,392000.0,5852.06,0.3252,20,Inforce,33.0,False,,True,,False,,,,,87,False,,,,,,,,False,False,0.36,8,,,,,,,,,,,,,,False,False,False,False,,,OUT_OF_RANGE,,,,,,,REVIEW,,150.0,42.0,232932,,20231212,NON_POSITIVE_PREMIUM
RID-0031017,AGENCY_MGMT,31-07-2026 09:37,CUS-031011,Samantha Turner,Female,2003-08-23,23,Divorced,Permanent Resident,Technician,30000.0,Below 50k,D17,not-an-email,+65 99379799,POL-0031017,2025-05-10,2025-05-24,PRUSave Endowment,Savings & Wealth,Agency,Monthly,-52556.11,434000.0,52556.11,0.0435,25,Matured,15.0,False,,True,,False,,,,,91,False,CLM-0031017,2026-02-28,Disability,0.0,Partially Approved,,4000.0,False,False,0.31,10,ASR-0047,5000.0,False,False,0.316,AGT-00334,Faisal Ng,Established,40,AU-33,Active,81.5,0.367,False,False,False,False,,,OUT_OF_RANGE,,OUT_OF_RANGE,OUT_OF_RANGE,,,,REVIEW,,141.0,41.0,235776,10273.0,20250524,NON_POSITIVE_PREMIUM
RID-0008777,AGENCY_MGMT,31-07-2026 13:10,CUS-012189,Zarina Osman,Female,1977-09-28,49,Divorced,Citizen,Self-Employed,99999.0,50k-100k,D27,zarina.osman14@example.com,+65 95564732,POL-0008777,2024-02-22,2024-03-31,PRUTerm Secure,Protection,Bancassurance,Semi-Annual,-7424.91,2744000.0,7424.91,0.2422,20,Inforce,29.0,False,,True,,False,,,,,38,False,,,,,,,,False,False,-0.06,9,,,,,,,,,,,,,,False,False,False,False,,,OUT_OF_RANGE,,,,,,,REVIEW,,147.0,44.0,251294,,20240331,NON_POSITIVE_PREMIUM
RID-0007590,CRM,31-07-2026 18:27,CUS-001776,Chee Keong Pillai,Male,1979-01-27,47,Married,Citizen,Healthcare,100364.0,100k-200k,D07,chee.keong.pillai375@example.com,+65 87685877,POL-0007590,2023-08-28,1899-01-01,PRUVantage Legacy,Savings & Wealth,Agency,Monthly,-46720.8,120000.0,46720.8,0.0489,30,Inforce,36.0,False,,True,,False,,,,,140,False,,,,,,,,False,False,0.86,10,,,,,,AGT-00056,Meera Menon,Established,39,AU-07,On Notice,36.1,0.026,False,False,False,False,DATE_LOGIC_BREACH,,OUT_OF_RANGE,,,,,,,REVIEW,,145.0,41.0,229812,10674.0,18990101,NON_POSITIVE_PREMIUM
RID-0010666,POLICY_ADMIN,31-08-2026 02:44,CUS-020542,Xin Yi Ong,Female,1987-04-25,39,Single,Citizen,Civil Service,43582.0,Below 50k,D05,abc@@example..com,+65 98602462,POL-0010666,2023-02-18,2023-02-23,PRUExtra Care,Health & IP,Agency,Annual,-5091.02,431000.0,5091.02,0.1448,30,Inforce,42.0,False,,True,Private Hospital,True,2044.56,2044.56,0.0,2500.0,80,True,,,,,,,,False,False,0.1,5,,,,,,AGT-01113,Nicholas Fraser,Established,90,AU-01,Active,36.5,0.378,False,False,False,False,,,OUT_OF_RANGE,,,,,,,REVIEW,,149.0,41.0,251350,10141.0,20230223,NON_POSITIVE_PREMIUM
RID-0000917,POLICY_ADMIN,31-08-2026 17:45,CUS-034413,Marcus Mitchell,Male,1990-01-16,36,Married,Permanent Resident,Professional,96378.0,50k-100k,D19,marcus.mitchell401@example.com,+65 8123 456789012,POL-0000917,2026-06-18,2026-07-26,PRULink Global Growth,Investment-Linked,Bancassurance,Monthly,-30000.83,296000.0,30000.83,0.1234,99,Inforce,1.0,False,,True,,False,,,,,73,True,CLM-0000917,2026-08-23,Day Surgery,56376.65,Approved,,13.0,False,False,-0.09,9,ASR-0052,5000.0,False,False,0.177,,,,,,,,,False,False,False,False,,,OUT_OF_RANGE,,,,,,,REVIEW,,144.0,44.0,235450,,20260726,NON_POSITIVE_PREMIUM
RID-0042065,CRM,31-08-2026 18:16,CUS-035918,Priya Nair,Female,1983-11-11,0,Married,Permanent Resident,Sales,80828.0,50k-100k,D06,priya.nair191@example.com,+65 83625129,POL-0042065,2024-12-30,2025-02-05,PRUFlexiCash,Savings & Wealth,Bancassurance,Semi-Annual,-45535.19,435000.0,45535.19,0.0341,99,Inforce,19.0,False,,True,,False,,,,,75,False,CLM-0042065,2025-05-31,Death Benefit,99999999.99,Approved,,-3.0,False,False,0.1,10,ASR-0005,10000.0,False,False,0.261,,,,,,,,,False,False,False,False,,OUT_OF_RANGE,OUT_OF_RANGE,,OUT_OF_RANGE,OUT_OF_RANGE,,,,REVIEW,,151.0,44.0,251414,,20250205,NON_POSITIVE_PREMIUM
RID-0015140,AGENCY_MGMT,31-08-2026 23:20,CUS-009316,Nicholas Wong,Male,1983-12-26,43,Single,Citizen,Manager,81397.0,50k-100k,D11,abc@@example..com,+65 97859558,POL-0015140,2025-08-04,2075-06-15,PRUActive Term,Protection,Digital,Semi-Annual,-6130.46,1257000.0,6130.46,0.2469,10,Inforce,12.0,False,,True,,False,,,,,0,False,CLM-0015140,2026-05-01,Death Benefit,4679.83,Approved,,1.0,False,False,-0.11,9,ASR-0027,25000.0,False,False,0.228,,,,,,,,,False,False,False,False,DATE_LOGIC_BREACH,,OUT_OF_RANGE,,,,,,,REVIEW,,146.0,42.0,251435,,20750615,NON_POSITIVE_PREMIUM
