customer_id,recency_days,frequency,monetary,r_score,f_score,m_score,rfm_code,customer_segment
,0,1765,18338061.370001327,5,5,5,555,Champions
1846.0,30,106,17773.22999999999,2,5,5,255,"At Risk"
1404.0,1,113,17600.109999999997,5,5,5,555,Champions
3969.0,87,109,17572.740000000005,1,5,5,155,"At Risk"
3727.0,26,108,17473.099999999995,2,5,5,255,"At Risk"
4900.0,5,115,17367.410000000007,4,5,5,455,Champions
4184.0,2,119,17303.999999999996,5,5,5,555,Champions
3845.0,6,126,17287.19000000001,4,5,5,455,Champions
1962.0,11,103,17212.999999999996,4,5,5,455,Champions
1343.0,0,105,17028.259999999995,5,5,5,555,Champions
3378.0,3,97,16938.889999999996,5,4,5,545,Champions
1169.0,90,104,16918.800000000003,1,5,5,155,"At Risk"
283.0,41,99,16879.78,1,4,5,145,"At Risk"
3680.0,28,122,16806.78,2,5,5,255,"At Risk"
559.0,26,114,16736.510000000002,2,5,5,255,"At Risk"
4915.0,7,115,16714.399999999998,4,5,5,455,Champions
2636.0,18,110,16667.04,3,5,5,355,Loyal
3424.0,8,116,16619.600000000006,4,5,5,455,Champions
3756.0,31,115,16388.45,2,5,5,255,"At Risk"
2771.0,5,106,16382.079999999996,4,5,5,455,Champions
2804.0,1,109,16349.959999999997,5,5,5,555,Champions
2360.0,71,101,16331.139999999994,1,4,5,145,"At Risk"
4337.0,47,99,16323.429999999997,1,4,5,145,"At Risk"
3865.0,15,112,16312.48,3,5,5,355,Loyal
3695.0,0,110,16268.349999999999,5,5,5,555,Champions
2895.0,42,95,16219.419999999993,1,3,5,135,"At Risk"
1966.0,24,105,16205.730000000003,2,5,5,255,"At Risk"
467.0,2,107,16188.26,5,5,5,555,Champions
4227.0,53,112,16182.669999999998,1,5,5,155,"At Risk"
2923.0,12,114,16157.079999999993,3,5,5,355,Loyal
249.0,34,105,16105.089999999997,2,5,5,255,"At Risk"
702.0,10,97,16090.01,4,4,5,445,Champions
4316.0,9,110,16060.849999999997,4,5,5,455,Champions
4078.0,19,117,16060.36,3,5,5,355,Loyal
1852.0,68,97,16047.01,1,4,5,145,"At Risk"
4510.0,9,118,16042.559999999992,4,5,5,455,Champions
267.0,29,97,16013.609999999997,2,4,5,245,"At Risk"
4524.0,7,112,15986.839999999993,4,5,5,455,Champions
701.0,42,103,15920.339999999993,1,5,5,155,"At Risk"
4377.0,1,105,15916.859999999995,5,5,5,555,Champions
2166.0,4,110,15863.13999999999,5,5,5,555,Champions
3285.0,27,115,15854.239999999996,2,5,5,255,"At Risk"
1867.0,3,95,15852.970000000001,5,3,5,535,Others
4742.0,21,104,15848.909999999994,3,5,5,355,Loyal
1824.0,105,102,15845.700000000003,1,5,5,155,"At Risk"
4396.0,17,115,15843.099999999997,3,5,5,355,Loyal
3469.0,19,114,15778.609999999999,3,5,5,355,Loyal
3317.0,61,89,15765.690000000006,1,2,5,125,Lost
455.0,18,101,15765.210000000001,3,4,5,345,Loyal
3678.0,27,98,15752.469999999998,2,4,5,245,"At Risk"
3873.0,2,108,15750.200000000003,5,5,5,555,Champions
509.0,58,105,15699.42,1,5,5,155,"At Risk"
3470.0,61,102,15697.789999999995,1,5,5,155,"At Risk"
3272.0,21,117,15681.679999999995,3,5,5,355,Loyal
4345.0,0,105,15657.519999999997,5,5,5,555,Champions
2308.0,71,100,15657.250000000002,1,4,5,145,"At Risk"
705.0,0,103,15641.620000000006,5,5,5,555,Champions
3794.0,3,92,15638.46,5,3,5,535,Others
2612.0,36,115,15572.920000000002,2,5,5,255,"At Risk"
132.0,2,102,15552.860000000006,5,5,5,555,Champions
414.0,2,97,15521.86,5,4,5,545,Champions
2217.0,49,119,15487.810000000001,1,5,5,155,"At Risk"
348.0,6,102,15483.890000000003,4,5,5,455,Champions
2124.0,24,101,15471.589999999997,2,4,5,245,"At Risk"
3544.0,26,120,15464.029999999993,2,5,5,255,"At Risk"
4356.0,7,103,15462.830000000005,4,5,5,455,Champions
4840.0,4,95,15461.050000000007,5,3,5,535,Others
66.0,3,114,15436.670000000004,5,5,5,555,Champions
3084.0,5,124,15430.329999999996,4,5,5,455,Champions
1324.0,2,110,15427.230000000003,5,5,5,555,Champions
4689.0,27,101,15412.680000000002,2,4,5,245,"At Risk"
250.0,12,103,15411.919999999998,3,5,5,355,Loyal
3857.0,17,109,15403.869999999995,3,5,5,355,Loyal
4604.0,26,106,15403.409999999996,2,5,5,255,"At Risk"
4869.0,14,113,15394.960000000008,3,5,5,355,Loyal
2461.0,13,108,15379.689999999999,3,5,5,355,Loyal
3856.0,33,99,15379.17,2,4,5,245,"At Risk"
2425.0,153,106,15368.119999999995,1,5,5,155,"At Risk"
224.0,0,103,15346.519999999993,5,5,5,555,Champions
3536.0,20,109,15334.550000000003,3,5,5,355,Loyal
2273.0,40,119,15311.140000000005,1,5,5,155,"At Risk"
2625.0,2,99,15294.429999999997,5,4,5,545,Champions
3172.0,35,107,15293.940000000004,2,5,5,255,"At Risk"
1869.0,9,118,15288.370000000006,4,5,5,455,Champions
394.0,14,99,15281.789999999999,3,4,5,345,Loyal
4079.0,34,103,15268.06,2,5,5,255,"At Risk"
3403.0,22,98,15249.889999999996,3,4,5,345,Loyal
4248.0,7,95,15242.070000000002,4,3,5,435,Others
3591.0,21,109,15241.009999999997,3,5,5,355,Loyal
4442.0,33,106,15235.069999999996,2,5,5,255,"At Risk"
724.0,10,101,15222.069999999998,4,4,5,445,Champions
4221.0,30,107,15186.929999999998,2,5,5,255,"At Risk"
4969.0,8,111,15140.369999999997,4,5,5,455,Champions
4723.0,5,97,15133.499999999995,4,4,5,445,Champions
3208.0,61,112,15124.350000000004,1,5,5,155,"At Risk"
526.0,18,100,15121.97,3,4,5,345,Loyal
4178.0,18,108,15107.120000000004,3,5,5,355,Loyal
2834.0,29,106,15098.130000000005,2,5,5,255,"At Risk"
4250.0,76,113,15097.089999999997,1,5,5,155,"At Risk"
1462.0,1,99,15068.789999999992,5,4,5,545,Champions
655.0,38,109,15068.550000000003,2,5,5,255,"At Risk"
4094.0,24,103,15053.85,2,5,5,255,"At Risk"
1888.0,2,102,15041.449999999999,5,5,5,555,Champions
4587.0,10,105,15041.200000000004,4,5,5,455,Champions
1575.0,33,108,15027.38,2,5,5,255,"At Risk"
3151.0,19,119,15019.729999999998,3,5,5,355,Loyal
4481.0,31,114,15018.729999999994,2,5,5,255,"At Risk"
2245.0,47,103,15012.74,1,5,5,155,"At Risk"
2977.0,4,112,14996.11,5,5,5,555,Champions
4769.0,53,115,14987.08999999999,1,5,5,155,"At Risk"
4955.0,9,120,14984.969999999996,4,5,5,455,Champions
1173.0,12,103,14972.029999999997,3,5,5,355,Loyal
1974.0,0,102,14969.89,5,5,5,555,Champions
369.0,33,115,14962.930000000006,2,5,5,255,"At Risk"
3415.0,6,105,14940.579999999998,4,5,5,455,Champions
3718.0,16,115,14934.799999999992,3,5,5,355,Loyal
1256.0,4,104,14928.409999999994,4,5,5,455,Champions
3705.0,35,98,14927.659999999996,2,4,5,245,"At Risk"
3782.0,2,102,14911.92000000001,5,5,5,555,Champions
4512.0,3,104,14909.479999999998,5,5,5,555,Champions
4014.0,25,111,14891.460000000006,2,5,5,255,"At Risk"
716.0,7,103,14888.539999999995,4,5,5,455,Champions
884.0,23,99,14884.049999999997,2,4,5,245,"At Risk"
2574.0,23,103,14873.270000000006,2,5,5,255,"At Risk"
404.0,24,100,14835.279999999999,2,4,5,245,"At Risk"
1074.0,53,97,14818.980000000001,1,4,5,145,"At Risk"
4890.0,34,105,14818.410000000005,2,5,5,255,"At Risk"
3676.0,31,105,14817.619999999999,2,5,5,255,"At Risk"
1648.0,6,103,14816.05,4,5,5,455,Champions
4546.0,10,107,14811.380000000003,4,5,5,455,Champions
34.0,16,96,14792.320000000002,3,4,5,345,Loyal
1638.0,30,109,14789.180000000008,2,5,5,255,"At Risk"
1545.0,5,108,14767.75,4,5,5,455,Champions
2578.0,35,118,14766.850000000002,2,5,5,255,"At Risk"
4.0,40,86,14759.840000000004,1,2,5,125,Lost
4563.0,2,95,14752.539999999999,5,3,5,535,Others
1688.0,9,104,14751.919999999995,4,5,5,455,Champions
243.0,4,94,14744.180000000002,5,3,5,535,Others
2807.0,77,95,14740.649999999998,1,3,5,135,"At Risk"
2591.0,2,99,14735.630000000001,5,4,5,545,Champions
4949.0,14,101,14730.640000000003,3,4,5,345,Loyal
4725.0,2,97,14729.370000000006,5,4,5,545,Champions
211.0,6,110,14728.239999999998,4,5,5,455,Champions
2420.0,34,106,14727.239999999996,2,5,5,255,"At Risk"
456.0,0,114,14721.119999999997,5,5,5,555,Champions
1104.0,20,95,14715.050000000001,3,3,5,335,Others
3972.0,17,95,14702.639999999998,3,3,5,335,Others
1642.0,0,97,14701.200000000004,5,4,5,545,Champions
2183.0,58,96,14700.170000000004,1,3,5,135,"At Risk"
1327.0,13,106,14695.8,3,5,5,355,Loyal
1535.0,0,120,14675.880000000003,5,5,5,555,Champions
4263.0,11,110,14675.300000000001,4,5,5,455,Champions
743.0,8,123,14671.82,4,5,5,455,Champions
2110.0,9,111,14661.729999999998,4,5,5,455,Champions
3448.0,37,101,14661.04,2,4,5,245,"At Risk"
4684.0,9,108,14655.349999999999,4,5,5,455,Champions
273.0,33,107,14655.139999999998,2,5,5,255,"At Risk"
2568.0,6,104,14655.1,4,5,5,455,Champions
1102.0,5,95,14635.820000000003,4,3,5,435,Others
2161.0,7,94,14630.140000000003,4,3,5,435,Others
4233.0,32,108,14620.870000000003,2,5,5,255,"At Risk"
656.0,10,96,14620.439999999991,4,4,5,445,Champions
1777.0,31,109,14620.36999999999,2,5,5,255,"At Risk"
2758.0,67,92,14612.930000000004,1,3,5,135,"At Risk"
2717.0,9,110,14608.95,4,5,5,455,Champions
3875.0,83,105,14607.820000000005,1,5,5,155,"At Risk"
372.0,60,108,14606.250000000007,1,5,5,155,"At Risk"
2604.0,7,102,14601.830000000002,4,5,5,455,Champions
1290.0,9,103,14594.05,4,5,5,455,Champions
4632.0,54,103,14588.119999999999,1,5,5,155,"At Risk"
1096.0,5,93,14587.290000000005,4,3,5,435,Others
2832.0,0,111,14583.619999999994,5,5,5,555,Champions
341.0,33,118,14578.550000000001,2,5,5,255,"At Risk"
2975.0,20,103,14574.239999999998,3,5,5,355,Loyal
301.0,23,122,14571.119999999995,2,5,5,255,"At Risk"
4245.0,33,94,14570.440000000008,2,3,5,235,"At Risk"
4402.0,3,98,14561.229999999992,5,4,5,545,Champions
4560.0,0,108,14527.12,5,5,5,555,Champions
983.0,0,99,14522.610000000004,5,4,5,545,Champions
2277.0,25,109,14516.66,2,5,5,255,"At Risk"
3430.0,7,92,14515.660000000002,4,3,5,435,Others
2740.0,42,104,14492.769999999997,1,5,5,155,"At Risk"
2267.0,40,92,14490.649999999996,1,3,5,135,"At Risk"
4691.0,70,110,14489.980000000001,1,5,5,155,"At Risk"
791.0,11,102,14489.330000000002,4,5,5,455,Champions
4875.0,30,113,14476.32,2,5,5,255,"At Risk"
870.0,9,113,14466.75,4,5,5,455,Champions
4371.0,60,107,14464.13,1,5,5,155,"At Risk"
807.0,12,83,14460.479999999998,3,1,5,315,Others
1111.0,13,108,14458.579999999996,3,5,5,355,Loyal
2971.0,3,101,14452.739999999998,5,4,5,545,Champions
337.0,6,95,14451.88,4,3,5,435,Others
1585.0,18,121,14449.169999999995,3,5,5,355,Loyal
540.0,10,96,14441.309999999998,4,4,5,445,Champions
2328.0,5,100,14430.310000000003,4,4,5,445,Champions
4495.0,48,112,14428.379999999992,1,5,5,155,"At Risk"
3435.0,15,102,14422.500000000002,3,5,5,355,Loyal
2147.0,0,105,14422.24,5,5,5,555,Champions
1996.0,12,96,14421.880000000003,3,4,5,345,Loyal
2149.0,20,97,14421.21,3,4,5,345,Loyal
3564.0,71,105,14417.249999999993,1,5,5,155,"At Risk"
1372.0,25,108,14414.179999999995,2,5,5,255,"At Risk"
590.0,25,96,14411.05,2,3,5,235,"At Risk"
2432.0,24,89,14408.650000000009,2,2,5,225,Lost
3560.0,6,112,14407.779999999997,4,5,5,455,Champions
2261.0,29,107,14404.509999999998,2,5,5,255,"At Risk"
1914.0,9,104,14398.51,4,5,5,455,Champions
356.0,7,107,14396.779999999995,4,5,5,455,Champions
1037.0,2,103,14396.420000000002,5,5,5,555,Champions
1948.0,28,93,14396.079999999996,2,3,5,235,"At Risk"
1348.0,9,121,14395.289999999997,4,5,5,455,Champions
1223.0,57,87,14385.470000000001,1,2,5,125,Lost
1333.0,3,115,14382.84,5,5,5,555,Champions
4308.0,35,103,14372.000000000004,2,5,5,255,"At Risk"
2015.0,32,93,14371.409999999994,2,3,5,235,"At Risk"
1387.0,2,110,14369.45,5,5,5,555,Champions
1982.0,17,100,14363.579999999993,3,4,5,345,Loyal
2437.0,34,98,14357.529999999999,2,4,5,245,"At Risk"
1090.0,11,113,14355.430000000002,3,5,5,355,Loyal
1843.0,4,99,14350.940000000004,5,4,5,545,Champions
3385.0,36,121,14348.92,2,5,5,255,"At Risk"
1692.0,2,80,14343.47,5,1,5,515,Others
4968.0,0,104,14340.710000000005,5,5,5,555,Champions
1825.0,8,98,14330.979999999994,4,4,5,445,Champions
3913.0,4,96,14327.21,5,4,5,545,Champions
1728.0,6,91,14323.700000000003,4,3,5,435,Others
448.0,27,109,14323.099999999995,2,5,5,255,"At Risk"
265.0,23,99,14322.810000000007,2,4,5,245,"At Risk"
1619.0,33,96,14321.879999999996,2,3,5,235,"At Risk"
1477.0,16,107,14320.72,3,5,5,355,Loyal
878.0,6,108,14317.219999999998,4,5,5,455,Champions
516.0,9,104,14313.880000000003,4,5,5,455,Champions
3337.0,32,119,14311.029999999997,2,5,5,255,"At Risk"
3362.0,18,110,14304.119999999994,3,5,5,355,Loyal
1730.0,2,99,14296.25,5,4,5,545,Champions
2927.0,88,80,14292.56,1,1,5,115,Lost
1538.0,26,106,14291.159999999993,2,5,5,255,"At Risk"
1115.0,46,112,14290.390000000001,1,5,5,155,"At Risk"
3535.0,12,118,14288.979999999996,3,5,5,355,Loyal
1748.0,42,99,14288.74,1,4,5,145,"At Risk"
229.0,32,103,14283.620000000003,2,5,5,255,"At Risk"
2342.0,3,106,14281.75,5,5,5,555,Champions
4450.0,43,100,14264.200000000006,1,4,5,145,"At Risk"
4343.0,38,88,14256.430000000002,2,2,5,225,Lost
1883.0,3,112,14250.919999999993,5,5,5,555,Champions
142.0,44,103,14249.77,1,5,5,155,"At Risk"
2350.0,64,111,14245.539999999995,1,5,5,155,"At Risk"
2076.0,19,103,14237.700000000004,3,5,5,355,Loyal
3184.0,3,96,14234.330000000004,5,4,5,545,Champions
4731.0,3,97,14233.539999999999,5,4,5,545,Champions
828.0,32,97,14228.109999999995,2,4,5,245,"At Risk"
3331.0,9,91,14227.87999999999,4,3,5,435,Others
2324.0,4,98,14218.539999999995,5,4,5,545,Champions
1752.0,39,105,14209.88,1,5,5,155,"At Risk"
2783.0,8,101,14196.499999999995,4,4,5,445,Champions
366.0,35,95,14195.339999999997,2,3,5,235,"At Risk"
586.0,7,106,14189.209999999994,4,5,5,455,Champions
3043.0,12,105,14188.310000000001,3,5,5,355,Loyal
4212.0,15,93,14184.32,3,3,5,335,Others
2900.0,18,103,14183.75,3,5,5,355,Loyal
2252.0,5,92,14183.559999999996,4,3,5,435,Others
1604.0,9,106,14179.650000000001,4,5,5,455,Champions
2744.0,21,92,14178.850000000004,3,3,5,335,Others
357.0,29,98,14175.619999999997,2,4,5,245,"At Risk"
795.0,49,100,14171.349999999999,1,4,5,145,"At Risk"
3495.0,30,95,14159.259999999993,2,3,5,235,"At Risk"
3579.0,15,114,14156.519999999995,3,5,5,355,Loyal
3614.0,19,110,14155.939999999999,3,5,5,355,Loyal
2359.0,16,94,14149.499999999993,3,3,5,335,Others
2163.0,2,109,14145.41,5,5,5,555,Champions
3688.0,8,114,14144.599999999995,4,5,5,455,Champions
3402.0,27,101,14142.939999999995,2,4,5,245,"At Risk"
4911.0,5,98,14139.610000000006,4,4,5,445,Champions
2930.0,6,99,14138.48,4,4,5,445,Champions
946.0,76,94,14136.52,1,3,5,135,"At Risk"
1431.0,1,98,14132.3,5,4,5,545,Champions
3801.0,1,94,14129.000000000004,5,3,5,535,Others
2290.0,6,111,14124.390000000003,4,5,5,455,Champions
4572.0,13,111,14123.260000000004,3,5,5,355,Loyal
1061.0,15,97,14119.300000000001,3,4,5,345,Loyal
3294.0,5,109,14116.529999999999,4,5,5,455,Champions
2919.0,56,94,14109.919999999998,1,3,5,135,"At Risk"
2030.0,4,100,14106.4,5,4,5,545,Champions
4959.0,0,93,14101.769999999995,5,3,5,535,Others
4088.0,32,92,14097.989999999996,2,3,5,235,"At Risk"
3506.0,8,99,14095.780000000002,4,4,5,445,Champions
2512.0,12,95,14084.090000000002,3,3,5,335,Others
4017.0,4,105,14082.450000000004,5,5,5,555,Champions
2812.0,16,97,14077.779999999999,3,4,5,345,Loyal
4398.0,15,101,14068.829999999998,3,4,5,345,Loyal
1143.0,5,90,14066.669999999996,4,2,5,425,Others
4811.0,34,89,14064.959999999994,2,2,5,225,Lost
3209.0,22,89,14063.009999999997,3,2,5,325,Others
4360.0,1,102,14056.110000000002,5,5,5,555,Champions
3407.0,58,96,14051.67,1,3,5,135,"At Risk"
1789.0,8,97,14044.86,4,4,5,445,Champions
492.0,12,95,14044.659999999998,3,3,5,335,Others
3288.0,24,100,14026.899999999996,2,4,5,245,"At Risk"
2170.0,1,108,14025.509999999997,5,5,5,555,Champions
1393.0,27,104,14018.569999999996,2,5,5,255,"At Risk"
4239.0,36,120,14012.729999999998,2,5,5,255,"At Risk"
1039.0,2,124,14009.079999999989,5,5,5,555,Champions
1957.0,8,103,14007.499999999995,4,5,5,455,Champions
713.0,3,90,14003.15,5,2,5,525,Others
2774.0,37,96,13999.249999999996,2,3,5,235,"At Risk"
1508.0,4,96,13977.25,4,4,5,445,Champions
3636.0,25,116,13971.650000000001,2,5,5,255,"At Risk"
506.0,34,99,13968.13,2,4,5,245,"At Risk"
3864.0,8,102,13967.810000000001,4,5,5,455,Champions
4645.0,3,102,13963.67,5,5,5,555,Champions
4117.0,3,95,13955.299999999997,5,3,5,535,Others
245.0,11,97,13948.57,4,4,5,445,Champions
1706.0,34,86,13947.819999999998,2,2,5,225,Lost
190.0,19,90,13945.259999999991,3,2,5,325,Others
1714.0,22,98,13924.74,2,4,5,245,"At Risk"
4942.0,5,103,13922.990000000005,4,5,5,455,Champions
2438.0,75,110,13922.390000000005,1,5,5,155,"At Risk"
4366.0,33,107,13921.31,2,5,5,255,"At Risk"
1481.0,9,119,13919.470000000005,4,5,5,455,Champions
2344.0,112,109,13916.57,1,5,5,155,"At Risk"
4945.0,28,108,13908.690000000002,2,5,5,255,"At Risk"
4336.0,35,102,13904.949999999999,2,5,5,255,"At Risk"
4994.0,1,103,13900.709999999997,5,5,5,555,Champions
3853.0,55,112,13899.860000000002,1,5,5,155,"At Risk"
1968.0,23,110,13894.970000000005,2,5,5,255,"At Risk"
1812.0,17,109,13891.839999999995,3,5,5,355,Loyal
3795.0,8,95,13889.46,4,3,5,435,Others
4630.0,6,101,13888.360000000004,4,4,5,445,Champions
681.0,1,106,13885.48,5,5,5,555,Champions
601.0,5,111,13883.110000000002,4,5,5,455,Champions
4675.0,7,94,13882.71,4,3,5,435,Others
2679.0,59,105,13879.67,1,5,5,155,"At Risk"
1679.0,11,102,13879.159999999993,3,5,5,355,Loyal
1842.0,3,97,13877.499999999998,5,4,5,545,Champions
1426.0,9,108,13876.69,4,5,5,455,Champions
3077.0,36,101,13875.999999999993,2,4,5,245,"At Risk"
3169.0,18,117,13863.879999999992,3,5,5,355,Loyal
2439.0,22,106,13861.880000000001,3,5,5,355,Loyal
2968.0,20,104,13860.019999999991,3,5,5,355,Loyal
4568.0,61,105,13859.709999999992,1,5,5,155,"At Risk"
3252.0,2,98,13854.38,5,4,5,545,Champions
4562.0,48,91,13850.07,1,2,5,125,Lost
757.0,48,88,13848.509999999995,1,2,5,125,Lost
483.0,22,102,13848.300000000001,3,5,5,355,Loyal
2250.0,9,98,13846.689999999995,4,4,5,445,Champions
4567.0,35,96,13846.419999999998,2,3,5,235,"At Risk"
2524.0,24,110,13842.479999999998,2,5,5,255,"At Risk"
1461.0,8,116,13839.049999999997,4,5,5,455,Champions
838.0,20,100,13834.419999999996,3,4,5,345,Loyal
3476.0,27,100,13829.519999999999,2,4,5,245,"At Risk"
1878.0,17,106,13827.029999999997,3,5,5,355,Loyal
2218.0,24,110,13825.949999999999,2,5,5,255,"At Risk"
3554.0,64,89,13820.389999999996,1,2,5,125,Lost
2925.0,34,103,13818.359999999997,2,5,5,255,"At Risk"
1902.0,20,97,13817.799999999997,3,4,5,345,Loyal
1316.0,19,97,13817.469999999998,3,4,5,345,Loyal
916.0,116,87,13813.209999999997,1,2,5,125,Lost
3879.0,20,100,13813.199999999999,3,4,5,345,Loyal
1591.0,3,101,13811.46,5,4,5,545,Champions
2288.0,5,91,13799.280000000002,4,3,5,435,Others
3883.0,21,107,13795.280000000002,3,5,5,355,Loyal
2386.0,19,113,13794.899999999998,3,5,5,355,Loyal
3890.0,6,101,13789.850000000004,4,4,5,445,Champions
386.0,25,101,13786.069999999996,2,4,5,245,"At Risk"
3698.0,0,103,13785.509999999997,5,5,5,555,Champions
4808.0,0,100,13779.969999999996,5,4,5,545,Champions
405.0,20,99,13772.84,3,4,5,345,Loyal
3717.0,6,100,13770.989999999998,4,4,5,445,Champions
1936.0,2,103,13764.15,5,5,5,555,Champions
1700.0,33,104,13763.230000000001,2,5,5,255,"At Risk"
1093.0,16,113,13754.01,3,5,5,355,Loyal
2318.0,83,93,13749.960000000006,1,3,5,135,"At Risk"
3979.0,10,94,13749.429999999997,4,3,5,435,Others
3393.0,77,111,13742.689999999999,1,5,5,155,"At Risk"
1583.0,8,92,13742.500000000002,4,3,5,435,Others
1177.0,6,94,13741.530000000004,4,3,5,435,Others
2254.0,20,102,13740.989999999996,3,5,5,355,Loyal
3668.0,0,105,13740.76,5,5,5,555,Champions
1701.0,20,93,13733.019999999997,3,3,5,335,Others
2899.0,24,100,13725.9,2,4,5,245,"At Risk"
3760.0,15,108,13725.529999999993,3,5,5,355,Loyal
4783.0,37,106,13721.830000000004,2,5,5,255,"At Risk"
890.0,37,103,13718.949999999999,2,5,5,255,"At Risk"
2302.0,14,106,13712.6,3,5,5,355,Loyal
4997.0,8,109,13704.689999999995,4,5,5,455,Champions
1537.0,13,89,13703.699999999999,3,2,5,325,Others
913.0,76,96,13701.740000000003,1,3,5,135,"At Risk"
3981.0,29,102,13694.059999999998,2,5,5,255,"At Risk"
3045.0,34,105,13693.960000000006,2,5,5,255,"At Risk"
4513.0,32,94,13691.589999999997,2,3,5,235,"At Risk"
2351.0,30,104,13691.239999999994,2,5,5,255,"At Risk"
3100.0,63,115,13687.449999999997,1,5,5,155,"At Risk"
3035.0,0,100,13685.790000000005,5,4,5,545,Champions
1616.0,7,109,13685.039999999997,4,5,5,455,Champions
333.0,17,103,13683.589999999997,3,5,5,355,Loyal
3640.0,20,111,13681.470000000003,3,5,5,355,Loyal
3524.0,2,110,13671.619999999997,5,5,5,555,Champions
4472.0,12,97,13670.390000000001,3,4,5,345,Loyal
4103.0,22,104,13669.080000000004,3,5,5,355,Loyal
4215.0,4,108,13669.050000000003,5,5,5,555,Champions
652.0,4,114,13667.75,5,5,5,555,Champions
4500.0,4,107,13666.460000000001,5,5,5,555,Champions
359.0,34,102,13666.389999999998,2,5,5,255,"At Risk"
2451.0,45,98,13663.06,1,4,5,145,"At Risk"
130.0,12,90,13662.969999999998,3,2,5,325,Others
738.0,7,92,13658.789999999999,4,3,5,435,Others
751.0,14,98,13657.749999999998,3,4,5,345,Loyal
2084.0,31,107,13651.510000000002,2,5,5,255,"At Risk"
809.0,20,104,13649.75,3,5,5,355,Loyal
4315.0,29,94,13645.469999999998,2,3,5,235,"At Risk"
2609.0,30,104,13644.210000000001,2,5,5,255,"At Risk"
4534.0,20,91,13632.77,3,3,5,335,Others
117.0,0,112,13631.679999999998,5,5,5,555,Champions
3194.0,8,115,13625.53,4,5,5,455,Champions
319.0,45,108,13622.550000000007,1,5,5,155,"At Risk"
3541.0,10,100,13616.77,4,4,5,445,Champions
227.0,15,111,13615.840000000002,3,5,5,355,Loyal
511.0,46,99,13611.87,1,4,5,145,"At Risk"
3016.0,38,112,13610.329999999996,2,5,5,255,"At Risk"
3010.0,25,116,13610.240000000005,2,5,5,255,"At Risk"
1835.0,27,117,13606.330000000004,2,5,5,255,"At Risk"
4657.0,15,98,13603.779999999993,3,4,5,345,Loyal
4022.0,28,94,13595.4,2,3,5,235,"At Risk"
2064.0,12,104,13591.099999999995,3,5,5,355,Loyal
3164.0,18,100,13589.619999999999,3,4,5,345,Loyal
2268.0,60,99,13586.510000000002,1,4,5,145,"At Risk"
4039.0,5,87,13578.35,4,2,5,425,Others
53.0,2,97,13578.319999999994,5,4,5,545,Champions
4784.0,9,90,13577.189999999991,4,2,5,425,Others
707.0,28,97,13576.849999999999,2,4,5,245,"At Risk"
1862.0,34,111,13572.849999999999,2,5,5,255,"At Risk"
4557.0,10,96,13570.229999999996,4,4,5,445,Champions
1865.0,5,122,13567.949999999995,4,5,5,455,Champions
4086.0,10,109,13563.660000000002,4,5,5,455,Champions
3.0,50,93,13562.009999999997,1,3,5,135,"At Risk"
1626.0,2,108,13559.929999999997,5,5,5,555,Champions
4112.0,20,104,13559.179999999993,3,5,5,355,Loyal
3187.0,6,109,13555.050000000001,4,5,5,455,Champions
3984.0,10,113,13546.240000000003,4,5,5,455,Champions
2114.0,8,97,13543.010000000004,4,4,5,445,Champions
856.0,27,97,13537.39,2,4,5,245,"At Risk"
3165.0,19,97,13536.299999999997,3,4,5,345,Loyal
4019.0,8,101,13535.060000000007,4,4,5,445,Champions
3336.0,4,103,13533.880000000003,5,5,5,555,Champions
260.0,8,91,13533.590000000002,4,3,5,435,Others
4321.0,23,101,13533.539999999997,2,4,5,245,"At Risk"
2349.0,68,99,13533.489999999998,1,4,5,145,"At Risk"
2068.0,11,109,13533.069999999996,4,5,5,455,Champions
4798.0,15,89,13532.780000000002,3,2,5,325,Others
470.0,90,102,13532.280000000004,1,5,5,155,"At Risk"
2613.0,26,107,13528.179999999997,2,5,5,255,"At Risk"
808.0,20,98,13525.820000000003,3,4,5,345,Loyal
4735.0,4,91,13517.969999999996,5,3,5,535,Others
3381.0,33,113,13517.440000000002,2,5,5,255,"At Risk"
4847.0,87,96,13517.400000000005,1,3,5,135,"At Risk"
4136.0,0,107,13515.490000000003,5,5,5,555,Champions
4361.0,9,105,13514.2,4,5,5,455,Champions
3956.0,11,96,13500.92,4,4,5,445,Champions
768.0,17,109,13500.719999999988,3,5,5,355,Loyal
3790.0,20,89,13497.73,3,2,5,325,Others
4586.0,23,90,13497.379999999996,2,2,5,225,Lost
4467.0,7,112,13494.400000000005,4,5,5,455,Champions
4952.0,23,116,13491.150000000001,2,5,5,255,"At Risk"
1941.0,32,104,13488.009999999995,2,5,5,255,"At Risk"
4685.0,24,102,13483.80999999999,2,5,5,255,"At Risk"
340.0,9,92,13480.609999999997,4,3,5,435,Others
3594.0,9,119,13478.350000000004,4,5,5,455,Champions
3817.0,46,104,13476.220000000001,1,5,5,155,"At Risk"
550.0,39,95,13475.319999999994,1,3,5,135,"At Risk"
784.0,47,101,13474.750000000002,1,4,5,145,"At Risk"
3566.0,3,104,13473.74,5,5,5,555,Champions
1964.0,11,102,13473.010000000004,4,5,5,455,Champions
2951.0,46,116,13470.830000000004,1,5,5,155,"At Risk"
1349.0,45,114,13464.639999999998,1,5,5,155,"At Risk"
3825.0,8,111,13463.199999999999,4,5,5,455,Champions
1775.0,33,100,13459.82,2,4,5,245,"At Risk"
4082.0,2,96,13458.189999999995,5,4,5,545,Champions
1457.0,3,104,13457.259999999995,5,5,5,555,Champions
2174.0,2,111,13456.029999999997,5,5,5,555,Champions
3364.0,15,114,13450.939999999997,3,5,5,355,Loyal
2190.0,13,100,13450,3,4,5,345,Loyal
552.0,18,98,13445.850000000002,3,4,5,345,Loyal
1682.0,8,116,13443.779999999997,4,5,5,455,Champions
781.0,3,110,13442.810000000001,5,5,5,555,Champions
2796.0,46,106,13442.25,1,5,5,155,"At Risk"
4380.0,0,109,13429.94,5,5,5,555,Champions
1071.0,4,104,13428.779999999995,4,5,5,455,Champions
4864.0,26,94,13426.090000000002,2,3,5,235,"At Risk"
3489.0,9,98,13417.490000000002,4,4,5,445,Champions
3439.0,5,106,13417.360000000004,4,5,5,455,Champions
4850.0,12,99,13415.709999999997,3,4,5,345,Loyal
764.0,0,108,13414.549999999992,5,5,5,555,Champions
4824.0,19,100,13414.429999999998,3,4,5,345,Loyal
2809.0,46,102,13406.66,1,5,5,155,"At Risk"
2730.0,17,112,13405.570000000002,3,5,5,355,Loyal
4669.0,19,109,13403.179999999997,3,5,5,355,Loyal
3830.0,27,99,13401.539999999995,2,4,5,245,"At Risk"
4893.0,4,100,13387.919999999996,5,4,5,545,Champions
437.0,31,88,13386.590000000004,2,2,5,225,Lost
3310.0,9,109,13384.800000000001,4,5,5,455,Champions
2137.0,3,106,13380.249999999998,5,5,5,555,Champions
4577.0,85,109,13378.009999999987,1,5,5,155,"At Risk"
1195.0,8,105,13376.289999999999,4,5,5,455,Champions
660.0,2,98,13372.219999999996,5,4,5,545,Champions
2869.0,67,91,13371.739999999993,1,2,5,125,Lost
3799.0,46,104,13369.830000000002,1,5,5,155,"At Risk"
3426.0,32,95,13363.22,2,3,5,235,"At Risk"
3253.0,21,108,13362.509999999995,3,5,5,355,Loyal
2986.0,13,105,13358.569999999998,3,5,5,355,Loyal
1548.0,26,97,13358.470000000001,2,4,5,245,"At Risk"
1049.0,14,105,13358.05,3,5,5,355,Loyal
3513.0,67,93,13357.320000000002,1,3,5,135,"At Risk"
4796.0,20,107,13352.099999999997,3,5,5,355,Loyal
2939.0,11,91,13351.039999999999,4,3,5,435,Others
1815.0,24,98,13350.759999999995,2,4,5,245,"At Risk"
2129.0,42,100,13349.550000000003,1,4,5,145,"At Risk"
2965.0,2,100,13349.179999999995,5,4,5,545,Champions
1699.0,32,114,13348.690000000004,2,5,5,255,"At Risk"
1840.0,0,115,13347.27,5,5,5,555,Champions
766.0,3,93,13347.050000000001,5,3,5,535,Others
1273.0,4,94,13343.879999999994,4,3,5,435,Others
3083.0,18,109,13342.059999999998,3,5,5,355,Loyal
1130.0,71,97,13339.800000000001,1,4,5,145,"At Risk"
3263.0,83,95,13337.429999999998,1,3,5,135,"At Risk"
2849.0,1,105,13336.649999999994,5,5,5,555,Champions
2445.0,62,98,13334.429999999995,1,4,5,145,"At Risk"
632.0,12,90,13334.380000000001,3,2,5,325,Others
3458.0,52,106,13333.999999999998,1,5,5,155,"At Risk"
3473.0,66,103,13330.319999999996,1,5,5,155,"At Risk"
1633.0,25,101,13324.079999999994,2,4,5,245,"At Risk"
4530.0,15,101,13323.999999999998,3,4,5,345,Loyal
1026.0,61,99,13323.670000000004,1,4,5,145,"At Risk"
4813.0,3,111,13322.100000000002,5,5,5,555,Champions
978.0,9,96,13321.149999999996,4,4,5,445,Champions
4624.0,31,107,13317.049999999997,2,5,5,255,"At Risk"
942.0,12,91,13316.999999999998,3,3,5,335,Others
927.0,2,101,13314.36,5,5,5,555,Champions
1503.0,2,100,13310.659999999998,5,4,5,545,Champions
4181.0,48,94,13309.979999999998,1,3,5,135,"At Risk"
3293.0,8,110,13308.250000000004,4,5,5,455,Champions
1248.0,72,111,13307.35999999999,1,5,5,155,"At Risk"
4668.0,15,111,13303.290000000005,3,5,5,355,Loyal
464.0,8,94,13301.780000000004,4,3,5,435,Others
4839.0,0,106,13291.42,5,5,5,555,Champions
3820.0,14,119,13289.020000000002,3,5,5,355,Loyal
20.0,3,90,13282.6,5,2,5,525,Others
2727.0,123,101,13280.749999999998,1,4,5,145,"At Risk"
2934.0,46,86,13278.350000000002,1,2,5,125,Lost
124.0,9,84,13278.14,4,1,5,415,Others
3156.0,4,95,13271.689999999997,5,3,5,535,Others
974.0,19,102,13271.040000000005,3,5,5,355,Loyal
410.0,31,103,13266.509999999995,2,5,5,255,"At Risk"
2036.0,3,104,13266.029999999988,5,5,5,555,Champions
3515.0,0,91,13262.310000000003,5,2,5,525,Others
4525.0,13,94,13261.410000000003,3,3,5,335,Others
3467.0,1,106,13260.199999999995,5,5,5,555,Champions
3568.0,12,101,13260.029999999999,3,4,5,345,Loyal
3170.0,1,90,13259.530000000002,5,2,5,525,Others
3585.0,23,104,13256.189999999997,2,5,5,255,"At Risk"
2340.0,8,98,13253.680000000002,4,4,5,445,Champions
2156.0,6,101,13251.239999999998,4,4,5,445,Champions
2272.0,40,99,13250.919999999996,1,4,5,145,"At Risk"
2659.0,12,117,13248.900000000003,3,5,5,355,Loyal
2390.0,32,102,13247.620000000003,2,5,5,255,"At Risk"
4867.0,15,99,13243.880000000001,3,4,5,345,Loyal
487.0,39,91,13241.329999999996,1,2,5,125,Lost
2226.0,4,102,13240.75,5,5,5,555,Champions
1156.0,15,109,13238.230000000001,3,5,5,355,Loyal
1791.0,34,92,13237.079999999998,2,3,5,235,"At Risk"
444.0,47,97,13234.699999999999,1,4,5,145,"At Risk"
58.0,69,93,13234.210000000001,1,3,5,135,"At Risk"
3387.0,34,110,13232.57,2,5,5,255,"At Risk"
1309.0,19,102,13232.100000000002,3,5,5,355,Loyal
2346.0,19,103,13231.3,3,5,5,355,Loyal
1099.0,76,110,13229.329999999996,1,5,5,155,"At Risk"
4643.0,10,89,13228.020000000004,4,2,5,425,Others
1276.0,12,111,13226.96,3,5,5,355,Loyal
3860.0,5,99,13226.349999999997,4,4,5,445,Champions
2911.0,7,91,13224.199999999999,4,3,5,435,Others
3071.0,37,103,13223.899999999992,2,5,5,255,"At Risk"
2244.0,53,99,13222.460000000001,1,4,5,145,"At Risk"
2385.0,14,94,13219.069999999998,3,3,5,335,Others
134.0,83,100,13217.929999999995,1,4,5,145,"At Risk"
1305.0,50,99,13216.919999999998,1,4,5,145,"At Risk"
4211.0,3,90,13216.230000000001,5,2,5,525,Others
1315.0,54,98,13216.09,1,4,5,145,"At Risk"
4335.0,8,99,13215.830000000002,4,4,5,445,Champions
1589.0,5,110,13214.539999999997,4,5,5,455,Champions
2380.0,2,113,13214.179999999998,5,5,5,555,Champions
970.0,58,112,13213.479999999996,1,5,5,155,"At Risk"
2317.0,32,93,13211.869999999997,2,3,5,235,"At Risk"
3419.0,41,91,13208.240000000003,1,2,5,125,Lost
3706.0,30,90,13204.079999999998,2,2,5,225,Lost
3446.0,5,100,13201.740000000002,4,4,5,445,Champions
2521.0,11,107,13199.45,4,5,5,455,Champions
4871.0,16,112,13199.13,3,5,5,355,Loyal
85.0,22,97,13197.869999999999,3,4,5,345,Loyal
3189.0,49,87,13197.49,1,2,5,125,Lost
315.0,1,94,13194.429999999993,5,3,5,535,Others
1940.0,4,103,13194.36,5,5,5,555,Champions
3007.0,9,95,13190.399999999994,4,3,5,435,Others
3051.0,26,106,13189.269999999999,2,5,5,255,"At Risk"
4175.0,59,98,13187.119999999995,1,4,5,145,"At Risk"
4067.0,101,104,13186.869999999997,1,5,5,155,"At Risk"
4922.0,15,100,13185.759999999997,3,4,5,345,Loyal
1389.0,3,103,13185.109999999999,5,5,5,555,Champions
798.0,41,95,13180.380000000005,1,3,5,135,"At Risk"
4152.0,14,95,13180.249999999996,3,3,5,335,Others
3485.0,3,92,13176.210000000005,5,3,5,535,Others
665.0,11,92,13175.069999999996,4,3,5,435,Others
3780.0,1,105,13174.390000000001,5,5,5,555,Champions
1832.0,25,108,13173.889999999996,2,5,5,255,"At Risk"
2982.0,39,91,13173.63,1,2,5,125,Lost
364.0,33,98,13171.16,2,4,5,245,"At Risk"
571.0,1,103,13171.130000000003,5,5,5,555,Champions
1493.0,1,87,13169.540000000003,5,2,5,525,Others
4762.0,6,93,13165.190000000002,4,3,5,435,Others
3464.0,23,94,13163.319999999994,2,3,5,235,"At Risk"
733.0,6,91,13161.089999999995,4,3,5,435,Others
3733.0,53,108,13158.480000000005,1,5,5,155,"At Risk"
3602.0,41,96,13156.659999999993,1,3,5,135,"At Risk"
2292.0,4,104,13156.130000000001,5,5,5,555,Champions
4986.0,11,106,13155.95,4,5,5,455,Champions
4313.0,69,98,13154.459999999997,1,4,5,145,"At Risk"
3073.0,3,104,13153.749999999998,5,5,5,555,Champions
3870.0,6,91,13152.539999999999,4,3,5,435,Others
4440.0,23,98,13152.28,2,4,5,245,"At Risk"
4860.0,16,100,13149.27,3,4,5,345,Loyal
324.0,0,111,13144.879999999996,5,5,5,555,Champions
38.0,6,78,13144.129999999997,4,1,5,415,Others
4826.0,8,120,13141.720000000003,4,5,5,455,Champions
1893.0,22,103,13140.960000000006,2,5,5,255,"At Risk"
2434.0,66,94,13140.62,1,3,5,135,"At Risk"
4487.0,12,102,13132.559999999996,3,5,5,355,Loyal
3656.0,70,87,13131.51,1,2,5,125,Lost
308.0,12,88,13124.23,3,2,5,325,Others
2069.0,9,98,13121.809999999996,4,4,5,445,Champions
4418.0,17,104,13119.97,3,5,5,355,Loyal
3412.0,11,95,13119.1,4,3,5,435,Others
1485.0,8,100,13111.899999999998,4,4,5,445,Champions
1007.0,20,91,13111.8,3,3,5,335,Others
3784.0,22,91,13108.949999999995,3,3,5,335,Others
2152.0,2,96,13107.470000000003,5,4,5,545,Champions
682.0,25,98,13104.659999999998,2,4,5,245,"At Risk"
4488.0,4,96,13104.380000000003,5,4,5,545,Champions
3416.0,26,90,13101.84,2,2,5,225,Lost
502.0,2,91,13096.65,5,3,5,535,Others
3413.0,7,100,13095.049999999996,4,4,5,445,Champions
727.0,62,98,13092.090000000002,1,4,5,145,"At Risk"
633.0,6,107,13087.600000000002,4,5,5,455,Champions
3037.0,18,107,13086.02,3,5,5,355,Loyal
4819.0,9,93,13081.349999999999,4,3,5,435,Others
3144.0,23,90,13080.719999999998,2,2,5,225,Lost
3791.0,16,90,13080.630000000003,3,2,5,325,Others
2059.0,21,103,13074.869999999994,3,5,5,355,Loyal
67.0,33,98,13073.350000000006,2,4,5,245,"At Risk"
2843.0,2,86,13073.280000000004,5,2,5,525,Others
545.0,3,92,13071.589999999995,5,3,5,535,Others
1951.0,0,93,13070.419999999996,5,3,5,535,Others
2056.0,10,94,13069.24,4,3,5,435,Others
3228.0,0,94,13066.079999999998,5,3,5,535,Others
4433.0,24,115,13064.740000000005,2,5,5,255,"At Risk"
1056.0,11,99,13064.339999999998,3,4,5,345,Loyal
2987.0,20,97,13061.800000000003,3,4,5,345,Loyal
3306.0,5,99,13059.769999999999,4,4,5,445,Champions
4991.0,2,102,13052.56,5,5,5,555,Champions
1564.0,20,79,13049.69,3,1,5,315,Others
4877.0,12,96,13049.039999999995,3,4,5,345,Loyal
3265.0,9,108,13048.149999999998,4,5,5,455,Champions
3978.0,14,111,13046.020000000004,3,5,5,355,Loyal
647.0,15,107,13041.4,3,5,5,355,Loyal
4114.0,10,107,13039.179999999997,4,5,5,455,Champions
1317.0,16,99,13038.499999999996,3,4,5,345,Loyal
2279.0,31,101,13036.089999999995,2,4,5,245,"At Risk"
1576.0,7,107,13034.140000000003,4,5,5,455,Champions
157.0,11,94,13031.73,3,3,5,335,Others
1641.0,12,91,13027.84,3,3,5,335,Others
2199.0,20,86,13027.45,3,2,5,325,Others
899.0,15,92,13023.680000000002,3,3,5,335,Others
4367.0,51,91,13022.73,1,2,5,125,Lost
1550.0,0,106,13021.960000000008,5,5,5,555,Champions
1496.0,19,90,13021.81,3,2,5,325,Others
1291.0,53,96,13014.100000000002,1,3,5,135,"At Risk"
2052.0,24,107,13013.98999999999,2,5,5,255,"At Risk"
3015.0,24,96,13012.100000000002,2,3,5,235,"At Risk"
2134.0,42,97,13010.770000000006,1,4,5,145,"At Risk"
242.0,3,98,13010.57,5,4,5,545,Champions
2246.0,14,91,13006.459999999997,3,3,5,335,Others
4758.0,30,103,13005.659999999998,2,5,5,255,"At Risk"
2225.0,10,114,13004.570000000005,4,5,5,455,Champions
1314.0,9,115,13004.369999999997,4,5,5,455,Champions
4506.0,31,98,13001.450000000003,2,4,5,245,"At Risk"
2014.0,34,98,13000.379999999996,2,4,5,245,"At Risk"
1375.0,4,109,13000.180000000002,4,5,5,455,Champions
1631.0,32,107,12998.440000000004,2,5,5,255,"At Risk"
2844.0,48,87,12996.569999999998,1,2,5,125,Lost
4081.0,18,91,12996.540000000003,3,3,5,335,Others
672.0,6,105,12994.08,4,5,5,455,Champions
932.0,52,96,12993.449999999999,1,3,5,135,"At Risk"
2949.0,3,98,12991.459999999994,5,4,5,545,Champions
3145.0,52,105,12990.520000000006,1,5,5,155,"At Risk"
2113.0,27,106,12988.469999999996,2,5,5,255,"At Risk"
4350.0,73,93,12985.96,1,3,5,135,"At Risk"
2088.0,43,90,12984.160000000009,1,2,5,125,Lost
2037.0,64,100,12983.589999999991,1,4,5,145,"At Risk"
2228.0,4,90,12982.83,5,2,5,525,Others
4280.0,6,92,12980.609999999997,4,3,5,435,Others
475.0,0,102,12979.749999999989,5,5,5,555,Champions
1822.0,8,105,12975.64,4,5,5,455,Champions
4288.0,11,98,12974.550000000003,4,4,5,445,Champions
1845.0,22,92,12972.570000000005,2,3,5,235,"At Risk"
2842.0,0,104,12966.9,5,5,5,555,Champions
604.0,12,99,12964.799999999996,3,4,5,345,Loyal
2992.0,7,84,12964.059999999996,4,1,5,415,Others
3752.0,13,109,12959.639999999998,3,5,5,355,Loyal
3520.0,0,92,12958.499999999993,5,3,5,535,Others
1183.0,42,106,12957.709999999997,1,5,5,155,"At Risk"
1572.0,17,98,12957.310000000003,3,4,5,345,Loyal
2792.0,12,109,12956.150000000007,3,5,5,355,Loyal
2235.0,22,113,12954.790000000003,3,5,5,355,Loyal
2800.0,10,102,12954.619999999994,4,5,5,455,Champions
606.0,59,97,12953.31,1,4,5,145,"At Risk"
2164.0,4,94,12948.360000000004,5,3,5,535,Others
4956.0,29,116,12947.039999999995,2,5,5,255,"At Risk"
86.0,6,104,12946.420000000006,4,5,5,455,Champions
4774.0,35,101,12945.989999999994,2,4,5,245,"At Risk"
897.0,5,103,12945.880000000003,4,5,5,455,Champions
240.0,34,96,12945.599999999995,2,3,5,235,"At Risk"
667.0,4,108,12945.35,5,5,5,555,Champions
2518.0,0,109,12944.930000000002,5,5,5,555,Champions
2887.0,4,102,12944.810000000005,5,5,5,555,Champions
2065.0,26,99,12940.730000000003,2,4,5,245,"At Risk"
2860.0,1,85,12935.61,5,1,5,515,Others
4803.0,9,98,12935.47,4,4,5,445,Champions
4667.0,3,92,12934.380000000001,5,3,5,535,Others
2408.0,4,111,12931.000000000002,5,5,5,555,Champions
2714.0,2,96,12928.7,5,4,5,545,Champions
3053.0,43,100,12926.720000000001,1,4,5,145,"At Risk"
1969.0,9,86,12926.670000000002,4,2,5,425,Others
4639.0,18,100,12923.429999999998,3,4,5,345,Loyal
1261.0,7,119,12918.75,4,5,5,455,Champions
922.0,20,101,12918.099999999993,3,4,5,345,Loyal
247.0,36,108,12917.570000000003,2,5,5,255,"At Risk"
1311.0,3,107,12914.210000000001,5,5,5,555,Champions
779.0,46,109,12912.92,1,5,5,155,"At Risk"
1450.0,9,100,12912.389999999996,4,4,5,445,Champions
4745.0,21,91,12910.669999999996,3,3,5,335,Others
2374.0,22,97,12910.260000000004,3,4,5,345,Loyal
2160.0,66,92,12910.000000000004,1,3,5,135,"At Risk"
3225.0,27,101,12908.64,2,4,5,245,"At Risk"
2222.0,19,116,12905.74,3,5,5,355,Loyal
675.0,43,87,12904.82,1,2,5,125,Lost
1218.0,61,95,12904.749999999993,1,3,5,135,"At Risk"
4704.0,12,104,12903.549999999996,3,5,5,355,Loyal
782.0,22,93,12901.530000000002,3,3,5,335,Others
2638.0,19,94,12901.09,3,3,5,335,Others
2534.0,37,110,12896.67,2,5,5,255,"At Risk"
2967.0,1,98,12895.92,5,4,5,545,Champions
3942.0,64,90,12894.169999999998,1,2,5,125,Lost
4382.0,6,99,12893.729999999998,4,4,5,445,Champions
442.0,52,114,12892.73,1,5,5,155,"At Risk"
4444.0,22,103,12890.849999999999,3,5,5,355,Loyal
1489.0,0,107,12890.530000000002,5,5,5,555,Champions
4584.0,26,102,12887.710000000003,2,5,5,255,"At Risk"
568.0,0,111,12884.010000000002,5,5,5,555,Champions
1573.0,6,110,12883.950000000004,4,5,5,455,Champions
3555.0,23,94,12881.300000000001,2,3,5,235,"At Risk"
1991.0,4,100,12880.609999999997,5,4,5,545,Champions
3057.0,19,97,12879.220000000001,3,4,5,345,Loyal
1250.0,3,92,12878.209999999997,5,3,5,535,Others
14.0,3,97,12876.269999999999,5,4,5,545,Champions
2813.0,6,108,12875.199999999997,4,5,5,455,Champions
4252.0,18,101,12874.120000000004,3,4,5,345,Loyal
2473.0,0,98,12873.210000000006,5,4,5,545,Champions
4950.0,5,100,12869.769999999997,4,4,5,445,Champions
3786.0,30,119,12868.070000000002,2,5,5,255,"At Risk"
3019.0,20,98,12864.97,3,4,5,345,Loyal
3650.0,20,98,12864.43,3,4,5,345,Loyal
2952.0,48,98,12864.370000000004,1,4,5,145,"At Risk"
3744.0,0,95,12864.119999999995,5,3,5,535,Others
2300.0,5,88,12862.280000000002,4,2,5,425,Others
3844.0,20,102,12860.92,3,5,5,355,Loyal
2400.0,23,90,12860.350000000004,2,2,5,225,Lost
915.0,1,101,12857.700000000003,5,5,5,555,Champions
1955.0,18,102,12856.279999999997,3,5,5,355,Loyal
2121.0,41,107,12852.819999999998,1,5,5,155,"At Risk"
3235.0,0,96,12852.779999999995,5,4,5,545,Champions
2072.0,27,101,12852.449999999993,2,4,5,245,"At Risk"
1233.0,2,119,12849.800000000001,5,5,5,555,Champions
1411.0,0,94,12849.44,5,3,5,535,Others
472.0,22,96,12846.430000000004,3,4,5,345,Loyal
1586.0,29,107,12844.800000000001,2,5,5,255,"At Risk"
1266.0,39,94,12843.609999999995,1,3,5,135,"At Risk"
3042.0,15,104,12843.519999999999,3,5,5,355,Loyal
805.0,18,95,12843.34,3,3,5,335,Others
1786.0,2,88,12840.669999999995,5,2,5,525,Others
2303.0,1,117,12836.219999999998,5,5,5,555,Champions
2099.0,13,97,12834.979999999994,3,4,5,345,Loyal
3211.0,3,101,12831.71,5,5,5,555,Champions
3363.0,3,112,12831.209999999997,5,5,5,555,Champions
971.0,25,99,12828.35,2,4,5,245,"At Risk"
1933.0,37,103,12826.959999999997,2,5,5,255,"At Risk"
4036.0,2,100,12819.579999999996,5,4,5,545,Champions
425.0,26,99,12818.920000000002,2,4,5,245,"At Risk"
2650.0,10,110,12816.609999999997,4,5,5,455,Champions
2269.0,1,94,12815.599999999995,5,3,5,535,Others
4891.0,6,100,12815.439999999999,4,4,5,445,Champions
1784.0,6,106,12814.759999999993,4,5,5,455,Champions
1201.0,8,108,12814.63,4,5,5,455,Champions
445.0,62,94,12814.449999999997,1,3,5,135,"At Risk"
772.0,0,105,12810.489999999998,5,5,5,555,Champions
3492.0,44,100,12808.559999999998,1,4,5,145,"At Risk"
1655.0,2,98,12807.19,5,4,5,545,Champions
2759.0,0,109,12805.669999999996,5,5,5,555,Champions
2983.0,18,92,12804.88,3,3,5,335,Others
1611.0,48,92,12801.32,1,3,5,135,"At Risk"
706.0,4,106,12800.609999999997,5,5,5,555,Champions
4265.0,20,104,12797.289999999999,3,5,5,355,Loyal
4538.0,9,110,12796.25,4,5,5,455,Champions
2393.0,4,101,12789.810000000003,5,4,5,545,Champions
2594.0,27,106,12788.670000000004,2,5,5,255,"At Risk"
711.0,30,106,12786.609999999993,2,5,5,255,"At Risk"
84.0,32,81,12784.460000000003,2,1,5,215,Lost
3603.0,42,96,12781.070000000002,1,3,5,135,"At Risk"
3715.0,21,95,12780.64,3,3,5,335,Others
4848.0,49,89,12780.019999999995,1,2,5,125,Lost
2341.0,12,101,12779.639999999996,3,4,5,345,Loyal
2016.0,5,100,12778.489999999998,4,4,5,445,Champions
3995.0,0,92,12778.459999999995,5,3,5,535,Others
1293.0,51,102,12774.980000000009,1,5,5,155,"At Risk"
2123.0,65,111,12774.759999999998,1,5,5,155,"At Risk"
1172.0,35,100,12772.63999999999,2,4,5,245,"At Risk"
1958.0,57,95,12772.44,1,3,5,135,"At Risk"
4504.0,17,108,12772.429999999997,3,5,5,355,Loyal
380.0,54,81,12771.259999999998,1,1,5,115,Lost
3563.0,13,93,12767.180000000002,3,3,5,335,Others
2868.0,5,99,12765.309999999998,4,4,5,445,Champions
4057.0,44,102,12763.67,1,5,5,155,"At Risk"
4954.0,1,90,12763.029999999999,5,2,5,525,Others
4649.0,11,105,12762.9,4,5,5,455,Champions
3234.0,41,99,12761.840000000002,1,4,5,145,"At Risk"
2275.0,40,99,12758.860000000002,1,4,5,145,"At Risk"
1295.0,61,85,12757.470000000001,1,1,5,115,Lost
458.0,5,95,12756.49,4,3,5,435,Others
4376.0,13,96,12752.62,3,4,5,345,Loyal
952.0,7,105,12751.229999999998,4,5,5,455,Champions
1226.0,24,90,12750.599999999999,2,2,5,225,Lost
2248.0,13,94,12750.529999999999,3,3,5,335,Others
2652.0,18,117,12749.75,3,5,5,355,Loyal
2682.0,1,96,12749.430000000002,5,4,5,545,Champions
1425.0,8,99,12744.46,4,4,5,445,Champions
1432.0,6,102,12741.17,4,5,5,455,Champions
262.0,58,109,12738.789999999994,1,5,5,155,"At Risk"
1890.0,18,103,12737.599999999993,3,5,5,355,Loyal
4425.0,103,100,12736.449999999999,1,4,5,145,"At Risk"
1297.0,60,94,12733.440000000004,1,3,5,135,"At Risk"
4521.0,19,94,12730.850000000004,3,3,5,335,Others
822.0,14,92,12729.040000000005,3,3,5,335,Others
4130.0,7,88,12724.900000000001,4,2,5,425,Others
4098.0,14,103,12724.749999999993,3,5,5,355,Loyal
3483.0,20,88,12722.109999999995,3,2,5,325,Others
466.0,0,98,12719.089999999998,5,4,5,545,Champions
143.0,12,104,12713.069999999996,3,5,5,355,Loyal
4270.0,13,94,12712.149999999996,3,3,5,335,Others
1475.0,20,100,12711.200000000003,3,4,5,345,Loyal
3793.0,54,88,12709.189999999997,1,2,5,125,Lost
4287.0,0,104,12707.339999999998,5,5,5,555,Champions
4929.0,10,118,12700.929999999997,4,5,5,455,Champions
2938.0,21,92,12700.829999999996,3,3,5,335,Others
4421.0,0,89,12694.199999999997,5,2,5,525,Others
2953.0,36,83,12693.230000000001,2,1,5,215,Lost
1715.0,10,93,12693.049999999994,4,3,5,435,Others
3909.0,11,104,12692.679999999998,4,5,5,455,Champions
962.0,41,101,12691.680000000004,1,4,5,145,"At Risk"
2315.0,51,104,12687.91,1,5,5,155,"At Risk"
926.0,22,96,12686.54,3,4,5,345,Loyal
3587.0,26,101,12685.929999999998,2,4,5,245,"At Risk"
1654.0,44,97,12684.109999999997,1,4,5,145,"At Risk"
4047.0,4,88,12682.250000000002,5,2,5,525,Others
1961.0,26,102,12679.360000000002,2,5,5,255,"At Risk"
2584.0,2,99,12677.17,5,4,5,545,Champions
1308.0,28,77,12674.169999999998,2,1,5,215,Lost
1675.0,10,97,12673.189999999997,4,4,5,445,Champions
206.0,32,94,12671.069999999996,2,3,5,235,"At Risk"
615.0,22,103,12671.060000000001,3,5,5,355,Loyal
3275.0,0,102,12670.55,5,5,5,555,Champions
4224.0,27,90,12667.179999999998,2,2,5,225,Lost
4293.0,79,103,12666.320000000003,1,5,5,155,"At Risk"
4041.0,82,113,12664.42999999999,1,5,5,155,"At Risk"
2815.0,9,98,12664.019999999999,4,4,5,445,Champions
3673.0,2,92,12662.669999999998,5,3,5,535,Others
3682.0,30,95,12661.340000000004,2,3,5,235,"At Risk"
2820.0,4,110,12658.439999999999,5,5,5,555,Champions
2251.0,75,108,12657.419999999996,1,5,5,155,"At Risk"
3809.0,21,99,12656.81,3,4,5,345,Loyal
2011.0,27,95,12655.84,2,3,5,235,"At Risk"
694.0,15,101,12654.88,3,4,5,345,Loyal
302.0,9,88,12652.499999999995,4,2,5,425,Others
1300.0,11,93,12650.29,3,3,5,335,Others
4496.0,15,86,12647.510000000004,3,2,5,325,Others
3257.0,20,103,12645.159999999993,3,5,5,355,Loyal
4626.0,25,100,12640.820000000003,2,4,5,245,"At Risk"
4013.0,15,98,12640.779999999997,3,4,5,345,Loyal
3487.0,23,114,12639.079999999998,2,5,5,255,"At Risk"
1525.0,38,96,12638.439999999999,2,3,5,235,"At Risk"
2734.0,38,92,12637.549999999997,2,3,5,235,"At Risk"
4055.0,23,102,12636.499999999998,2,5,5,255,"At Risk"
4910.0,64,89,12635.929999999998,1,2,5,125,Lost
426.0,4,110,12633.8,5,5,5,555,Champions
1225.0,7,105,12630.130000000001,4,5,5,455,Champions
4760.0,2,87,12629.879999999997,5,2,5,525,Others
474.0,19,97,12629.19,3,4,5,345,Loyal
4694.0,8,106,12627.469999999998,4,5,5,455,Champions
2135.0,25,106,12626.789999999999,2,5,5,255,"At Risk"
3980.0,27,110,12625.340000000006,2,5,5,255,"At Risk"
3355.0,8,109,12625.069999999998,4,5,5,455,Champions
2649.0,2,102,12623.409999999996,5,5,5,555,Champions
1773.0,8,107,12621.279999999999,4,5,5,455,Champions
3127.0,11,105,12620.49999999999,4,5,5,455,Champions
921.0,37,97,12618.930000000008,2,4,5,245,"At Risk"
1054.0,0,95,12618.879999999994,5,3,5,535,Others
1721.0,5,96,12618.839999999997,4,4,5,445,Champions
4021.0,27,99,12617.260000000006,2,4,5,245,"At Risk"
2444.0,46,84,12615.019999999995,1,1,5,115,Lost
748.0,8,99,12611.35,4,4,5,445,Champions
965.0,8,96,12610.820000000009,4,4,5,445,Champions
2027.0,27,103,12607.56,2,5,5,255,"At Risk"
22.0,37,84,12607.41,2,1,5,215,Lost
2628.0,13,99,12607.380000000003,3,4,5,345,Loyal
2667.0,21,114,12604.51,3,5,5,355,Loyal
2711.0,8,103,12602.220000000003,4,5,5,455,Champions
396.0,0,87,12601.619999999999,5,2,5,525,Others
1761.0,3,92,12600.959999999997,5,3,5,535,Others
1246.0,5,109,12598.010000000006,4,5,5,455,Champions
3442.0,14,94,12593.199999999999,3,3,5,335,Others
1184.0,93,103,12593.180000000004,1,5,5,155,"At Risk"
735.0,7,99,12592.870000000003,4,4,5,445,Champions
3493.0,2,113,12592.69,5,5,5,555,Champions
2806.0,67,94,12590.829999999998,1,3,5,135,"At Risk"
3593.0,33,80,12590.49,2,1,5,215,Lost
4340.0,46,100,12589.920000000004,1,4,5,145,"At Risk"
1763.0,23,89,12587.47,2,2,5,225,Lost
4640.0,0,95,12586.81,5,3,5,535,Others
3930.0,91,98,12582.200000000004,1,4,5,145,"At Risk"
336.0,43,88,12581.819999999998,1,2,5,125,Lost
1882.0,23,91,12580.689999999999,2,2,5,225,Lost
310.0,15,104,12580.089999999995,3,5,5,355,Loyal
1134.0,10,95,12576.609999999993,4,3,5,435,Others
1817.0,1,113,12573.920000000004,5,5,5,555,Champions
389.0,3,105,12572.759999999998,5,5,5,555,Champions
3997.0,7,98,12570.800000000001,4,4,5,445,Champions
4589.0,23,96,12569.340000000002,2,3,5,235,"At Risk"
3013.0,27,85,12565.369999999995,2,1,5,215,Lost
888.0,1,101,12565.350000000002,5,5,5,555,Champions
4201.0,34,100,12561.169999999998,2,4,5,245,"At Risk"
4897.0,52,103,12560.220000000003,1,5,5,155,"At Risk"
454.0,15,107,12559.650000000001,3,5,5,355,Loyal
1275.0,7,93,12557.820000000002,4,3,5,435,Others
3396.0,51,95,12557.009999999998,1,3,5,135,"At Risk"
419.0,44,89,12554.160000000002,1,2,5,125,Lost
3701.0,7,96,12551,4,4,5,445,Champions
137.0,8,117,12548.689999999997,4,5,5,455,Champions
1635.0,51,98,12548.229999999996,1,4,5,145,"At Risk"
1746.0,27,102,12548.119999999995,2,5,5,255,"At Risk"
4437.0,7,91,12547.350000000004,4,3,5,435,Others
2662.0,75,101,12545.380000000006,1,4,5,145,"At Risk"
1408.0,9,86,12544.759999999997,4,2,5,425,Others
3017.0,4,99,12540.319999999998,5,4,5,545,Champions
588.0,82,94,12537.769999999999,1,3,5,135,"At Risk"
2410.0,0,101,12534.729999999996,5,4,5,545,Champions
252.0,26,111,12534.329999999998,2,5,5,255,"At Risk"
3987.0,46,103,12532.770000000002,1,5,5,155,"At Risk"
3655.0,34,98,12530.550000000001,2,4,5,245,"At Risk"
515.0,2,96,12530.159999999996,5,4,5,545,Champions
4660.0,12,94,12529.720000000003,3,3,5,335,Others
344.0,33,95,12529.43,2,3,5,235,"At Risk"
3662.0,20,96,12528.17,3,4,5,345,Loyal
15.0,13,84,12527.570000000003,3,1,5,315,Others
296.0,17,87,12525.230000000003,3,2,5,325,Others
4511.0,32,100,12524.509999999997,2,4,5,245,"At Risk"
2892.0,5,97,12524.05,4,4,5,445,Champions
2238.0,21,98,12521.130000000005,3,4,5,345,Loyal
1132.0,2,91,12520.38,5,3,5,535,Others
1540.0,12,100,12518.599999999997,3,4,5,345,Loyal
200.0,23,96,12516.819999999998,2,3,5,235,"At Risk"
4979.0,0,94,12516.789999999995,5,3,5,535,Others
1569.0,61,105,12512.560000000001,1,5,5,155,"At Risk"
3341.0,8,93,12510.39,4,3,5,435,Others
831.0,9,105,12509.529999999999,4,5,5,455,Champions
1765.0,5,117,12508.379999999996,4,5,5,455,Champions
4179.0,20,94,12506.789999999994,3,3,5,335,Others
286.0,23,96,12506.300000000001,2,3,5,235,"At Risk"
1906.0,6,100,12505.960000000001,4,4,5,445,Champions
903.0,0,118,12505.789999999997,5,5,5,555,Champions
370.0,15,97,12500.499999999996,3,4,5,345,Loyal
4995.0,3,97,12499.15,5,4,5,545,Champions
3216.0,4,86,12497.31,5,2,5,525,Others
3896.0,8,103,12496.669999999998,4,5,5,455,Champions
129.0,56,98,12496.610000000002,1,4,5,145,"At Risk"
1490.0,9,87,12496.470000000001,4,2,5,425,Others
3803.0,8,102,12495.199999999997,4,5,4,454,Champions
4106.0,2,96,12495.13,5,4,4,544,Champions
3764.0,4,102,12493.600000000002,5,5,4,554,Champions
233.0,74,90,12492.050000000003,1,2,4,124,Lost
3091.0,0,97,12489.279999999997,5,4,4,544,Champions
3432.0,32,105,12489.199999999995,2,5,4,254,"At Risk"
876.0,61,88,12488.099999999997,1,2,4,124,Lost
3491.0,5,98,12487.600000000002,4,4,4,444,Champions
1935.0,27,103,12487.3,2,5,4,254,"At Risk"
3292.0,31,84,12485.07,2,1,4,214,Lost
3197.0,5,103,12482.600000000004,4,5,4,454,Champions
3999.0,9,92,12480.300000000001,4,3,4,434,Others
1329.0,4,92,12475.989999999998,4,3,4,434,Others
843.0,0,100,12474.249999999996,5,4,4,544,Champions
3155.0,3,96,12474.000000000002,5,4,4,544,Champions
433.0,1,92,12471.409999999994,5,3,4,534,Others
2579.0,51,100,12470.470000000001,1,4,4,144,"At Risk"
1683.0,6,105,12469.099999999999,4,5,4,454,Champions
1465.0,0,92,12468.800000000007,5,3,4,534,Others
1257.0,51,99,12468.559999999996,1,4,4,144,"At Risk"
3871.0,16,104,12467.769999999999,3,5,4,354,Loyal
1284.0,4,113,12467.670000000004,4,5,4,454,Champions
118.0,36,98,12467.339999999997,2,4,4,244,"At Risk"
3206.0,9,79,12466.12,4,1,4,414,Others
2042.0,0,97,12465.589999999998,5,4,4,544,Champions
375.0,1,99,12464.080000000004,5,4,4,544,Champions
55.0,15,94,12461.1,3,3,4,334,Others
4231.0,20,108,12457.08,3,5,4,354,Loyal
4988.0,20,94,12456.729999999998,3,3,4,334,Others
4536.0,8,100,12456.490000000002,4,4,4,444,Champions
2781.0,15,103,12456.019999999995,3,5,4,354,Loyal
1993.0,61,89,12455.22,1,2,4,124,Lost
3086.0,23,94,12455.19,2,3,4,234,"At Risk"
4432.0,6,114,12454.33,4,5,4,454,Champions
2394.0,8,91,12453.960000000001,4,3,4,434,Others
4148.0,60,103,12453.019999999999,1,5,4,154,"At Risk"
3905.0,15,101,12452.159999999998,3,4,4,344,Loyal
219.0,10,82,12450.820000000003,4,1,4,414,Others
2209.0,0,102,12450.030000000002,5,5,4,554,Champions
1520.0,54,89,12448.570000000003,1,2,4,124,Lost
852.0,69,85,12448.22,1,1,4,114,Lost
2737.0,0,100,12446.859999999995,5,4,4,544,Champions
1334.0,4,103,12446.439999999997,4,5,4,454,Champions
4720.0,42,95,12442.729999999994,1,3,4,134,"At Risk"
3004.0,66,88,12442.67,1,2,4,124,Lost
894.0,31,99,12439.959999999994,2,4,4,244,"At Risk"
3623.0,11,101,12439.619999999994,4,4,4,444,Champions
3926.0,13,102,12438.51,3,5,4,354,Loyal
1292.0,6,100,12437.330000000009,4,4,4,444,Champions
4267.0,37,98,12436.600000000002,2,4,4,244,"At Risk"
2096.0,75,99,12433.399999999996,1,4,4,144,"At Risk"
4070.0,0,100,12432.880000000003,5,4,4,544,Champions
3514.0,12,96,12432.12,3,4,4,344,Loyal
2664.0,21,94,12430.630000000008,3,3,4,334,Others
3925.0,43,100,12430.629999999997,1,4,4,144,"At Risk"
2173.0,62,91,12429.970000000001,1,2,4,124,Lost
1440.0,7,104,12429.460000000003,4,5,4,454,Champions
3200.0,20,93,12428.85,3,3,4,334,Others
1780.0,47,88,12428.309999999998,1,2,4,124,Lost
1779.0,38,101,12428.170000000002,2,4,4,244,"At Risk"
850.0,31,101,12428.050000000001,2,4,4,244,"At Risk"
1595.0,2,105,12428.05,5,5,4,554,Champions
4460.0,22,106,12424.980000000001,3,5,4,354,Loyal
2039.0,6,109,12424.960000000006,4,5,4,454,Champions
629.0,34,99,12424.819999999998,2,4,4,244,"At Risk"
4341.0,1,95,12423.910000000002,5,3,4,534,Others
4529.0,5,90,12420.02,4,2,4,424,Others
2552.0,0,95,12419.780000000006,5,3,4,534,Others
3806.0,2,84,12419.73,5,1,4,514,Others
650.0,18,90,12417.839999999995,3,2,4,324,Others
1643.0,13,102,12416.830000000002,3,5,4,354,Loyal
2242.0,8,106,12416.010000000002,4,5,4,454,Champions
1447.0,1,87,12415.089999999998,5,2,4,524,Others
201.0,18,100,12413.659999999994,3,4,4,344,Loyal
2610.0,23,98,12413.470000000003,2,4,4,244,"At Risk"
3453.0,89,97,12411.339999999993,1,4,4,144,"At Risk"
39.0,1,103,12410.719999999998,5,5,4,554,Champions
3175.0,29,97,12409.599999999995,2,4,4,244,"At Risk"
3451.0,52,107,12407.769999999999,1,5,4,154,"At Risk"
4713.0,31,105,12406.509999999998,2,5,4,254,"At Risk"
489.0,8,106,12406.180000000002,4,5,4,454,Champions
4593.0,7,104,12403.389999999996,4,5,4,454,Champions
4917.0,17,80,12399.700000000003,3,1,4,314,Others
787.0,76,80,12397.039999999999,1,1,4,114,Lost
486.0,6,96,12395.379999999996,4,4,4,444,Champions
3836.0,19,100,12394.859999999999,3,4,4,344,Loyal
3819.0,95,78,12394.429999999993,1,1,4,114,Lost
2642.0,96,98,12393.029999999999,1,4,4,144,"At Risk"
2103.0,24,110,12390.130000000001,2,5,4,254,"At Risk"
1743.0,38,115,12388.359999999997,2,5,4,254,"At Risk"
1847.0,3,101,12387.579999999996,5,4,4,544,Champions
2054.0,21,91,12387.250000000004,3,3,4,334,Others
3462.0,53,95,12385.970000000008,1,3,4,134,"At Risk"
4756.0,42,95,12385.8,1,3,4,134,"At Risk"
4537.0,31,97,12385.720000000001,2,4,4,244,"At Risk"
4836.0,3,113,12385.580000000002,5,5,4,554,Champions
2188.0,29,101,12382.379999999997,2,4,4,244,"At Risk"
1696.0,4,92,12381.960000000001,5,3,4,534,Others
1403.0,21,97,12380.679999999997,3,4,4,344,Loyal
4801.0,4,96,12380.239999999996,5,4,4,544,Champions
1734.0,15,104,12378.169999999998,3,5,4,354,Loyal
421.0,24,83,12377.310000000001,2,1,4,214,Lost
2347.0,7,100,12377.129999999997,4,4,4,444,Champions
2316.0,27,103,12375.980000000001,2,5,4,254,"At Risk"
4228.0,1,91,12374.87,5,3,4,534,Others
1712.0,7,99,12374.279999999997,4,4,4,444,Champions
3854.0,7,108,12373.810000000001,4,5,4,454,Champions
1406.0,13,94,12370.249999999995,3,3,4,334,Others
2979.0,28,93,12367.569999999998,2,3,4,234,"At Risk"
3342.0,6,100,12366.559999999996,4,4,4,444,Champions
1502.0,0,82,12366.37,5,1,4,514,Others
4858.0,11,94,12362.329999999993,4,3,4,434,Others
4497.0,3,86,12360.560000000003,5,2,4,524,Others
94.0,7,109,12358.419999999998,4,5,4,454,Champions
1320.0,67,100,12357.779999999995,1,4,4,144,"At Risk"
4599.0,25,101,12357.159999999994,2,4,4,244,"At Risk"
3986.0,0,99,12355.91,5,4,4,544,Champions
1578.0,90,96,12352.119999999995,1,3,4,134,"At Risk"
2989.0,6,107,12351.34,4,5,4,454,Champions
4865.0,4,98,12349.969999999994,5,4,4,544,Champions
3849.0,13,93,12349.719999999998,3,3,4,334,Others
2755.0,13,100,12349.410000000005,3,4,4,344,Loyal
1210.0,2,102,12347.100000000002,5,5,4,554,Champions
3296.0,3,100,12346.919999999996,5,4,4,544,Champions
624.0,9,115,12345.65,4,5,4,454,Champions
3411.0,17,104,12345.610000000002,3,5,4,354,Loyal
3107.0,0,107,12342.38,5,5,4,554,Champions
156.0,13,103,12341.819999999998,3,5,4,354,Loyal
4629.0,14,94,12340.769999999991,3,3,4,334,Others
3392.0,2,102,12338.840000000004,5,5,4,554,Champions
2038.0,10,95,12338.730000000005,4,3,4,434,Others
4368.0,9,99,12332.990000000009,4,4,4,444,Champions
1997.0,3,102,12330.970000000001,5,5,4,554,Champions
423.0,46,92,12329.290000000005,1,3,4,134,"At Risk"
4851.0,8,97,12329.099999999997,4,4,4,444,Champions
872.0,0,104,12328.839999999998,5,5,4,554,Champions
4740.0,9,101,12327.26,4,4,4,444,Champions
799.0,23,87,12325.480000000009,2,2,4,224,Lost
3400.0,0,106,12325.200000000006,5,5,4,554,Champions
574.0,0,99,12323.81,5,4,4,544,Champions
4176.0,5,105,12323.699999999999,4,5,4,454,Champions
2028.0,14,96,12320.41,3,4,4,344,Loyal
3707.0,34,109,12318.759999999995,2,5,4,254,"At Risk"
4030.0,17,95,12317.899999999996,3,3,4,334,Others
2523.0,2,116,12317.409999999996,5,5,4,554,Champions
199.0,16,104,12317.379999999996,3,5,4,354,Loyal
4904.0,23,106,12316.910000000003,2,5,4,254,"At Risk"
4518.0,61,105,12316.589999999997,1,5,4,154,"At Risk"
2825.0,22,93,12316.369999999995,3,3,4,334,Others
185.0,29,95,12315.640000000007,2,3,4,234,"At Risk"
3961.0,0,97,12315.219999999994,5,4,4,544,Champions
4188.0,20,96,12314.520000000002,3,4,4,344,Loyal
1766.0,7,102,12313.950000000006,4,5,4,454,Champions
47.0,0,95,12312.029999999999,5,3,4,534,Others
2775.0,28,98,12311.839999999995,2,4,4,244,"At Risk"
3148.0,9,94,12311.26,4,3,4,434,Others
2446.0,27,98,12310.069999999998,2,4,4,244,"At Risk"
3221.0,4,95,12309.609999999997,5,3,4,534,Others
1131.0,27,94,12309.08,2,3,4,234,"At Risk"
4006.0,5,90,12308.64,4,2,4,424,Others
2592.0,19,97,12306.060000000003,3,4,4,344,Loyal
4238.0,121,84,12304.010000000002,1,1,4,114,Lost
862.0,78,98,12300.91,1,4,4,144,"At Risk"
1434.0,20,102,12298.739999999996,3,5,4,354,Loyal
3436.0,9,108,12298.559999999994,4,5,4,454,Champions
3340.0,14,111,12297.029999999999,3,5,4,354,Loyal
495.0,35,104,12296.039999999994,2,5,4,254,"At Risk"
3792.0,37,87,12294.089999999997,2,2,4,224,Lost
4492.0,22,94,12293.819999999994,3,3,4,334,Others
166.0,5,92,12292.930000000004,4,3,4,434,Others
4191.0,14,107,12290.149999999996,3,5,4,354,Loyal
800.0,33,114,12288.92,2,5,4,254,"At Risk"
1251.0,8,95,12287.749999999996,4,3,4,434,Others
621.0,19,98,12287.029999999995,3,4,4,344,Loyal
801.0,70,80,12286.04,1,1,4,114,Lost
939.0,8,96,12285.319999999998,4,4,4,444,Champions
3863.0,37,96,12283.859999999995,2,3,4,234,"At Risk"
152.0,12,105,12282.769999999999,3,5,4,354,Loyal
4461.0,0,87,12282.630000000003,5,2,4,524,Others
4111.0,48,93,12281.68,1,3,4,134,"At Risk"
1214.0,2,94,12280.980000000001,5,3,4,534,Others
786.0,12,94,12279.779999999995,3,3,4,334,Others
279.0,0,107,12279.239999999998,5,5,4,554,Champions
25.0,27,86,12278.5,2,2,4,224,Lost
1369.0,2,104,12277.850000000006,5,5,4,554,Champions
1602.0,13,91,12277.4,3,3,4,334,Others
288.0,40,96,12274.09,1,3,4,134,"At Risk"
3611.0,16,88,12273.730000000001,3,2,4,324,Others
3989.0,15,110,12272.729999999998,3,5,4,354,Loyal
2508.0,5,87,12272.52,4,2,4,424,Others
1364.0,37,108,12271.750000000002,2,5,4,254,"At Risk"
3163.0,48,100,12271.659999999996,1,4,4,144,"At Risk"
4249.0,77,103,12271.240000000002,1,5,4,154,"At Risk"
353.0,17,96,12270.229999999994,3,4,4,344,Loyal
4283.0,21,94,12269.759999999997,3,3,4,334,Others
2157.0,5,96,12268.279999999993,4,4,4,444,Champions
3026.0,81,101,12268.19,1,4,4,144,"At Risk"
684.0,35,87,12267.11,2,2,4,224,Lost
1076.0,96,98,12264.76,1,4,4,144,"At Risk"
2057.0,5,95,12264.68,4,3,4,434,Others
4479.0,7,98,12262.909999999996,4,4,4,444,Champions
87.0,13,104,12261.54,3,5,4,354,Loyal
74.0,8,95,12259.6,4,3,4,434,Others
1866.0,19,111,12259.280000000002,3,5,4,354,Loyal
679.0,41,103,12254.830000000002,1,5,4,154,"At Risk"
3546.0,116,86,12252.879999999996,1,1,4,114,Lost
984.0,11,95,12251.799999999997,4,3,4,434,Others
4458.0,54,91,12251.290000000003,1,2,4,124,Lost
1985.0,40,104,12251.09,1,5,4,154,"At Risk"
1421.0,52,95,12250.859999999991,1,3,4,134,"At Risk"
859.0,36,93,12250.509999999995,2,3,4,234,"At Risk"
4721.0,3,106,12250.070000000003,5,5,4,554,Champions
2962.0,67,101,12248.940000000006,1,4,4,144,"At Risk"
2127.0,22,89,12248.570000000003,3,2,4,324,Others
4928.0,23,101,12248.450000000003,2,4,4,244,"At Risk"
3920.0,1,99,12243.22,5,4,4,544,Champions
3774.0,9,99,12241.759999999998,4,4,4,444,Champions
2692.0,27,90,12240.770000000002,2,2,4,224,Lost
365.0,9,100,12240.380000000001,4,4,4,444,Champions
1363.0,87,84,12240.28,1,1,4,114,Lost
648.0,5,109,12239.419999999998,4,5,4,454,Champions
3038.0,2,109,12238.109999999995,5,5,4,554,Champions
401.0,28,97,12236.049999999996,2,4,4,244,"At Risk"
1687.0,5,106,12233.360000000002,4,5,4,454,Champions
2262.0,0,85,12230.950000000004,5,1,4,514,Others
4177.0,29,83,12220.799999999996,2,1,4,214,Lost
1986.0,19,101,12220.79,3,4,4,344,Loyal
284.0,31,102,12219.999999999998,2,5,4,254,"At Risk"
1459.0,11,98,12218.669999999993,3,4,4,344,Loyal
1664.0,2,97,12217.59,5,4,4,544,Champions
841.0,13,97,12217.189999999999,3,4,4,344,Loyal
203.0,51,96,12216.64,1,3,4,134,"At Risk"
4677.0,0,99,12215.760000000002,5,4,4,544,Champions
666.0,5,105,12215.339999999995,4,5,4,454,Champions
3056.0,10,100,12214.119999999999,4,4,4,444,Champions
3461.0,0,96,12213.45,5,4,4,544,Champions
3318.0,14,95,12212.21,3,3,4,334,Others
988.0,41,110,12209.24,1,5,4,154,"At Risk"
2569.0,2,107,12208.78,5,5,4,554,Champions
12.0,6,94,12208.380000000005,4,3,4,434,Others
3090.0,0,89,12207.619999999995,5,2,4,524,Others
3246.0,11,84,12206.660000000002,4,1,4,414,Others
169.0,15,95,12206.329999999996,3,3,4,334,Others
1170.0,24,97,12206,2,4,4,244,"At Risk"
2673.0,20,98,12204.609999999995,3,4,4,344,Loyal
2487.0,19,103,12203.699999999993,3,5,4,354,Loyal
677.0,8,104,12203.529999999999,4,5,4,454,Champions
3959.0,53,101,12196.009999999995,1,4,4,144,"At Risk"
4323.0,5,100,12194.299999999996,4,4,4,444,Champions
3114.0,27,95,12192.98,2,3,4,234,"At Risk"
3783.0,1,90,12192.199999999993,5,2,4,524,Others
2477.0,20,94,12191.980000000007,3,3,4,334,Others
1377.0,6,95,12190.170000000004,4,3,4,434,Others
4296.0,13,90,12188.949999999999,3,2,4,324,Others
268.0,53,95,12184.829999999996,1,3,4,134,"At Risk"
4946.0,2,109,12184.19,5,5,4,554,Champions
688.0,2,104,12183.859999999997,5,5,4,554,Champions
1449.0,4,108,12183.779999999995,4,5,4,454,Champions
4539.0,9,91,12183.739999999998,4,3,4,434,Others
2061.0,1,95,12181.59,5,3,4,534,Others
3162.0,12,90,12181.350000000006,3,2,4,324,Others
3465.0,25,91,12180.879999999996,2,2,4,224,Lost
4011.0,45,106,12180.649999999998,1,5,4,154,"At Risk"
2194.0,19,98,12178.67,3,4,4,344,Loyal
4410.0,54,103,12177.19,1,5,4,154,"At Risk"
68.0,1,89,12176.960000000003,5,2,4,524,Others
1027.0,2,108,12175.299999999997,5,5,4,554,Champions
239.0,9,115,12174.779999999997,4,5,4,454,Champions
3391.0,12,106,12174.499999999996,3,5,4,354,Loyal
503.0,34,90,12174.05,2,2,4,224,Lost
2838.0,0,95,12171.839999999995,5,3,4,534,Others
2903.0,17,81,12171.46,3,1,4,314,Others
949.0,6,106,12170.180000000004,4,5,4,454,Champions
2363.0,20,98,12169.05,3,4,4,344,Loyal
3840.0,3,105,12169.020000000006,5,5,4,554,Champions
1829.0,6,99,12165.85,4,4,4,444,Champions
2688.0,0,91,12165.820000000002,5,2,4,524,Others
3002.0,9,107,12164.800000000001,4,5,4,454,Champions
4187.0,63,101,12163.440000000002,1,4,4,144,"At Risk"
1282.0,23,88,12163.279999999999,2,2,4,224,Lost
2128.0,35,116,12159.389999999996,2,5,4,254,"At Risk"
1193.0,41,96,12158.599999999997,1,3,4,134,"At Risk"
342.0,13,97,12158.509999999998,3,4,4,344,Loyal
3081.0,22,100,12158.159999999996,3,4,4,344,Loyal
2575.0,15,98,12157.929999999997,3,4,4,344,Loyal
1066.0,21,90,12157.439999999999,3,2,4,324,Others
218.0,0,104,12156.520000000002,5,5,4,554,Champions
2240.0,46,97,12156.289999999995,1,4,4,144,"At Risk"
3498.0,14,102,12155.640000000001,3,5,4,354,Loyal
4247.0,19,96,12154.770000000004,3,4,4,344,Loyal
4886.0,20,93,12153.760000000004,3,3,4,334,Others
1753.0,16,98,12152.859999999995,3,4,4,344,Loyal
3738.0,57,87,12152.49,1,2,4,124,Lost
1536.0,18,85,12150.860000000004,3,1,4,314,Others
83.0,1,96,12149.710000000001,5,4,4,544,Champions
1848.0,0,107,12148.310000000001,5,5,4,554,Champions
1581.0,3,93,12145.080000000004,5,3,4,534,Others
4268.0,80,98,12143.689999999995,1,4,4,144,"At Risk"
599.0,12,98,12142.189999999999,3,4,4,344,Loyal
4462.0,12,90,12141.399999999998,3,2,4,324,Others
1352.0,21,94,12140.470000000001,3,3,4,334,Others
1727.0,34,100,12137.470000000003,2,4,4,244,"At Risk"
2205.0,48,105,12136.5,1,5,4,154,"At Risk"
1500.0,27,104,12135.429999999998,2,5,4,254,"At Risk"
1247.0,14,102,12133.730000000005,3,5,4,354,Loyal
2007.0,41,95,12132.080000000002,1,3,4,134,"At Risk"
4446.0,39,90,12131.909999999996,1,2,4,124,Lost
2465.0,6,95,12131.099999999991,4,3,4,434,Others
1757.0,75,91,12129.52,1,2,4,124,Lost
2573.0,24,103,12129.27,2,5,4,254,"At Risk"
92.0,22,101,12119.83,3,4,4,344,Loyal
4895.0,0,95,12116.240000000002,5,3,4,534,Others
1531.0,30,102,12115.570000000003,2,5,4,254,"At Risk"
2677.0,8,99,12114.289999999995,4,4,4,444,Champions
2905.0,32,85,12109.150000000001,2,1,4,214,Lost
2603.0,19,90,12108.729999999992,3,2,4,324,Others
2691.0,47,105,12105.860000000004,1,5,4,154,"At Risk"
2708.0,3,105,12105.199999999999,5,5,4,554,Champions
4594.0,2,92,12103.45,5,3,4,534,Others
3420.0,18,96,12102.880000000003,3,4,4,344,Loyal
241.0,23,87,12098.049999999997,2,2,4,224,Lost
2079.0,17,114,12097.770000000002,3,5,4,354,Loyal
1385.0,9,89,12096.609999999997,4,2,4,424,Others
2361.0,10,85,12095.419999999996,4,1,4,414,Others
968.0,74,97,12092.529999999995,1,4,4,144,"At Risk"
1206.0,9,98,12091.75,4,4,4,444,Champions
994.0,50,96,12091.459999999995,1,3,4,134,"At Risk"
3346.0,26,88,12091.420000000002,2,2,4,224,Lost
4282.0,61,89,12088.920000000002,1,2,4,124,Lost
3749.0,6,98,12088.66,4,4,4,444,Champions
4411.0,40,109,12086.890000000001,1,5,4,154,"At Risk"
1975.0,43,91,12085.140000000003,1,2,4,124,Lost
3445.0,43,93,12085.100000000004,1,3,4,134,"At Risk"
3215.0,88,99,12082.96,1,4,4,144,"At Risk"
4827.0,6,88,12082.86,4,2,4,424,Others
4392.0,12,108,12078.579999999998,3,5,4,354,Loyal
4412.0,0,115,12078,5,5,4,554,Champions
3118.0,15,107,12077.760000000007,3,5,4,354,Loyal
2805.0,6,92,12077.289999999995,4,3,4,434,Others
2182.0,7,106,12076.890000000001,4,5,4,454,Champions
1809.0,5,92,12075.940000000002,4,3,4,434,Others
436.0,77,97,12075.189999999995,1,4,4,144,"At Risk"
1830.0,3,98,12073.539999999995,5,4,4,544,Champions
3772.0,0,89,12072.879999999996,5,2,4,524,Others
4415.0,0,90,12072.169999999998,5,2,4,524,Others
3711.0,20,91,12071.599999999999,3,3,4,334,Others
4791.0,19,105,12069.839999999995,3,5,4,354,Loyal
1652.0,25,85,12069.040000000003,2,1,4,214,Lost
3778.0,69,96,12068.570000000002,1,3,4,134,"At Risk"
4375.0,1,92,12066.74,5,3,4,534,Others
1553.0,51,88,12065.429999999997,1,2,4,124,Lost
3644.0,34,103,12064.139999999996,2,5,4,254,"At Risk"
2143.0,23,107,12063.290000000003,2,5,4,254,"At Risk"
271.0,10,94,12061.969999999998,4,3,4,434,Others
1522.0,24,89,12056.039999999992,2,2,4,224,Lost
2621.0,2,91,12055.679999999997,5,3,4,534,Others
3421.0,7,109,12054.660000000003,4,5,4,454,Champions
567.0,61,95,12053.149999999998,1,3,4,134,"At Risk"
2018.0,5,106,12051.980000000003,4,5,4,454,Champions
2856.0,4,103,12051.169999999998,5,5,4,554,Champions
3478.0,10,101,12049.859999999999,4,4,4,444,Champions
4647.0,8,110,12046.549999999992,4,5,4,454,Champions
3028.0,0,99,12046.519999999995,5,4,4,544,Champions
3283.0,1,96,12045.330000000004,5,4,4,544,Champions
4009.0,51,111,12043.919999999998,1,5,4,154,"At Risk"
969.0,23,89,12042.970000000003,2,2,4,224,Lost
1044.0,31,88,12041.099999999999,2,2,4,224,Lost
3049.0,19,89,12040.570000000002,3,2,4,324,Others
4816.0,19,82,12038.869999999999,3,1,4,314,Others
2348.0,41,90,12034.969999999992,1,2,4,124,Lost
2485.0,44,87,12034.589999999995,1,2,4,124,Lost
3395.0,15,84,12034.309999999998,3,1,4,314,Others
3557.0,20,106,12031.459999999997,3,5,4,354,Loyal
2902.0,49,87,12029.900000000003,1,2,4,124,Lost
236.0,29,103,12029.44,2,5,4,254,"At Risk"
381.0,3,98,12028.55,5,4,4,544,Champions
54.0,61,97,12028.389999999996,1,4,4,144,"At Risk"
827.0,25,104,12027.94,2,5,4,254,"At Risk"
1398.0,2,103,12027.919999999998,5,5,4,554,Champions
4431.0,0,99,12027.7,5,4,4,544,Champions
820.0,24,95,12027.27,2,3,4,234,"At Risk"
1639.0,3,94,12023.329999999996,5,3,4,534,Others
1690.0,6,90,12021.979999999998,4,2,4,424,Others
644.0,27,96,12021.800000000005,2,3,4,234,"At Risk"
362.0,62,81,12020.530000000002,1,1,4,114,Lost
4547.0,4,89,12019.800000000005,5,2,4,524,Others
1353.0,2,98,12017.000000000002,5,4,4,544,Champions
3181.0,106,99,12016.679999999995,1,4,4,144,"At Risk"
3353.0,72,100,12013.43,1,4,4,144,"At Risk"
1921.0,5,84,12011.569999999996,4,1,4,414,Others
334.0,35,115,12009.44,2,5,4,254,"At Risk"
2823.0,38,107,12008.930000000002,2,5,4,254,"At Risk"
769.0,9,111,12006.489999999994,4,5,4,454,Champions
4167.0,68,97,12006.409999999993,1,4,4,144,"At Risk"
661.0,24,98,12003.76000000001,2,4,4,244,"At Risk"
2808.0,29,101,12000.050000000001,2,4,4,244,"At Risk"
1494.0,2,88,11999.13,5,2,4,524,Others
300.0,32,102,11997.160000000002,2,5,4,254,"At Risk"
1301.0,83,85,11994.01,1,1,4,114,Lost
758.0,19,103,11993.859999999999,3,5,4,354,Loyal
2122.0,30,89,11991.950000000003,2,2,4,224,Lost
2797.0,30,100,11990.380000000001,2,4,4,244,"At Risk"
2520.0,52,87,11989.56,1,2,4,124,Lost
1368.0,61,73,11988.38,1,1,4,114,Lost
3110.0,2,105,11986.169999999998,5,5,4,554,Champions
2582.0,19,95,11986.16,3,3,4,334,Others
1960.0,29,93,11985.070000000005,2,3,4,234,"At Risk"
127.0,10,94,11983.270000000002,4,3,4,434,Others
2852.0,17,103,11982.469999999996,3,5,4,354,Loyal
3210.0,14,96,11982.210000000001,3,4,4,344,Loyal
835.0,7,94,11981.32,4,3,4,434,Others
1341.0,49,103,11979.180000000004,1,5,4,154,"At Risk"
2624.0,62,100,11978.269999999999,1,4,4,144,"At Risk"
3716.0,31,93,11978.009999999995,2,3,4,234,"At Risk"
1163.0,33,90,11977.07,2,2,4,224,Lost
4483.0,0,83,11976.060000000007,5,1,4,514,Others
651.0,24,79,11975.169999999998,2,1,4,214,Lost
4913.0,13,102,11973.430000000002,3,5,4,354,Loyal
4553.0,1,107,11972.749999999989,5,5,4,554,Champions
4977.0,37,93,11972.069999999992,2,3,4,234,"At Risk"
17.0,13,93,11971.819999999998,3,3,4,334,Others
1287.0,0,98,11971.149999999998,5,4,4,544,Champions
4805.0,10,93,11970.51,4,3,4,434,Others
2043.0,13,100,11970.17,3,4,4,344,Loyal
3617.0,54,101,11969.62,1,4,4,144,"At Risk"
4983.0,78,106,11968.340000000006,1,5,4,154,"At Risk"
3327.0,29,94,11967.119999999997,2,3,4,234,"At Risk"
2906.0,23,76,11965.369999999997,2,1,4,214,Lost
3321.0,23,99,11963.320000000002,2,4,4,244,"At Risk"
4038.0,37,92,11962.919999999995,2,3,4,234,"At Risk"
60.0,52,95,11961.660000000002,1,3,4,134,"At Risk"
4329.0,2,92,11959.689999999997,5,3,4,534,Others
2081.0,6,101,11959.140000000003,4,4,4,444,Champions
4168.0,7,93,11959.000000000002,4,3,4,434,Others
4703.0,17,95,11958.520000000002,3,3,4,334,Others
731.0,0,88,11958.419999999998,5,2,4,524,Others
2208.0,17,99,11957.449999999997,3,4,4,344,Loyal
4876.0,8,107,11956.730000000001,4,5,4,454,Champions
2762.0,29,97,11956.570000000002,2,4,4,244,"At Risk"
223.0,41,91,11956.16,1,2,4,124,Lost
4786.0,13,94,11953.489999999998,3,3,4,334,Others
507.0,13,103,11953.489999999998,3,5,4,354,Loyal
3572.0,1,96,11953.340000000004,5,4,4,544,Champions
352.0,25,93,11951.859999999993,2,3,4,234,"At Risk"
4655.0,3,96,11951.289999999994,5,4,4,544,Champions
3348.0,6,80,11949.790000000003,4,1,4,414,Others
2598.0,19,89,11948.049999999997,3,2,4,324,Others
1078.0,67,98,11947.679999999995,1,4,4,144,"At Risk"
3303.0,3,89,11946.869999999999,5,2,4,524,Others
1474.0,5,87,11946.46,4,2,4,424,Others
1729.0,14,90,11945.859999999999,3,2,4,324,Others
1365.0,12,112,11945.769999999997,3,5,4,354,Loyal
2176.0,22,92,11945.4,3,3,4,334,Others
1850.0,7,93,11945.019999999995,4,3,4,434,Others
3645.0,6,98,11943.73,4,4,4,444,Champions
3390.0,11,90,11943.330000000005,4,2,4,424,Others
2424.0,87,105,11943.33,1,5,4,154,"At Risk"
527.0,12,94,11942.71,3,3,4,334,Others
880.0,65,83,11942.489999999998,1,1,4,114,Lost
4065.0,2,99,11941.959999999997,5,4,4,544,Champions
2980.0,50,108,11940.840000000002,1,5,4,154,"At Risk"
991.0,43,105,11939.15,1,5,4,154,"At Risk"
3488.0,0,93,11939.140000000001,5,3,4,534,Others
2086.0,9,98,11938.110000000002,4,4,4,444,Champions
4173.0,8,85,11937.619999999995,4,1,4,414,Others
611.0,9,79,11937.359999999999,4,1,4,414,Others
231.0,14,83,11937.250000000004,3,1,4,314,Others
3583.0,5,111,11937.129999999994,4,5,4,454,Champions
3330.0,10,89,11937.100000000004,4,2,4,424,Others
2470.0,10,99,11936.07,4,4,4,444,Champions
3839.0,3,91,11935.389999999998,5,3,4,534,Others
4373.0,17,95,11935.26,3,3,4,334,Others
3140.0,15,103,11935.170000000004,3,5,4,354,Loyal
4180.0,6,106,11932.279999999995,4,5,4,454,Champions
4193.0,17,103,11932.08,3,5,4,354,Loyal
136.0,14,102,11929.84,3,5,4,354,Loyal
3696.0,31,99,11928.929999999998,2,4,4,244,"At Risk"
2407.0,19,95,11927.15,3,3,4,334,Others
811.0,44,98,11922.640000000005,1,4,4,144,"At Risk"
618.0,87,96,11922.310000000003,1,3,4,134,"At Risk"
2898.0,75,93,11921.72,1,3,4,134,"At Risk"
712.0,9,94,11918.599999999993,4,3,4,434,Others
2266.0,23,105,11918.259999999995,2,5,4,254,"At Risk"
649.0,26,92,11918.180000000002,2,3,4,234,"At Risk"
2670.0,13,93,11914.890000000003,3,3,4,334,Others
4854.0,40,102,11914.819999999996,1,5,4,154,"At Risk"
2824.0,3,92,11912.04,5,3,4,534,Others
2462.0,25,94,11911.420000000002,2,3,4,234,"At Risk"
3365.0,4,96,11910.740000000003,5,4,4,544,Champions
4828.0,57,92,11910.539999999997,1,3,4,134,"At Risk"
2622.0,54,90,11910.199999999995,1,2,4,124,Lost
3202.0,31,97,11909.230000000001,2,4,4,244,"At Risk"
1208.0,5,93,11909.229999999998,4,3,4,434,Others
4576.0,23,82,11903.699999999999,2,1,4,214,Lost
3089.0,8,100,11902.140000000003,4,4,4,444,Champions
955.0,8,90,11902,4,2,4,424,Others
825.0,26,99,11898.039999999997,2,4,4,244,"At Risk"
1938.0,35,85,11897.779999999997,2,1,4,214,Lost
3266.0,3,109,11897.359999999999,5,5,4,554,Champions
1694.0,33,86,11896.860000000006,2,2,4,224,Lost
4508.0,70,106,11896.729999999994,1,5,4,154,"At Risk"
1507.0,19,105,11896.459999999997,3,5,4,354,Loyal
3642.0,23,93,11896.190000000002,2,3,4,234,"At Risk"
468.0,28,97,11895.240000000002,2,4,4,244,"At Risk"
3324.0,0,104,11893.989999999996,5,5,4,554,Champions
2614.0,32,93,11891.759999999998,2,3,4,234,"At Risk"
1853.0,0,73,11891.530000000004,5,1,4,514,Others
2469.0,0,93,11891.229999999998,5,3,4,534,Others
2910.0,53,91,11890.279999999999,1,2,4,124,Lost
2840.0,4,102,11888.280000000002,5,5,4,554,Champions
3134.0,2,99,11887.779999999995,5,4,4,544,Champions
463.0,1,100,11887.259999999998,5,4,4,544,Champions
854.0,43,113,11885.869999999997,1,5,4,154,"At Risk"
4648.0,11,103,11885.019999999995,4,5,4,454,Champions
2212.0,0,101,11883.990000000002,5,4,4,544,Champions
2397.0,121,90,11883.619999999997,1,2,4,124,Lost
1534.0,4,86,11883.159999999998,4,2,4,424,Others
4197.0,63,92,11877.840000000002,1,3,4,134,"At Risk"
147.0,14,109,11877.509999999998,3,5,4,354,Loyal
4213.0,48,101,11876.229999999996,1,4,4,144,"At Risk"
2409.0,25,72,11876.210000000006,2,1,4,214,Lost
4122.0,8,100,11874.3,4,4,4,444,Champions
3735.0,32,98,11869.09,2,4,4,244,"At Risk"
2839.0,1,109,11868.930000000002,5,5,4,554,Champions
2793.0,10,99,11868.500000000005,4,4,4,444,Champions
213.0,0,86,11867.660000000003,5,2,4,524,Others
214.0,21,98,11866.199999999997,3,4,4,344,Loyal
1984.0,9,101,11864.52,4,4,4,444,Champions
4960.0,52,84,11864.429999999997,1,1,4,114,Lost
1062.0,67,97,11864.390000000001,1,4,4,144,"At Risk"
858.0,59,82,11864.169999999996,1,1,4,114,Lost
4597.0,66,98,11860.860000000002,1,4,4,144,"At Risk"
4110.0,0,96,11857.349999999997,5,4,4,544,Champions
3289.0,31,110,11857.019999999995,2,5,4,254,"At Risk"
1197.0,10,90,11854.789999999997,4,2,4,424,Others
4244.0,37,92,11852.369999999995,2,3,4,234,"At Risk"
3512.0,1,103,11851.71,5,5,4,554,Champions
3139.0,40,99,11850.65,1,4,4,144,"At Risk"
2089.0,70,80,11850.54,1,1,4,114,Lost
4043.0,21,113,11847.869999999997,3,5,4,354,Loyal
1230.0,22,82,11847.339999999998,2,1,4,214,Lost
1000.0,4,80,11847.27,4,1,4,414,Others
481.0,0,101,11847.03,5,4,4,544,Champions
911.0,109,73,11846.980000000001,1,1,4,114,Lost
561.0,23,90,11846.779999999999,2,2,4,224,Lost
51.0,61,92,11846.69,1,3,4,134,"At Risk"
4887.0,27,95,11845.089999999995,2,3,4,234,"At Risk"
3598.0,24,98,11844.169999999998,2,4,4,244,"At Risk"
9.0,31,99,11842.680000000002,2,4,4,244,"At Risk"
2416.0,8,106,11842.280000000002,4,5,4,454,Champions
734.0,32,99,11841.550000000005,2,4,4,244,"At Risk"
1245.0,19,81,11840.76,3,1,4,314,Others
1100.0,1,98,11840.640000000001,5,4,4,544,Champions
2973.0,39,85,11837.57,1,1,4,114,Lost
3675.0,49,90,11836.900000000003,1,2,4,124,Lost
1003.0,4,95,11836.86,4,3,4,434,Others
3796.0,38,87,11835.149999999996,2,2,4,224,Lost
409.0,16,90,11835.100000000002,3,2,4,324,Others
3874.0,13,116,11835.050000000003,3,5,4,354,Loyal
802.0,13,93,11834.839999999998,3,3,4,334,Others
2595.0,12,115,11834.319999999996,3,5,4,354,Loyal
3480.0,24,84,11834.290000000005,2,1,4,214,Lost
4305.0,35,99,11833.340000000004,2,4,4,244,"At Risk"
2918.0,21,101,11832.830000000002,3,4,4,344,Loyal
4243.0,23,86,11832.64999999999,2,2,4,224,Lost
4050.0,1,87,11831.900000000003,5,2,4,524,Others
4736.0,35,102,11831.359999999997,2,5,4,254,"At Risk"
3183.0,3,97,11830.849999999999,5,4,4,544,Champions
1031.0,10,107,11829.569999999994,4,5,4,454,Champions
276.0,17,108,11827.54,3,5,4,354,Loyal
1298.0,12,100,11827.17,3,4,4,344,Loyal
533.0,32,91,11824.6,2,2,4,224,Lost
4302.0,105,91,11824.379999999997,1,2,4,124,Lost
3921.0,5,95,11823.539999999999,4,3,4,434,Others
2880.0,1,99,11823.320000000007,5,4,4,544,Champions
1810.0,101,87,11821.009999999997,1,2,4,124,Lost
1077.0,17,84,11820.789999999999,3,1,4,314,Others
2798.0,8,105,11820.280000000004,4,5,4,454,Champions
2319.0,64,95,11820.02,1,3,4,134,"At Risk"
4879.0,6,92,11818.39,4,3,4,434,Others
2314.0,25,102,11816.26,2,5,4,254,"At Risk"
3699.0,26,87,11813.739999999994,2,2,4,224,Lost
1926.0,6,105,11813.449999999995,4,5,4,454,Champions
3704.0,3,93,11812.849999999997,5,3,4,534,Others
1002.0,4,81,11812.619999999997,4,1,4,414,Others
3044.0,75,93,11811.169999999998,1,3,4,134,"At Risk"
1468.0,88,95,11809.41,1,3,4,134,"At Risk"
3052.0,11,102,11808.62,4,5,4,454,Champions
2306.0,12,87,11807.43,3,2,4,324,Others
3616.0,30,106,11806.689999999999,2,5,4,254,"At Risk"
1357.0,34,95,11806.079999999996,2,3,4,234,"At Risk"
3119.0,49,102,11805.860000000004,1,5,4,154,"At Risk"
4916.0,53,102,11805.759999999997,1,5,4,154,"At Risk"
549.0,14,83,11805.44,3,1,4,314,Others
1813.0,13,100,11804.51,3,4,4,344,Loyal
1560.0,8,99,11804.46,4,4,4,444,Champions
3287.0,34,95,11804.440000000004,2,3,4,234,"At Risk"
3371.0,3,89,11804.070000000005,5,2,4,524,Others
2830.0,20,112,11803.989999999998,3,5,4,354,Loyal
4277.0,23,86,11803.82,2,2,4,224,Lost
2336.0,3,96,11803.480000000003,5,4,4,544,Champions
1142.0,32,101,11803.039999999994,2,4,4,244,"At Risk"
4100.0,10,104,11802.040000000005,4,5,4,454,Champions
4456.0,6,92,11800.939999999999,4,3,4,434,Others
3968.0,8,93,11800.899999999994,4,3,4,434,Others
4637.0,5,97,11800.82,4,4,4,444,Champions
3624.0,16,101,11800.68,3,4,4,344,Loyal
1599.0,33,103,11798.260000000006,2,5,4,254,"At Risk"
2000.0,39,99,11796.760000000002,1,4,4,144,"At Risk"
3992.0,103,89,11794.089999999998,1,2,4,124,Lost
1703.0,2,89,11793.050000000005,5,2,4,524,Others
1716.0,18,98,11792.910000000003,3,4,4,344,Loyal
1198.0,53,93,11791.55,1,3,4,134,"At Risk"
2141.0,16,101,11790.139999999998,3,4,4,344,Loyal
1148.0,40,90,11790.029999999997,1,2,4,124,Lost
4146.0,11,85,11789.249999999998,4,1,4,414,Others
1285.0,13,94,11787.910000000003,3,3,4,334,Others
4638.0,21,95,11786.750000000004,3,3,4,334,Others
4981.0,62,103,11786.560000000001,1,5,4,154,"At Risk"
1594.0,0,84,11784.26,5,1,4,514,Others
2526.0,3,113,11783.940000000004,5,5,4,554,Champions
3066.0,26,105,11783.339999999998,2,5,4,254,"At Risk"
1405.0,0,86,11782.760000000002,5,2,4,524,Others
1695.0,3,94,11782.699999999995,5,3,4,534,Others
2684.0,17,97,11782.290000000005,3,4,4,344,Loyal
350.0,5,92,11780.97,4,3,4,434,Others
1677.0,5,97,11778.440000000008,4,4,4,444,Champions
295.0,34,92,11777.23,2,3,4,234,"At Risk"
3988.0,7,84,11776.069999999996,4,1,4,414,Others
4352.0,57,94,11775.819999999998,1,3,4,134,"At Risk"
4317.0,57,96,11774.219999999998,1,3,4,134,"At Risk"
338.0,6,95,11773.74,4,3,4,434,Others
1437.0,2,97,11772.610000000004,5,4,4,544,Champions
1900.0,22,91,11771.710000000001,2,2,4,224,Lost
1154.0,35,100,11771.580000000004,2,4,4,244,"At Risk"
4751.0,49,101,11771.39,1,4,4,144,"At Risk"
2283.0,5,85,11771.299999999992,4,1,4,414,Others
4085.0,11,87,11768.779999999997,4,2,4,424,Others
3376.0,42,110,11768.5,1,5,4,154,"At Risk"
535.0,13,98,11765.520000000002,3,4,4,344,Loyal
1691.0,137,102,11764.009999999991,1,5,4,154,"At Risk"
1498.0,20,96,11763.689999999997,3,4,4,344,Loyal
105.0,3,103,11763.570000000002,5,5,4,554,Champions
4448.0,2,92,11761.569999999998,5,3,4,534,Others
230.0,3,90,11761.04,5,2,4,524,Others
542.0,8,98,11759.709999999997,4,4,4,444,Champions
4757.0,2,97,11759.37,5,4,4,544,Champions
377.0,28,89,11759.269999999999,2,2,4,224,Lost
3295.0,43,96,11759.129999999996,1,3,4,134,"At Risk"
4564.0,27,100,11756.08,2,4,4,244,"At Risk"
4372.0,40,102,11756.069999999998,1,5,4,154,"At Risk"
1453.0,20,97,11754.659999999996,3,4,4,344,Loyal
2177.0,56,90,11754.439999999999,1,2,4,124,Lost
3726.0,15,95,11754.429999999993,3,3,4,334,Others
1012.0,19,90,11751.250000000002,3,2,4,324,Others
508.0,12,107,11750.29,3,5,4,354,Loyal
4075.0,16,73,11750,3,1,4,314,Others
1035.0,9,103,11749.279999999995,4,5,4,454,Champions
3918.0,74,92,11749.109999999997,1,3,4,134,"At Risk"
63.0,2,100,11748.359999999995,5,4,4,544,Champions
634.0,34,100,11747.299999999997,2,4,4,244,"At Risk"
1064.0,70,91,11746.529999999995,1,2,4,124,Lost
1621.0,26,101,11745.960000000008,2,4,4,244,"At Risk"
3723.0,27,92,11744.400000000003,2,3,4,234,"At Risk"
4318.0,20,97,11743.399999999998,3,4,4,344,Loyal
1660.0,34,88,11743.17,2,2,4,224,Lost
2186.0,8,90,11742.949999999997,4,2,4,424,Others
4692.0,141,84,11742.839999999993,1,1,4,114,Lost
108.0,42,96,11741.739999999994,1,3,4,134,"At Risk"
4273.0,15,93,11741.709999999995,3,3,4,334,Others
3936.0,13,94,11741.229999999998,3,3,4,334,Others
612.0,25,105,11741.049999999997,2,5,4,254,"At Risk"
1358.0,4,103,11740.870000000004,4,5,4,454,Champions
3102.0,24,88,11739.2,2,2,4,224,Lost
4612.0,0,93,11737.810000000001,5,3,4,534,Others
1452.0,31,94,11737.429999999995,2,3,4,234,"At Risk"
2731.0,3,92,11734.74,5,3,4,534,Others
504.0,51,100,11734.6,1,4,4,144,"At Risk"
3965.0,4,100,11734.519999999993,5,4,4,544,Champions
4102.0,10,89,11733.810000000001,4,2,4,424,Others
306.0,38,91,11733.769999999988,2,2,4,224,Lost
1009.0,24,83,11733.629999999997,2,1,4,214,Lost
1402.0,3,87,11733.529999999997,5,2,4,524,Others
4139.0,5,85,11732.599999999999,4,1,4,414,Others
4333.0,5,101,11732.160000000002,4,4,4,444,Champions
354.0,14,96,11731.400000000001,3,4,4,344,Loyal
1628.0,0,90,11731.140000000001,5,2,4,524,Others
1194.0,19,71,11728.849999999999,3,1,4,314,Others
2570.0,8,90,11725.260000000002,4,2,4,424,Others
4924.0,17,92,11722.010000000002,3,3,4,334,Others
3664.0,0,87,11720.929999999995,5,2,4,524,Others
639.0,10,103,11720.319999999998,4,5,4,454,Champions
4236.0,22,98,11719.950000000003,3,4,4,344,Loyal
70.0,20,107,11718.640000000003,3,5,4,354,Loyal
2557.0,21,91,11715.370000000004,3,3,4,334,Others
1086.0,1,104,11715.150000000003,5,5,4,554,Champions
3816.0,23,103,11714.84,2,5,4,254,"At Risk"
1478.0,4,80,11714.560000000001,4,1,4,414,Others
3456.0,2,102,11714.34,5,5,4,554,Champions
4269.0,46,111,11714.229999999996,1,5,4,154,"At Risk"
3195.0,2,110,11713.749999999996,5,5,4,554,Champions
1542.0,1,96,11711.489999999996,5,4,4,544,Champions
191.0,60,111,11710.970000000003,1,5,4,154,"At Risk"
2483.0,1,86,11709.900000000001,5,2,4,524,Others
4416.0,33,95,11709.640000000007,2,3,4,234,"At Risk"
104.0,3,93,11708.359999999999,5,3,4,534,Others
4240.0,3,95,11708.250000000002,5,3,4,534,Others
1711.0,0,107,11706.58,5,5,4,554,Champions
1718.0,2,103,11705.420000000004,5,5,4,554,Champions
626.0,21,99,11705.009999999998,3,4,4,344,Loyal
1380.0,35,111,11703.990000000002,2,5,4,254,"At Risk"
4235.0,26,93,11702.859999999999,2,3,4,234,"At Risk"
2309.0,3,91,11702.23,5,3,4,534,Others
1749.0,46,92,11701.439999999997,1,3,4,134,"At Risk"
3343.0,5,110,11700.97,4,5,4,454,Champions
447.0,8,97,11700.249999999998,4,4,4,444,Champions
2479.0,19,104,11699.589999999998,3,5,4,354,Loyal
2630.0,20,95,11699.380000000005,3,3,4,334,Others
1265.0,33,103,11699.239999999998,2,5,4,254,"At Risk"
3788.0,6,87,11699.04,4,2,4,424,Others
4818.0,0,90,11697.169999999998,5,2,4,524,Others
4294.0,26,84,11696.069999999996,2,1,4,214,Lost
4944.0,14,105,11695.980000000005,3,5,4,354,Loyal
4331.0,5,111,11695.840000000006,4,5,4,454,Champions
723.0,22,84,11694.719999999996,3,1,4,314,Others
1095.0,71,100,11694.309999999998,1,4,4,144,"At Risk"
1551.0,49,93,11693.9,1,3,4,134,"At Risk"
1787.0,4,94,11692.040000000005,5,3,4,534,Others
3758.0,3,84,11691.13,5,1,4,514,Others
2874.0,19,96,11691.060000000001,3,4,4,344,Loyal
3880.0,1,96,11690.809999999998,5,4,4,544,Champions
3383.0,54,90,11690.5,1,2,4,124,Lost
1401.0,1,113,11688.440000000006,5,5,4,554,Champions
728.0,1,95,11686.989999999998,5,3,4,534,Others
4651.0,9,103,11686.76,4,5,4,454,Champions
3911.0,1,91,11684.510000000006,5,3,4,534,Others
2538.0,55,101,11683.74,1,4,4,144,"At Risk"
4417.0,63,83,11683.350000000002,1,1,4,114,Lost
4480.0,35,98,11683.209999999995,2,4,4,244,"At Risk"
4304.0,27,106,11682.379999999997,2,5,4,254,"At Risk"
4490.0,6,104,11682.14,4,5,4,454,Champions
892.0,24,82,11681.890000000007,2,1,4,214,Lost
75.0,0,96,11681.750000000004,5,4,4,544,Champions
1912.0,13,98,11681.699999999999,3,4,4,344,Loyal
2516.0,30,103,11681.140000000005,2,5,4,254,"At Risk"
1213.0,2,80,11679.29,5,1,4,514,Others
3712.0,10,88,11677.490000000007,4,2,4,424,Others
617.0,62,97,11676.85,1,4,4,144,"At Risk"
2413.0,1,92,11673.95,5,3,4,534,Others
972.0,4,92,11672.169999999998,5,3,4,534,Others
2581.0,4,104,11669.359999999997,5,5,4,554,Champions
4782.0,6,94,11668.699999999997,4,3,4,434,Others
2576.0,71,93,11668.269999999999,1,3,4,134,"At Risk"
2499.0,50,93,11658.399999999998,1,3,4,134,"At Risk"
1394.0,38,86,11657.39,1,2,4,124,Lost
1264.0,20,85,11655.919999999998,3,1,4,314,Others
3471.0,6,87,11655.030000000002,4,2,4,424,Others
4493.0,16,102,11653.429999999995,3,5,4,354,Loyal
3238.0,9,107,11651.559999999996,4,5,4,454,Champions
940.0,19,100,11651.180000000002,3,4,4,344,Loyal
107.0,27,80,11649.640000000001,2,1,4,214,Lost
2510.0,25,92,11646.57,2,3,4,234,"At Risk"
1328.0,3,96,11645.029999999997,5,4,4,544,Champions
4868.0,22,100,11644.769999999999,3,4,4,344,Loyal
195.0,20,110,11642.709999999995,3,5,4,354,Loyal
1981.0,7,106,11641.320000000007,4,5,4,454,Champions
4118.0,0,88,11640.700000000006,5,2,4,524,Others
2280.0,32,92,11639.970000000001,2,3,4,234,"At Risk"
4775.0,6,87,11639.550000000003,4,2,4,424,Others
2180.0,10,83,11638.220000000001,4,1,4,414,Others
596.0,5,103,11637.940000000002,4,5,4,454,Champions
5000.0,17,102,11637.86,3,5,4,354,Loyal
1239.0,34,91,11635.990000000002,2,2,4,224,Lost
1057.0,9,101,11635.819999999998,4,4,4,444,Champions
2551.0,49,94,11635.140000000001,1,3,4,134,"At Risk"
1081.0,35,92,11634.83,2,3,4,234,"At Risk"
3725.0,42,102,11634.430000000002,1,5,4,154,"At Risk"
2669.0,5,103,11633.28,4,5,4,454,Champions
3943.0,12,99,11631.769999999995,3,4,4,344,Loyal
4290.0,32,99,11631.679999999998,2,4,4,244,"At Risk"
937.0,69,104,11630.909999999998,1,5,4,154,"At Risk"
3631.0,4,89,11627.46,5,2,4,524,Others
1480.0,9,98,11625.349999999995,4,4,4,444,Champions
2877.0,19,96,11625.260000000002,3,4,4,344,Loyal
1566.0,54,102,11625.19,1,5,4,154,"At Risk"
4395.0,14,93,11625.169999999998,3,3,4,334,Others
402.0,17,92,11624.189999999999,3,3,4,334,Others
253.0,32,97,11622.64,2,4,4,244,"At Risk"
812.0,10,88,11622.470000000003,4,2,4,424,Others
4174.0,10,85,11622.030000000002,4,1,4,414,Others
3247.0,12,103,11621.159999999996,3,5,4,354,Loyal
2729.0,1,103,11620.349999999997,5,5,4,554,Champions
1894.0,1,100,11619.57,5,4,4,544,Champions
4299.0,35,91,11618.560000000001,2,2,4,224,Lost
669.0,21,94,11617.43,3,3,4,334,Others
1751.0,22,110,11616.190000000004,2,5,4,254,"At Risk"
2429.0,13,107,11615.7,3,5,4,354,Loyal
3724.0,9,96,11613.83,4,4,4,444,Champions
4124.0,86,95,11612.500000000002,1,3,4,134,"At Risk"
3080.0,30,94,11611.2,2,3,4,234,"At Risk"
3377.0,102,94,11610.130000000001,1,3,4,134,"At Risk"
2265.0,27,92,11609.769999999997,2,3,4,234,"At Risk"
1423.0,10,93,11608.430000000002,4,3,4,434,Others
2003.0,5,94,11606.019999999995,4,3,4,434,Others
2106.0,33,86,11605.53,2,2,4,224,Lost
4861.0,24,116,11603.989999999996,2,5,4,254,"At Risk"
4023.0,24,92,11602.69,2,3,4,234,"At Risk"
2819.0,23,101,11602.289999999999,2,4,4,244,"At Risk"
363.0,73,87,11601.550000000003,1,2,4,124,Lost
1253.0,24,98,11599.259999999998,2,4,4,244,"At Risk"
1518.0,1,92,11598.67,5,3,4,534,Others
3314.0,13,95,11598.019999999997,3,3,4,334,Others
4037.0,25,94,11597.220000000003,2,3,4,234,"At Risk"
2608.0,19,95,11595.679999999997,3,3,4,334,Others
2073.0,11,102,11592.01,4,5,4,454,Champions
3973.0,20,97,11591.999999999996,3,4,4,344,Loyal
4320.0,10,104,11588.509999999998,4,5,4,454,Champions
3553.0,6,83,11588.139999999996,4,1,4,414,Others
521.0,23,93,11587.24,2,3,4,234,"At Risk"
3025.0,29,82,11586.45,2,1,4,214,Lost
4413.0,13,96,11583.399999999998,3,4,4,344,Loyal
1400.0,15,95,11582.859999999999,3,3,4,334,Others
1558.0,14,93,11582.289999999999,3,3,4,334,Others
2055.0,79,88,11581.370000000004,1,2,4,124,Lost
4930.0,27,106,11580.310000000001,2,5,4,254,"At Risk"
3527.0,66,91,11580.269999999999,1,2,4,124,Lost
961.0,11,101,11579.899999999998,4,4,4,444,Champions
2846.0,2,97,11579.559999999998,5,4,4,544,Champions
98.0,33,106,11578.709999999992,2,5,4,254,"At Risk"
1319.0,49,92,11576.089999999993,1,3,4,134,"At Risk"
4217.0,21,93,11574.769999999997,3,3,4,334,Others
40.0,10,91,11573.449999999997,4,3,4,434,Others
4834.0,14,100,11573.130000000001,3,4,4,344,Loyal
4601.0,107,93,11572.009999999998,1,3,4,134,"At Risk"
3588.0,6,111,11570.760000000002,4,5,4,454,Champions
2239.0,3,111,11569.959999999997,5,5,4,554,Champions
1263.0,6,85,11565.510000000004,4,1,4,414,Others
2956.0,24,98,11564.7,2,4,4,244,"At Risk"
531.0,21,94,11564.549999999994,3,3,4,334,Others
1033.0,23,95,11564.169999999998,2,3,4,234,"At Risk"
1386.0,18,93,11563.529999999999,3,3,4,334,Others
4010.0,64,85,11563.220000000001,1,1,4,114,Lost
4003.0,14,89,11561.970000000007,3,2,4,324,Others
2680.0,38,98,11561.629999999992,2,4,4,244,"At Risk"
4427.0,0,94,11558.260000000002,5,3,4,534,Others
3199.0,13,91,11557.949999999997,3,3,4,334,Others
4778.0,31,94,11550.549999999996,2,3,4,234,"At Risk"
440.0,23,108,11549.300000000003,2,5,4,254,"At Risk"
1808.0,57,93,11548.04,1,3,4,134,"At Risk"
2587.0,95,81,11547.369999999999,1,1,4,114,Lost
944.0,0,95,11547.15,5,3,4,534,Others
3565.0,20,95,11547.059999999998,3,3,4,334,Others
3244.0,35,94,11545.85,2,3,4,234,"At Risk"
935.0,50,84,11545.030000000002,1,1,4,114,Lost
580.0,1,84,11541.289999999999,5,1,4,514,Others
3633.0,8,98,11538.700000000006,4,4,4,444,Champions
2757.0,26,97,11538.099999999999,2,4,4,244,"At Risk"
4618.0,1,98,11536.469999999994,5,4,4,544,Champions
941.0,11,95,11536.349999999999,4,3,4,434,Others
589.0,0,82,11536.179999999997,5,1,4,514,Others
4454.0,12,101,11535.940000000002,3,4,4,344,Loyal
235.0,25,99,11532.760000000004,2,4,4,244,"At Risk"
3182.0,26,96,11530.379999999997,2,3,4,234,"At Risk"
3885.0,7,101,11527.070000000002,4,4,4,444,Champions
2999.0,57,96,11523.669999999996,1,3,4,134,"At Risk"
3940.0,3,81,11523.519999999999,5,1,4,514,Others
4938.0,110,101,11523.519999999997,1,4,4,144,"At Risk"
1954.0,7,106,11522.980000000003,4,5,4,454,Champions
2291.0,1,98,11522.12,5,4,4,544,Champions
3666.0,17,95,11522.080000000002,3,3,4,334,Others
4046.0,7,99,11517.920000000004,4,4,4,444,Champions
257.0,0,101,11517.789999999999,5,4,4,544,Champions
510.0,41,101,11517.68,1,4,4,144,"At Risk"
3361.0,40,97,11516.260000000002,1,4,4,144,"At Risk"
2515.0,5,78,11515.119999999999,4,1,4,414,Others
3112.0,4,87,11514.889999999998,5,2,4,524,Others
1533.0,4,93,11514.32,4,3,4,434,Others
3767.0,2,97,11513.810000000003,5,4,4,544,Champions
3499.0,41,95,11508.18,1,3,4,134,"At Risk"
4297.0,19,103,11507.960000000001,3,5,4,354,Loyal
459.0,53,91,11507.590000000004,1,2,4,124,Lost
3261.0,5,97,11507.200000000004,4,4,4,444,Champions
3578.0,6,89,11507.190000000002,4,2,4,424,Others
4726.0,0,92,11507.099999999995,5,3,4,534,Others
1570.0,36,88,11506.930000000002,2,2,4,224,Lost
2071.0,33,102,11506.599999999999,2,5,4,254,"At Risk"
27.0,22,102,11505.399999999998,3,5,4,354,Loyal
579.0,2,89,11503.119999999997,5,2,4,524,Others
4831.0,11,95,11502.749999999998,4,3,4,434,Others
170.0,11,102,11501.919999999996,3,5,4,354,Loyal
3900.0,138,107,11501.65,1,5,4,154,"At Risk"
2022.0,46,104,11501.270000000002,1,5,4,154,"At Risk"
4229.0,42,97,11500.810000000003,1,4,4,144,"At Risk"
4540.0,33,99,11500.360000000006,2,4,4,244,"At Risk"
480.0,35,96,11500.269999999997,2,3,4,234,"At Risk"
3595.0,46,97,11499.620000000003,1,4,4,144,"At Risk"
4698.0,13,90,11498.94,3,2,4,324,Others
4166.0,59,95,11490.590000000004,1,3,4,134,"At Risk"
1574.0,20,93,11490.37,3,3,4,334,Others
3963.0,60,86,11488.579999999998,1,2,4,124,Lost
2472.0,9,86,11488.079999999996,4,2,4,424,Others
4399.0,20,99,11485.969999999998,3,4,4,344,Loyal
2850.0,0,95,11485.449999999999,5,3,4,534,Others
3124.0,27,102,11480.039999999997,2,5,4,254,"At Risk"
289.0,20,85,11478.85,3,1,4,314,Others
3692.0,73,79,11477.329999999998,1,1,4,114,Lost
1020.0,6,93,11475.119999999999,4,3,4,434,Others
3494.0,32,96,11473.970000000003,2,3,4,234,"At Risk"
2921.0,5,98,11472.880000000005,4,4,4,444,Champions
541.0,6,95,11472.629999999996,4,3,4,434,Others
351.0,0,91,11472.529999999999,5,2,4,524,Others
2959.0,3,106,11471.899999999996,5,5,4,554,Champions
462.0,51,90,11471.799999999997,1,2,4,124,Lost
4937.0,47,98,11470.990000000002,1,4,4,144,"At Risk"
1114.0,11,102,11470.89,3,5,4,354,Loyal
238.0,2,86,11468.219999999998,5,2,4,524,Others
123.0,14,88,11467.269999999997,3,2,4,324,Others
2585.0,61,81,11465.889999999996,1,1,4,114,Lost
3501.0,34,98,11464.619999999997,2,4,4,244,"At Risk"
1410.0,16,78,11462.890000000001,3,1,4,314,Others
2221.0,58,72,11460.560000000001,1,1,4,114,Lost
3273.0,0,102,11460.339999999998,5,5,4,554,Champions
4806.0,27,99,11458.859999999997,2,4,4,244,"At Risk"
1236.0,60,95,11458.409999999998,1,3,4,134,"At Risk"
1106.0,1,95,11457.710000000003,5,3,4,534,Others
657.0,6,93,11457.619999999995,4,3,4,434,Others
3226.0,3,93,11454.009999999993,5,3,4,534,Others
4627.0,9,82,11453.919999999998,4,1,4,414,Others
3736.0,13,91,11452.610000000004,3,3,4,334,Others
2596.0,19,90,11451.53,3,2,4,324,Others
2035.0,40,95,11449.550000000001,1,3,4,134,"At Risk"
1756.0,30,100,11446.890000000005,2,4,4,244,"At Risk"
2841.0,6,106,11445.099999999999,4,5,4,454,Champions
2615.0,0,103,11445.070000000002,5,5,4,554,Champions
2791.0,8,97,11444.359999999999,4,4,4,444,Champions
3550.0,16,93,11444.300000000003,3,3,4,334,Others
4939.0,5,94,11444.260000000002,4,3,4,434,Others
4310.0,22,109,11443.710000000001,3,5,4,354,Loyal
1593.0,9,95,11443.390000000005,4,3,4,434,Others
4390.0,16,101,11443.159999999998,3,4,4,344,Loyal
493.0,43,108,11441.369999999997,1,5,4,154,"At Risk"
496.0,4,100,11440.27,5,4,4,544,Champions
1539.0,4,92,11440.219999999998,4,3,4,434,Others
836.0,4,96,11439.559999999996,5,4,4,544,Champions
2426.0,9,90,11439.400000000005,4,2,4,424,Others
2345.0,0,88,11439.030000000004,5,2,4,524,Others
4016.0,1,94,11438.980000000001,5,3,4,534,Others
3452.0,21,97,11436.870000000003,3,4,4,344,Loyal
3179.0,3,96,11436.439999999999,5,4,4,544,Champions
749.0,11,96,11434.759999999995,4,4,4,444,Champions
4605.0,35,94,11433.67,2,3,4,234,"At Risk"
4466.0,66,92,11432.529999999995,1,3,4,134,"At Risk"
1006.0,3,97,11431.680000000002,5,4,4,544,Champions
1260.0,11,85,11427.800000000005,3,1,4,314,Others
2884.0,19,98,11427.639999999998,3,4,4,344,Loyal
11.0,12,99,11427.490000000002,3,4,4,344,Loyal
2513.0,3,89,11427.220000000005,5,2,4,524,Others
4204.0,13,89,11426.739999999994,3,2,4,324,Others
3099.0,7,101,11426.010000000006,4,4,4,444,Champions
1310.0,4,108,11425.539999999992,4,5,4,454,Champions
1228.0,27,85,11425.439999999995,2,1,4,214,Lost
1702.0,8,104,11425.350000000002,4,5,4,454,Champions
1190.0,15,104,11423.600000000002,3,5,4,354,Loyal
2365.0,3,81,11422.710000000003,5,1,4,514,Others
3832.0,3,104,11421.92,5,5,4,554,Champions
3441.0,6,96,11421.429999999998,4,4,4,444,Champions
4789.0,2,97,11421.2,5,4,4,544,Champions
4142.0,17,103,11419.130000000005,3,5,4,354,Loyal
4438.0,12,102,11415.660000000002,3,5,4,354,Loyal
2914.0,17,92,11414.79,3,3,4,334,Others
938.0,170,82,11411.59,1,1,4,114,Lost
3326.0,19,99,11410.529999999997,3,4,4,344,Loyal
933.0,47,103,11409.390000000003,1,5,4,154,"At Risk"
2765.0,5,94,11409.27,4,3,4,434,Others
4468.0,6,93,11409.2,4,3,4,434,Others
3531.0,0,101,11408.580000000002,5,4,4,544,Champions
1876.0,46,95,11408.479999999994,1,3,4,134,"At Risk"
990.0,39,89,11407.160000000003,1,2,4,124,Lost
1063.0,40,108,11406.899999999996,1,5,4,154,"At Risk"
417.0,19,97,11405.88,3,4,4,344,Loyal
767.0,3,110,11405.37,5,5,4,554,Champions
4793.0,6,99,11404.840000000006,4,4,4,444,Champions
1877.0,40,85,11404.67,1,1,4,114,Lost
3224.0,42,103,11401.219999999996,1,5,4,154,"At Risk"
3604.0,5,105,11399.489999999998,4,5,4,454,Champions
3823.0,27,98,11396.529999999999,2,4,4,244,"At Risk"
2639.0,6,96,11396.270000000002,4,4,4,444,Champions
2517.0,29,100,11395.520000000006,2,4,4,244,"At Risk"
4973.0,27,88,11395.270000000004,2,2,4,224,Lost
1112.0,13,82,11393.780000000002,3,1,4,314,Others
1138.0,25,97,11392.520000000002,2,4,4,244,"At Risk"
2458.0,1,91,11391.14,5,3,4,534,Others
2355.0,13,99,11389.530000000008,3,4,4,344,Loyal
2715.0,45,90,11389.350000000002,1,2,4,124,Lost
4717.0,66,103,11388.73,1,5,4,154,"At Risk"
960.0,11,96,11387.199999999999,4,4,4,444,Champions
46.0,5,97,11385.589999999997,4,4,4,444,Champions
1750.0,11,93,11384.069999999998,3,3,4,334,Others
908.0,29,85,11383.900000000001,2,1,4,214,Lost
598.0,27,96,11383.769999999997,2,3,4,234,"At Risk"
4644.0,47,115,11383.539999999997,1,5,3,153,"At Risk"
3135.0,27,119,11382.4,2,5,3,253,"At Risk"
278.0,27,96,11381.52,2,3,3,233,"At Risk"
4422.0,3,90,11379.620000000006,5,2,3,523,Others
1041.0,10,95,11379.01,4,3,3,433,Others
1126.0,39,89,11377.999999999998,1,2,3,123,Lost
397.0,66,98,11376.210000000005,1,4,3,143,"At Risk"
2831.0,12,92,11374.440000000006,3,3,3,333,Others
2436.0,9,99,11372.390000000001,4,4,3,443,Loyal
1121.0,38,110,11372.149999999998,1,5,3,153,"At Risk"
2985.0,10,99,11371.149999999998,4,4,3,443,Loyal
1192.0,4,93,11370.589999999997,4,3,3,433,Others
133.0,2,95,11368.449999999995,5,3,3,533,Others
4974.0,27,109,11367.569999999994,2,5,3,253,"At Risk"
837.0,70,115,11366.179999999997,1,5,3,153,"At Risk"
4430.0,38,96,11364.239999999998,2,3,3,233,"At Risk"
1661.0,60,91,11363.17,1,2,3,123,Lost
2675.0,35,90,11363.159999999998,2,2,3,223,Lost
3319.0,10,107,11362.890000000003,4,5,3,453,Loyal
2366.0,0,95,11361.169999999998,5,3,3,533,Others
151.0,59,115,11361.159999999998,1,5,3,153,"At Risk"
4172.0,19,99,11360.96,3,4,3,343,Loyal
4962.0,4,104,11360.54,5,5,3,553,Loyal
2120.0,33,110,11360.119999999994,2,5,3,253,"At Risk"
4579.0,8,94,11359.949999999999,4,3,3,433,Others
3003.0,8,86,11359.939999999999,4,2,3,423,Others
2200.0,75,79,11359.799999999996,1,1,3,113,Lost
4872.0,11,85,11359.16,4,1,3,413,Others
2158.0,30,101,11358.17,2,4,3,243,"At Risk"
4727.0,40,86,11357.760000000004,1,2,3,123,Lost
2284.0,22,98,11357.65,3,4,3,343,Loyal
551.0,10,115,11356.930000000002,4,5,3,453,Loyal
3618.0,7,87,11355.33,4,2,3,423,Others
1119.0,13,89,11355.020000000004,3,2,3,323,Others
3277.0,4,102,11354.990000000003,5,5,3,553,Loyal
4863.0,29,104,11352.979999999998,2,5,3,253,"At Risk"
3703.0,24,115,11348.860000000004,2,5,3,253,"At Risk"
4526.0,12,116,11348.089999999998,3,5,3,353,Loyal
1627.0,0,83,11347.239999999994,5,1,3,513,Others
4976.0,1,98,11346.899999999998,5,4,3,543,Loyal
1612.0,72,100,11346.619999999997,1,4,3,143,"At Risk"
963.0,9,99,11345.730000000001,4,4,3,443,Loyal
1458.0,18,99,11344.579999999994,3,4,3,343,Loyal
1342.0,17,99,11343.519999999997,3,4,3,343,Loyal
411.0,20,90,11343.150000000001,3,2,3,323,Others
3569.0,11,95,11342.38,4,3,3,433,Others
4743.0,5,79,11341.69,4,1,3,413,Others
2440.0,10,99,11341.629999999994,4,4,3,443,Loyal
3810.0,24,100,11338.730000000005,2,4,3,243,"At Risk"
4105.0,22,86,11338.249999999998,3,2,3,323,Others
3245.0,5,101,11338.149999999998,4,4,3,443,Loyal
3323.0,16,91,11337.45,3,3,3,333,Others
959.0,1,86,11335.179999999998,5,2,3,523,Others
2643.0,1,96,11334.749999999998,5,4,3,543,Loyal
4149.0,5,93,11333.249999999998,4,3,3,433,Others
2058.0,31,83,11333.200000000003,2,1,3,213,Lost
564.0,14,88,11332.3,3,2,3,323,Others
323.0,46,100,11332.03,1,4,3,143,"At Risk"
399.0,63,100,11330.569999999996,1,4,3,143,"At Risk"
953.0,6,105,11327.809999999998,4,5,3,453,Loyal
1252.0,17,87,11325.769999999999,3,2,3,323,Others
3720.0,7,103,11325.669999999995,4,5,3,453,Loyal
2618.0,17,106,11325.48,3,5,3,353,Loyal
4509.0,16,100,11322.91,3,4,3,343,Loyal
3237.0,3,93,11322.9,5,3,3,533,Others
298.0,82,102,11322.220000000003,1,5,3,153,"At Risk"
867.0,30,102,11316.269999999999,2,5,3,253,"At Risk"
1373.0,0,97,11315.130000000003,5,4,3,543,Loyal
1409.0,33,106,11312.69,2,5,3,253,"At Risk"
373.0,29,86,11312.089999999998,2,2,3,223,Lost
1697.0,0,85,11309.750000000002,5,1,3,513,Others
174.0,9,88,11308.519999999997,4,2,3,423,Others
1107.0,69,100,11308.510000000006,1,4,3,143,"At Risk"
1140.0,15,102,11307.789999999997,3,5,3,353,Loyal
2616.0,20,88,11307.649999999996,3,2,3,323,Others
116.0,58,98,11305.570000000002,1,4,3,143,"At Risk"
2048.0,33,95,11304.899999999996,2,3,3,233,"At Risk"
415.0,30,94,11304.71,2,3,3,233,"At Risk"
2620.0,16,103,11303.829999999996,3,5,3,353,Loyal
4849.0,6,96,11302.859999999999,4,4,3,443,Loyal
3508.0,57,103,11302.809999999994,1,5,3,153,"At Risk"
3818.0,10,88,11301.640000000001,4,2,3,423,Others
2189.0,1,104,11299.979999999994,5,5,3,553,Loyal
4943.0,4,89,11299.579999999998,5,2,3,523,Others
524.0,69,88,11299.109999999993,1,2,3,123,Lost
3305.0,17,91,11298.220000000003,3,3,3,333,Others
1495.0,9,99,11297.599999999997,4,4,3,443,Loyal
1524.0,24,96,11296.810000000005,2,3,3,233,"At Risk"
3041.0,59,83,11296.62,1,1,3,113,Lost
4144.0,37,102,11296.030000000002,2,5,3,253,"At Risk"
13.0,20,108,11294.830000000004,3,5,3,353,Loyal
3249.0,34,82,11294.59,2,1,3,213,Lost
3848.0,83,78,11294.06,1,1,3,113,Lost
2713.0,3,104,11292.559999999996,5,5,3,553,Loyal
3264.0,17,108,11292.309999999994,3,5,3,353,Loyal
331.0,11,96,11289.59,4,4,3,443,Loyal
2297.0,9,88,11288.58,4,2,3,423,Others
2211.0,10,94,11287.219999999998,4,3,3,433,Others
1355.0,11,97,11286.230000000001,3,4,3,343,Loyal
441.0,0,84,11285.550000000005,5,1,3,513,Others
2640.0,0,92,11285.049999999997,5,3,3,533,Others
931.0,25,85,11284.639999999996,2,1,3,213,Lost
2358.0,22,98,11282.85,3,4,3,343,Loyal
1963.0,3,102,11281.819999999994,5,5,3,553,Loyal
1479.0,41,93,11278.539999999997,1,3,3,133,"At Risk"
2353.0,0,86,11277.630000000001,5,2,3,523,Others
3297.0,0,93,11276.289999999999,5,3,3,533,Others
1609.0,40,88,11275.65,1,2,3,123,Lost
4600.0,0,98,11275.250000000004,5,4,3,543,Loyal
182.0,2,95,11274.720000000001,5,3,3,533,Others
4210.0,15,81,11274.200000000003,3,1,3,313,Others
698.0,36,74,11273.92,2,1,3,213,Lost
2687.0,6,87,11273.59,4,2,3,423,Others
1442.0,13,87,11272.620000000003,3,2,3,323,Others
4507.0,9,93,11272.269999999999,4,3,3,433,Others
4754.0,2,105,11270.229999999998,5,5,3,553,Loyal
3938.0,4,98,11269.999999999998,5,4,3,543,Loyal
2231.0,27,109,11268.550000000001,2,5,3,253,"At Risk"
4683.0,31,103,11267.789999999995,2,5,3,253,"At Risk"
729.0,18,92,11264.580000000002,3,3,3,333,Others
1924.0,37,102,11264.25,2,5,3,253,"At Risk"
3693.0,55,90,11264.24,1,2,3,123,Lost
910.0,7,96,11262.259999999997,4,4,3,443,Loyal
1644.0,6,90,11261.710000000001,4,2,3,423,Others
662.0,1,93,11261.190000000002,5,3,3,533,Others
2428.0,0,105,11259.630000000001,5,5,3,553,Loyal
4763.0,8,82,11259.479999999998,4,1,3,413,Others
1758.0,43,108,11258.709999999997,1,5,3,153,"At Risk"
1268.0,3,92,11256.25,5,3,3,533,Others
1826.0,8,90,11255.530000000002,4,2,3,423,Others
546.0,9,99,11254.689999999999,4,4,3,443,Loyal
1562.0,1,100,11254.350000000002,5,4,3,543,Loyal
4569.0,33,80,11253.92,2,1,3,213,Lost
4633.0,8,103,11251.509999999998,4,5,3,453,Loyal
3976.0,0,83,11251.2,5,1,3,513,Others
986.0,38,85,11250.850000000004,2,1,3,213,Lost
2720.0,52,92,11249.749999999996,1,3,3,133,"At Risk"
2475.0,2,94,11249.489999999993,5,3,3,533,Others
2227.0,18,87,11249.210000000006,3,2,3,323,Others
1083.0,18,85,11249.210000000001,3,1,3,313,Others
1045.0,40,98,11248.160000000003,1,4,3,143,"At Risk"
2976.0,9,100,11247.189999999995,4,4,3,443,Loyal
1058.0,18,102,11245.309999999996,3,5,3,353,Loyal
3447.0,27,92,11245.090000000004,2,3,3,233,"At Risk"
1046.0,31,89,11238.68,2,2,3,223,Lost
1796.0,27,84,11238.17,2,1,3,213,Lost
3104.0,0,84,11238.050000000001,5,1,3,513,Others
1209.0,23,87,11237.79,2,2,3,223,Lost
640.0,24,89,11237.320000000005,2,2,3,223,Lost
1023.0,2,87,11237.170000000002,5,2,3,523,Others
4262.0,6,101,11235.82,4,4,3,443,Loyal
3477.0,1,80,11235.420000000002,5,1,3,513,Others
593.0,102,85,11233.58,1,1,3,113,Lost
2233.0,110,90,11231.360000000006,1,2,3,123,Lost
1068.0,23,88,11229.830000000002,2,2,3,223,Lost
2540.0,44,93,11228.66,1,3,3,133,"At Risk"
721.0,10,82,11227.969999999998,4,1,3,413,Others
1637.0,19,94,11227.8,3,3,3,333,Others
520.0,6,88,11227.6,4,2,3,423,Others
2782.0,19,92,11227.269999999995,3,3,3,333,Others
1828.0,0,90,11225.98,5,2,3,523,Others
3545.0,56,90,11225.649999999996,1,2,3,123,Lost
144.0,69,77,11223.869999999999,1,1,3,113,Lost
3505.0,13,95,11223.79,3,3,3,333,Others
2092.0,0,88,11223.53,5,2,3,523,Others
4533.0,9,107,11219.319999999996,4,5,3,453,Loyal
3708.0,7,97,11219.06,4,4,3,443,Loyal
1270.0,10,93,11218.790000000003,4,3,3,433,Others
636.0,53,105,11218.149999999998,1,5,3,153,"At Risk"
2311.0,1,99,11217.859999999999,5,4,3,543,Loyal
1122.0,15,89,11217.210000000001,3,2,3,323,Others
2159.0,32,101,11216.060000000003,2,4,3,243,"At Risk"
1294.0,0,93,11215.910000000002,5,3,3,533,Others
4230.0,3,97,11215.740000000002,5,4,3,543,Loyal
985.0,22,100,11215.440000000002,3,4,3,343,Loyal
4428.0,17,95,11215.389999999996,3,3,3,333,Others
115.0,55,104,11214.240000000002,1,5,3,153,"At Risk"
4358.0,24,90,11214.109999999997,2,2,3,223,Lost
719.0,1,100,11212.5,5,4,3,543,Loyal
1720.0,69,107,11211.449999999997,1,5,3,153,"At Risk"
1164.0,27,90,11210.380000000001,2,2,3,223,Lost
1928.0,29,100,11208.659999999994,2,4,3,243,"At Risk"
3895.0,9,98,11206.289999999997,4,4,3,443,Loyal
4613.0,2,110,11205.36,5,5,3,553,Loyal
1187.0,3,102,11204.900000000001,5,5,3,553,Loyal
2294.0,1,91,11204.429999999998,5,3,3,533,Others
3960.0,56,94,11202.22,1,3,3,133,"At Risk"
16.0,1,95,11201.610000000002,5,3,3,533,Others
416.0,38,89,11200.180000000004,2,2,3,223,Lost
2817.0,32,85,11200.089999999995,2,1,3,213,Lost
514.0,1,105,11196.210000000003,5,5,3,553,Loyal
2702.0,32,99,11196.090000000002,2,4,3,243,"At Risk"
3908.0,0,90,11195.24,5,2,3,523,Others
4883.0,43,96,11194.85,1,3,3,133,"At Risk"
1987.0,18,102,11194.009999999995,3,5,3,353,Loyal
2115.0,66,87,11193.740000000009,1,2,3,123,Lost
2678.0,48,104,11193.149999999998,1,5,3,153,"At Risk"
4279.0,1,108,11192.689999999997,5,5,3,553,Loyal
2260.0,24,87,11191.939999999995,2,2,3,223,Lost
2102.0,8,102,11191.120000000006,4,5,3,453,Loyal
4570.0,7,98,11190.3,4,4,3,443,Loyal
3370.0,75,88,11188.729999999998,1,2,3,123,Lost
553.0,14,88,11188.629999999996,3,2,3,323,Others
3258.0,12,94,11187.61,3,3,3,333,Others
1511.0,33,106,11186.730000000003,2,5,3,253,"At Risk"
3347.0,24,108,11185.700000000003,2,5,3,253,"At Risk"
832.0,26,89,11185.409999999998,2,2,3,223,Lost
3762.0,50,88,11185.299999999997,1,2,3,123,Lost
3592.0,51,98,11184.680000000006,1,4,3,143,"At Risk"
181.0,23,85,11183.74,2,1,3,213,Lost
3123.0,29,99,11183.140000000001,2,4,3,243,"At Risk"
3129.0,1,97,11182.679999999993,5,4,3,543,Loyal
4289.0,37,85,11179.710000000003,2,1,3,213,Lost
4680.0,14,87,11178.800000000003,3,2,3,323,Others
3835.0,29,91,11178.59,2,2,3,223,Lost
3928.0,9,83,11178.089999999997,4,1,3,413,Others
2506.0,50,90,11176.95,1,2,3,123,Lost
2635.0,3,108,11174.720000000001,5,5,3,553,Loyal
981.0,5,99,11174.279999999993,4,4,3,443,Loyal
3754.0,4,91,11174.239999999998,5,3,3,533,Others
528.0,24,90,11173.31,2,2,3,223,Lost
3897.0,14,95,11173.079999999994,3,3,3,333,Others
1390.0,13,92,11173.009999999995,3,3,3,333,Others
3547.0,70,98,11172.199999999993,1,4,3,143,"At Risk"
3697.0,3,90,11170.620000000003,5,2,3,523,Others
3586.0,14,96,11168.370000000003,3,4,3,343,Loyal
851.0,21,94,11168.070000000002,3,3,3,333,Others
1988.0,22,91,11165.870000000003,3,2,3,323,Others
3990.0,24,98,11164.79,2,4,3,243,"At Risk"
3753.0,6,93,11164.330000000005,4,3,3,433,Others
1764.0,43,99,11163.209999999995,1,4,3,143,"At Risk"
3299.0,31,94,11163.029999999999,2,3,3,233,"At Risk"
3171.0,32,82,11162.880000000001,2,1,3,213,Lost
4093.0,23,92,11162.649999999996,2,3,3,233,"At Risk"
3214.0,24,98,11162.57999999999,2,4,3,243,"At Risk"
3741.0,27,93,11161.4,2,3,3,233,"At Risk"
3551.0,0,97,11160.119999999997,5,4,3,543,Loyal
2683.0,1,83,11159.619999999997,5,1,3,513,Others
2848.0,22,99,11158.639999999996,3,4,3,343,Loyal
3773.0,4,99,11156.920000000004,5,4,3,543,Loyal
532.0,14,105,11155.49,3,5,3,353,Loyal
947.0,4,109,11152.530000000002,5,5,3,553,Loyal
4025.0,35,99,11152.220000000003,2,4,3,243,"At Risk"
1283.0,7,101,11151.520000000002,4,4,3,443,Loyal
4989.0,72,93,11148.890000000009,1,3,3,133,"At Risk"
2482.0,0,95,11146.839999999997,5,3,3,533,Others
2779.0,23,111,11146.63,2,5,3,253,"At Risk"
2450.0,62,78,11144.179999999995,1,1,3,113,Lost
4033.0,8,85,11143.960000000001,4,1,3,413,Others
3529.0,10,102,11143.769999999997,4,5,3,453,Loyal
2629.0,6,93,11142.87,4,3,3,433,Others
3146.0,10,99,11141.79,4,4,3,443,Loyal
4348.0,11,107,11139.12,4,5,3,453,Loyal
957.0,63,92,11138.699999999995,1,3,3,133,"At Risk"
3070.0,6,85,11138.07999999999,4,1,3,413,Others
209.0,66,82,11137.790000000003,1,1,3,113,Lost
3278.0,27,102,11136.730000000007,2,5,3,253,"At Risk"
3398.0,3,80,11136.279999999999,5,1,3,513,Others
1166.0,9,85,11135.29,4,1,3,413,Others
2104.0,79,78,11131.66,1,1,3,113,Lost
2276.0,7,103,11131.529999999995,4,5,3,453,Loyal
3020.0,8,97,11130.690000000002,4,4,3,443,Loyal
4060.0,100,94,11129.610000000002,1,3,3,133,"At Risk"
1125.0,59,99,11129.169999999998,1,4,3,143,"At Risk"
2493.0,18,87,11129.059999999998,3,2,3,323,Others
290.0,91,84,11127.749999999995,1,1,3,113,Lost
2223.0,10,77,11127.719999999994,4,1,3,413,Others
3952.0,0,99,11127.089999999998,5,4,3,543,Loyal
4170.0,29,97,11126.909999999993,2,4,3,243,"At Risk"
4473.0,48,91,11126.029999999999,1,2,3,123,Lost
1232.0,3,96,11124.770000000002,5,4,3,543,Loyal
3186.0,26,91,11123.989999999998,2,2,3,223,Lost
3977.0,12,100,11121.86,3,4,3,343,Loyal
578.0,17,83,11119.429999999997,3,1,3,313,Others
2966.0,38,83,11119.429999999993,2,1,3,213,Lost
1244.0,71,90,11115.76,1,2,3,123,Lost
2882.0,6,96,11114.59,4,4,3,443,Loyal
692.0,19,87,11114.070000000003,3,2,3,323,Others
140.0,30,82,11113.920000000002,2,1,3,213,Lost
3714.0,24,99,11112.609999999995,2,4,3,243,"At Risk"
2644.0,13,98,11108.879999999997,3,4,3,343,Loyal
1127.0,7,88,11107.550000000001,4,2,3,423,Others
607.0,30,85,11106.64,2,1,3,213,Lost
2126.0,20,96,11106.509999999998,3,4,3,343,Loyal
2897.0,27,99,11103.569999999998,2,4,3,243,"At Risk"
4241.0,21,92,11103.200000000008,3,3,3,333,Others
30.0,72,97,11102.650000000001,1,4,3,143,"At Risk"
3335.0,53,96,11102.46,1,3,3,133,"At Risk"
1332.0,20,101,11102.410000000002,3,4,3,343,Loyal
3384.0,1,105,11101.749999999996,5,5,3,553,Loyal
1989.0,9,94,11101.699999999997,4,3,3,433,Others
1970.0,82,98,11101.619999999997,1,4,3,143,"At Risk"
1792.0,1,100,11101.58,5,4,3,543,Loyal
2995.0,4,103,11099.460000000006,5,5,3,553,Loyal
1527.0,17,99,11099.230000000003,3,4,3,343,Loyal
2544.0,1,105,11099.120000000003,5,5,3,553,Loyal
4449.0,0,94,11099.109999999999,5,3,3,533,Others
4365.0,6,83,11098.970000000003,4,1,3,413,Others
3597.0,55,119,11096.909999999998,1,5,3,153,"At Risk"
2974.0,18,97,11095.639999999998,3,4,3,343,Loyal
4681.0,23,86,11095.3,2,2,3,223,Lost
1149.0,59,79,11094.539999999999,1,1,3,113,Lost
106.0,2,92,11093.939999999999,5,3,3,533,Others
1666.0,1,93,11093.609999999997,5,3,3,533,Others
2833.0,1,110,11092.370000000004,5,5,3,553,Loyal
4113.0,9,98,11092.329999999998,4,4,3,443,Loyal
2935.0,8,84,11092.299999999997,4,1,3,413,Others
1857.0,51,79,11091.240000000003,1,1,3,113,Lost
1429.0,63,82,11090.819999999996,1,1,3,113,Lost
2421.0,25,101,11087.339999999997,2,4,3,243,"At Risk"
4004.0,4,77,11084.99,5,1,3,513,Others
4220.0,24,90,11084.980000000003,2,2,3,223,Lost
4545.0,62,86,11084.520000000006,1,2,3,123,Lost
646.0,1,89,11084.099999999995,5,2,3,523,Others
476.0,3,100,11082.389999999996,5,4,3,543,Loyal
2339.0,26,105,11081.960000000003,2,5,3,253,"At Risk"
4385.0,33,100,11081.02,2,4,3,243,"At Risk"
4257.0,62,92,11079.709999999995,1,3,3,133,"At Risk"
1759.0,72,87,11078.970000000001,1,2,3,123,Lost
3647.0,9,92,11078.879999999994,4,3,3,433,Others
215.0,9,93,11078.099999999995,4,3,3,433,Others
3176.0,21,76,11077.890000000001,3,1,3,313,Others
31.0,3,93,11076.460000000001,5,3,3,533,Others
2764.0,35,97,11076.439999999997,2,4,3,243,"At Risk"
3577.0,53,95,11075.610000000002,1,3,3,133,"At Risk"
3983.0,19,101,11075.34,3,4,3,343,Loyal
275.0,2,99,11075.26,5,4,3,543,Loyal
1160.0,77,96,11074.929999999998,1,3,3,133,"At Risk"
885.0,20,76,11073.76,3,1,3,313,Others
4748.0,8,91,11073.189999999995,4,3,3,433,Others
1428.0,0,96,11072.42,5,4,3,543,Loyal
2954.0,11,98,11072.059999999994,4,4,3,443,Loyal
2555.0,7,92,11069.29,4,3,3,433,Others
914.0,48,99,11067.5,1,4,3,143,"At Risk"
3958.0,60,88,11067.379999999997,1,2,3,123,Lost
4151.0,3,80,11067.000000000005,5,1,3,513,Others
4992.0,26,78,11066.249999999998,2,1,3,213,Lost
1504.0,1,104,11065.76,5,5,3,553,Loyal
609.0,2,92,11062.55,5,3,3,533,Others
879.0,1,100,11061.090000000004,5,4,3,543,Loyal
189.0,22,97,11056.769999999995,2,4,3,243,"At Risk"
2253.0,16,97,11055.58,3,4,3,343,Loyal
4436.0,11,103,11055.369999999999,4,5,3,453,Loyal
2362.0,10,94,11054.719999999996,4,3,3,433,Others
2799.0,34,86,11054.390000000005,2,2,3,223,Lost
556.0,47,104,11052.81,1,5,3,153,"At Risk"
3130.0,1,91,11051.959999999997,5,3,3,533,Others
3239.0,8,100,11049.540000000003,4,4,3,443,Loyal
4145.0,37,95,11048.189999999997,2,3,3,233,"At Risk"
3386.0,14,98,11047.44,3,4,3,343,Loyal
329.0,5,96,11045.820000000003,4,4,3,443,Loyal
2418.0,38,103,11043.650000000003,2,5,3,253,"At Risk"
220.0,2,77,11043.39,5,1,3,513,Others
2535.0,41,99,11042.189999999997,1,4,3,143,"At Risk"
4125.0,11,97,11038.980000000001,4,4,3,443,Loyal
3322.0,62,86,11038.15,1,2,3,123,Lost
99.0,42,96,11037.879999999996,1,3,3,133,"At Risk"
1918.0,13,92,11037.099999999999,3,3,3,333,Others
1472.0,52,87,11036.089999999998,1,2,3,123,Lost
1724.0,27,94,11035.909999999993,2,3,3,233,"At Risk"
4761.0,14,88,11035.539999999999,3,2,3,323,Others
792.0,141,81,11034.77,1,1,3,113,Lost
4892.0,37,100,11033.470000000003,2,4,3,243,"At Risk"
3410.0,62,93,11032.369999999999,1,3,3,133,"At Risk"
2633.0,20,101,11031.390000000003,3,4,3,343,Loyal
1158.0,32,101,11029.369999999995,2,4,3,243,"At Risk"
2029.0,9,78,11028.610000000002,4,1,3,413,Others
2452.0,38,91,11024.769999999999,2,2,3,223,Lost
3859.0,24,104,11023.880000000001,2,5,3,253,"At Risk"
642.0,42,82,11022.339999999997,1,1,3,113,Lost
3095.0,61,95,11022.190000000002,1,3,3,133,"At Risk"
3014.0,16,93,11021.409999999998,3,3,3,333,Others
3153.0,6,95,11020.610000000002,4,3,3,433,Others
1345.0,3,100,11019.819999999994,5,4,3,543,Loyal
1760.0,34,86,11011.240000000005,2,2,3,223,Lost
3713.0,8,102,11010.99,4,5,3,453,Loyal
4925.0,23,91,11010.880000000006,2,2,3,223,Lost
3128.0,1,94,11010.55,5,3,3,533,Others
4137.0,1,97,11009.500000000007,5,4,3,543,Loyal
4303.0,1,96,11009.17,5,4,3,543,Loyal
3125.0,100,103,11008.430000000002,1,5,3,153,"At Risk"
3298.0,1,81,11007.830000000002,5,1,3,513,Others
3919.0,56,89,11006.14,1,2,3,123,Lost
1740.0,3,96,11005.249999999998,5,4,3,543,Loyal
1326.0,8,102,11005.029999999997,4,5,3,453,Loyal
2193.0,43,98,11003.699999999992,1,4,3,143,"At Risk"
3300.0,2,87,11002.739999999998,5,2,3,523,Others
2460.0,18,106,11002.530000000002,3,5,3,353,Loyal
2.0,9,106,11002.53,4,5,3,453,Loyal
1889.0,44,93,11002.16,1,3,3,133,"At Risk"
4000.0,2,79,11001.93,5,1,3,513,Others
3826.0,8,95,10999.690000000006,4,3,3,433,Others
205.0,25,99,10998.500000000004,2,4,3,243,"At Risk"
4471.0,4,86,10996.47,5,2,3,523,Others
1947.0,27,102,10995.770000000004,2,5,3,253,"At Risk"
2599.0,24,82,10994.880000000003,2,1,3,213,Lost
4909.0,39,97,10994.470000000001,1,4,3,143,"At Risk"
839.0,29,100,10992.379999999997,2,4,3,243,"At Risk"
4084.0,8,100,10992.180000000002,4,4,3,443,Loyal
237.0,63,88,10991.630000000006,1,2,3,123,Lost
4119.0,11,82,10990.32,4,1,3,413,Others
1082.0,2,99,10989.630000000001,5,4,3,543,Loyal
3847.0,4,101,10988.9,5,4,3,543,Loyal
4810.0,25,90,10988.519999999999,2,2,3,223,Lost
1565.0,2,87,10987.410000000005,5,2,3,523,Others
1995.0,88,81,10987.12,1,1,3,113,Lost
355.0,6,91,10986.519999999995,4,3,3,433,Others
3240.0,21,93,10984.040000000003,3,3,3,333,Others
4028.0,26,106,10983.97,2,5,3,253,"At Risk"
2747.0,34,88,10983.75,2,2,3,223,Lost
1799.0,8,88,10978.29,4,2,3,423,Others
980.0,18,97,10976.349999999997,3,4,3,343,Loyal
4457.0,7,101,10975.949999999999,4,4,3,443,Loyal
2271.0,29,88,10975.459999999995,2,2,3,223,Lost
1259.0,3,101,10974.789999999999,5,4,3,543,Loyal
2219.0,92,97,10974.27,1,4,3,143,"At Risk"
3313.0,27,84,10970.52,2,1,3,213,Lost
4712.0,1,81,10969.729999999998,5,1,3,513,Others
752.0,10,100,10969.310000000001,4,4,3,443,Loyal
625.0,24,95,10968.93,2,3,3,233,"At Risk"
1977.0,25,93,10967.639999999998,2,3,3,233,"At Risk"
4999.0,23,96,10966.709999999997,2,4,3,243,"At Risk"
2325.0,29,91,10965.93,2,2,3,223,Lost
4947.0,3,103,10965.290000000003,5,5,3,553,Loyal
4724.0,43,103,10963.249999999996,1,5,3,153,"At Risk"
1708.0,22,87,10962.529999999995,2,2,3,223,Lost
2602.0,49,94,10962.480000000003,1,3,3,133,"At Risk"
1097.0,0,100,10960.299999999997,5,4,3,543,Loyal
2984.0,3,105,10959.189999999997,5,5,3,553,Loyal
3740.0,10,81,10958.880000000005,4,1,3,413,Others
1243.0,22,90,10958.729999999996,2,2,3,223,Lost
2754.0,2,93,10957.149999999996,5,3,3,533,Others
2541.0,0,86,10956.939999999997,5,2,3,523,Others
954.0,113,89,10955.84,1,2,3,123,Lost
24.0,11,88,10954.940000000002,4,2,3,423,Others
4659.0,11,93,10949.219999999994,4,3,3,433,Others
10.0,4,85,10948.98,4,1,3,413,Others
2560.0,5,99,10948.079999999996,4,4,3,443,Loyal
3061.0,93,90,10946.74,1,2,3,123,Lost
714.0,5,101,10946.619999999999,4,4,3,443,Loyal
1943.0,13,88,10945.550000000008,3,2,3,323,Others
1913.0,25,102,10945.060000000001,2,5,3,253,"At Risk"
1047.0,12,103,10944.649999999998,3,5,3,353,Loyal
4196.0,25,103,10943.770000000002,2,5,3,253,"At Risk"
4753.0,12,93,10942.4,3,3,3,333,Others
695.0,50,101,10941.870000000003,1,4,3,143,"At Risk"
488.0,21,108,10940.669999999998,3,5,3,353,Loyal
3250.0,44,93,10940.409999999998,1,3,3,133,"At Risk"
819.0,34,94,10938.420000000002,2,3,3,233,"At Risk"
2162.0,15,101,10938.130000000001,3,4,3,343,Loyal
3605.0,14,98,10937.049999999997,3,4,3,343,Loyal
3078.0,13,100,10936.480000000007,3,4,3,343,Loyal
3672.0,28,89,10936.109999999995,2,2,3,223,Lost
460.0,6,83,10935.959999999995,4,1,3,413,Others
4729.0,11,95,10935.130000000003,4,3,3,433,Others
3575.0,4,85,10934.849999999999,5,1,3,513,Others
3405.0,4,86,10932.25,5,2,3,523,Others
3255.0,23,91,10931.389999999998,2,2,3,223,Lost
3829.0,66,88,10931.300000000001,1,2,3,123,Lost
1686.0,25,88,10931.019999999997,2,2,3,223,Lost
3628.0,3,94,10930.939999999995,5,3,3,533,Others
4414.0,17,77,10929.479999999996,3,1,3,313,Others
395.0,34,84,10929.42,2,1,3,213,Lost
3955.0,17,101,10928.910000000002,3,4,3,343,Loyal
291.0,6,85,10928.61,4,1,3,413,Others
1705.0,43,81,10928.509999999998,1,1,3,113,Lost
2694.0,53,81,10927.13,1,1,3,113,Lost
2403.0,76,86,10927.089999999993,1,2,3,123,Lost
3548.0,13,103,10923.119999999999,3,5,3,353,Loyal
4087.0,9,106,10922.17,4,5,3,453,Loyal
3739.0,25,100,10920.73,2,4,3,243,"At Risk"
3440.0,11,101,10920.649999999996,4,4,3,443,Loyal
2741.0,20,90,10919.78,3,2,3,323,Others
4209.0,32,96,10918.32,2,3,3,233,"At Risk"
4465.0,87,93,10918.280000000002,1,3,3,133,"At Risk"
3759.0,3,97,10918.080000000004,5,4,3,543,Loyal
3665.0,6,89,10918.03,4,2,3,423,Others
742.0,8,97,10916.61,4,4,3,443,Loyal
187.0,20,80,10915.74,3,1,3,313,Others
3443.0,90,90,10915.309999999998,1,2,3,123,Lost
2387.0,82,89,10914.820000000003,1,2,3,123,Lost
1739.0,29,95,10914.190000000004,2,3,3,233,"At Risk"
2700.0,24,106,10912.900000000001,2,5,3,253,"At Risk"
4829.0,3,94,10912.489999999998,5,3,3,533,Others
906.0,15,106,10912.310000000005,3,5,3,353,Loyal
4347.0,5,87,10909.260000000002,4,2,3,423,Others
1028.0,43,89,10909.089999999995,1,2,3,123,Lost
2044.0,33,89,10907.709999999997,2,2,3,223,Lost
3765.0,10,93,10907.509999999997,4,3,3,433,Others
461.0,28,96,10905.099999999999,2,3,3,233,"At Risk"
3280.0,43,96,10904.84,1,3,3,133,"At Risk"
3087.0,0,100,10902.550000000005,5,4,3,543,Loyal
907.0,59,89,10901.22,1,2,3,123,Lost
1019.0,9,104,10899.73,4,5,3,453,Loyal
2858.0,89,83,10898.260000000006,1,1,3,113,Lost
3217.0,54,97,10897.969999999998,1,4,3,143,"At Risk"
2066.0,23,86,10896.119999999999,2,2,3,223,Lost
2801.0,8,101,10895.420000000004,4,4,3,443,Loyal
4378.0,72,95,10894.260000000002,1,3,3,133,"At Risk"
2946.0,1,91,10890.449999999995,5,3,3,533,Others
3670.0,25,94,10888.66,2,3,3,233,"At Risk"
1710.0,56,81,10888.409999999998,1,1,3,113,Lost
2447.0,35,89,10885.830000000002,2,2,3,223,Lost
543.0,48,92,10885.820000000002,1,3,3,133,"At Risk"
1529.0,12,104,10882.85,3,5,3,353,Loyal
3433.0,2,82,10881.829999999993,5,1,3,513,Others
177.0,4,95,10881.640000000001,5,3,3,533,Others
384.0,5,96,10879.139999999998,4,4,3,443,Loyal
89.0,12,86,10878.909999999998,3,2,3,323,Others
4134.0,2,90,10877.93,5,2,3,523,Others
3894.0,9,96,10877.699999999997,4,4,3,443,Loyal
3684.0,19,85,10876.650000000003,3,1,3,313,Others
1103.0,61,86,10875.05,1,2,3,123,Lost
1587.0,9,88,10873.609999999999,4,2,3,423,Others
3117.0,0,99,10871.829999999998,5,4,3,543,Loyal
2653.0,32,96,10871.16,2,3,3,233,"At Risk"
3141.0,8,94,10871.109999999999,4,3,3,433,Others
1771.0,1,97,10870.460000000005,5,4,3,543,Loyal
3267.0,4,86,10869.689999999999,5,2,3,523,Others
4384.0,39,90,10867.009999999997,1,2,3,123,Lost
887.0,5,88,10863.959999999995,4,2,3,423,Others
3147.0,24,105,10862.460000000001,2,5,3,253,"At Risk"
2002.0,45,91,10861.820000000003,1,2,3,123,Lost
2878.0,3,90,10859.369999999999,5,2,3,523,Others
929.0,54,86,10857.290000000008,1,2,3,123,Lost
4953.0,34,94,10856.759999999998,2,3,3,233,"At Risk"
865.0,1,102,10856.240000000002,5,5,3,553,Loyal
2050.0,38,106,10855.340000000002,2,5,3,253,"At Risk"
2543.0,8,98,10854.76,4,4,3,443,Loyal
4785.0,38,91,10854.019999999997,2,2,3,223,Lost
4936.0,71,90,10852.050000000003,1,2,3,123,Lost
1346.0,22,94,10851.869999999994,2,3,3,233,"At Risk"
2851.0,25,88,10851.29,2,2,3,223,Lost
2046.0,17,91,10851.060000000001,3,3,3,333,Others
3855.0,98,88,10849.939999999999,1,2,3,123,Lost
4616.0,0,91,10849.09,5,2,3,523,Others
627.0,0,89,10848.470000000001,5,2,3,523,Others
4776.0,8,93,10847.54,4,3,3,433,Others
1419.0,15,91,10846.459999999994,3,3,3,333,Others
4621.0,57,86,10845.950000000003,1,2,3,123,Lost
3113.0,61,94,10844.519999999997,1,3,3,133,"At Risk"
1433.0,20,92,10843.549999999996,3,3,3,333,Others
895.0,2,91,10843.279999999997,5,3,3,533,Others
367.0,12,96,10843.14,3,4,3,343,Loyal
451.0,25,79,10843.109999999999,2,1,3,213,Lost
3408.0,13,88,10840.45,3,2,3,323,Others
2549.0,20,98,10839.869999999999,3,4,3,343,Loyal
1189.0,28,83,10839.860000000006,2,1,3,213,Lost
1412.0,28,92,10839.81,2,3,3,233,"At Risk"
2476.0,11,88,10838.680000000002,4,2,3,423,Others
3301.0,6,103,10838.259999999995,4,5,3,453,Loyal
992.0,43,88,10837.88,1,2,3,123,Lost
383.0,33,109,10837.189999999993,2,5,3,253,"At Risk"
3138.0,26,90,10836.8,2,2,3,223,Lost
2026.0,52,88,10836.419999999995,1,2,3,123,Lost
977.0,22,86,10836.409999999993,3,2,3,323,Others
4027.0,83,100,10835.640000000005,1,4,3,143,"At Risk"
4734.0,12,90,10833.449999999999,3,2,3,323,Others
1238.0,0,93,10831.149999999998,5,3,3,533,Others
3582.0,42,92,10830.909999999996,1,3,3,133,"At Risk"
1685.0,18,98,10830.839999999998,3,4,3,343,Loyal
4278.0,5,87,10830.440000000002,4,2,3,423,Others
1806.0,64,97,10827.179999999997,1,4,3,143,"At Risk"
4477.0,17,112,10827.05,3,5,3,353,Loyal
3517.0,36,87,10826.860000000004,2,2,3,223,Lost
1838.0,3,99,10826.689999999999,5,4,3,543,Loyal
2522.0,66,91,10825.800000000001,1,2,3,123,Lost
4628.0,20,102,10824.939999999997,3,5,3,353,Loyal
2144.0,47,96,10824.900000000001,1,3,3,133,"At Risk"
2751.0,19,112,10824.359999999999,3,5,3,353,Loyal
3932.0,29,105,10824.319999999996,2,5,3,253,"At Risk"
3502.0,33,95,10822.909999999994,2,3,3,233,"At Risk"
889.0,66,82,10822.539999999997,1,1,3,113,Lost
164.0,4,103,10821.63,5,5,3,553,Loyal
803.0,10,100,10820.079999999994,4,4,3,443,Loyal
2527.0,34,97,10817.980000000001,2,4,3,243,"At Risk"
2077.0,6,99,10816.889999999998,4,4,3,443,Loyal
4182.0,37,109,10816.110000000002,2,5,3,253,"At Risk"
2981.0,12,80,10813.309999999998,3,1,3,313,Others
4607.0,0,91,10812.509999999998,5,2,3,523,Others
2802.0,16,102,10812.249999999998,3,5,3,353,Loyal
173.0,1,99,10811.660000000002,5,4,3,543,Loyal
379.0,17,84,10809.949999999997,3,1,3,313,Others
3359.0,6,92,10808.800000000001,4,3,3,433,Others
934.0,14,113,10806.909999999998,3,5,3,353,Loyal
3271.0,5,96,10804.909999999996,4,4,3,443,Loyal
2698.0,15,111,10804.119999999994,3,5,3,353,Loyal
1085.0,6,104,10803.500000000002,4,5,3,453,Loyal
4147.0,6,96,10803.44,4,4,3,443,Loyal
4527.0,38,91,10802.960000000005,2,2,3,223,Lost
4862.0,23,98,10802.529999999999,2,4,3,243,"At Risk"
73.0,24,84,10802.140000000001,2,1,3,213,Lost
2597.0,55,73,10802.109999999997,1,1,3,113,Lost
3748.0,55,93,10801.759999999997,1,3,3,133,"At Risk"
2480.0,8,95,10801.499999999998,4,3,3,433,Others
2550.0,0,105,10798.800000000001,5,5,3,553,Loyal
2632.0,39,100,10798.499999999995,1,4,3,143,"At Risk"
1657.0,8,107,10798.349999999997,4,5,3,453,Loyal
709.0,8,90,10797.169999999998,4,2,3,423,Others
4623.0,1,95,10796.419999999998,5,3,3,533,Others
1255.0,30,92,10796.149999999998,2,3,3,233,"At Risk"
4271.0,84,90,10795.950000000003,1,2,3,123,Lost
316.0,15,102,10795.539999999999,3,5,3,353,Loyal
3093.0,23,87,10795.29,2,2,3,223,Lost
4116.0,57,109,10794.089999999998,1,5,3,153,"At Risk"
2963.0,73,90,10793.359999999999,1,2,3,123,Lost
2025.0,12,99,10792.21,3,4,3,343,Loyal
4272.0,0,103,10789.530000000002,5,5,3,553,Loyal
2105.0,6,97,10788.880000000003,4,4,3,443,Loyal
3429.0,3,94,10788.359999999995,5,3,3,533,Others
82.0,8,99,10787.389999999998,4,4,3,443,Loyal
653.0,93,91,10786.310000000001,1,2,3,123,Lost
4794.0,41,92,10785.959999999997,1,3,3,133,"At Risk"
2648.0,27,86,10785.63,2,2,3,223,Lost
494.0,34,90,10785.509999999997,2,2,3,223,Lost
3064.0,19,89,10784.920000000004,3,2,3,323,Others
4123.0,9,89,10783.74,4,2,3,423,Others
109.0,35,85,10781.349999999995,2,1,3,213,Lost
3901.0,10,91,10781.029999999999,4,3,3,433,Others
2243.0,0,97,10778.470000000001,5,4,3,543,Loyal
4622.0,61,105,10777.490000000003,1,5,3,153,"At Risk"
4615.0,36,94,10776.600000000004,2,3,3,233,"At Risk"
438.0,15,92,10774.97,3,3,3,333,Others
3730.0,16,107,10773.709999999997,3,5,3,353,Loyal
3463.0,0,94,10771.859999999995,5,3,3,533,Others
26.0,12,95,10767.670000000004,3,3,3,333,Others
1420.0,32,80,10767.259999999998,2,1,3,213,Lost
4874.0,33,110,10765.449999999999,2,5,3,253,"At Risk"
2631.0,0,110,10764.27,5,5,3,553,Loyal
4163.0,0,99,10764.230000000003,5,4,3,543,Loyal
1653.0,119,86,10764.08,1,1,3,113,Lost
1141.0,105,87,10762.909999999996,1,2,3,123,Lost
1487.0,0,97,10762.049999999997,5,4,3,543,Loyal
1219.0,4,88,10759.77,4,2,3,423,Others
499.0,24,93,10759.690000000002,2,3,3,233,"At Risk"
3689.0,1,90,10758.109999999999,5,2,3,523,Others
637.0,1,102,10756.420000000004,5,5,3,553,Loyal
1336.0,2,88,10755.81,5,2,3,523,Others
2060.0,18,77,10755.279999999999,3,1,3,313,Others
2778.0,39,99,10751.249999999995,1,4,3,143,"At Risk"
1519.0,9,94,10750.670000000002,4,3,3,433,Others
4841.0,2,96,10750.599999999999,5,4,3,543,Loyal
4200.0,12,93,10749.089999999998,3,3,3,333,Others
566.0,44,91,10748.140000000001,1,2,3,123,Lost
866.0,48,96,10747.49,1,3,3,133,"At Risk"
4885.0,17,87,10745.82,3,2,3,323,Others
2009.0,52,100,10744.850000000002,1,4,3,143,"At Risk"
715.0,5,90,10743.859999999997,4,2,3,423,Others
4814.0,7,85,10743.63,4,1,3,413,Others
3325.0,14,92,10743.399999999996,3,3,3,333,Others
1615.0,93,77,10740.67,1,1,3,113,Lost
4927.0,18,81,10740.64,3,1,3,313,Others
4447.0,16,99,10739.739999999994,3,4,3,343,Loyal
628.0,21,86,10738.59,3,2,3,323,Others
2828.0,12,94,10736.049999999997,3,3,3,333,Others
192.0,23,79,10735.870000000004,2,1,3,213,Lost
4407.0,5,93,10735.500000000004,4,3,3,433,Others
1762.0,50,96,10735.009999999993,1,3,3,133,"At Risk"
3065.0,54,91,10733.230000000001,1,2,3,123,Lost
1590.0,12,83,10732.499999999996,3,1,3,313,Others
3009.0,33,94,10731.71,2,3,3,233,"At Risk"
620.0,0,93,10730.570000000003,5,3,3,533,Others
4914.0,41,88,10729.959999999992,1,2,3,123,Lost
4934.0,49,86,10729.109999999999,1,2,3,123,Lost
4455.0,0,95,10728.6,5,3,3,533,Others
950.0,1,103,10727.499999999998,5,5,3,553,Loyal
28.0,2,76,10727.19,5,1,3,513,Others
2131.0,7,110,10726.37,4,5,3,453,Loyal
2853.0,37,115,10724.419999999995,2,5,3,253,"At Risk"
4133.0,2,84,10724.189999999999,5,1,3,513,Others
1625.0,2,104,10723.679999999997,5,5,3,553,Loyal
4389.0,7,102,10722.380000000001,4,5,3,453,Loyal
1501.0,45,90,10721.46,1,2,3,123,Lost
4234.0,15,95,10720.859999999997,3,3,3,333,Others
3373.0,5,95,10720.62,4,3,3,433,Others
730.0,44,89,10720.459999999997,1,2,3,123,Lost
4064.0,6,92,10719.439999999999,4,3,3,433,Others
1646.0,5,97,10719.199999999995,4,4,3,443,Loyal
1834.0,3,85,10718.639999999996,5,1,3,513,Others
4246.0,77,98,10717.679999999997,1,4,3,143,"At Risk"
1094.0,35,84,10716.25,2,1,3,213,Lost
4595.0,11,101,10715.919999999998,4,4,3,443,Loyal
4383.0,41,92,10715.62,1,3,3,133,"At Risk"
1804.0,0,102,10715.370000000003,5,5,3,553,Loyal
1361.0,9,88,10715.01,4,2,3,423,Others
3344.0,15,91,10714.3,3,3,3,333,Others
659.0,2,103,10713.929999999998,5,5,3,553,Loyal
4121.0,15,72,10712.960000000001,3,1,3,313,Others
2093.0,4,84,10712.129999999996,5,1,3,513,Others
2154.0,7,100,10711.719999999994,4,4,3,443,Loyal
4223.0,54,95,10711.560000000003,1,3,3,133,"At Risk"
4695.0,0,87,10710.599999999995,5,2,3,523,Others
4933.0,22,92,10706.829999999998,3,3,3,333,Others
1120.0,2,86,10705.369999999995,5,2,3,523,Others
4970.0,69,108,10704.43,1,5,3,153,"At Risk"
558.0,19,91,10704.390000000005,3,3,3,333,Others
3008.0,47,111,10704.169999999998,1,5,3,153,"At Risk"
3985.0,4,91,10702.870000000003,5,3,3,533,Others
121.0,33,100,10702.450000000003,2,4,3,243,"At Risk"
4355.0,79,90,10701.53,1,2,3,123,Lost
4702.0,34,84,10701.499999999998,2,1,3,213,Lost
1731.0,1,91,10701.159999999996,5,3,3,533,Others
1795.0,17,83,10701.01,3,1,3,313,Others
1217.0,1,95,10699.109999999997,5,3,3,533,Others
4435.0,15,91,10698.430000000002,3,3,3,333,Others
2627.0,13,91,10697.049999999997,3,3,3,333,Others
1101.0,29,74,10695.650000000001,2,1,3,213,Lost
3085.0,9,87,10695.330000000002,4,2,3,423,Others
1601.0,2,89,10692.979999999996,5,2,3,523,Others
4076.0,27,107,10690.659999999996,2,5,3,253,"At Risk"
4195.0,20,99,10689.529999999999,3,4,3,343,Loyal
529.0,73,103,10688.259999999998,1,5,3,153,"At Risk"
4494.0,20,83,10685.989999999998,3,1,3,313,Others
1807.0,12,101,10684.389999999996,3,4,3,343,Loyal
2153.0,24,99,10684.080000000004,2,4,3,243,"At Risk"
3160.0,35,88,10683.869999999997,2,2,3,223,Lost
2756.0,13,104,10681.470000000001,3,5,3,353,Loyal
2074.0,38,93,10679.979999999998,2,3,3,233,"At Risk"
2204.0,54,87,10678.070000000003,1,2,3,123,Lost
4258.0,23,89,10677.13,2,2,3,223,Lost
1776.0,19,89,10676.570000000005,3,2,3,323,Others
3734.0,7,90,10675.990000000003,4,2,3,423,Others
3882.0,19,91,10675.489999999996,3,3,3,333,Others
2116.0,0,100,10672.050000000003,5,4,3,543,Loyal
783.0,16,90,10671.449999999999,3,2,3,323,Others
3804.0,4,93,10671.17,5,3,3,533,Others
4307.0,38,88,10669.29,2,2,3,223,Lost
1942.0,26,92,10668.93,2,3,3,233,"At Risk"
272.0,3,95,10668.049999999996,5,3,3,533,Others
4898.0,14,92,10667.509999999998,3,3,3,333,Others
1647.0,14,77,10665.590000000004,3,1,3,313,Others
2718.0,48,88,10664.870000000003,1,2,3,123,Lost
153.0,51,87,10664.149999999996,1,2,3,123,Lost
2944.0,19,95,10664.059999999998,3,3,3,333,Others
1772.0,3,89,10663.8,5,2,3,523,Others
2107.0,51,98,10663.34,1,4,3,143,"At Risk"
2924.0,28,89,10663.23,2,2,3,223,Lost
159.0,22,85,10663.220000000007,2,1,3,213,Lost
4853.0,28,94,10661.18,2,3,3,233,"At Risk"
244.0,43,95,10660.510000000002,1,3,3,133,"At Risk"
2787.0,24,90,10658.089999999998,2,2,3,223,Lost
690.0,47,87,10658.019999999999,1,2,3,123,Lost
1726.0,6,86,10657.560000000001,4,2,3,423,Others
5.0,15,89,10657.029999999997,3,2,3,323,Others
4405.0,46,112,10654.860000000002,1,5,3,153,"At Risk"
3667.0,18,69,10654.610000000004,3,1,3,313,Others
4107.0,46,99,10652.739999999996,1,4,3,143,"At Risk"
3193.0,3,97,10650.819999999998,5,4,3,543,Loyal
3137.0,32,87,10650.279999999997,2,2,3,223,Lost
875.0,24,97,10648.959999999995,2,4,3,243,"At Risk"
4580.0,47,87,10648.95,1,2,3,123,Lost
4426.0,9,85,10648.209999999997,4,1,3,413,Others
3630.0,11,87,10648.129999999994,4,2,3,423,Others
2100.0,23,95,10647.08,2,3,3,233,"At Risk"
4325.0,5,89,10645.639999999998,4,2,3,423,Others
270.0,15,101,10644.849999999997,3,4,3,343,Loyal
3903.0,20,94,10644.499999999998,3,3,3,333,Others
4049.0,48,74,10642.630000000003,1,1,3,113,Lost
3229.0,13,104,10642.23,3,5,3,353,Loyal
3001.0,1,91,10642.130000000001,5,3,3,533,Others
4844.0,79,90,10641.980000000005,1,2,3,123,Lost
293.0,24,85,10639.88,2,1,3,213,Lost
745.0,6,90,10639.039999999999,4,2,3,423,Others
4400.0,54,97,10638.67,1,4,3,143,"At Risk"
3889.0,21,90,10637.130000000005,3,2,3,323,Others
3254.0,24,102,10636.569999999996,2,5,3,253,"At Risk"
1713.0,60,91,10634.010000000002,1,2,3,123,Lost
572.0,1,82,10633.639999999996,5,1,3,513,Others
450.0,10,96,10633.530000000004,4,4,3,443,Loyal
1182.0,31,89,10632.26,2,2,3,223,Lost
4476.0,24,86,10631.919999999998,2,2,3,223,Lost
816.0,37,79,10631.87,2,1,3,213,Lost
763.0,8,82,10631.79,4,1,3,413,Others
3822.0,8,90,10631.779999999997,4,2,3,423,Others
1025.0,17,112,10626.849999999995,3,5,3,353,Loyal
582.0,0,89,10626.180000000002,5,2,3,523,Others
3658.0,4,83,10625.6,5,1,3,513,Others
222.0,6,82,10624.809999999996,4,1,3,413,Others
2382.0,14,104,10623.800000000005,3,5,3,353,Loyal
4108.0,21,102,10622.150000000001,3,5,3,353,Loyal
3082.0,46,86,10620.210000000001,1,2,3,123,Lost
282.0,1,85,10616.73,5,1,3,513,Others
3620.0,16,100,10616.180000000002,3,4,3,343,Loyal
4074.0,5,86,10615.76,4,2,3,423,Others
1742.0,19,104,10614.279999999993,3,5,3,353,Loyal
538.0,20,78,10614.069999999998,3,1,3,313,Others
2024.0,29,94,10612.9,2,3,3,233,"At Risk"
2454.0,23,91,10612.589999999997,2,2,3,223,Lost
2443.0,19,105,10608,3,5,3,353,Loyal
796.0,13,94,10607.28,3,3,3,333,Others
1895.0,3,102,10605.359999999997,5,5,3,553,Loyal
4393.0,8,92,10604.8,4,3,3,433,Others
3687.0,133,76,10602.89,1,1,3,113,Lost
1303.0,10,95,10602.769999999997,4,3,3,433,Others
4957.0,15,105,10602.629999999994,3,5,3,353,Loyal
3198.0,11,86,10602.519999999999,4,2,3,423,Others
2427.0,9,102,10600.950000000003,4,5,3,453,Loyal
3120.0,47,96,10598.739999999998,1,3,3,133,"At Risk"
4256.0,10,95,10595.910000000002,4,3,3,433,Others
4842.0,42,83,10593.650000000005,1,1,3,113,Lost
2150.0,45,90,10592.609999999999,1,2,3,123,Lost
2780.0,70,88,10591.85,1,2,3,123,Lost
873.0,14,96,10591.000000000005,3,4,3,343,Loyal
4631.0,67,75,10590.559999999996,1,1,3,113,Lost
3068.0,5,85,10589.819999999998,4,1,3,413,Others
3205.0,78,72,10589.619999999997,1,1,3,113,Lost
1645.0,0,81,10588.919999999998,5,1,3,513,Others
2776.0,40,87,10588.289999999995,1,2,3,123,Lost
4351.0,19,92,10587.279999999995,3,3,3,333,Others
1797.0,2,93,10586.539999999999,5,3,3,533,Others
1267.0,20,96,10586.37,3,4,3,343,Loyal
2945.0,0,99,10585.210000000001,5,4,3,543,Loyal
2417.0,3,103,10584.820000000002,5,5,3,553,Loyal
2862.0,58,83,10584.419999999996,1,1,3,113,Lost
2383.0,6,91,10583.839999999997,4,3,3,433,Others
592.0,62,97,10582.469999999996,1,4,3,143,"At Risk"
4300.0,17,92,10581.339999999995,3,3,3,333,Others
741.0,13,99,10579.089999999998,3,4,3,343,Loyal
1430.0,36,87,10578.249999999996,2,2,3,223,Lost
1463.0,42,87,10574.809999999998,1,2,3,123,Lost
1384.0,4,92,10574.279999999997,4,3,3,433,Others
565.0,10,93,10574.04,4,3,3,433,Others
1486.0,24,91,10574.019999999995,2,2,3,223,Lost
2637.0,82,85,10573.679999999998,1,1,3,113,Lost
2728.0,18,94,10572.979999999998,3,3,3,333,Others
1174.0,0,94,10572.240000000002,5,3,3,533,Others
1351.0,20,89,10571.800000000001,3,2,3,323,Others
664.0,29,87,10571.380000000001,2,2,3,223,Lost
2857.0,19,104,10570.579999999998,3,5,3,353,Loyal
2739.0,14,78,10569.619999999999,3,1,3,313,Others
3351.0,74,84,10569.140000000001,1,1,3,113,Lost
1892.0,0,102,10566.870000000004,5,5,3,553,Loyal
2012.0,3,96,10566.330000000002,5,4,3,543,Loyal
3092.0,23,87,10566.040000000005,2,2,3,223,Lost
663.0,1,108,10565.279999999999,5,5,3,553,Loyal
3388.0,33,93,10564.630000000001,2,3,3,233,"At Risk"
2533.0,46,93,10564.369999999999,1,3,3,133,"At Risk"
1289.0,72,103,10564.190000000002,1,5,3,153,"At Risk"
1671.0,43,91,10561.629999999996,1,2,3,123,Lost
1674.0,0,98,10560.529999999997,5,4,3,543,Loyal
725.0,0,96,10559.909999999998,5,4,3,543,Loyal
3627.0,2,101,10558.640000000001,5,5,3,553,Loyal
246.0,10,80,10558.180000000004,4,1,3,413,Others
3047.0,23,103,10557.259999999997,2,5,3,253,"At Risk"
1179.0,79,88,10556.649999999996,1,2,3,123,Lost
4732.0,0,104,10556.11,5,5,3,553,Loyal
1885.0,32,98,10555.259999999997,2,4,3,243,"At Risk"
1980.0,29,110,10555.240000000002,2,5,3,253,"At Risk"
1001.0,13,102,10553.99,3,5,3,353,Loyal
2323.0,63,82,10553.2,1,1,3,113,Lost
3691.0,38,97,10551.31,2,4,3,243,"At Risk"
131.0,8,99,10549.549999999996,4,4,3,443,Loyal
154.0,8,82,10546.459999999995,4,1,3,413,Others
4120.0,24,94,10545.97,2,3,3,233,"At Risk"
2497.0,42,100,10543.320000000002,1,4,3,143,"At Risk"
29.0,0,95,10543.28,5,3,3,533,Others
3397.0,9,91,10542.78,4,3,3,433,Others
3722.0,24,93,10541.48,2,3,3,233,"At Risk"
1118.0,29,88,10538.680000000002,2,2,3,223,Lost
2590.0,0,93,10537.180000000002,5,3,3,533,Others
760.0,16,99,10536.409999999996,3,4,3,343,Loyal
4582.0,0,107,10535.929999999995,5,5,3,553,Loyal
2893.0,76,84,10534.999999999998,1,1,3,113,Lost
2474.0,15,84,10534.749999999996,3,1,3,313,Others
4132.0,4,84,10534.55,5,1,3,513,Others
4330.0,5,85,10534.299999999997,4,1,3,413,Others
3599.0,0,81,10534.069999999998,5,1,3,513,Others
2706.0,45,92,10534.03,1,3,3,133,"At Risk"
987.0,78,82,10532.46,1,1,3,113,Lost
2021.0,28,94,10532.300000000001,2,3,3,233,"At Risk"
3607.0,55,95,10530.839999999998,1,3,3,133,"At Risk"
3812.0,27,76,10529.919999999998,2,1,3,213,Lost
4673.0,54,94,10529.649999999998,1,3,3,133,"At Risk"
2572.0,9,96,10529.62,4,4,3,443,Loyal
3797.0,6,105,10527.449999999997,4,5,3,453,Loyal
806.0,17,89,10526.470000000001,3,2,3,323,Others
4773.0,7,107,10525.709999999997,4,5,3,453,Loyal
226.0,27,85,10525.380000000001,2,1,3,213,Lost
1129.0,19,82,10524.78,3,1,3,313,Others
2743.0,0,91,10524.589999999997,5,2,3,523,Others
1546.0,3,85,10520.410000000003,5,1,3,513,Others
3496.0,74,81,10520.110000000006,1,1,3,113,Lost
261.0,24,104,10519.41,2,5,3,253,"At Risk"
2448.0,25,93,10519.039999999995,2,3,3,233,"At Risk"
3831.0,49,97,10518.999999999995,1,4,3,143,"At Risk"
869.0,24,86,10518.960000000003,2,2,3,223,Lost
759.0,0,100,10518.929999999998,5,4,3,543,Loyal
4620.0,8,91,10518.87,4,3,3,433,Others
585.0,3,105,10518.480000000001,5,5,3,553,Loyal
358.0,0,102,10516.67,5,5,3,553,Loyal
1476.0,14,101,10516.050000000001,3,4,3,343,Loyal
1516.0,65,82,10515.010000000002,1,1,3,113,Lost
4978.0,69,89,10514.869999999994,1,2,3,123,Lost
3401.0,3,93,10513.750000000002,5,3,3,533,Others
1577.0,52,92,10513.17,1,3,3,133,"At Risk"
1059.0,35,88,10513.169999999995,2,2,3,223,Lost
2913.0,108,97,10509.47,1,4,3,143,"At Risk"
1557.0,35,88,10508.89,2,2,3,223,Lost
4559.0,8,90,10508.350000000002,4,2,3,423,Others
2970.0,32,94,10508.16,2,3,3,233,"At Risk"
2529.0,0,93,10506.27,5,3,3,533,Others
2891.0,102,101,10506.089999999997,1,4,3,143,"At Risk"
307.0,37,87,10505.910000000002,2,2,3,223,Lost
1497.0,43,106,10505.41,1,5,3,153,"At Risk"
2786.0,32,100,10504.089999999997,2,4,3,243,"At Risk"
42.0,41,105,10503.740000000005,1,5,3,153,"At Risk"
3105.0,18,95,10502.959999999997,3,3,3,333,Others
2826.0,5,95,10502.420000000002,4,3,3,433,Others
4199.0,4,104,10500.92,5,5,3,553,Loyal
1689.0,2,99,10500.269999999999,5,4,3,543,Loyal
1571.0,4,96,10500.099999999999,5,4,3,543,Loyal
1506.0,4,101,10498.779999999995,4,4,3,443,Loyal
97.0,3,83,10498.610000000002,5,1,3,513,Others
57.0,17,74,10498.56,3,1,3,313,Others
1178.0,47,76,10498.32,1,1,3,113,Lost
1491.0,3,94,10498.12,5,3,3,533,Others
2586.0,59,91,10496.329999999998,1,2,3,123,Lost
2313.0,3,98,10495.880000000001,5,4,3,543,Loyal
3108.0,8,91,10492.159999999994,4,3,3,433,Others
3837.0,23,94,10491.369999999997,2,3,3,233,"At Risk"
1624.0,46,97,10490.470000000003,1,4,3,143,"At Risk"
112.0,14,89,10490.340000000004,3,2,3,323,Others
1157.0,8,104,10489.230000000003,4,5,3,453,Loyal
3625.0,8,86,10489.199999999997,4,2,3,423,Others
2547.0,5,87,10487.560000000001,4,2,3,423,Others
4550.0,11,94,10486.990000000002,4,3,3,433,Others
4364.0,23,88,10486.630000000001,2,2,3,223,Lost
1568.0,6,83,10485.93,4,1,3,413,Others
168.0,51,88,10484.629999999997,1,2,3,123,Lost
3537.0,12,90,10482.500000000004,3,2,3,323,Others
2229.0,4,85,10481.71,5,1,3,513,Others
248.0,25,80,10481.309999999996,2,1,3,213,Lost
654.0,13,97,10479.569999999996,3,4,3,343,Loyal
1898.0,34,98,10478.340000000002,2,4,3,243,"At Risk"
347.0,62,88,10477.840000000004,1,2,3,123,Lost
881.0,39,93,10477.829999999994,1,3,3,133,"At Risk"
2255.0,16,94,10475.589999999998,3,3,3,333,Others
3241.0,2,93,10474.38,5,3,3,533,Others
789.0,8,94,10473.829999999998,4,3,3,433,Others
3805.0,18,86,10473.660000000002,3,2,3,323,Others
2556.0,23,89,10473.299999999997,2,2,3,223,Lost
1488.0,43,97,10471.139999999996,1,4,3,143,"At Risk"
2611.0,4,92,10470.449999999999,5,3,3,533,Others
3637.0,9,93,10469.470000000005,4,3,3,433,Others
804.0,26,89,10469.390000000003,2,2,3,223,Lost
374.0,11,91,10469.290000000003,4,3,3,433,Others
2847.0,49,81,10465.849999999999,1,1,3,113,Lost
3746.0,90,94,10465.430000000002,1,3,3,133,"At Risk"
2005.0,40,82,10465.009999999997,1,1,3,113,Lost
1949.0,17,92,10464.899999999996,3,3,3,333,Others
3789.0,0,96,10464.860000000002,5,4,3,543,Loyal
3027.0,5,79,10462.469999999998,4,1,3,413,Others
1205.0,5,96,10461.619999999997,4,4,3,443,Loyal
167.0,27,97,10460.319999999998,2,4,3,243,"At Risk"
3079.0,17,84,10458.739999999998,3,1,3,313,Others
1050.0,23,103,10456.439999999997,2,5,3,253,"At Risk"
403.0,6,86,10456.169999999993,4,2,3,423,Others
4800.0,5,99,10455.919999999996,4,4,3,443,Loyal
2304.0,37,90,10454.93,2,2,3,223,Lost
1855.0,20,94,10454.260000000002,3,3,3,333,Others
4092.0,24,88,10453.31,2,2,3,223,Lost
4259.0,30,87,10451.16,2,2,3,223,Lost
2320.0,14,85,10449.9,3,1,3,313,Others
2745.0,66,85,10449.759999999998,1,1,3,113,Lost
1048.0,21,100,10448.729999999992,3,4,3,343,Loyal
635.0,19,102,10448.109999999995,3,5,3,353,Loyal
398.0,9,87,10444.61,4,2,3,423,Others
1998.0,29,98,10444.510000000002,2,4,3,243,"At Risk"
2495.0,18,106,10442.47,3,5,3,353,Loyal
2955.0,12,89,10442.330000000002,3,2,3,323,Others
3584.0,61,95,10441.580000000004,1,3,3,133,"At Risk"
4157.0,6,97,10441.55,4,4,3,443,Loyal
2894.0,19,97,10441.320000000003,3,4,3,343,Loyal
3522.0,40,94,10441.310000000001,1,3,3,133,"At Risk"
4165.0,1,95,10439.55,5,3,3,533,Others
2870.0,0,101,10437.690000000004,5,4,3,543,Loyal
4266.0,34,88,10436.58,2,2,3,223,Lost
2049.0,13,97,10435.679999999998,3,4,3,343,Loyal
4700.0,39,99,10433.640000000003,1,4,3,143,"At Risk"
2601.0,25,85,10432.890000000003,2,1,3,213,Lost
4409.0,66,94,10432.410000000003,1,3,3,133,"At Risk"
3721.0,94,80,10431.67,1,1,3,113,Lost
2033.0,18,96,10431.520000000008,3,4,3,343,Loyal
1554.0,18,90,10430.790000000003,3,2,3,323,Others
4222.0,59,97,10429.5,1,4,3,143,"At Risk"
4498.0,8,98,10428.230000000001,4,4,3,443,Loyal
3460.0,25,97,10427.889999999998,2,4,3,243,"At Risk"
194.0,43,83,10427.789999999997,1,1,3,113,Lost
3161.0,60,92,10424.410000000007,1,3,3,133,"At Risk"
2735.0,13,98,10424.060000000001,3,4,3,343,Loyal
4441.0,15,100,10422.970000000005,3,4,3,343,Loyal
4963.0,11,96,10422.090000000002,4,4,3,443,Loyal
2008.0,3,98,10421.2,5,4,3,543,Loyal
3929.0,64,86,10420.480000000007,1,2,3,123,Lost
4792.0,28,82,10419.519999999997,2,1,3,213,Lost
3877.0,20,82,10417.84,3,1,3,313,Others
2354.0,28,100,10415.549999999996,2,4,3,243,"At Risk"
4205.0,15,91,10415.189999999999,3,3,3,333,Others
2505.0,35,102,10414.049999999996,2,5,3,253,"At Risk"
4807.0,6,106,10412.460000000001,4,5,3,453,Loyal
563.0,17,96,10412.259999999998,3,4,2,342,Loyal
3220.0,6,89,10411.52,4,2,2,422,Others
2978.0,8,90,10411.060000000001,4,2,2,422,Others
4674.0,19,100,10410.879999999997,3,4,2,342,Loyal
4768.0,30,74,10407.840000000006,2,1,2,212,Lost
1513.0,2,86,10406.660000000003,5,2,2,522,Others
1606.0,1,99,10405.28,5,4,2,542,Loyal
4728.0,43,85,10401.669999999998,1,1,2,112,Lost
4707.0,20,88,10401.56,3,2,2,322,Others
4326.0,78,91,10399.789999999999,1,2,2,122,Lost
114.0,20,85,10398.47,3,1,2,312,Others
3567.0,26,100,10398.139999999998,2,4,2,242,"At Risk"
4044.0,19,91,10396.1,3,3,2,332,Others
1818.0,38,89,10395.760000000004,2,2,2,222,Lost
81.0,2,109,10395.119999999999,5,5,2,552,Loyal
1070.0,28,86,10393.970000000001,2,2,2,222,Lost
3601.0,26,88,10391.430000000006,2,2,2,222,Lost
3168.0,20,87,10388.790000000003,3,2,2,322,Others
2258.0,6,100,10388.53,4,4,2,442,Loyal
1781.0,52,98,10387.509999999995,1,4,2,142,"At Risk"
2710.0,16,101,10387.25,3,4,2,342,Loyal
1738.0,46,94,10387.190000000008,1,3,2,132,"At Risk"
2097.0,46,86,10386.240000000002,1,2,2,122,Lost
2772.0,63,95,10386.22,1,3,2,132,"At Risk"
4342.0,1,92,10385.919999999998,5,3,2,532,Others
1517.0,29,93,10384.770000000002,2,3,2,232,"At Risk"
207.0,8,90,10382.979999999998,4,2,2,422,Others
2329.0,1,88,10381.75,5,2,2,522,Others
630.0,9,97,10381.529999999997,4,4,2,442,Loyal
1744.0,16,92,10381.439999999999,3,3,2,332,Others
4908.0,19,88,10378.659999999996,3,2,2,322,Others
2433.0,5,84,10377.040000000005,4,1,2,412,Others
1234.0,11,107,10377.000000000002,3,5,2,352,Loyal
4714.0,2,103,10376.66,5,5,2,552,Loyal
3916.0,21,95,10372.209999999995,3,3,2,332,Others
2821.0,27,84,10372.149999999998,2,1,2,212,Lost
1460.0,2,111,10370.759999999998,5,5,2,552,Loyal
4654.0,64,103,10369.820000000002,1,5,2,152,"At Risk"
4126.0,20,107,10369.650000000001,3,5,2,352,Loyal
4443.0,49,95,10368.96,1,3,2,132,"At Risk"
1608.0,33,89,10368.749999999996,2,2,2,222,Lost
3481.0,38,78,10367.549999999996,2,1,2,212,Lost
3954.0,1,89,10365.290000000003,5,2,2,522,Others
4565.0,37,92,10365.18,2,3,2,232,"At Risk"
2399.0,27,99,10363.500000000004,2,4,2,242,"At Risk"
2459.0,1,101,10363.159999999998,5,5,2,552,Loyal
4522.0,1,94,10362.270000000002,5,3,2,532,Others
4353.0,9,89,10362.189999999997,4,2,2,422,Others
1414.0,9,81,10361.87,4,1,2,412,Others
3681.0,6,91,10361.560000000005,4,3,2,432,Others
2468.0,32,101,10360.599999999999,2,4,2,242,"At Risk"
1698.0,2,97,10359.69,5,4,2,542,Loyal
45.0,9,100,10358.650000000001,4,4,2,442,Loyal
951.0,78,93,10358.499999999996,1,3,2,132,"At Risk"
4475.0,7,86,10358.199999999997,4,2,2,422,Others
2442.0,52,88,10356.130000000001,1,2,2,122,Lost
2247.0,33,98,10355.210000000005,2,4,2,242,"At Risk"
3731.0,4,86,10354.460000000006,5,2,2,522,Others
2411.0,4,88,10353.970000000001,5,2,2,522,Others
2220.0,30,80,10353.429999999997,2,1,2,212,Lost
2536.0,20,83,10353.239999999998,3,1,2,312,Others
4590.0,4,100,10351.770000000004,5,4,2,542,Loyal
3641.0,1,91,10350.09,5,3,2,532,Others
4770.0,29,88,10349.030000000004,2,2,2,222,Lost
3414.0,43,76,10348.119999999995,1,1,2,112,Lost
3021.0,19,93,10347.869999999997,3,3,2,332,Others
234.0,58,94,10347.839999999998,1,3,2,132,"At Risk"
4451.0,19,85,10347.439999999995,3,1,2,312,Others
3219.0,0,96,10347.150000000003,5,4,2,542,Loyal
4859.0,1,100,10346.879999999992,5,4,2,542,Loyal
1837.0,14,74,10346.620000000003,3,1,2,312,Others
817.0,78,91,10345.729999999994,1,2,2,122,Lost
2709.0,20,111,10345.54,3,5,2,352,Loyal
1915.0,51,88,10345.52,1,2,2,122,Lost
3729.0,77,89,10345.2,1,2,2,122,Lost
2701.0,2,82,10344.59,5,1,2,512,Others
3116.0,18,89,10343.28,3,2,2,322,Others
3530.0,15,97,10343.099999999999,3,4,2,342,Loyal
3935.0,24,98,10340.299999999994,2,4,2,242,"At Risk"
33.0,1,102,10339.84,5,5,2,552,Loyal
1579.0,6,78,10339.560000000003,4,1,2,412,Others
1800.0,11,90,10337.780000000002,3,2,2,322,Others
4073.0,5,108,10335.850000000002,4,5,2,452,Loyal
4071.0,73,92,10335.010000000002,1,3,2,132,"At Risk"
3922.0,38,99,10334.889999999994,2,4,2,242,"At Risk"
4804.0,10,92,10334.78,4,3,2,432,Others
2067.0,69,95,10334.480000000001,1,3,2,132,"At Risk"
2742.0,25,93,10333.72,2,3,2,232,"At Risk"
1910.0,13,86,10333.509999999998,3,2,2,322,Others
3500.0,47,99,10332.139999999996,1,4,2,142,"At Risk"
967.0,8,90,10330.839999999998,4,2,2,422,Others
2488.0,4,86,10328.869999999999,5,2,2,522,Others
1435.0,9,111,10328.82,4,5,2,452,Loyal
2668.0,19,87,10327.07,3,2,2,322,Others
555.0,3,103,10326.659999999998,5,5,2,552,Loyal
3914.0,20,85,10323.83,3,1,2,312,Others
485.0,51,83,10323.57,1,1,2,112,Lost
1673.0,22,88,10323.320000000002,2,2,2,222,Lost
3510.0,10,83,10323.069999999996,4,1,2,412,Others
4619.0,5,90,10322.399999999998,4,2,2,422,Others
1415.0,84,85,10322.279999999997,1,1,2,112,Lost
2501.0,3,88,10321.849999999999,5,2,2,522,Others
2168.0,64,102,10321.679999999998,1,5,2,152,"At Risk"
4035.0,16,82,10320.369999999999,3,1,2,312,Others
2695.0,8,104,10319.479999999998,4,5,2,452,Loyal
3423.0,2,95,10317.2,5,3,2,532,Others
1313.0,10,87,10315.390000000001,4,2,2,422,Others
1277.0,34,93,10313.919999999998,2,3,2,232,"At Risk"
2525.0,0,83,10313.390000000001,5,1,2,512,Others
2885.0,54,89,10312.999999999998,1,2,2,122,Lost
3962.0,4,96,10312.670000000006,5,4,2,542,Loyal
2907.0,12,93,10312.129999999994,3,3,2,332,Others
1994.0,2,94,10311.819999999998,5,3,2,532,Others
2500.0,6,97,10311.020000000008,4,4,2,442,Loyal
4688.0,18,87,10308.119999999999,3,2,2,322,Others
138.0,64,78,10307.34,1,1,2,112,Lost
3366.0,81,88,10306.530000000002,1,2,2,122,Lost
413.0,64,74,10306.52,1,1,2,112,Lost
2827.0,45,90,10305.379999999997,1,2,2,122,Lost
1650.0,17,98,10304.20000000001,3,4,2,342,Loyal
259.0,2,98,10303.099999999999,5,4,2,542,Loyal
4334.0,73,77,10302.299999999997,1,1,2,112,Lost
2593.0,12,114,10302.16,3,5,2,352,Loyal
670.0,27,83,10301.569999999996,2,1,2,212,Lost
1634.0,4,95,10297.3,5,3,2,532,Others
4902.0,26,101,10296.070000000003,2,4,2,242,"At Risk"
1911.0,13,94,10294.959999999997,3,3,2,332,Others
1992.0,19,87,10292.729999999998,3,2,2,322,Others
2326.0,17,73,10292.609999999999,3,1,2,312,Others
3434.0,1,82,10292.589999999995,5,1,2,512,Others
2285.0,6,99,10291.739999999996,4,4,2,442,Loyal
3626.0,28,105,10291.329999999996,2,5,2,252,"At Risk"
4040.0,1,93,10288.189999999999,5,3,2,532,Others
777.0,24,92,10287.659999999998,2,3,2,232,"At Risk"
4261.0,20,84,10285.51,3,1,2,312,Others
387.0,42,79,10285.149999999998,1,1,2,112,Lost
4912.0,17,96,10284.479999999994,3,4,2,342,Loyal
761.0,6,89,10282.55,4,2,2,422,Others
2296.0,59,87,10281.800000000003,1,2,2,122,Lost
2671.0,23,89,10278.690000000002,2,2,2,222,Lost
1821.0,2,101,10278.08,5,5,2,552,Loyal
1656.0,13,97,10277.79,3,4,2,342,Loyal
2045.0,1,104,10277.62,5,5,2,552,Loyal
3180.0,19,89,10274.859999999999,3,2,2,322,Others
4711.0,4,98,10274.849999999999,5,4,2,542,Loyal
2335.0,30,93,10274.759999999998,2,3,2,232,"At Risk"
4905.0,51,85,10274.74,1,1,2,112,Lost
2286.0,31,87,10269.730000000003,2,2,2,222,Lost
1466.0,0,90,10268.259999999997,5,2,2,522,Others
4052.0,38,96,10267.649999999996,2,3,2,232,"At Risk"
1747.0,41,99,10267.479999999998,1,4,2,142,"At Risk"
3755.0,10,101,10267.329999999996,4,4,2,442,Loyal
4077.0,22,85,10266.999999999995,3,1,2,312,Others
3945.0,5,90,10266.619999999999,4,2,2,422,Others
4026.0,0,86,10266.31,5,2,2,522,Others
1318.0,2,94,10265.270000000004,5,3,2,532,Others
2108.0,5,87,10262.72,4,2,2,422,Others
1860.0,20,94,10262.52,3,3,2,332,Others
2866.0,4,76,10262.479999999996,5,1,2,512,Others
536.0,14,108,10260.630000000001,3,5,2,352,Loyal
2357.0,15,90,10259.980000000001,3,2,2,322,Others
4821.0,12,97,10259.709999999997,3,4,2,342,Loyal
3374.0,5,106,10256.910000000003,4,5,2,452,Loyal
1091.0,48,97,10256.909999999996,1,4,2,142,"At Risk"
2784.0,10,104,10255.819999999996,4,5,2,452,Loyal
165.0,57,90,10255.429999999991,1,2,2,122,Lost
2457.0,2,86,10252.999999999996,5,2,2,522,Others
4889.0,23,104,10252.240000000002,2,5,2,252,"At Risk"
930.0,2,85,10251.869999999995,5,1,2,512,Others
3884.0,15,103,10251.700000000004,3,5,2,352,Loyal
4987.0,18,93,10251.599999999991,3,3,2,332,Others
1580.0,2,87,10251.06,5,2,2,522,Others
1741.0,1,89,10249.970000000001,5,2,2,522,Others
1473.0,32,96,10249.729999999998,2,3,2,232,"At Risk"
2883.0,80,86,10249.69,1,2,2,122,Lost
3813.0,1,88,10249.459999999997,5,2,2,522,Others
1950.0,52,98,10249,1,4,2,142,"At Risk"
756.0,3,97,10248.199999999999,5,4,2,542,Loyal
3768.0,35,100,10246.689999999999,2,4,2,242,"At Risk"
4362.0,4,96,10246.659999999998,5,4,2,542,Loyal
4189.0,0,91,10246.570000000002,5,2,2,522,Others
3034.0,8,83,10246.209999999995,4,1,2,412,Others
3742.0,30,100,10245.829999999994,2,4,2,242,"At Risk"
4264.0,3,95,10245.36,5,3,2,532,Others
4771.0,23,104,10245.049999999996,2,5,2,252,"At Risk"
418.0,0,81,10241.430000000004,5,1,2,512,Others
19.0,0,65,10240.599999999999,5,1,2,512,Others
4237.0,7,86,10240.579999999998,4,2,2,422,Others
1038.0,23,101,10238.550000000003,2,4,2,242,"At Risk"
1925.0,9,102,10238.380000000001,4,5,2,452,Loyal
4183.0,7,83,10237.819999999996,4,1,2,412,Others
833.0,14,85,10237.580000000002,3,1,2,312,Others
1509.0,47,83,10236.79,1,1,2,112,Lost
122.0,6,83,10236.5,4,1,2,412,Others
2766.0,8,105,10236.429999999997,4,5,2,452,Loyal
4971.0,25,100,10235.119999999999,2,4,2,242,"At Risk"
101.0,0,85,10233.87,5,1,2,512,Others
4697.0,6,97,10233.530000000002,4,4,2,442,Loyal
2634.0,14,88,10233.34,3,2,2,322,Others
902.0,16,102,10231.300000000001,3,5,2,352,Loyal
882.0,37,90,10229.799999999994,2,2,2,222,Lost
80.0,40,95,10229.420000000002,1,3,2,132,"At Risk"
1162.0,8,95,10229.079999999998,4,3,2,432,Others
1492.0,8,75,10228.66,4,1,2,412,Others
1923.0,3,89,10227.809999999998,5,2,2,522,Others
2095.0,16,96,10225.26,3,4,2,342,Loyal
2537.0,6,89,10224.689999999993,4,2,2,422,Others
251.0,16,90,10224.369999999995,3,2,2,322,Others
4715.0,5,99,10223.789999999997,4,4,2,442,Loyal
2937.0,56,95,10223.630000000005,1,3,2,132,"At Risk"
1556.0,6,96,10222.289999999995,4,4,2,442,Loyal
1110.0,72,79,10222.089999999995,1,1,2,112,Lost
292.0,10,93,10219.519999999999,4,3,2,432,Others
465.0,75,89,10219.279999999993,1,2,2,122,Lost
3944.0,13,85,10217.499999999996,3,1,2,312,Others
1176.0,0,98,10216.779999999999,5,4,2,542,Loyal
18.0,12,99,10215.82,3,4,2,342,Loyal
4164.0,59,96,10214.199999999997,1,3,2,132,"At Risk"
1521.0,27,93,10214.140000000001,2,3,2,232,"At Risk"
699.0,9,98,10212.799999999997,4,4,2,442,Loyal
3971.0,19,74,10212.749999999998,3,1,2,312,Others
1467.0,4,102,10211.599999999995,4,5,2,452,Loyal
4787.0,25,85,10211.579999999996,2,1,2,212,Lost
1108.0,27,96,10211.529999999997,2,3,2,232,"At Risk"
1819.0,17,97,10210.509999999998,3,4,2,342,Loyal
4219.0,5,90,10209.699999999995,4,2,2,422,Others
3881.0,42,82,10209.150000000001,1,1,2,112,Lost
3132.0,24,89,10208.810000000003,2,2,2,222,Lost
1274.0,42,92,10203.889999999998,1,3,2,132,"At Risk"
3150.0,31,78,10203.089999999997,2,1,2,212,Lost
2282.0,1,108,10200.380000000001,5,5,2,552,Loyal
2085.0,25,80,10200.039999999997,2,1,2,212,Lost
2343.0,10,92,10199.079999999998,4,3,2,432,Others
2237.0,34,87,10198.47,2,2,2,222,Lost
4439.0,10,84,10197.919999999998,4,1,2,412,Others
2666.0,63,83,10197.490000000003,1,1,2,112,Lost
3279.0,9,78,10196.869999999997,4,1,2,412,Others
4918.0,57,103,10196.860000000004,1,5,2,152,"At Risk"
2716.0,3,105,10195.270000000002,5,5,2,552,Loyal
2991.0,6,84,10195.17,4,1,2,412,Others
4984.0,31,85,10195.09,2,1,2,212,Lost
3957.0,36,94,10194.710000000001,2,3,2,232,"At Risk"
3757.0,5,100,10194.599999999995,4,4,2,442,Loyal
328.0,4,91,10194.430000000002,5,3,2,532,Others
2392.0,20,91,10193.25,3,3,2,332,Others
4980.0,51,91,10192.759999999998,1,2,2,122,Lost
1990.0,43,106,10191.340000000002,1,5,2,152,"At Risk"
1011.0,150,96,10188.110000000002,1,3,2,132,"At Risk"
1113.0,32,91,10188.059999999998,2,2,2,222,Lost
3904.0,22,91,10186.040000000003,3,3,2,332,Others
1441.0,90,96,10184.780000000002,1,3,2,132,"At Risk"
1514.0,24,82,10184.599999999993,2,1,2,212,Lost
2929.0,62,86,10182.870000000004,1,2,2,122,Lost
3290.0,3,95,10181.229999999996,5,3,2,532,Others
3248.0,48,98,10180.699999999999,1,4,2,142,"At Risk"
2685.0,21,91,10179.949999999997,3,3,2,332,Others
530.0,31,91,10178.129999999997,2,2,2,222,Lost
37.0,3,88,10177.47,5,2,2,522,Others
2140.0,7,104,10177.08,4,5,2,452,Loyal
771.0,17,101,10176.079999999996,3,4,2,342,Loyal
3227.0,10,102,10175.790000000005,4,5,2,452,Loyal
3787.0,43,89,10174.979999999996,1,2,2,122,Lost
4596.0,20,93,10174.8,3,3,2,332,Others
4141.0,8,89,10174.179999999998,4,2,2,422,Others
3354.0,10,95,10173.889999999996,4,3,2,432,Others
3284.0,9,80,10173.489999999996,4,1,2,412,Others
2214.0,20,84,10173.12,3,1,2,312,Others
4951.0,14,94,10172.269999999999,3,3,2,332,Others
1128.0,3,102,10171.129999999997,5,5,2,552,Loyal
2645.0,1,100,10170.650000000003,5,4,2,542,Loyal
4012.0,9,106,10170.409999999998,4,5,2,452,Loyal
1841.0,5,92,10169.299999999996,4,3,2,432,Others
2814.0,0,92,10168.99,5,3,2,532,Others
3048.0,60,100,10165.319999999998,1,4,2,142,"At Risk"
3876.0,53,92,10164.579999999998,1,3,2,132,"At Risk"
326.0,28,103,10163.549999999997,2,5,2,252,"At Risk"
4516.0,6,96,10160.81,4,4,2,442,Loyal
2210.0,23,73,10157.780000000002,2,1,2,212,Lost
1873.0,0,88,10153.72,5,2,2,522,Others
975.0,15,91,10153.11,3,3,2,332,Others
469.0,1,94,10152.519999999999,5,3,2,532,Others
3479.0,26,95,10150.599999999997,2,3,2,232,"At Risk"
4552.0,20,99,10150.480000000001,3,4,2,342,Loyal
2146.0,69,86,10150.139999999996,1,2,2,122,Lost
4276.0,24,85,10148.93,2,1,2,212,Lost
826.0,8,91,10148.88,4,3,2,432,Others
4127.0,23,74,10148.6,2,1,2,212,Lost
3654.0,1,86,10146.399999999998,5,2,2,522,Others
1668.0,1,89,10142.960000000001,5,2,2,522,Others
3357.0,2,98,10141.719999999998,5,4,2,542,Loyal
4066.0,10,95,10141.299999999997,4,3,2,432,Others
4314.0,19,95,10140.599999999997,3,3,2,332,Others
1227.0,29,81,10140.200000000003,2,1,2,212,Lost
183.0,5,79,10139.919999999998,4,1,2,412,Others
732.0,3,86,10137.360000000002,5,2,2,522,Others
4899.0,4,85,10136.45,5,1,2,512,Others
4921.0,24,84,10136.279999999999,2,1,2,212,Lost
327.0,34,81,10135.920000000002,2,1,2,212,Lost
8.0,5,97,10133.169999999998,4,4,2,442,Loyal
90.0,15,92,10132.51,3,3,2,332,Others
1801.0,26,91,10131.9,2,2,2,222,Lost
1952.0,93,108,10131.260000000002,1,5,2,152,"At Risk"
263.0,28,96,10130.369999999999,2,3,2,232,"At Risk"
2503.0,2,83,10128.529999999999,5,1,2,512,Others
3728.0,22,88,10128.430000000002,3,2,2,322,Others
3339.0,49,104,10127.470000000003,1,5,2,152,"At Risk"
3632.0,26,84,10125.700000000003,2,1,2,212,Lost
184.0,42,91,10125.689999999997,1,2,2,122,Lost
3776.0,12,103,10124.979999999996,3,5,2,352,Loyal
4598.0,20,96,10123.089999999997,3,4,2,342,Loyal
2641.0,17,85,10120.739999999998,3,1,2,312,Others
3304.0,62,89,10120.56,1,2,2,122,Lost
385.0,20,85,10119.760000000007,3,1,2,312,Others
407.0,6,89,10118.910000000003,4,2,2,422,Others
4101.0,23,86,10117.359999999997,2,2,2,222,Lost
613.0,6,89,10116.680000000004,4,2,2,422,Others
2489.0,40,95,10116.570000000003,1,3,2,132,"At Risk"
4795.0,29,82,10116.419999999998,2,1,2,212,Lost
1471.0,0,95,10115.260000000004,5,3,2,532,Others
311.0,14,88,10114.619999999999,3,2,2,322,Others
2098.0,11,90,10114.540000000003,4,2,2,422,Others
1325.0,6,85,10114.190000000002,4,1,2,412,Others
3648.0,25,99,10114.079999999989,2,4,2,242,"At Risk"
1499.0,7,104,10113.109999999999,4,5,2,452,Loyal
3710.0,32,94,10112.710000000003,2,3,2,232,"At Risk"
3851.0,76,85,10112.699999999995,1,1,2,112,Lost
4034.0,18,95,10111.4,3,3,2,332,Others
4453.0,3,99,10110.11,5,4,2,542,Loyal
1858.0,38,95,10109.56,2,3,2,232,"At Risk"
4856.0,23,83,10108.399999999998,2,1,2,212,Lost
2770.0,27,87,10108.379999999997,2,2,2,222,Lost
1396.0,30,85,10106.009999999998,2,1,2,212,Lost
2234.0,0,74,10105.320000000002,5,1,2,512,Others
2704.0,9,84,10101.639999999998,4,1,2,412,Others
2803.0,21,95,10101.589999999995,3,3,2,332,Others
2373.0,10,80,10100.490000000002,4,1,2,412,Others
1382.0,80,98,10100.189999999999,1,4,2,142,"At Risk"
178.0,19,100,10098.4,3,4,2,342,Loyal
4128.0,13,89,10096.329999999996,3,2,2,322,Others
1034.0,38,87,10096.079999999998,1,2,2,122,Lost
658.0,12,99,10095.749999999995,3,4,2,342,Loyal
1335.0,84,88,10094.930000000002,1,2,2,122,Lost
2871.0,26,92,10092.970000000003,2,3,2,232,"At Risk"
2263.0,10,84,10090.039999999999,4,1,2,412,Others
2646.0,54,100,10089.57,1,4,2,142,"At Risk"
2507.0,14,86,10089.529999999997,3,2,2,322,Others
4138.0,19,106,10089.050000000003,3,5,2,352,Loyal
1891.0,30,93,10089.040000000005,2,3,2,232,"At Risk"
343.0,14,78,10087.87,3,1,2,312,Others
346.0,4,103,10086.650000000005,5,5,2,552,Loyal
3040.0,30,74,10085.51,2,1,2,212,Lost
2379.0,0,93,10085.509999999998,5,3,2,532,Others
1395.0,34,97,10085.309999999998,2,4,2,242,"At Risk"
2259.0,54,88,10085.3,1,2,2,122,Lost
2241.0,69,89,10085.080000000004,1,2,2,122,Lost
4379.0,8,89,10084.72,4,2,2,422,Others
750.0,12,88,10084.5,3,2,2,322,Others
2094.0,66,87,10082.86,1,2,2,122,Lost
2070.0,48,93,10081.529999999997,1,3,2,132,"At Risk"
1304.0,8,82,10081.170000000002,4,1,2,412,Others
696.0,18,81,10081.169999999996,3,1,2,312,Others
2167.0,16,81,10080.949999999999,3,1,2,312,Others
2988.0,7,97,10078.569999999994,4,4,2,442,Loyal
4635.0,16,88,10077.470000000005,3,2,2,322,Others
2202.0,47,88,10076.940000000002,1,2,2,122,Lost
830.0,8,83,10076.569999999998,4,1,2,412,Others
2151.0,6,82,10074.16,4,1,2,412,Others
744.0,12,91,10074.099999999991,3,3,2,332,Others
4961.0,3,94,10071.200000000006,5,3,2,532,Others
2994.0,54,91,10070.660000000002,1,2,2,122,Lost
2867.0,15,89,10070.619999999999,3,2,2,322,Others
2947.0,0,96,10066.55,5,4,2,542,Loyal
4226.0,8,103,10065.370000000003,4,5,2,452,Loyal
840.0,59,100,10064.769999999995,1,4,2,142,"At Risk"
594.0,54,86,10063.819999999994,1,2,2,122,Lost
3949.0,46,89,10063.42,1,2,2,122,Lost
4042.0,55,93,10063.079999999996,1,3,2,132,"At Risk"
1299.0,23,88,10061.47,2,2,2,222,Lost
1109.0,10,91,10060.810000000003,4,3,2,432,Others
3777.0,28,98,10059.269999999999,2,4,2,242,"At Risk"
1388.0,52,103,10059.26,1,5,2,152,"At Risk"
2422.0,2,95,10059.07999999999,5,3,2,532,Others
420.0,31,79,10058.999999999996,2,1,2,212,Lost
1793.0,54,102,10058.22,1,5,2,152,"At Risk"
1510.0,22,97,10058.01,2,4,2,242,"At Risk"
1340.0,14,80,10057.319999999996,3,1,2,312,Others
4464.0,6,97,10057.04,4,4,2,442,Loyal
4878.0,11,81,10056.870000000003,4,1,2,412,Others
3058.0,6,87,10055.849999999993,4,2,2,422,Others
2333.0,31,79,10055.220000000001,2,1,2,212,Lost
1904.0,0,100,10054.980000000003,5,4,2,542,Loyal
2661.0,57,91,10054.53,1,2,2,122,Lost
2940.0,17,93,10053.54,3,3,2,332,Others
1448.0,21,85,10053.270000000002,3,1,2,312,Others
491.0,117,89,10052.739999999998,1,2,2,122,Lost
1613.0,4,97,10052.169999999998,5,4,2,542,Loyal
2287.0,11,96,10051.739999999998,4,4,2,442,Loyal
3233.0,10,87,10051.010000000002,4,2,2,422,Others
1330.0,0,87,10050.789999999988,5,2,2,522,Others
188.0,7,87,10048.099999999999,4,2,2,422,Others
587.0,6,105,10047.04,4,5,2,452,Loyal
737.0,49,90,10046.729999999996,1,2,2,122,Lost
2617.0,78,86,10045.25,1,2,2,122,Lost
146.0,62,95,10045.239999999998,1,3,2,132,"At Risk"
584.0,34,93,10044.06,2,3,2,232,"At Risk"
4737.0,17,101,10039.439999999997,3,4,2,342,Loyal
76.0,2,90,10039.189999999997,5,2,2,522,Others
3282.0,8,97,10038.190000000002,4,4,2,442,Loyal
3661.0,15,99,10036.649999999996,3,4,2,342,Loyal
1422.0,89,81,10036.64,1,1,2,112,Lost
2307.0,17,75,10036.280000000002,3,1,2,312,Others
4554.0,6,86,10035.979999999998,4,2,2,422,Others
210.0,146,97,10035.819999999996,1,4,2,142,"At Risk"
312.0,16,92,10035.369999999997,3,3,2,332,Others
1932.0,1,99,10033.669999999996,5,4,2,542,Loyal
59.0,23,85,10032.99,2,1,2,212,Lost
3316.0,27,90,10032.899999999996,2,2,2,222,Lost
1676.0,64,85,10032.310000000003,1,1,2,112,Lost
2367.0,6,90,10032.3,4,2,2,422,Others
1680.0,3,98,10031.94,5,4,2,542,Loyal
3652.0,9,92,10030.25,4,3,2,432,Others
4817.0,24,89,10029.949999999997,2,2,2,222,Lost
2132.0,11,80,10029.460000000003,4,1,2,412,Others
680.0,0,93,10028.8,5,3,2,532,Others
3006.0,18,82,10028.509999999997,3,1,2,312,Others
1887.0,10,94,10026.719999999998,4,3,2,432,Others
1307.0,27,79,10026.340000000004,2,1,2,212,Lost
72.0,2,100,10022.700000000003,5,4,2,542,Loyal
3333.0,3,80,10021.019999999999,5,1,2,512,Others
4284.0,94,84,10020.74,1,1,2,112,Lost
720.0,57,88,10020.640000000003,1,2,2,122,Lost
2794.0,11,97,10020.550000000001,4,4,2,442,Loyal
2777.0,7,98,10020.290000000003,4,4,2,442,Loyal
1879.0,15,93,10020.03,3,3,2,332,Others
2990.0,47,88,10017.199999999997,1,2,2,122,Lost
4072.0,6,88,10017.060000000003,4,2,2,422,Others
4357.0,85,83,10017.010000000002,1,1,2,112,Lost
197.0,90,88,10016.999999999995,1,2,2,122,Lost
3807.0,24,97,10016.399999999998,2,4,2,242,"At Risk"
4031.0,3,80,10016.34,5,1,2,512,Others
4419.0,16,99,10016.070000000003,3,4,2,342,Loyal
3737.0,12,82,10015.359999999995,3,1,2,312,Others
339.0,0,95,10011.170000000004,5,3,2,532,Others
3482.0,21,97,10009.35,3,4,2,342,Loyal
2224.0,24,98,10006.939999999999,2,4,2,242,"At Risk"
3334.0,9,99,10005.830000000004,4,4,2,442,Loyal
160.0,23,98,10003.87,2,4,2,242,"At Risk"
1133.0,49,101,10003.599999999995,1,4,2,142,"At Risk"
3549.0,13,110,10001.329999999998,3,5,2,352,Loyal
3660.0,0,82,9997.850000000002,5,1,2,512,Others
3732.0,43,95,9994.810000000001,1,3,2,132,"At Risk"
2172.0,63,88,9993.489999999998,1,2,2,122,Lost
3223.0,4,92,9992.429999999997,5,3,2,532,Others
1944.0,52,97,9992.040000000003,1,4,2,142,"At Risk"
1022.0,5,91,9989.999999999998,4,3,2,432,Others
3428.0,89,96,9989.89,1,3,2,132,"At Risk"
3685.0,21,85,9989.46,3,1,2,312,Others
4964.0,10,100,9985.430000000002,4,4,2,442,Loyal
4941.0,0,87,9983.659999999993,5,2,2,522,Others
2790.0,30,95,9982.399999999996,2,3,2,232,"At Risk"
3828.0,6,83,9982.090000000002,4,1,2,412,Others
1280.0,20,91,9981.89,3,3,2,332,Others
683.0,33,86,9981.469999999996,2,2,2,222,Lost
4759.0,62,84,9980.589999999998,1,1,2,112,Lost
813.0,0,85,9979.779999999997,5,1,2,512,Others
361.0,23,86,9977.919999999998,2,2,2,222,Lost
4625.0,19,79,9976.82,3,1,2,312,Others
3152.0,14,91,9976.609999999999,3,3,2,332,Others
4666.0,7,91,9975.240000000002,4,3,2,432,Others
50.0,5,98,9973.63,4,4,2,442,Loyal
2381.0,2,102,9973.210000000003,5,5,2,552,Loyal
1755.0,16,101,9972.790000000005,3,4,2,342,Loyal
1136.0,40,88,9971.88,1,2,2,122,Lost
3761.0,2,89,9971.850000000002,5,2,2,522,Others
1929.0,5,102,9971.230000000001,4,5,2,452,Loyal
2738.0,2,99,9969.08,5,4,2,542,Loyal
3369.0,15,99,9968.33,3,4,2,342,Loyal
2041.0,2,99,9965.560000000001,5,4,2,542,Loyal
3136.0,24,82,9965.460000000006,2,1,2,212,Lost
41.0,17,93,9964.670000000002,3,3,2,332,Others
3474.0,12,84,9963.949999999999,3,1,2,312,Others
1116.0,6,89,9963.509999999998,4,2,2,422,Others
4054.0,87,94,9963.069999999994,1,3,2,132,"At Risk"
4832.0,8,89,9961.830000000002,4,2,2,422,Others
3581.0,17,83,9960.729999999998,3,1,2,312,Others
4202.0,25,94,9959.060000000005,2,3,2,232,"At Risk"
3996.0,24,96,9958.980000000003,2,3,2,232,"At Risk"
2456.0,26,111,9958.759999999993,2,5,2,252,"At Risk"
513.0,73,89,9958.57,1,2,2,122,Lost
1901.0,1,103,9957.309999999998,5,5,2,552,Loyal
1909.0,0,89,9957.230000000003,5,2,2,522,Others
3850.0,11,93,9956.97,4,3,2,432,Others
3947.0,20,96,9956.530000000002,3,4,2,342,Loyal
3994.0,15,81,9956.050000000001,3,1,2,312,Others
4574.0,31,101,9955.340000000002,2,4,2,242,"At Risk"
790.0,32,86,9950.69,2,2,2,222,Lost
484.0,17,97,9948.470000000005,3,4,2,342,Loyal
4780.0,29,96,9946.899999999998,2,3,2,232,"At Risk"
4709.0,47,81,9946.379999999997,1,1,2,112,Lost
2901.0,3,88,9944.849999999999,5,2,2,522,Others
3425.0,90,99,9944.319999999996,1,4,2,142,"At Risk"
2372.0,11,95,9941.939999999997,4,3,2,432,Others
814.0,32,89,9941.599999999999,2,2,2,222,Lost
3307.0,66,92,9939.86,1,3,2,132,"At Risk"
3394.0,2,80,9939.809999999998,5,1,2,512,Others
391.0,66,89,9937.510000000004,1,2,2,122,Lost
3842.0,2,95,9935.739999999998,5,3,2,532,Others
2736.0,0,95,9934.709999999995,5,3,2,532,Others
3612.0,9,86,9934.08,4,2,2,422,Others
3222.0,5,88,9933.47,4,2,2,422,Others
1956.0,56,91,9933.47,1,2,2,122,Lost
3207.0,6,90,9933.31,4,2,2,422,Others
1778.0,22,86,9933.229999999998,2,2,2,222,Lost
4069.0,19,78,9933.220000000001,3,1,2,312,Others
923.0,9,76,9932.459999999995,4,1,2,412,Others
1053.0,139,100,9931.07,1,4,2,142,"At Risk"
1886.0,7,104,9930.989999999996,4,5,2,452,Loyal
1151.0,0,91,9926.009999999998,5,3,2,532,Others
4129.0,15,93,9925.26,3,3,2,332,Others
3974.0,21,94,9921.789999999999,3,3,2,332,Others
35.0,20,86,9921.619999999999,3,2,2,322,Others
1374.0,10,109,9920.899999999996,4,5,2,452,Loyal
4349.0,26,86,9920.14,2,2,2,222,Lost
1376.0,17,90,9919.650000000001,3,2,2,322,Others
4823.0,6,88,9918.029999999999,4,2,2,422,Others
1080.0,15,82,9917.119999999997,3,1,2,312,Others
3690.0,47,89,9915.22,1,2,2,122,Lost
2464.0,29,91,9913.5,2,2,2,222,Lost
430.0,7,101,9911.570000000005,4,4,2,442,Loyal
1323.0,20,80,9906.320000000002,3,1,2,312,Others
2881.0,39,92,9905.929999999997,1,3,2,132,"At Risk"
2933.0,3,82,9905.659999999996,5,1,2,512,Others
2019.0,50,80,9905.539999999999,1,1,2,112,Lost
2155.0,6,92,9904.750000000002,4,3,2,432,Others
4935.0,11,95,9903.099999999997,4,3,2,432,Others
3372.0,20,75,9900.899999999998,3,1,2,312,Others
2719.0,25,89,9898.389999999998,2,2,2,222,Lost
2811.0,19,82,9898.369999999999,3,1,2,312,Others
3018.0,10,91,9893.970000000001,4,3,2,432,Others
3154.0,47,80,9893.830000000005,1,1,2,112,Lost
228.0,16,112,9893.119999999997,3,5,2,352,Loyal
4260.0,58,89,9892.279999999997,1,2,2,122,Lost
1424.0,6,91,9891.11,4,3,2,432,Others
2876.0,3,97,9890.890000000001,5,4,2,542,Loyal
1868.0,20,101,9890.429999999998,3,4,2,342,Loyal
1196.0,25,93,9890.230000000001,2,3,2,232,"At Risk"
753.0,53,94,9890.040000000005,1,3,2,132,"At Risk"
1224.0,0,103,9889.77,5,5,2,552,Loyal
1844.0,33,95,9889.02,2,3,2,232,"At Risk"
3539.0,82,83,9888.319999999996,1,1,2,112,Lost
4985.0,144,85,9888.199999999997,1,1,2,112,Lost
1339.0,30,96,9887.220000000005,2,3,2,232,"At Risk"
1839.0,66,91,9884.590000000002,1,2,2,122,Lost
2191.0,18,85,9882.410000000002,3,1,2,312,Others
2125.0,35,94,9881.619999999999,2,3,2,232,"At Risk"
3694.0,61,74,9880.619999999999,1,1,2,112,Lost
1816.0,0,100,9877.759999999998,5,4,2,542,Loyal
2051.0,20,87,9876.279999999999,3,2,2,322,Others
2481.0,6,99,9875.69,4,4,2,442,Loyal
2083.0,2,81,9875.120000000003,5,1,2,512,Others
4610.0,49,109,9874.980000000007,1,5,2,152,"At Risk"
842.0,35,80,9873.960000000001,2,1,2,212,Lost
439.0,57,95,9873.489999999998,1,3,2,132,"At Risk"
2553.0,49,90,9873.350000000002,1,2,2,122,Lost
4095.0,59,106,9871.480000000001,1,5,2,152,"At Risk"
3634.0,1,87,9871.309999999998,5,2,2,522,Others
4519.0,44,86,9870.949999999999,1,2,2,122,Lost
904.0,0,87,9870.689999999997,5,2,2,522,Others
1880.0,54,91,9870.519999999999,1,2,2,122,Lost
2078.0,82,87,9870.010000000002,1,2,2,122,Lost
645.0,21,92,9869.259999999998,3,3,2,332,Others
4397.0,1,105,9868.809999999998,5,5,2,552,Loyal
4520.0,2,90,9867.919999999998,5,2,2,522,Others
544.0,3,97,9866.820000000002,5,4,2,542,Loyal
1188.0,34,85,9866.720000000003,2,1,2,212,Lost
3468.0,75,80,9865.440000000002,1,1,2,112,Lost
4747.0,76,89,9865.369999999999,1,2,2,122,Lost
435.0,8,90,9865.21,4,2,2,422,Others
4208.0,45,95,9864.840000000004,1,3,2,132,"At Risk"
2023.0,16,98,9864.779999999999,3,4,2,342,Loyal
428.0,9,84,9864.119999999997,4,1,2,412,Others
2705.0,1,85,9863.969999999998,5,1,2,512,Others
1767.0,8,92,9863.929999999998,4,3,2,432,Others
3005.0,32,86,9863.68,2,2,2,222,Lost
1296.0,3,99,9862.72000000001,5,4,2,542,Loyal
95.0,8,95,9862.419999999996,4,3,2,432,Others
2948.0,5,88,9861.379999999997,4,2,2,422,Others
360.0,0,92,9861.03,5,3,2,532,Others
4838.0,23,96,9860.569999999996,2,4,2,242,"At Risk"
1005.0,16,87,9856.879999999996,3,2,2,322,Others
4815.0,66,94,9855.639999999996,1,3,2,132,"At Risk"
2548.0,0,79,9855.56,5,1,2,512,Others
4281.0,8,91,9855.070000000002,4,3,2,432,Others
204.0,6,80,9854.830000000002,4,1,2,412,Others
958.0,0,88,9852.879999999997,5,2,2,522,Others
3543.0,87,85,9851.539999999999,1,1,2,112,Lost
2941.0,57,80,9850.46,1,1,2,112,Lost
1881.0,35,95,9850.290000000003,2,3,2,232,"At Risk"
378.0,16,85,9850.109999999999,3,1,2,312,Others
4090.0,21,81,9848.709999999997,3,1,2,312,Others
3196.0,6,92,9847.84,4,3,2,432,Others
113.0,5,79,9846.739999999996,4,1,2,412,Others
1584.0,40,91,9845.679999999995,1,2,2,122,Lost
93.0,4,88,9841.439999999999,5,2,2,522,Others
3872.0,4,89,9837.739999999998,5,2,2,522,Others
4255.0,4,94,9836.509999999998,5,3,2,532,Others
3743.0,9,93,9834.809999999998,4,3,2,432,Others
3251.0,11,95,9834.27,4,3,2,432,Others
4755.0,43,80,9834.240000000003,1,1,2,112,Lost
3509.0,23,89,9832.920000000002,2,2,2,222,Lost
4830.0,14,99,9831.830000000002,3,4,2,342,Loyal
3589.0,25,89,9830.15,2,2,2,222,Lost
349.0,8,93,9825.700000000003,4,3,2,432,Others
2915.0,33,80,9824.62,2,1,2,212,Lost
4592.0,1,88,9824.239999999998,5,2,2,522,Others
2861.0,15,93,9822.79,3,3,2,332,Others
3785.0,20,81,9822.649999999996,3,1,2,312,Others
537.0,14,82,9822.450000000003,3,1,2,312,Others
3893.0,28,91,9822.449999999999,2,2,2,222,Lost
3657.0,61,94,9821.84,1,3,2,132,"At Risk"
482.0,44,94,9821.269999999997,1,3,2,132,"At Risk"
4051.0,10,102,9816.559999999996,4,5,2,452,Loyal
2404.0,3,88,9816.39,5,2,2,522,Others
2722.0,1,102,9816.179999999997,5,5,2,552,Loyal
3243.0,62,95,9814.880000000001,1,3,2,132,"At Risk"
4561.0,15,85,9810.340000000004,3,1,2,312,Others
718.0,31,84,9809.599999999997,2,1,2,212,Lost
1159.0,26,88,9809.529999999999,2,2,2,222,Lost
2213.0,23,95,9808.800000000003,2,3,2,232,"At Risk"
3167.0,3,88,9808.529999999995,5,2,2,522,Others
2334.0,75,94,9807.760000000004,1,3,2,132,"At Risk"
1552.0,8,76,9806.689999999997,4,1,2,412,Others
4312.0,17,92,9801.069999999998,3,3,2,332,Others
3268.0,108,90,9800.629999999997,1,2,2,122,Lost
845.0,9,106,9800.339999999997,4,5,2,452,Loyal
797.0,11,88,9799.85,4,2,2,422,Others
4670.0,23,85,9798.03,2,1,2,212,Lost
1669.0,0,88,9797.18,5,2,2,522,Others
2332.0,19,101,9796.689999999999,3,4,2,342,Loyal
3109.0,11,89,9796.26,4,2,2,422,Others
2542.0,40,92,9795.209999999995,1,3,2,132,"At Risk"
1124.0,41,86,9793.79,1,2,2,122,Lost
264.0,8,88,9793.119999999999,4,2,2,422,Others
4186.0,52,83,9792.84,1,1,2,112,Lost
2674.0,43,102,9792.049999999997,1,5,2,152,"At Risk"
770.0,2,95,9791.489999999996,5,3,2,532,Others
4682.0,113,85,9791.260000000006,1,1,2,112,Lost
2818.0,20,78,9790.28,3,1,2,312,Others
2087.0,0,81,9788.69,5,1,2,512,Others
2004.0,47,85,9783.579999999998,1,1,2,112,Lost
4059.0,126,84,9783.01,1,1,2,112,Lost
2723.0,15,90,9782.22,3,2,2,322,Others
2969.0,67,65,9781.68,1,1,2,112,Lost
3076.0,2,87,9781.579999999998,5,2,2,522,Others
3533.0,22,97,9780.92,3,4,2,342,Loyal
4846.0,62,85,9779.83,1,1,2,112,Lost
2082.0,75,109,9779.499999999998,1,5,2,152,"At Risk"
3329.0,33,96,9775.93,2,3,2,232,"At Risk"
100.0,8,83,9774.319999999996,4,1,2,412,Others
1470.0,1,88,9774.000000000005,5,2,2,522,Others
581.0,1,88,9773.45,5,2,2,522,Others
3212.0,1,84,9771.469999999998,5,1,2,512,Others
2062.0,1,105,9770.800000000001,5,5,2,552,Loyal
3274.0,37,75,9770.760000000002,2,1,2,212,Lost
1203.0,21,86,9769.929999999998,3,2,2,322,Others
891.0,25,83,9769.22,2,1,2,212,Lost
4131.0,11,90,9768.76,4,2,2,422,Others
671.0,38,84,9767.609999999995,2,1,2,212,Lost
976.0,43,85,9767.33,1,1,2,112,Lost
4253.0,0,84,9765.510000000002,5,1,2,512,Others
2112.0,53,89,9765,1,2,2,122,Lost
4135.0,1,88,9763.84,5,2,2,522,Others
4541.0,38,90,9763.63,2,2,2,222,Lost
287.0,3,96,9761.799999999997,5,4,2,542,Loyal
2415.0,13,88,9761.490000000003,3,2,2,322,Others
603.0,42,91,9761.380000000005,1,2,2,122,Lost
3029.0,33,102,9761.029999999997,2,5,2,252,"At Risk"
2916.0,14,87,9760.200000000003,3,2,2,322,Others
3098.0,0,93,9759.150000000003,5,3,2,532,Others
4772.0,19,92,9758.900000000003,3,3,2,332,Others
198.0,17,96,9758.32,3,4,2,342,Loyal
2773.0,24,90,9758.23,2,2,2,222,Lost
1216.0,27,84,9757.07,2,1,2,212,Lost
3059.0,52,80,9756.720000000003,1,1,2,112,Lost
3360.0,30,88,9755.999999999998,2,2,2,222,Lost
1582.0,34,81,9755.420000000002,2,1,2,212,Lost
948.0,61,84,9752.210000000001,1,1,2,112,Lost
2184.0,10,93,9751.720000000001,4,3,2,432,Others
4007.0,3,87,9751.079999999994,5,2,2,522,Others
4115.0,24,90,9750.380000000003,2,2,2,222,Lost
1861.0,119,89,9747.299999999996,1,2,2,122,Lost
232.0,16,88,9746.070000000002,3,2,2,322,Others
2760.0,9,88,9745.97,4,2,2,422,Others
368.0,49,99,9745.619999999999,1,4,2,142,"At Risk"
1736.0,5,101,9744.219999999994,4,4,2,442,Loyal
4470.0,12,79,9744.140000000003,3,1,2,312,Others
1052.0,33,92,9742.149999999996,2,3,2,232,"At Risk"
2789.0,17,81,9741.769999999991,3,1,2,312,Others
1469.0,43,92,9741.379999999996,1,3,2,132,"At Risk"
1541.0,8,80,9740.889999999996,4,1,2,412,Others
686.0,57,90,9740.52,1,2,2,122,Lost
3846.0,9,92,9740.229999999998,4,3,2,432,Others
3262.0,92,92,9739.910000000002,1,3,2,132,"At Risk"
4746.0,46,89,9739.429999999998,1,2,2,122,Lost
1354.0,0,87,9738.949999999997,5,2,2,522,Others
4958.0,0,89,9738.470000000001,5,2,2,522,Others
281.0,2,93,9738.229999999994,5,3,2,532,Others
208.0,87,93,9738.210000000006,1,3,2,132,"At Risk"
3574.0,19,107,9735.88,3,5,2,352,Loyal
4045.0,19,86,9735.15,3,2,2,322,Others
2528.0,4,87,9734.429999999997,5,2,2,522,Others
1152.0,1,92,9732.1,5,3,2,532,Others
4967.0,47,99,9731.6,1,4,2,142,"At Risk"
2249.0,23,97,9731.589999999998,2,4,2,242,"At Risk"
1443.0,36,89,9730.100000000002,2,2,2,222,Lost
853.0,1,96,9729.830000000002,5,4,2,542,Loyal
1075.0,13,83,9727.429999999998,3,1,2,312,Others
1803.0,3,91,9726.759999999998,5,3,2,532,Others
4926.0,0,83,9724.529999999997,5,1,2,512,Others
4739.0,27,94,9723.849999999999,2,3,2,232,"At Risk"
3338.0,3,78,9723.38,5,1,2,512,Others
4665.0,0,98,9722.990000000002,5,4,2,542,Loyal
4866.0,27,84,9722.560000000001,2,1,2,212,Lost
2298.0,18,88,9713.939999999995,3,2,2,322,Others
849.0,14,100,9712.470000000003,3,4,2,342,Loyal
4091.0,4,83,9712.080000000004,5,1,2,512,Others
3270.0,36,87,9711.180000000002,2,2,2,222,Lost
1908.0,5,87,9709.880000000001,4,2,2,422,Others
1366.0,29,98,9708.950000000008,2,4,2,242,"At Risk"
2816.0,13,95,9706.95,3,3,2,332,Others
2665.0,6,102,9706.619999999999,4,5,2,452,Loyal
148.0,8,92,9706.119999999999,4,3,2,432,Others
3011.0,51,94,9705.539999999999,1,3,2,132,"At Risk"
4687.0,67,95,9705.419999999996,1,3,2,132,"At Risk"
3610.0,3,85,9701.210000000001,5,1,2,512,Others
2589.0,67,80,9696.429999999998,1,1,2,112,Lost
3260.0,32,104,9695.950000000003,2,5,2,252,"At Risk"
4225.0,5,91,9693.849999999995,4,3,2,432,Others
1030.0,63,93,9693.219999999996,1,3,2,132,"At Risk"
91.0,23,97,9692.850000000004,2,4,2,242,"At Risk"
717.0,3,106,9691.38,5,5,2,552,Loyal
4767.0,1,92,9690.890000000001,5,3,2,532,Others
2855.0,78,90,9688.460000000001,1,2,2,122,Lost
1512.0,23,98,9688.4,2,4,2,242,"At Risk"
4555.0,4,84,9686.829999999994,5,1,2,512,Others
2835.0,0,88,9685.519999999997,5,2,2,522,Others
4993.0,24,94,9684.39,2,3,2,232,"At Risk"
2726.0,71,88,9684.35,1,2,2,122,Lost
1754.0,1,100,9684.089999999998,5,4,2,542,Loyal
1523.0,36,85,9683.100000000002,2,1,2,212,Lost
4617.0,22,85,9679.590000000004,3,1,2,312,Others
1168.0,15,97,9679.25,3,4,2,342,Loyal
539.0,5,96,9678.950000000004,4,4,2,442,Loyal
1526.0,8,91,9677.589999999998,4,3,2,432,Others
2101.0,14,85,9676.119999999999,3,1,2,312,Others
1946.0,41,85,9675.53,1,1,2,112,Lost
3149.0,53,85,9674.88,1,1,2,112,Lost
304.0,30,86,9674.150000000001,2,2,2,222,Lost
149.0,34,89,9670.23,2,2,2,222,Lost
2565.0,11,85,9670.15,4,1,2,412,Others
4852.0,5,82,9668.54,4,1,2,412,Others
4741.0,34,95,9668.049999999994,2,3,2,232,"At Risk"
1782.0,62,95,9666.04,1,3,2,132,"At Risk"
4322.0,19,94,9665.990000000003,3,3,2,332,Others
569.0,0,99,9663.519999999999,5,4,2,542,Loyal
111.0,18,87,9662.049999999997,3,2,2,322,Others
602.0,9,90,9661.310000000001,4,2,2,422,Others
2305.0,12,96,9659.66,3,4,2,342,Loyal
1281.0,22,92,9659.46,2,3,2,232,"At Risk"
4216.0,69,86,9659.349999999999,1,2,2,122,Lost
1084.0,10,91,9656.259999999995,4,3,2,432,Others
4061.0,25,77,9655.020000000002,2,1,2,212,Lost
1456.0,96,86,9652.960000000001,1,2,2,122,Lost
2943.0,5,83,9650.590000000004,4,1,2,412,Others
3311.0,48,80,9650.449999999995,1,1,2,112,Lost
2689.0,5,81,9649.949999999997,4,1,2,412,Others
1016.0,6,86,9645.999999999998,4,2,2,422,Others
773.0,37,97,9645.250000000004,2,4,2,242,"At Risk"
126.0,78,91,9644.97,1,2,2,122,Lost
898.0,24,89,9643.660000000002,2,2,2,222,Lost
3993.0,8,87,9643.530000000004,4,2,2,422,Others
755.0,18,91,9643.170000000002,3,3,2,332,Others
4531.0,70,79,9643.120000000004,1,1,2,112,Lost
2583.0,30,98,9642.68,2,4,2,242,"At Risk"
2142.0,18,97,9642.200000000003,3,4,2,342,Loyal
1147.0,40,93,9641.999999999998,1,3,2,132,"At Risk"
1378.0,48,90,9641.910000000002,1,2,2,122,Lost
4491.0,27,102,9641.739999999998,2,5,2,252,"At Risk"
3643.0,32,96,9641.48,2,3,2,232,"At Risk"
4292.0,12,99,9641.160000000002,3,4,2,342,Loyal
3824.0,31,79,9641.019999999993,2,1,2,212,Lost
2785.0,56,83,9639.439999999999,1,1,2,112,Lost
3763.0,11,88,9638.740000000002,4,2,2,422,Others
3933.0,8,90,9635.279999999999,4,2,2,422,Others
3466.0,7,99,9634.64,4,4,2,442,Loyal
1337.0,0,88,9633.87,5,2,2,522,Others
4718.0,6,84,9630.17,4,1,2,412,Others
163.0,44,90,9629.209999999995,1,2,2,122,Lost
2936.0,1,91,9628.110000000002,5,3,2,532,Others
4919.0,34,106,9627.91,2,5,2,252,"At Risk"
4096.0,10,102,9627.460000000003,4,5,2,452,Loyal
1454.0,1,79,9625.09,5,1,2,512,Others
4275.0,2,92,9622.619999999997,5,3,2,532,Others
1331.0,64,86,9622.579999999996,1,2,2,122,Lost
2117.0,24,99,9620.199999999999,2,4,2,242,"At Risk"
1544.0,49,103,9618.150000000001,1,5,2,152,"At Risk"
1649.0,20,84,9617.23,3,1,2,312,Others
2699.0,7,97,9616.83,4,4,2,442,Loyal
591.0,2,86,9614.029999999999,5,2,2,522,Others
4679.0,29,91,9613.39,2,2,2,222,Lost
3528.0,0,77,9612.859999999997,5,1,2,512,Others
1445.0,2,89,9611.45,5,2,2,522,Others
708.0,1,85,9611,5,1,2,512,Others
905.0,2,84,9610.550000000005,5,1,2,512,Others
746.0,14,86,9609.87,3,2,2,322,Others
560.0,2,85,9609.410000000003,5,1,2,512,Others
4291.0,0,80,9609.179999999997,5,1,2,512,Others
4503.0,0,91,9609.079999999998,5,2,2,522,Others
4469.0,10,85,9603.910000000002,4,1,2,412,Others
3380.0,52,87,9602.580000000005,1,2,2,122,Lost
2655.0,4,102,9600.389999999998,5,5,2,552,Loyal
4232.0,3,75,9599.959999999997,5,1,2,512,Others
4672.0,18,94,9599.040000000003,3,3,2,332,Others
4001.0,10,78,9598.709999999995,4,1,2,412,Others
2165.0,55,98,9596.75,1,4,2,142,"At Risk"
1897.0,19,92,9596.269999999999,3,3,2,332,Others
3417.0,20,88,9593.549999999996,3,2,2,322,Others
4169.0,13,84,9590.63,3,1,2,312,Others
2198.0,40,99,9590.019999999999,1,4,2,142,"At Risk"
4159.0,23,98,9589.889999999998,2,4,2,242,"At Risk"
794.0,32,86,9589.019999999997,2,2,2,222,Lost
1123.0,8,88,9588.869999999997,4,2,2,422,Others
1907.0,20,100,9587.090000000002,3,4,2,342,Loyal
3308.0,19,94,9587.080000000002,3,3,2,332,Others
4777.0,20,91,9586.570000000002,3,3,2,332,Others
3062.0,29,90,9584.739999999994,2,2,2,222,Lost
505.0,4,96,9582.659999999998,5,4,2,542,Loyal
2145.0,22,91,9582.630000000001,3,3,2,332,Others
2031.0,48,93,9582.37,1,3,2,132,"At Risk"
3133.0,98,86,9581.769999999995,1,1,2,112,Lost
1684.0,4,94,9581.130000000001,5,3,2,532,Others
943.0,17,84,9580.949999999995,3,1,2,312,Others
2369.0,10,97,9577.379999999997,4,4,2,442,Loyal
3236.0,29,93,9577.250000000002,2,3,2,232,"At Risk"
877.0,6,85,9570.399999999998,4,1,2,412,Others
780.0,7,72,9570.029999999999,4,1,2,412,Others
4153.0,54,93,9567.539999999992,1,3,2,132,"At Risk"
1588.0,76,92,9566.159999999998,1,3,2,132,"At Risk"
3570.0,2,100,9566.129999999997,5,4,2,542,Loyal
726.0,28,95,9565.670000000002,2,3,2,232,"At Risk"
1623.0,50,105,9565.589999999998,1,5,2,152,"At Risk"
2788.0,3,96,9563.57,5,4,2,542,Loyal
1820.0,31,102,9562.490000000003,2,5,2,252,"At Risk"
605.0,9,82,9561.689999999995,4,1,2,412,Others
3532.0,30,103,9557.74,2,5,2,252,"At Risk"
1831.0,29,105,9550.97,2,5,2,252,"At Risk"
3907.0,6,88,9550.449999999999,4,2,2,422,Others
3230.0,6,93,9549.309999999992,4,3,2,432,Others
1015.0,11,93,9548.059999999998,3,3,2,332,Others
4642.0,17,78,9546.810000000001,3,1,2,312,Others
4155.0,33,90,9546.6,2,2,2,222,Lost
2331.0,76,93,9546.17,1,3,2,132,"At Risk"
376.0,14,77,9539.599999999999,3,1,2,312,Others
945.0,4,86,9537.920000000002,5,2,2,522,Others
2006.0,27,97,9535.439999999999,2,4,2,242,"At Risk"
2364.0,5,94,9535.169999999998,4,3,2,432,Others
2733.0,0,98,9533.789999999999,5,4,2,542,Loyal
1137.0,1,91,9533.379999999996,5,3,2,532,Others
2075.0,53,86,9533.210000000001,1,2,2,122,Lost
518.0,37,92,9532.809999999996,2,3,2,232,"At Risk"
1455.0,0,98,9530.849999999999,5,4,2,542,Loyal
557.0,27,79,9530.299999999997,2,1,2,212,Lost
2371.0,24,98,9527.899999999996,2,4,2,242,"At Risk"
1013.0,15,86,9527.57,3,2,2,322,Others
4932.0,70,92,9526.98,1,3,2,132,"At Risk"
3556.0,0,95,9524.81,5,3,2,532,Others
1155.0,32,82,9524.710000000003,2,1,2,212,Lost
2504.0,69,104,9522.099999999997,1,5,2,152,"At Risk"
3291.0,47,101,9520.83,1,4,2,142,"At Risk"
1222.0,12,101,9519.619999999995,3,4,2,342,Loyal
3177.0,17,98,9519.369999999997,3,4,2,342,Loyal
3915.0,7,74,9519.309999999998,4,1,2,412,Others
2274.0,19,103,9519.279999999995,3,5,2,352,Loyal
2545.0,44,99,9518.029999999999,1,4,2,142,"At Risk"
1042.0,74,94,9517.640000000003,1,3,2,132,"At Risk"
1717.0,1,97,9515.210000000001,5,4,2,542,Loyal
1972.0,16,85,9514.959999999995,3,1,2,312,Others
2997.0,1,83,9513.269999999999,5,1,2,512,Others
1065.0,7,88,9512.199999999999,4,2,2,422,Others
2681.0,56,83,9512.030000000002,1,1,2,112,Lost
4696.0,3,97,9510.56,5,4,2,542,Loyal
1240.0,4,91,9510.489999999998,4,3,2,432,Others
1617.0,16,90,9510.270000000004,3,2,2,322,Others
3998.0,33,85,9509.54,2,1,2,212,Lost
2466.0,6,97,9509.349999999997,4,4,2,442,Loyal
3886.0,22,89,9507.239999999996,3,2,2,322,Others
1823.0,24,80,9505.069999999998,2,1,2,212,Lost
2767.0,18,84,9503.599999999997,3,1,2,312,Others
3060.0,27,103,9501.599999999997,2,5,2,252,"At Risk"
2388.0,32,90,9501.53,2,2,2,222,Lost
2401.0,21,95,9501.199999999999,3,3,2,332,Others
3067.0,5,77,9496.05,4,1,2,412,Others
4614.0,58,93,9495.160000000002,1,3,2,132,"At Risk"
2377.0,1,76,9495.009999999997,5,1,2,512,Others
3031.0,3,89,9492.989999999998,5,2,2,522,Others
473.0,21,90,9492.759999999997,3,2,2,322,Others
1446.0,51,87,9491.869999999997,1,2,2,122,Lost
3800.0,12,72,9491.22,3,1,2,312,Others
4896.0,43,98,9489.579999999998,1,4,2,142,"At Risk"
1605.0,6,86,9488.709999999994,4,2,2,422,Others
4716.0,8,109,9488.579999999996,4,5,2,452,Loyal
1662.0,32,71,9487.789999999999,2,1,2,212,Lost
3638.0,6,89,9486.1,4,2,2,422,Others
4161.0,16,72,9485.769999999997,3,1,2,312,Others
4708.0,12,97,9485.139999999996,3,4,2,342,Loyal
1040.0,6,100,9483.829999999996,4,4,2,442,Loyal
3276.0,26,97,9483.14,2,4,2,242,"At Risk"
110.0,30,101,9481.480000000003,2,4,2,242,"At Risk"
1392.0,2,76,9481.3,5,1,2,512,Others
1709.0,7,84,9478.929999999998,4,1,2,412,Others
2605.0,8,84,9478.249999999995,4,1,2,412,Others
2539.0,32,99,9476.98,2,4,2,242,"At Risk"
1237.0,8,91,9470.710000000001,4,3,2,432,Others
864.0,48,83,9470.610000000002,1,1,2,112,Lost
1953.0,9,83,9470.260000000004,4,1,2,412,Others
1725.0,27,85,9469.8,2,1,2,212,Lost
2873.0,3,102,9469.350000000004,5,5,2,552,Loyal
172.0,31,95,9469.029999999995,2,3,2,232,"At Risk"
1872.0,22,93,9468.87,2,3,2,232,"At Risk"
583.0,9,82,9468.429999999997,4,1,2,412,Others
277.0,20,93,9466.689999999999,3,3,2,332,Others
2769.0,24,93,9463.289999999997,2,3,2,232,"At Risk"
774.0,0,78,9462.67,5,1,2,512,Others
1917.0,22,94,9461.87,2,3,2,232,"At Risk"
4884.0,66,89,9461.599999999997,1,2,2,122,Lost
4686.0,6,83,9461.019999999997,4,1,2,412,Others
3097.0,10,83,9457.389999999998,4,1,2,412,Others
1870.0,2,90,9455.769999999995,5,2,2,522,Others
3142.0,27,90,9453.339999999995,2,2,2,222,Lost
2139.0,73,101,9453.149999999998,1,4,2,142,"At Risk"
2091.0,5,97,9452.720000000003,4,4,2,442,Loyal
1770.0,54,87,9446.32,1,2,2,122,Lost
2207.0,16,90,9444.439999999999,3,2,2,322,Others
4581.0,14,90,9444.199999999997,3,2,2,322,Others
4799.0,11,88,9443.029999999999,4,2,2,422,Others
1849.0,29,89,9441.890000000003,2,2,2,222,Lost
321.0,10,93,9438.409999999998,4,3,2,432,Others
4543.0,5,96,9438.36,4,4,2,442,Loyal
4549.0,33,93,9438.359999999995,2,3,2,232,"At Risk"
4661.0,0,113,9437.900000000001,5,5,2,552,Loyal
4499.0,8,89,9436.200000000004,4,2,2,422,Others
1067.0,34,94,9436.1,2,3,2,232,"At Risk"
3802.0,15,84,9435.64,3,1,2,312,Others
3576.0,11,94,9434.64,4,3,2,432,Others
3923.0,23,79,9433.999999999998,2,1,2,212,Lost
1241.0,4,78,9433.309999999996,4,1,2,412,Others
1204.0,9,99,9433.040000000005,4,4,2,442,Loyal
3775.0,41,80,9431.62,1,1,2,112,Lost
3659.0,93,89,9430.409999999998,1,2,2,122,Lost
4005.0,0,88,9430.060000000001,5,2,2,522,Others
1272.0,2,99,9429.18,5,4,2,542,Loyal
534.0,80,86,9427.950000000003,1,2,2,122,Lost
320.0,56,88,9426.800000000001,1,2,2,122,Lost
3367.0,2,81,9426.480000000003,5,1,2,512,Others
868.0,34,84,9424.15,2,1,2,212,Lost
62.0,3,97,9419.85999999999,5,4,2,542,Loyal
1356.0,35,97,9415.430000000004,2,4,2,242,"At Risk"
1383.0,22,90,9413.36,2,2,2,222,Lost
2546.0,45,99,9410.5,1,4,2,142,"At Risk"
4408.0,6,87,9408.609999999999,4,2,2,422,Others
3055.0,66,85,9405.620000000003,1,1,2,112,Lost
3166.0,20,95,9405.130000000001,3,3,2,332,Others
2822.0,50,88,9404.620000000003,1,2,2,122,Lost
1306.0,16,96,9400.490000000003,3,4,2,342,Loyal
3106.0,6,102,9398.48,4,5,2,452,Loyal
3213.0,3,89,9398.250000000002,5,2,2,522,Others
2654.0,34,86,9398.069999999996,2,2,2,222,Lost
479.0,20,100,9397.16,3,4,2,342,Loyal
1186.0,1,78,9395.439999999999,5,1,2,512,Others
4650.0,46,92,9394.32,1,3,2,132,"At Risk"
619.0,3,92,9392.260000000002,5,3,2,532,Others
4207.0,42,81,9391.99,1,1,2,112,Lost
2378.0,27,77,9391.77,2,1,2,212,Lost
2712.0,75,100,9388.750000000004,1,4,2,142,"At Risk"
4109.0,1,98,9388.059999999996,5,4,2,542,Loyal
2322.0,65,80,9386.69,1,1,2,112,Lost
2281.0,3,91,9384.949999999999,5,3,2,532,Others
2321.0,31,88,9381.849999999995,2,2,2,222,Lost
2430.0,25,94,9380.410000000002,2,3,2,232,"At Risk"
2761.0,9,88,9377.05,4,2,2,422,Others
1528.0,9,92,9372.339999999998,4,3,2,432,Others
4363.0,32,76,9371.610000000002,2,1,2,212,Lost
2749.0,39,99,9368.719999999998,1,4,2,142,"At Risk"
740.0,3,79,9367.7,5,1,2,512,Others
1636.0,33,88,9367.260000000007,2,2,2,222,Lost
2996.0,26,82,9366.110000000004,2,1,2,212,Lost
3552.0,6,84,9365.47,4,1,2,412,Others
4693.0,37,77,9365.059999999998,2,1,2,212,Lost
309.0,8,90,9363.409999999998,4,2,2,422,Others
1220.0,44,80,9363.17,1,1,2,112,Lost
3218.0,0,92,9363.059999999998,5,3,1,531,Others
1567.0,9,102,9362.889999999998,4,5,1,451,Loyal
700.0,1,93,9360.320000000002,5,3,1,531,Others
1999.0,15,80,9360.139999999998,3,1,1,311,Others
1370.0,43,87,9359.55,1,2,1,121,Lost
4381.0,0,89,9358.34,5,2,1,521,Others
422.0,10,77,9357.359999999997,4,1,1,411,Others
956.0,9,96,9356.07,4,4,1,441,Loyal
3302.0,1,76,9354.920000000002,5,1,1,511,Others
1018.0,27,79,9353.740000000003,2,1,1,211,Lost
141.0,2,96,9353.699999999999,5,4,1,541,Loyal
2872.0,18,96,9351.329999999998,3,4,1,341,Loyal
1563.0,17,84,9351.289999999999,3,1,1,311,Others
2490.0,37,81,9351.27,2,1,1,211,Lost
2566.0,20,87,9351.079999999998,3,2,1,321,Others
3862.0,10,104,9349.58,4,5,1,451,Loyal
1811.0,34,86,9346.809999999998,2,2,1,221,Lost
217.0,23,93,9344.109999999999,2,3,1,231,"At Risk"
1105.0,52,92,9343.41,1,3,1,131,"At Risk"
3039.0,11,95,9342.799999999997,4,3,1,431,Others
4062.0,20,88,9342.33,3,2,1,321,Others
4162.0,1,89,9339.289999999999,5,2,1,521,Others
3561.0,4,88,9339.25,5,2,1,521,Others
2391.0,4,82,9336.99,5,1,1,511,Others
2148.0,7,99,9335.149999999996,4,4,1,441,Loyal
1060.0,37,92,9331.52,2,3,1,231,"At Risk"
266.0,39,89,9329.17,1,2,1,121,Lost
1620.0,8,100,9329.140000000001,4,4,1,441,Loyal
575.0,58,96,9326.130000000003,1,3,1,131,"At Risk"
3622.0,10,94,9325.169999999998,4,3,1,431,Others
2864.0,31,98,9325.089999999997,2,4,1,241,"At Risk"
2053.0,9,76,9324.939999999999,4,1,1,411,Others
3827.0,17,84,9324.41,3,1,1,311,Others
3702.0,1,95,9321.449999999997,5,3,1,531,Others
3888.0,12,90,9319.9,3,2,1,321,Others
280.0,32,102,9319.140000000005,2,5,1,251,"At Risk"
2904.0,0,88,9318.489999999998,5,2,1,521,Others
3939.0,2,82,9317.590000000002,5,1,1,511,Others
703.0,34,94,9317.1,2,3,1,231,"At Risk"
3375.0,3,84,9316.810000000001,5,1,1,511,Others
4656.0,56,98,9316.029999999999,1,4,1,141,"At Risk"
815.0,46,98,9315.789999999999,1,4,1,141,"At Risk"
3892.0,3,98,9313.74,5,4,1,541,Loyal
3948.0,5,85,9313.009999999995,4,1,1,411,Others
2389.0,8,90,9309.589999999997,4,2,1,421,Others
3751.0,8,93,9307.600000000002,4,3,1,431,Others
179.0,6,80,9305.509999999997,4,1,1,411,Others
221.0,7,88,9304.07,4,2,1,421,Others
900.0,47,81,9303.42,1,1,1,111,Lost
4837.0,7,94,9300.740000000005,4,3,1,431,Others
3418.0,15,87,9299.059999999998,3,2,1,321,Others
3422.0,10,101,9298.739999999996,4,4,1,441,Loyal
4556.0,18,72,9297.660000000002,3,1,1,311,Others
1768.0,6,97,9295.219999999998,4,4,1,441,Loyal
2865.0,5,105,9293.570000000002,4,5,1,451,Loyal
382.0,15,91,9290.57,3,3,1,331,Others
1229.0,20,93,9289.590000000002,3,3,1,331,Others
3190.0,26,89,9289.189999999999,2,2,1,221,Lost
2875.0,0,84,9286.569999999996,5,1,1,511,Others
3571.0,62,84,9286.289999999997,1,1,1,111,Lost
4634.0,4,93,9285.759999999995,5,3,1,531,Others
297.0,65,81,9283.37,1,1,1,111,Lost
4820.0,73,93,9283.240000000003,1,3,1,131,"At Risk"
1737.0,26,91,9282.869999999995,2,2,1,221,Lost
2215.0,38,85,9280.139999999998,2,1,1,211,Lost
2686.0,10,83,9280.130000000006,4,1,1,411,Others
4542.0,12,72,9279.629999999997,3,1,1,311,Others
2395.0,24,93,9278.209999999995,2,3,1,231,"At Risk"
2950.0,145,95,9277.899999999998,1,3,1,131,"At Risk"
2725.0,15,93,9277.809999999998,3,3,1,331,Others
4423.0,59,103,9277.550000000005,1,5,1,151,"At Risk"
4722.0,82,82,9276.249999999998,1,1,1,111,Lost
2972.0,33,95,9274.280000000004,2,3,1,231,"At Risk"
2040.0,29,94,9272.740000000002,2,3,1,231,"At Risk"
2484.0,43,77,9271.909999999998,1,1,1,111,Lost
2690.0,51,103,9271.359999999997,1,5,1,151,"At Risk"
4880.0,2,97,9270.410000000002,5,4,1,541,Loyal
4386.0,8,78,9269.829999999998,4,1,1,411,Others
3917.0,2,89,9267.999999999998,5,2,1,521,Others
1719.0,104,93,9267.209999999997,1,3,1,131,"At Risk"
995.0,5,72,9265.01,4,1,1,411,Others
861.0,10,92,9261.589999999993,4,3,1,431,Others
69.0,39,72,9261.100000000002,1,1,1,111,Lost
1004.0,21,87,9260.74,3,2,1,321,Others
4676.0,43,88,9258.320000000002,1,2,1,121,Lost
3457.0,18,82,9256.800000000003,3,1,1,311,Others
2179.0,4,100,9256.370000000003,5,4,1,541,Loyal
4160.0,37,91,9255.570000000002,2,2,1,221,Lost
689.0,61,97,9254.349999999997,1,4,1,141,"At Risk"
3115.0,9,84,9253.64,4,1,1,411,Others
1207.0,25,97,9250.930000000004,2,4,1,241,"At Risk"
4833.0,15,81,9246.260000000002,3,1,1,311,Others
3511.0,33,86,9240.45,2,2,1,221,Lost
3540.0,21,82,9236.029999999999,3,1,1,311,Others
3719.0,2,86,9234.569999999998,5,2,1,521,Others
4501.0,49,85,9230.999999999996,1,1,1,111,Lost
21.0,22,74,9230.980000000001,3,1,1,311,Others
3709.0,48,100,9229.980000000001,1,4,1,141,"At Risk"
4339.0,27,88,9229.420000000002,2,2,1,221,Lost
2559.0,6,93,9227.08,4,3,1,431,Others
1286.0,35,85,9226.930000000004,2,1,1,211,Lost
2810.0,4,81,9226.309999999998,5,1,1,511,Others
573.0,40,90,9226.110000000006,1,2,1,121,Lost
3525.0,22,86,9226.080000000002,3,2,1,321,Others
4346.0,91,95,9224.749999999998,1,3,1,131,"At Risk"
1859.0,6,87,9224.489999999998,4,2,1,421,Others
576.0,21,81,9224.039999999999,3,1,1,311,Others
2836.0,5,82,9223.600000000004,4,1,1,411,Others
429.0,0,96,9223.32,5,4,1,541,Loyal
2471.0,3,93,9220.149999999998,5,3,1,531,Others
3349.0,3,74,9219.46,5,1,1,511,Others
79.0,8,82,9217.79,4,1,1,411,Others
2492.0,64,89,9217.060000000003,1,2,1,121,Lost
2496.0,1,94,9213.790000000003,5,3,1,531,Others
3503.0,20,91,9213.38,3,3,1,331,Others
1008.0,23,72,9210.43,2,1,1,211,Lost
982.0,8,83,9208.729999999996,4,1,1,411,Others
1979.0,0,80,9205.95,5,1,1,511,Others
3927.0,15,91,9205.219999999996,3,3,1,331,Others
3459.0,63,102,9202.750000000004,1,5,1,151,"At Risk"
4452.0,5,90,9201.57,4,2,1,421,Others
392.0,56,78,9201.3,1,1,1,111,Lost
4948.0,5,92,9199.269999999999,4,3,1,431,Others
2607.0,8,93,9199.129999999996,4,3,1,431,Others
2753.0,29,78,9198.940000000002,2,1,1,211,Lost
523.0,42,91,9197.67,1,2,1,121,Lost
322.0,74,93,9197.069999999996,1,3,1,131,"At Risk"
2696.0,10,88,9196.7,4,2,1,421,Others
3309.0,17,90,9195.720000000001,3,2,1,321,Others
4990.0,47,73,9195.69,1,1,1,111,Lost
1043.0,9,94,9195.25,4,3,1,431,Others
4242.0,104,84,9195.239999999998,1,1,1,111,Lost
2732.0,4,85,9192.319999999998,5,1,1,511,Others
3542.0,21,88,9190.67,3,2,1,321,Others
4445.0,7,79,9188.659999999996,4,1,1,411,Others
2494.0,12,99,9184.220000000005,3,4,1,341,Loyal
3629.0,2,98,9182.580000000004,5,4,1,541,Loyal
2554.0,51,93,9180.449999999999,1,3,1,131,"At Risk"
2467.0,15,85,9178.91,3,1,1,311,Others
925.0,12,99,9177.960000000005,3,4,1,341,Loyal
1436.0,69,90,9177.85,1,2,1,121,Lost
2888.0,59,97,9176.14,1,4,1,141,"At Risk"
3686.0,24,90,9176.110000000004,2,2,1,221,Lost
1547.0,8,84,9175,4,1,1,411,Others
4752.0,16,87,9174.880000000006,3,2,1,321,Others
4532.0,3,93,9174.580000000002,5,3,1,531,Others
1630.0,16,77,9174.360000000006,3,1,1,311,Others
7.0,13,91,9174.119999999995,3,3,1,331,Others
2530.0,26,91,9172.249999999998,2,2,1,221,Lost
1092.0,19,88,9171.69,3,2,1,321,Others
2130.0,16,78,9171.360000000004,3,1,1,311,Others
3745.0,34,76,9169.839999999997,2,1,1,211,Lost
1288.0,59,88,9169.499999999998,1,2,1,121,Lost
3590.0,0,82,9168.820000000002,5,1,1,511,Others
4053.0,22,96,9167.15,3,4,1,341,Loyal
4940.0,66,86,9165.65,1,2,1,121,Lost
778.0,32,74,9162.399999999998,2,1,1,211,Lost
2398.0,18,98,9159.140000000001,3,4,1,341,Loyal
855.0,7,94,9158.429999999991,4,3,1,431,Others
2080.0,25,85,9157.980000000005,2,1,1,211,Lost
4591.0,12,100,9155.899999999998,3,4,1,341,Loyal
3967.0,25,88,9155.130000000001,2,2,1,221,Lost
2519.0,15,85,9153.430000000004,3,1,1,311,Others
103.0,65,87,9153.109999999995,1,2,1,121,Lost
3677.0,61,85,9150.279999999997,1,1,1,111,Lost
918.0,9,94,9149.679999999997,4,3,1,431,Others
1973.0,57,91,9148.4,1,2,1,121,Lost
3259.0,13,79,9148.12,3,1,1,311,Others
3621.0,3,90,9147.490000000003,5,2,1,521,Others
3608.0,29,95,9147.25,2,3,1,231,"At Risk"
1670.0,15,95,9146.770000000002,3,3,1,331,Others
1722.0,18,81,9146.169999999998,3,1,1,311,Others
1055.0,5,90,9145.779999999995,4,2,1,421,Others
274.0,47,87,9136.980000000001,1,2,1,121,Lost
1735.0,69,82,9134.24,1,1,1,111,Lost
3619.0,30,92,9133.550000000001,2,3,1,231,"At Risk"
171.0,1,87,9132.01,5,2,1,521,Others
3635.0,0,83,9128.460000000001,5,1,1,511,Others
2658.0,17,99,9128.050000000005,3,4,1,341,Loyal
254.0,129,95,9127.06,1,3,1,131,"At Risk"
4931.0,45,88,9125.789999999997,1,2,1,121,Lost
4150.0,49,77,9124.289999999999,1,1,1,111,Lost
4706.0,2,88,9123.430000000002,5,2,1,521,Others
641.0,33,78,9121.700000000003,2,1,1,211,Lost
1790.0,63,87,9120.980000000001,1,2,1,121,Lost
1640.0,1,89,9120.489999999998,5,2,1,521,Others
793.0,8,89,9118.630000000001,4,2,1,421,Others
4749.0,47,68,9115.889999999996,1,1,1,111,Lost
3779.0,14,85,9114.009999999995,3,1,1,311,Others
1029.0,9,102,9112.53,4,5,1,451,Loyal
2356.0,0,90,9110.770000000002,5,2,1,521,Others
2264.0,23,100,9108.55,2,4,1,241,"At Risk"
3866.0,9,97,9108.009999999995,4,4,1,441,Loyal
4790.0,23,93,9107.279999999997,2,3,1,231,"At Risk"
1937.0,13,85,9105.949999999999,3,1,1,311,Others
2676.0,8,76,9105.29,4,1,1,411,Others
1024.0,129,86,9104.18,1,1,1,111,Lost
4158.0,1,88,9103.75,5,2,1,521,Others
691.0,74,90,9103.24,1,2,1,121,Lost
4489.0,15,92,9100.389999999996,3,3,1,331,Others
3352.0,6,74,9099.19,4,1,1,411,Others
4585.0,39,94,9099,1,3,1,131,"At Risk"
3559.0,37,98,9097.819999999998,2,4,1,241,"At Risk"
3449.0,3,94,9097.670000000002,5,3,1,531,Others
3906.0,35,85,9095.68,2,1,1,211,Lost
608.0,5,88,9092.789999999997,4,2,1,421,Others
3953.0,5,85,9092.36,4,1,1,411,Others
4002.0,1,90,9091.559999999994,5,2,1,521,Others
3121.0,55,83,9089.900000000003,1,1,1,111,Lost
896.0,62,92,9088.619999999999,1,3,1,131,"At Risk"
2837.0,18,82,9088.090000000002,3,1,1,311,Others
3934.0,19,91,9086.77,3,3,1,331,Others
4972.0,15,83,9086.340000000002,3,1,1,311,Others
1802.0,1,94,9084.740000000002,5,3,1,531,Others
4888.0,67,89,9081.93,1,2,1,121,Lost
427.0,21,95,9081.47,3,3,1,331,Others
1600.0,5,88,9080.949999999999,4,2,1,421,Others
180.0,24,99,9075.519999999999,2,4,1,241,"At Risk"
1381.0,1,90,9074.579999999998,5,2,1,521,Others
2571.0,67,83,9067.52,1,1,1,111,Lost
3382.0,4,90,9066.630000000003,5,2,1,521,Others
2232.0,29,88,9062.81,2,2,1,221,Lost
1185.0,14,84,9062.159999999998,3,1,1,311,Others
1632.0,0,75,9062.13,5,1,1,511,Others
1483.0,62,98,9060.379999999997,1,4,1,141,"At Risk"
4517.0,3,83,9058.909999999998,5,1,1,511,Others
4171.0,19,83,9057.039999999997,3,1,1,311,Others
2337.0,104,88,9054.910000000002,1,2,1,121,Lost
821.0,10,95,9054.139999999998,4,3,1,431,Others
2034.0,10,87,9053.41,4,2,1,421,Others
1930.0,23,91,9051.129999999997,2,2,1,221,Lost
4825.0,8,77,9050.600000000004,4,1,1,411,Others
3444.0,14,84,9049.140000000001,3,1,1,311,Others
4603.0,6,94,9048.199999999995,4,3,1,431,Others
3580.0,4,95,9047.779999999999,5,3,1,531,Others
512.0,44,83,9046.600000000002,1,1,1,111,Lost
4998.0,0,78,9045.969999999998,5,1,1,511,Others
294.0,5,82,9044.709999999995,4,1,1,411,Others
3030.0,0,79,9044.130000000001,5,1,1,511,Others
517.0,0,93,9043.939999999995,5,3,1,531,Others
4779.0,5,83,9043.029999999999,4,1,1,411,Others
4478.0,27,85,9039.829999999996,2,1,1,211,Lost
2206.0,35,87,9039.009999999997,2,2,1,221,Lost
4058.0,17,77,9037.680000000002,3,1,1,311,Others
1200.0,7,80,9035.74,4,1,1,411,Others
2752.0,11,79,9035.719999999996,4,1,1,411,Others
1704.0,18,85,9033.300000000007,3,1,1,311,Others
3159.0,42,95,9031.6,1,3,1,131,"At Risk"
3315.0,0,86,9031.429999999997,5,2,1,521,Others
1874.0,24,82,9030.829999999998,2,1,1,211,Lost
1413.0,40,91,9030.729999999998,1,2,1,121,Lost
2626.0,33,80,9029.59,2,1,1,211,Lost
3747.0,11,97,9028.48,4,4,1,441,Loyal
525.0,62,83,9022.889999999998,1,1,1,111,Lost
4690.0,2,86,9022.25,5,2,1,521,Others
3937.0,1,87,9019.88,5,2,1,521,Others
1559.0,36,91,9019.64,2,2,1,221,Lost
1693.0,5,100,9019.170000000002,4,4,1,441,Loyal
3573.0,37,90,9018.089999999998,2,2,1,221,Lost
4403.0,5,85,9015.880000000001,4,1,1,411,Others
4609.0,0,85,9015.63,5,1,1,511,Others
829.0,83,82,9015.369999999999,1,1,1,111,Lost
2707.0,3,90,9015.029999999997,5,2,1,521,Others
3649.0,10,87,9014.520000000006,4,2,1,421,Others
4548.0,0,100,9013.859999999997,5,4,1,541,Loyal
48.0,6,77,9012.460000000003,4,1,1,411,Others
4662.0,37,85,9011.750000000002,2,1,1,211,Lost
993.0,24,87,9009.5,2,2,1,221,Lost
500.0,31,100,9009.36,2,4,1,241,"At Risk"
3521.0,28,96,9007.960000000001,2,3,1,231,"At Risk"
1322.0,15,89,9006.47,3,2,1,321,Others
3431.0,19,72,9000.659999999998,3,1,1,311,Others
4401.0,8,88,9000.079999999998,4,2,1,421,Others
78.0,52,74,8999.070000000002,1,1,1,111,Lost
3669.0,41,104,8993.57,1,5,1,151,"At Risk"
2845.0,45,80,8992.929999999997,1,1,1,111,Lost
3538.0,1,87,8990.93,5,2,1,521,Others
1199.0,44,88,8990.829999999994,1,2,1,121,Lost
1235.0,1,83,8989.219999999998,5,1,1,511,Others
1805.0,4,77,8986.95,5,1,1,511,Others
225.0,6,88,8984.779999999995,4,2,1,421,Others
3534.0,20,89,8981.960000000001,3,2,1,321,Others
2402.0,16,97,8980.59,3,4,1,341,Loyal
2567.0,38,91,8979.799999999996,2,2,1,221,Lost
1532.0,1,91,8979.319999999996,5,3,1,531,Others
318.0,34,91,8978.509999999998,2,2,1,221,Lost
2909.0,18,97,8977.67,3,4,1,341,Loyal
600.0,10,99,8975.890000000001,4,4,1,441,Loyal
1242.0,30,76,8975.220000000001,2,1,1,211,Lost
1971.0,30,74,8973.56,2,1,1,211,Lost
4611.0,23,85,8973.07,2,1,1,211,Lost
1672.0,45,89,8971.210000000001,1,2,1,121,Lost
371.0,31,87,8969.559999999996,2,2,1,221,Lost
1827.0,116,78,8968.69,1,1,1,111,Lost
452.0,9,103,8963.21,4,5,1,451,Loyal
269.0,33,89,8958.799999999997,2,2,1,221,Lost
3427.0,39,85,8958.01,1,1,1,111,Lost
1181.0,16,89,8955.609999999999,3,2,1,321,Others
1139.0,19,87,8955.110000000002,3,2,1,321,Others
886.0,28,87,8954.849999999997,2,2,1,221,Lost
623.0,6,91,8954.49,4,3,1,431,Others
2376.0,125,73,8954.36,1,1,1,111,Lost
2090.0,5,107,8951.85,4,5,1,451,Loyal
2908.0,26,88,8949.770000000002,2,2,1,221,Lost
643.0,0,81,8948.750000000004,5,1,1,511,Others
1221.0,0,94,8947.900000000003,5,3,1,531,Others
1262.0,12,93,8937.600000000008,3,3,1,331,Others
4730.0,17,92,8937.399999999996,3,3,1,331,Others
1965.0,42,88,8936.619999999999,1,2,1,121,Lost
3232.0,0,76,8935.180000000004,5,1,1,511,Others
1774.0,6,82,8932.37,4,1,1,411,Others
43.0,83,83,8930.109999999999,1,1,1,111,Lost
1732.0,3,92,8927.989999999998,5,3,1,531,Others
4214.0,42,93,8927.789999999997,1,3,1,131,"At Risk"
998.0,52,91,8927.189999999999,1,2,1,121,Lost
4809.0,7,84,8926.749999999998,4,1,1,411,Others
3833.0,6,94,8926.210000000003,4,3,1,431,Others
2278.0,28,92,8925.33,2,3,1,231,"At Risk"
2181.0,5,86,8921.41,4,2,1,421,Others
4664.0,5,72,8919.600000000002,4,1,1,411,Others
1464.0,43,78,8919.519999999999,1,1,1,111,Lost
3609.0,84,80,8918.489999999998,1,1,1,111,Lost
2455.0,44,95,8917.360000000002,1,3,1,131,"At Risk"
4975.0,6,82,8915.81,4,1,1,411,Others
595.0,12,91,8913.670000000002,3,3,1,331,Others
2453.0,3,89,8913.419999999996,5,2,1,521,Others
4505.0,62,93,8912.089999999998,1,3,1,131,"At Risk"
4327.0,11,91,8911.569999999998,4,3,1,431,Others
668.0,41,97,8911.399999999998,1,4,1,141,"At Risk"
400.0,6,93,8909.859999999997,4,3,1,431,Others
1927.0,0,86,8909.7,5,2,1,521,Others
562.0,21,90,8908.650000000003,3,2,1,321,Others
4765.0,17,96,8899.070000000002,3,4,1,341,Loyal
638.0,4,92,8898.609999999999,5,3,1,531,Others
3191.0,1,88,8898.53,5,2,1,521,Others
4319.0,48,81,8898.320000000002,1,1,1,111,Lost
1135.0,0,93,8893.789999999997,5,3,1,531,Others
674.0,6,97,8893.220000000001,4,4,1,441,Loyal
1597.0,20,93,8892.439999999995,3,3,1,331,Others
1427.0,12,89,8890.79,3,2,1,321,Others
936.0,0,96,8887.570000000002,5,4,1,541,Loyal
697.0,27,86,8883.739999999998,2,2,1,221,Lost
3771.0,4,93,8882.26,5,3,1,531,Others
56.0,15,100,8882.219999999998,3,4,1,341,Loyal
3646.0,0,86,8882.1,5,2,1,521,Others
4575.0,55,86,8881.589999999997,1,2,1,121,Lost
2922.0,46,81,8880.889999999998,1,1,1,111,Lost
1905.0,68,81,8878.15,1,1,1,111,Lost
4370.0,4,87,8877.410000000002,5,2,1,521,Others
3891.0,83,76,8874.669999999998,1,1,1,111,Lost
1920.0,14,93,8874.480000000001,3,3,1,331,Others
4015.0,1,81,8871.729999999996,5,1,1,511,Others
1438.0,15,90,8870.66,3,2,1,321,Others
747.0,27,79,8869.529999999999,2,1,1,211,Lost
4032.0,24,90,8867.700000000003,2,2,1,221,Lost
570.0,2,80,8867.389999999998,5,1,1,511,Others
2931.0,0,92,8861.729999999996,5,3,1,531,Others
2564.0,57,81,8861.619999999999,1,1,1,111,Lost
2256.0,78,86,8861.150000000001,1,2,1,121,Lost
2663.0,8,87,8861.080000000002,4,2,1,421,Others
2216.0,12,90,8860.669999999995,3,2,1,321,Others
1871.0,30,87,8857.029999999999,2,2,1,221,Lost
1014.0,6,78,8856.729999999998,4,1,1,411,Others
325.0,51,83,8856.52,1,1,1,111,Lost
2299.0,3,90,8851.009999999998,5,2,1,521,Others
3358.0,33,93,8850.669999999998,2,3,1,231,"At Risk"
4571.0,0,88,8849.83,5,2,1,521,Others
1665.0,8,81,8849.74,4,1,1,411,Others
1098.0,51,87,8849.569999999994,1,2,1,121,Lost
4528.0,24,88,8849.49,2,2,1,221,Lost
120.0,27,85,8848.79,2,1,1,211,Lost
3328.0,4,91,8846.27,5,3,1,531,Others
4387.0,1,88,8841.140000000003,5,2,1,521,Others
4502.0,13,88,8840.65,3,2,1,321,Others
330.0,21,92,8838.770000000002,3,3,1,331,Others
3902.0,9,84,8838.489999999998,4,1,1,411,Others
2435.0,1,93,8837.789999999999,5,3,1,531,Others
4434.0,48,82,8834.77,1,1,1,111,Lost
497.0,5,93,8834.769999999997,4,3,1,431,Others
3409.0,33,92,8833.360000000002,2,3,1,231,"At Risk"
150.0,14,111,8832.539999999997,3,5,1,351,Loyal
3269.0,65,81,8831.76,1,1,1,111,Lost
710.0,19,74,8831.680000000004,3,1,1,311,Others
3046.0,21,84,8831.679999999998,3,1,1,311,Others
3404.0,1,92,8831.22,5,3,1,531,Others
216.0,0,91,8827.909999999998,5,2,1,521,Others
2111.0,19,90,8826.199999999995,3,2,1,321,Others
332.0,52,90,8823.78,1,2,1,121,Lost
4185.0,9,90,8823.68,4,2,1,421,Others
2942.0,24,91,8822.539999999999,2,2,1,221,Lost
4797.0,104,82,8822.530000000002,1,1,1,111,Lost
3350.0,5,85,8821.649999999998,4,1,1,411,Others
3320.0,35,78,8819.87,2,1,1,211,Lost
335.0,9,105,8817.189999999999,4,5,1,451,Loyal
4996.0,21,83,8816.789999999997,3,1,1,311,Others
1088.0,1,82,8816.439999999997,5,1,1,511,Others
614.0,42,83,8813.229999999996,1,1,1,111,Lost
4099.0,0,88,8812.799999999996,5,2,1,521,Others
2863.0,9,85,8811.089999999997,4,1,1,411,Others
3811.0,20,79,8809.79,3,1,1,311,Others
4459.0,52,88,8803.89,1,2,1,121,Lost
2960.0,31,96,8801.54,2,3,1,231,"At Risk"
4906.0,28,86,8801.509999999998,2,2,1,221,Lost
1146.0,25,86,8798.130000000001,2,2,1,221,Lost
3674.0,7,79,8797.899999999998,4,1,1,411,Others
3389.0,2,107,8797.179999999998,5,5,1,551,Loyal
1072.0,16,88,8794.709999999997,3,2,1,321,Others
846.0,20,72,8793.420000000002,3,1,1,311,Others
676.0,19,98,8789.949999999997,3,4,1,341,Loyal
256.0,24,85,8787.979999999998,2,1,1,211,Lost
3054.0,0,88,8787.51,5,2,1,521,Others
2175.0,17,91,8785.51,3,3,1,331,Others
388.0,1,79,8784.79,5,1,1,511,Others
4190.0,29,74,8784.350000000002,2,1,1,211,Lost
1302.0,29,77,8783.829999999998,2,1,1,211,Lost
2748.0,45,89,8783.240000000002,1,2,1,121,Lost
285.0,3,97,8781.509999999997,5,4,1,541,Loyal
2047.0,44,89,8779.570000000005,1,2,1,121,Lost
693.0,27,79,8779.46,2,1,1,211,Lost
1079.0,66,96,8779.439999999999,1,3,1,131,"At Risk"
1165.0,5,85,8778,4,1,1,411,Others
4254.0,14,79,8775.169999999996,3,1,1,311,Others
1614.0,9,86,8772.740000000002,4,2,1,421,Others
478.0,5,80,8772.74,4,1,1,411,Others
3201.0,58,85,8772.400000000001,1,1,1,111,Lost
3497.0,2,100,8771.56,5,4,1,541,Loyal
4901.0,68,81,8770.68,1,1,1,111,Lost
597.0,10,91,8769.829999999998,4,3,1,431,Others
4843.0,35,80,8769.319999999998,2,1,1,211,Lost
2697.0,4,83,8764.749999999996,5,1,1,511,Others
1215.0,34,83,8763.819999999994,2,1,1,211,Lost
1863.0,3,81,8762.04,5,1,1,511,Others
924.0,5,91,8760.94,4,3,1,431,Others
1596.0,7,80,8755.36,4,1,1,411,Others
848.0,29,89,8753.699999999999,2,2,1,221,Lost
145.0,8,79,8753.380000000001,4,1,1,411,Others
1515.0,36,91,8752.750000000004,2,2,1,221,Lost
2606.0,86,79,8751.810000000001,1,1,1,111,Lost
125.0,23,83,8750.919999999998,2,1,1,211,Lost
1249.0,19,97,8743.17,3,4,1,341,Loyal
2651.0,5,86,8741.26,4,2,1,421,Others
577.0,40,70,8738.3,1,1,1,111,Lost
471.0,4,94,8735.779999999999,5,3,1,531,Others
4719.0,64,86,8734.25,1,2,1,121,Lost
4218.0,93,79,8733.17,1,1,1,111,Lost
2133.0,14,77,8725.310000000003,3,1,1,311,Others
4663.0,45,87,8719.41,1,2,1,121,Lost
1180.0,5,76,8718.39,4,1,1,411,Others
4359.0,8,88,8717.949999999997,4,2,1,421,Others
1391.0,5,86,8716.94,4,2,1,421,Others
1399.0,27,91,8713.570000000002,2,2,1,221,Lost
2920.0,39,93,8713.230000000003,1,3,1,131,"At Risk"
345.0,18,85,8708.82,3,1,1,311,Others
554.0,2,84,8708.759999999998,5,1,1,511,Others
1978.0,30,87,8708.01,2,2,1,221,Lost
1254.0,32,80,8706.33,2,1,1,211,Lost
4903.0,30,95,8705.779999999995,2,3,1,231,"At Risk"
3639.0,31,88,8701.269999999997,2,2,1,221,Lost
547.0,0,87,8699.939999999995,5,2,1,521,Others
2724.0,6,87,8699.720000000001,4,2,1,421,Others
1659.0,21,99,8699.039999999997,3,4,1,341,Loyal
4845.0,39,106,8695.22,1,5,1,151,"At Risk"
3867.0,3,85,8693.459999999997,5,1,1,511,Others
2562.0,12,88,8684.41,3,2,1,321,Others
2109.0,0,76,8682.12,5,1,1,511,Others
4781.0,55,88,8681.679999999998,1,2,1,121,Lost
4573.0,53,92,8679.1,1,3,1,131,"At Risk"
2932.0,3,84,8678.139999999998,5,1,1,511,Others
314.0,12,88,8677.47,3,2,1,321,Others
917.0,67,91,8676.130000000001,1,2,1,121,Lost
989.0,25,89,8673.449999999999,2,2,1,221,Lost
3101.0,28,79,8672.260000000004,2,1,1,211,Lost
2672.0,16,79,8671.3,3,1,1,311,Others
1967.0,5,83,8670.789999999997,4,1,1,411,Others
4608.0,119,84,8666.29,1,1,1,111,Lost
1271.0,11,80,8665.76,3,1,1,311,Others
1350.0,12,80,8664.339999999998,3,1,1,311,Others
3858.0,1,82,8663.969999999998,5,1,1,511,Others
1658.0,118,82,8663.310000000001,1,1,1,111,Lost
2138.0,34,85,8659.51,2,1,1,211,Lost
2660.0,64,91,8659.140000000001,1,2,1,121,Lost
4274.0,28,82,8656.809999999998,2,1,1,211,Lost
139.0,8,89,8656.21,4,2,1,421,Others
161.0,18,88,8655.449999999999,3,2,1,321,Others
4646.0,24,89,8653.679999999998,2,2,1,221,Lost
2010.0,28,84,8653.560000000005,2,1,1,211,Lost
3946.0,0,89,8651.909999999998,5,2,1,521,Others
860.0,14,98,8651.88,3,4,1,341,Loyal
4018.0,5,94,8650.680000000002,4,3,1,431,Others
49.0,64,90,8650.36,1,2,1,121,Lost
3504.0,0,67,8649.66,5,1,1,511,Others
1733.0,0,90,8648.79,5,2,1,521,Others
3111.0,69,87,8648.419999999998,1,2,1,121,Lost
1530.0,37,90,8642.98,2,2,1,221,Lost
1903.0,33,72,8642.86,2,1,1,211,Lost
4056.0,0,79,8640.640000000003,5,1,1,511,Others
1618.0,82,75,8639.900000000001,1,1,1,111,Lost
762.0,4,93,8638.519999999999,5,3,1,531,Others
4882.0,1,85,8636.91,5,1,1,511,Others
2746.0,13,89,8635.25,3,2,1,321,Others
1769.0,34,101,8633.739999999994,2,4,1,241,"At Risk"
3526.0,73,96,8633.509999999995,1,3,1,131,"At Risk"
736.0,33,94,8631.210000000003,2,3,1,231,"At Risk"
4923.0,47,76,8630.730000000001,1,1,1,111,Lost
1922.0,56,85,8630.180000000002,1,1,1,111,Lost
176.0,24,91,8625.45,2,2,1,221,Lost
32.0,109,77,8625.449999999999,1,1,1,111,Lost
3516.0,27,92,8621.16,2,3,1,231,"At Risk"
2498.0,34,102,8619.680000000002,2,5,1,251,"At Risk"
2561.0,54,72,8618.829999999998,1,1,1,111,Lost
2532.0,41,90,8616.650000000001,1,2,1,121,Lost
1663.0,18,82,8615.359999999999,3,1,1,311,Others
3158.0,10,92,8615.319999999996,4,3,1,431,Others
3964.0,17,85,8613.82,3,1,1,311,Others
3518.0,103,84,8613.01,1,1,1,111,Lost
3455.0,23,103,8612.92,2,5,1,251,"At Risk"
3975.0,5,88,8606.169999999998,4,2,1,421,Others
1344.0,2,86,8605.619999999999,5,2,1,521,Others
2558.0,3,83,8604.019999999999,5,1,1,511,Others
1622.0,54,74,8602.139999999998,1,1,1,111,Lost
4020.0,30,79,8600.450000000003,2,1,1,211,Lost
3750.0,31,89,8599.8,2,2,1,221,Lost
2192.0,19,81,8599.579999999996,3,1,1,311,Others
3345.0,13,83,8598.980000000001,3,1,1,311,Others
4089.0,19,90,8595.91,3,2,1,321,Others
65.0,10,82,8594.320000000002,4,1,1,411,Others
2301.0,19,76,8594.099999999995,3,1,1,311,Others
1919.0,32,86,8591.629999999997,2,2,1,221,Lost
1017.0,3,86,8590.139999999998,5,2,1,521,Others
2270.0,22,93,8581.639999999998,3,3,1,331,Others
1278.0,49,83,8581.299999999997,1,1,1,111,Lost
2203.0,1,85,8581.03,5,1,1,511,Others
3912.0,1,90,8580.119999999997,5,2,1,521,Others
4835.0,1,81,8579.199999999999,5,1,1,511,Others
3450.0,2,91,8578.67,5,3,1,531,Others
4083.0,80,88,8577.949999999995,1,2,1,121,Lost
2412.0,4,89,8577.47,5,2,1,521,Others
1854.0,0,79,8574.559999999998,5,1,1,511,Others
44.0,49,77,8574.180000000002,1,1,1,111,Lost
1783.0,2,78,8573.790000000003,5,1,1,511,Others
1362.0,1,79,8573.249999999996,5,1,1,511,Others
305.0,35,88,8571.709999999997,2,2,1,221,Lost
2063.0,0,85,8568.880000000001,5,1,1,511,Others
4486.0,64,77,8568.129999999997,1,1,1,111,Lost
4354.0,59,87,8567.069999999994,1,2,1,121,Lost
1607.0,30,82,8565.629999999997,2,1,1,211,Lost
3970.0,3,105,8565.24,5,5,1,551,Loyal
3312.0,14,91,8561.22,3,3,1,331,Others
3185.0,10,93,8561.21,4,3,1,431,Others
490.0,2,88,8558.16,5,2,1,521,Others
3663.0,4,88,8558.079999999998,5,2,1,521,Others
2656.0,14,86,8553.1,3,2,1,321,Others
3204.0,33,100,8552.74,2,4,1,241,"At Risk"
2020.0,2,81,8551.059999999994,5,1,1,511,Others
1603.0,14,90,8549.760000000002,3,2,1,321,Others
2502.0,0,90,8545.859999999999,5,2,1,521,Others
3094.0,0,86,8545.21,5,2,1,521,Others
4328.0,40,90,8544.319999999998,1,2,1,121,Lost
844.0,0,75,8537.640000000001,5,1,1,511,Others
4420.0,41,82,8536.949999999999,1,1,1,111,Lost
64.0,17,88,8536.34,3,2,1,321,Others
4285.0,34,88,8533.929999999998,2,2,1,221,Lost
3173.0,16,91,8533.39,3,3,1,331,Others
3814.0,6,86,8531.729999999998,4,2,1,421,Others
1416.0,31,91,8531.220000000001,2,2,1,221,Lost
299.0,27,80,8530.48,2,1,1,211,Lost
4140.0,19,92,8525.360000000002,3,3,1,331,Others
2375.0,96,82,8519.380000000001,1,1,1,111,Lost
1899.0,31,86,8518.069999999996,2,2,1,221,Lost
3887.0,14,82,8515.930000000002,3,1,1,311,Others
2032.0,5,89,8511.31,4,2,1,421,Others
3096.0,63,87,8507.210000000001,1,2,1,121,Lost
2619.0,11,98,8507.050000000001,4,4,1,441,Loyal
202.0,17,89,8504.729999999996,3,2,1,321,Others
3356.0,21,97,8503.840000000002,3,4,1,341,Loyal
4198.0,28,81,8501.55,2,1,1,211,Lost
818.0,22,74,8500.529999999999,3,1,1,311,Others
2889.0,1,94,8499.300000000001,5,3,1,531,Others
119.0,33,82,8498.960000000001,2,1,1,211,Lost
3613.0,84,96,8497.689999999997,1,3,1,131,"At Risk"
2405.0,23,87,8496.560000000001,2,2,1,221,Lost
4463.0,96,96,8495.180000000004,1,3,1,131,"At Risk"
785.0,1,82,8494.55,5,1,1,511,Others
3769.0,79,80,8494.199999999999,1,1,1,111,Lost
2187.0,47,91,8493.21,1,2,1,121,Lost
4484.0,4,95,8492.08,5,3,1,531,Others
4588.0,26,90,8491.33,2,2,1,221,Lost
857.0,29,95,8486.669999999998,2,3,1,231,"At Risk"
2178.0,1,85,8485.880000000001,5,1,1,511,Others
2013.0,4,88,8485.439999999997,5,2,1,521,Others
4738.0,0,94,8483.46,5,3,1,531,Others
920.0,35,86,8479.760000000002,2,2,1,221,Lost
1231.0,14,103,8478.580000000004,3,5,1,351,Loyal
1856.0,57,89,8473.919999999998,1,2,1,121,Lost
158.0,82,102,8472.66,1,5,1,151,"At Risk"
631.0,48,96,8471.59,1,3,1,131,"At Risk"
3454.0,2,77,8469.139999999994,5,1,1,511,Others
102.0,8,102,8465.83,4,5,1,451,Loyal
4474.0,8,76,8464.51,4,1,1,411,Others
2703.0,7,85,8463.640000000001,4,1,1,411,Others
919.0,23,89,8463.509999999997,2,2,1,221,Lost
4710.0,57,83,8463.41,1,1,1,111,Lost
3838.0,22,88,8461.74,3,2,1,321,Others
788.0,2,88,8459.250000000002,5,2,1,521,Others
2623.0,90,81,8457.88,1,1,1,111,Lost
3063.0,39,79,8455.55,1,1,1,111,Lost
477.0,1,98,8455.23,5,4,1,541,Loyal
871.0,65,78,8450.89,1,1,1,111,Lost
3700.0,32,84,8448.009999999998,2,1,1,211,Lost
1145.0,7,74,8447.13,4,1,1,411,Others
4298.0,0,83,8444.27,5,1,1,511,Others
1051.0,63,96,8435.44,1,3,1,131,"At Risk"
3143.0,8,86,8431.400000000001,4,2,1,421,Others
2829.0,27,87,8430.109999999999,2,2,1,221,Lost
3606.0,16,78,8429.499999999998,3,1,1,311,Others
3861.0,10,90,8429.149999999998,4,2,1,421,Others
2879.0,29,82,8427.670000000002,2,1,1,211,Lost
4063.0,8,82,8426.51,4,1,1,411,Others
2312.0,3,81,8426.28,5,1,1,511,Others
3899.0,74,80,8420.369999999999,1,1,1,111,Lost
2230.0,20,84,8418.66,3,1,1,311,Others
3000.0,10,87,8417.960000000001,4,2,1,421,Others
2197.0,68,81,8416.330000000004,1,1,1,111,Lost
1543.0,27,94,8415.199999999995,2,3,1,231,"At Risk"
1678.0,11,75,8412.470000000001,3,1,1,311,Others
548.0,10,93,8410.609999999999,4,3,1,431,Others
1069.0,22,97,8409.749999999998,2,4,1,241,"At Risk"
4894.0,24,94,8408.56,2,3,1,231,"At Risk"
1814.0,19,89,8405.650000000001,3,2,1,321,Others
3281.0,15,88,8405.050000000003,3,2,1,321,Others
2441.0,70,85,8401.989999999998,1,1,1,111,Lost
393.0,26,95,8396.259999999995,2,3,1,231,"At Risk"
1150.0,50,81,8388.41,1,1,1,111,Lost
4583.0,7,74,8382.260000000002,4,1,1,411,Others
2419.0,12,91,8377.869999999999,3,3,1,331,Others
834.0,23,92,8374.210000000003,2,3,1,231,"At Risk"
457.0,37,89,8371.759999999998,2,2,1,221,Lost
4406.0,17,83,8364.97,3,1,1,311,Others
1321.0,25,84,8362.609999999997,2,1,1,211,Lost
3841.0,47,84,8360.670000000002,1,1,1,111,Lost
4332.0,1,89,8358.159999999996,5,2,1,521,Others
1.0,27,89,8357.16,2,2,1,221,Lost
1444.0,24,72,8354.720000000001,2,1,1,211,Lost
196.0,7,76,8348.380000000003,4,1,1,411,Others
3368.0,75,88,8345.950000000003,1,2,1,121,Lost
3671.0,36,68,8342.949999999997,2,1,1,211,Lost
4602.0,97,79,8338.259999999998,1,1,1,111,Lost
2896.0,25,90,8333.720000000001,2,2,1,221,Lost
687.0,61,75,8332.619999999999,1,1,1,111,Lost
3332.0,8,98,8330.269999999999,4,4,1,441,Loyal
2185.0,1,91,8322.83,5,3,1,531,Others
3951.0,23,76,8322.279999999999,2,1,1,211,Lost
23.0,0,89,8321.779999999999,5,2,1,521,Others
2414.0,40,93,8311.609999999997,1,3,1,131,"At Risk"
1418.0,8,98,8300.720000000001,4,4,1,441,Loyal
1833.0,148,80,8300,1,1,1,111,Lost
2449.0,15,81,8297.040000000003,3,1,1,311,Others
1875.0,21,83,8293.62,3,1,1,311,Others
3192.0,4,96,8293.28,5,4,1,541,Loyal
3256.0,0,81,8287.529999999997,5,1,1,511,Others
1945.0,0,91,8283.409999999998,5,3,1,531,Others
4301.0,0,84,8282.689999999999,5,1,1,511,Others
863.0,43,79,8282.330000000002,1,1,1,111,Lost
3131.0,28,73,8281.729999999998,2,1,1,211,Lost
3766.0,16,97,8279.309999999998,3,4,1,341,Loyal
1916.0,11,88,8275.799999999997,3,2,1,321,Others
2998.0,10,78,8275.29,4,1,1,411,Others
3012.0,40,101,8275.289999999999,1,4,1,141,"At Risk"
2721.0,11,95,8271.170000000002,4,3,1,431,Others
4671.0,13,82,8271.150000000001,3,1,1,311,Others
4678.0,63,90,8270.429999999997,1,2,1,121,Lost
3878.0,15,82,8268.580000000004,3,1,1,311,Others
3815.0,17,82,8268.030000000002,3,1,1,311,Others
1439.0,6,96,8266.049999999997,4,4,1,441,Loyal
3074.0,17,87,8258.8,3,2,1,321,Others
1279.0,23,82,8255.980000000001,2,1,1,211,Lost
824.0,1,87,8255.960000000001,5,2,1,521,Others
3050.0,22,85,8254.460000000001,3,1,1,311,Others
3991.0,47,90,8251.990000000002,1,2,1,121,Lost
1629.0,5,72,8246.19,4,1,1,411,Others
4306.0,7,84,8246.12,4,1,1,411,Others
765.0,30,82,8245.73,2,1,1,211,Lost
1117.0,15,76,8245.170000000002,3,1,1,311,Others
3406.0,23,72,8245.16,2,1,1,211,Lost
4523.0,25,94,8243.110000000002,2,3,1,231,"At Risk"
1610.0,29,86,8242.57,2,2,1,221,Lost
3178.0,20,85,8241.24,3,1,1,311,Others
722.0,29,86,8230.189999999999,2,2,1,221,Lost
616.0,32,85,8229.530000000002,2,1,1,211,Lost
2577.0,3,87,8226.890000000001,5,2,1,521,Others
4764.0,1,92,8226.580000000002,5,3,1,531,Others
186.0,9,80,8222.349999999999,4,1,1,411,Others
1032.0,76,89,8219.55,1,2,1,121,Lost
3075.0,20,92,8213.39,3,3,1,331,Others
3898.0,65,80,8203.210000000001,1,1,1,111,Lost
1175.0,27,83,8201.999999999996,2,1,1,211,Lost
3242.0,16,83,8198.120000000003,3,1,1,311,Others
1549.0,62,76,8195.679999999998,1,1,1,111,Lost
3910.0,16,76,8193.620000000003,3,1,1,311,Others
3966.0,26,86,8189.94,2,2,1,221,Lost
4194.0,49,77,8184.709999999999,1,1,1,111,Lost
4855.0,49,85,8180.870000000002,1,1,1,111,Lost
4391.0,9,91,8178.910000000001,4,3,1,431,Others
4636.0,25,81,8174.270000000001,2,1,1,211,Lost
3203.0,14,93,8173.750000000003,3,3,1,331,Others
412.0,5,90,8171.86,4,2,1,421,Others
1598.0,15,75,8171.7,3,1,1,311,Others
255.0,10,81,8169.190000000002,4,1,1,411,Others
3843.0,3,79,8168.439999999997,5,1,1,511,Others
2017.0,3,99,8164.830000000003,5,4,1,541,Loyal
4485.0,37,87,8160.899999999999,2,2,1,221,Lost
2928.0,0,91,8154.569999999998,5,2,1,521,Others
1505.0,0,85,8154.209999999999,5,1,1,511,Others
4551.0,12,81,8153.569999999999,3,1,1,311,Others
2511.0,33,94,8149.010000000001,2,3,1,231,"At Risk"
2957.0,63,78,8147.5199999999995,1,1,1,111,Lost
4658.0,57,86,8145.769999999998,1,2,1,121,Lost
4881.0,29,80,8144.019999999998,2,1,1,211,Lost
3036.0,95,80,8139.650000000001,1,1,1,111,Lost
1202.0,6,80,8136.14,4,1,1,411,Others
4641.0,25,88,8132.570000000002,2,2,1,221,Lost
1269.0,37,83,8131.929999999999,2,1,1,211,Lost
1667.0,7,89,8131.120000000001,4,2,1,421,Others
1407.0,8,96,8130.429999999999,4,4,1,441,Loyal
1073.0,28,84,8128.469999999998,2,1,1,211,Lost
4515.0,13,83,8122.840000000005,3,1,1,311,Others
4652.0,51,80,8122.619999999998,1,1,1,111,Lost
3931.0,16,84,8122.4299999999985,3,1,1,311,Others
498.0,10,83,8121.659999999997,4,1,1,411,Others
1884.0,17,92,8115.920000000003,3,3,1,331,Others
901.0,1,99,8106.28,5,4,1,541,Loyal
2588.0,4,90,8104.72,5,2,1,521,Others
3852.0,57,85,8104.219999999999,1,1,1,111,Lost
678.0,25,85,8102.4800000000005,2,1,1,211,Lost
1959.0,14,94,8101.12,3,3,1,331,Others
2890.0,2,96,8096.200000000003,5,4,1,541,Loyal
3679.0,91,76,8094.730000000001,1,1,1,111,Lost
434.0,1,97,8089.499999999999,5,4,1,541,Loyal
443.0,5,89,8086.739999999997,4,2,1,421,Others
2171.0,18,84,8083.1500000000015,3,1,1,311,Others
3032.0,36,78,8078.669999999999,2,1,1,211,Lost
4733.0,73,77,8078.190000000001,1,1,1,111,Lost
3023.0,8,95,8073.05,4,3,1,431,Others
1555.0,4,88,8072.599999999999,5,2,1,521,Others
4251.0,57,72,8071.560000000001,1,1,1,111,Lost
997.0,14,91,8062.880000000002,3,3,1,331,Others
3231.0,9,76,8062.49,4,1,1,411,Others
3558.0,23,97,8058.150000000001,2,4,1,241,"At Risk"
4143.0,23,75,8057.4699999999975,2,1,1,211,Lost
4870.0,11,79,8051.11,4,1,1,411,Others
406.0,9,86,8050.76,4,2,1,421,Others
3941.0,70,79,8048.46,1,1,1,111,Lost
4907.0,22,80,8047.880000000003,3,1,1,311,Others
1798.0,1,78,8046.93,5,1,1,511,Others
3072.0,11,79,8042.160000000001,4,1,1,411,Others
2001.0,27,81,8040.8499999999985,2,1,1,211,Lost
1745.0,11,69,8033.090000000002,3,1,1,311,Others
3683.0,29,76,8030.190000000002,2,1,1,211,Lost
3519.0,27,95,8025.449999999999,2,3,1,231,"At Risk"
36.0,62,83,8017.709999999999,1,1,1,111,Lost
2491.0,27,83,8015.459999999998,2,1,1,211,Lost
2406.0,19,75,8014.169999999998,3,1,1,311,Others
4338.0,5,78,8013.8899999999985,4,1,1,411,Others
4788.0,25,91,8009.3600000000015,2,2,1,221,Lost
2236.0,35,93,8007.299999999997,2,3,1,231,"At Risk"
2295.0,7,86,8005.859999999998,4,2,1,421,Others
979.0,3,80,8004.9699999999975,5,1,1,511,Others
2854.0,13,85,7998.070000000001,3,1,1,311,Others
2580.0,10,88,7994.249999999998,4,2,1,421,Others
1417.0,0,83,7984.870000000003,5,1,1,511,Others
3653.0,20,81,7983.759999999998,3,1,1,311,Others
2795.0,4,96,7980.410000000003,5,4,1,541,Loyal
3103.0,16,95,7979.47,3,3,1,331,Others
4802.0,17,83,7978.280000000002,3,1,1,311,Others
3069.0,33,100,7970.74,2,4,1,241,"At Risk"
3379.0,21,92,7963.560000000001,3,3,1,331,Others
193.0,17,84,7962.830000000002,3,1,1,311,Others
2338.0,80,83,7962.710000000002,1,1,1,111,Lost
2750.0,15,92,7956.209999999998,3,3,1,331,Others
155.0,39,79,7952.610000000001,1,1,1,111,Lost
446.0,1,88,7946.729999999998,5,2,1,521,Others
4008.0,11,92,7946.700000000002,4,3,1,431,Others
3484.0,62,84,7943.599999999996,1,1,1,111,Lost
4080.0,77,67,7943.470000000001,1,1,1,111,Lost
4097.0,101,85,7943.379999999997,1,1,1,111,Lost
3399.0,20,93,7941.249999999999,3,3,1,331,Others
1934.0,15,90,7936.309999999998,3,2,1,321,Others
4374.0,3,82,7936.130000000003,5,1,1,511,Others
4192.0,2,89,7921.180000000001,5,2,1,521,Others
3770.0,20,82,7920.370000000002,3,1,1,311,Others
4104.0,17,89,7917.519999999997,3,2,1,321,Others
2693.0,3,81,7910.139999999998,5,1,1,511,Others
1087.0,47,65,7909.2,1,1,1,111,Lost
2509.0,35,94,7905.069999999998,2,3,1,231,"At Risk"
2961.0,23,88,7901.200000000004,2,2,1,221,Lost
754.0,147,98,7897.98,1,4,1,141,"At Risk"
996.0,7,81,7897.950000000001,4,1,1,411,Others
3174.0,29,83,7896.709999999999,2,1,1,211,Lost
390.0,5,97,7896.4,4,4,1,441,Loyal
3924.0,1,77,7895.960000000003,5,1,1,511,Others
999.0,52,84,7894.96,1,1,1,111,Lost
1681.0,21,80,7890.600000000001,3,1,1,311,Others
3490.0,13,94,7887.000000000003,3,3,1,331,Others
3562.0,8,81,7884.150000000001,4,1,1,411,Others
1651.0,8,80,7877.87,4,1,1,411,Others
4394.0,14,79,7861.900000000001,3,1,1,311,Others
2431.0,89,88,7860.850000000001,1,2,1,121,Lost
883.0,29,83,7858.849999999998,2,1,1,211,Lost
2370.0,2,92,7856.300000000002,5,3,1,531,Others
3615.0,21,77,7855.509999999999,3,1,1,311,Others
2763.0,55,80,7854.909999999996,1,1,1,111,Lost
431.0,17,76,7848.849999999999,3,1,1,311,Others
1367.0,12,73,7848.220000000002,3,1,1,311,Others
2289.0,13,82,7846.010000000001,3,1,1,311,Others
519.0,31,83,7839.979999999999,2,1,1,211,Lost
1482.0,7,84,7825.840000000002,4,1,1,411,Others
2384.0,61,77,7825.549999999997,1,1,1,111,Lost
4311.0,19,95,7825.4,3,3,1,331,Others
3950.0,0,80,7825.3899999999985,5,1,1,511,Others
4982.0,17,84,7819.699999999997,3,1,1,311,Others
4344.0,17,87,7811.64,3,2,1,321,Others
4566.0,4,86,7799.5999999999985,5,2,1,521,Others
1451.0,0,71,7794.029999999999,5,1,1,511,Others
1153.0,4,89,7793.6,4,2,1,421,Others
4822.0,37,83,7789.450000000001,2,1,1,211,Lost
522.0,50,90,7785.599999999995,1,2,1,121,Lost
2514.0,6,78,7777.720000000001,4,1,1,411,Others
4744.0,9,79,7776.830000000001,4,1,1,411,Others
3596.0,12,76,7772.129999999999,3,1,1,311,Others
1707.0,4,93,7768.750000000001,5,3,1,531,Others
4920.0,13,85,7766.66,3,1,1,311,Others
1036.0,4,81,7759.94,4,1,1,411,Others
3475.0,11,78,7754.650000000002,4,1,1,411,Others
1191.0,10,85,7753.729999999998,4,1,1,411,Others
2958.0,8,73,7753.12,4,1,1,411,Others
847.0,3,78,7738.390000000002,5,1,1,511,Others
1836.0,15,89,7738.160000000001,3,2,1,321,Others
4404.0,37,87,7732.45,2,2,1,221,Lost
135.0,20,90,7727.420000000001,3,2,1,321,Others
424.0,0,79,7715.5,5,1,1,511,Others
3438.0,3,93,7713.159999999995,5,3,1,531,Others
1592.0,23,104,7706.450000000001,2,5,1,251,"At Risk"
6.0,86,95,7703.35,1,3,1,131,"At Risk"
2531.0,14,93,7701.1399999999985,3,3,1,331,Others
2118.0,26,84,7696.969999999999,2,1,1,211,Lost
1021.0,1,79,7694.349999999999,5,1,1,511,Others
4156.0,16,87,7687.780000000003,3,2,1,321,Others
3834.0,27,79,7681.0899999999965,2,1,1,211,Lost
3651.0,3,86,7678.0599999999995,5,2,1,521,Others
4578.0,20,94,7676.370000000001,3,3,1,331,Others
4154.0,10,85,7665.909999999996,4,1,1,411,Others
2478.0,9,82,7662.100000000003,4,1,1,411,Others
4653.0,8,80,7658.030000000001,4,1,1,411,Others
4558.0,3,90,7654.7400000000025,5,2,1,521,Others
453.0,20,70,7651.320000000001,3,1,1,311,Others
1347.0,6,83,7650.99,4,1,1,411,Others
4295.0,5,83,7648.300000000003,4,1,1,411,Others
432.0,15,75,7647.100000000001,3,1,1,311,Others
501.0,30,71,7640.609999999999,2,1,1,211,Lost
162.0,33,80,7639.280000000002,2,1,1,211,Lost
622.0,19,81,7630.980000000001,3,1,1,311,Others
4699.0,32,80,7630.46,2,1,1,211,Lost
776.0,58,97,7621.180000000006,1,4,1,141,"At Risk"
4514.0,6,85,7613.04,4,1,1,411,Others
966.0,9,74,7609.47,4,1,1,411,Others
2169.0,3,77,7608.2099999999955,5,1,1,511,Others
2926.0,6,85,7607.920000000001,4,1,1,411,Others
4966.0,37,85,7586.6,2,1,1,211,Lost
4388.0,44,89,7584.339999999997,1,2,1,121,Lost
2293.0,24,79,7583.4299999999985,2,1,1,211,Lost
4857.0,1,72,7576.14,5,1,1,511,Others
1167.0,75,77,7562.739999999999,1,1,1,111,Lost
1723.0,0,87,7555.260000000002,5,2,1,521,Others
4068.0,25,93,7552.450000000001,2,3,1,231,"At Risk"
3821.0,2,86,7548.280000000001,5,2,1,521,Others
3437.0,10,88,7547.719999999999,4,2,1,421,Others
4203.0,0,91,7544.489999999999,5,2,1,521,Others
928.0,11,82,7540.610000000001,4,1,1,411,Others
2859.0,27,78,7529.57,2,1,1,211,Lost
2396.0,13,80,7529.37,3,1,1,311,Others
1258.0,57,89,7527.280000000002,1,2,1,121,Lost
2600.0,3,83,7526.360000000004,5,1,1,511,Others
258.0,22,89,7524.759999999998,3,2,1,321,Others
704.0,33,79,7514.24,2,1,1,211,Lost
61.0,5,77,7511.480000000001,4,1,1,411,Others
4812.0,4,99,7505.470000000001,5,4,1,541,Loyal
175.0,3,75,7502.530000000001,5,1,1,511,Others
408.0,8,88,7501.85,4,2,1,421,Others
4429.0,10,75,7500.3399999999965,4,1,1,411,Others
3088.0,8,80,7493.419999999998,4,1,1,411,Others
3486.0,0,79,7489.989999999997,5,1,1,511,Others
823.0,26,75,7484.97,2,1,1,211,Lost
1359.0,11,75,7483.000000000001,3,1,1,311,Others
2917.0,6,74,7473.390000000001,4,1,1,411,Others
3982.0,3,89,7457.329999999998,5,2,1,521,Others
1212.0,48,90,7452.210000000002,1,2,1,121,Lost
2136.0,27,97,7446.509999999999,2,4,1,241,"At Risk"
4029.0,10,87,7443.7599999999975,4,2,1,421,Others
71.0,145,92,7443.7199999999975,1,3,1,131,"At Risk"
3033.0,10,79,7440.589999999999,4,1,1,411,Others
2886.0,0,80,7438.819999999997,5,1,1,511,Others
964.0,110,82,7436.9800000000005,1,1,1,111,Lost
4544.0,10,88,7431.129999999999,4,2,1,421,Others
1379.0,9,80,7424.629999999999,4,1,1,411,Others
1171.0,26,77,7418.560000000001,2,1,1,211,Lost
775.0,23,76,7417.679999999999,2,1,1,211,Lost
2423.0,73,82,7416.999999999998,1,1,1,111,Lost
2657.0,14,87,7400.220000000006,3,2,1,321,Others
1976.0,23,72,7399.280000000001,2,1,1,211,Lost
1371.0,103,81,7396.389999999997,1,1,1,111,Lost
2912.0,14,85,7369.409999999998,3,1,1,311,Others
4750.0,54,82,7364.539999999998,1,1,1,111,Lost
3523.0,10,71,7363.940000000002,4,1,1,411,Others
3781.0,61,77,7361.119999999998,1,1,1,111,Lost
1360.0,2,96,7360.909999999998,5,4,1,541,Loyal
673.0,8,85,7360.050000000001,4,1,1,411,Others
1010.0,41,85,7358.490000000004,1,1,1,111,Lost
1484.0,20,74,7358.079999999995,3,1,1,311,Others
4701.0,4,87,7342.689999999999,5,2,1,521,Others
1788.0,3,77,7341.259999999999,5,1,1,511,Others
88.0,15,91,7339.68,3,3,1,331,Others
4424.0,2,86,7334.729999999999,5,2,1,521,Others
3868.0,19,84,7333.62,3,1,1,311,Others
449.0,34,75,7326.630000000001,2,1,1,211,Lost
810.0,0,92,7311.380000000001,5,3,1,531,Others
1931.0,2,76,7309.139999999997,5,1,1,511,Others
3869.0,93,83,7303.2199999999975,1,1,1,111,Lost
1144.0,3,84,7298.929999999999,5,1,1,511,Others
77.0,3,93,7296.129999999999,5,3,1,531,Others
1397.0,35,82,7292.7,2,1,1,211,Lost
4535.0,37,90,7286.579999999998,2,2,1,221,Lost
2119.0,2,89,7273.969999999997,5,2,1,521,Others
912.0,24,75,7271.270000000001,2,1,1,211,Lost
610.0,5,78,7270,4,1,1,411,Others
313.0,95,81,7260.239999999999,1,1,1,111,Lost
4286.0,36,89,7260.109999999998,2,2,1,221,Lost
4309.0,2,95,7260.039999999999,5,3,1,531,Others
4048.0,5,82,7242.269999999998,4,1,1,411,Others
1338.0,6,90,7228.750000000002,4,2,1,421,Others
4606.0,6,103,7217.7199999999975,4,5,1,451,Loyal
4206.0,11,87,7214.4299999999985,4,2,1,421,Others
909.0,2,77,7188.369999999999,5,1,1,511,Others
1785.0,4,72,7164.550000000001,5,1,1,511,Others
739.0,10,93,7160.560000000001,4,3,1,431,Others
3157.0,5,84,7150.3899999999985,4,1,1,411,Others
4766.0,4,86,7136.6100000000015,5,2,1,521,Others
2563.0,50,80,7116.299999999999,1,1,1,111,Lost
2310.0,118,69,7112.859999999999,1,1,1,111,Lost
1794.0,2,86,7086.8399999999965,5,2,1,521,Others
893.0,8,90,7063.710000000003,4,2,1,421,Others
2463.0,23,83,7062.039999999998,2,1,1,211,Lost
2201.0,0,76,7040.1500000000015,5,1,1,511,Others
2257.0,3,82,7026.1900000000005,5,1,1,511,Others
4024.0,19,76,7016.620000000001,3,1,1,311,Others
3126.0,0,81,6971.68,5,1,1,511,Others
2327.0,15,73,6950.449999999999,3,1,1,311,Others
2195.0,34,75,6947.059999999999,2,1,1,211,Lost
1896.0,42,73,6945.120000000001,1,1,1,111,Lost
1939.0,3,80,6924.91,5,1,1,511,Others
3188.0,23,79,6916.689999999998,2,1,1,211,Lost
1983.0,16,76,6914.1,3,1,1,311,Others
3024.0,9,78,6901.860000000001,4,1,1,411,Others
2196.0,5,74,6897.73,4,1,1,411,Others
303.0,22,74,6879.99,3,1,1,311,Others
2486.0,5,80,6879.62,4,1,1,411,Others
4482.0,18,84,6873.009999999998,3,1,1,311,Others
3600.0,13,84,6853.390000000001,3,1,1,311,Others
52.0,1,86,6846.58,5,2,1,521,Others
4873.0,0,66,6839.829999999999,5,1,1,511,Others
1851.0,32,85,6835.899999999998,2,1,1,211,Lost
2368.0,15,77,6808.010000000001,3,1,1,311,Others
1089.0,9,71,6806.04,4,1,1,411,Others
1561.0,23,78,6801.379999999999,2,1,1,211,Lost
2352.0,4,78,6793.460000000001,5,1,1,511,Others
128.0,17,83,6771.309999999997,3,1,1,311,Others
685.0,19,93,6758.819999999998,3,3,1,331,Others
4705.0,36,79,6746.259999999999,2,1,1,211,Lost
1161.0,1,85,6736.679999999997,5,1,1,511,Others
874.0,46,76,6680.16,1,1,1,111,Lost
1312.0,27,87,6674.039999999998,2,2,1,221,Lost
3022.0,3,84,6666.079999999999,5,1,1,511,Others
2768.0,22,85,6630.420000000001,3,1,1,311,Others
4324.0,0,84,6606.459999999999,5,1,1,511,Others
2964.0,23,81,6578.77,2,1,1,211,Lost
3808.0,25,87,6567.420000000004,2,2,1,221,Lost
3122.0,16,75,6540.150000000003,3,1,1,311,Others
973.0,11,78,6514.649999999998,4,1,1,411,Others
212.0,11,81,6453.9400000000005,4,1,1,411,Others
4965.0,35,77,6419.289999999999,2,1,1,211,Lost
2993.0,25,83,6405.78,2,1,1,211,Lost
3507.0,14,91,6396.069999999995,3,3,1,331,Others
2330.0,3,83,6371.45,5,1,1,511,Others
317.0,34,71,6344.629999999998,2,1,1,211,Lost
2647.0,54,62,6278.640000000001,1,1,1,111,Lost
1211.0,5,68,6097.409999999999,4,1,1,411,Others
4369.0,12,86,6051.1500000000015,3,2,1,321,Others
1864.0,19,74,5999.71,3,1,1,311,Others
96.0,31,82,5939.860000000001,2,1,1,211,Lost
3798.0,53,80,5936.330000000002,1,1,1,111,Lost
3286.0,10,86,5936.239999999998,4,2,1,421,Others
3472.0,0,74,5902.599999999999,5,1,1,511,Others
