subscriber_id,clv_actual,clv_predicted
JIO10036685,2066.64,4366.5296635400455
JIO10062722,4282.200000000001,2951.5083007666203
JIO10040648,2459.7599999999998,2830.0196348873546
JIO10031530,4837.08,3730.0195442269674
JIO10043250,1958.88,3253.6797631618433
JIO10057509,2116.08,3145.1532341563507
JIO10023002,1330.44,1279.0622477511592
JIO10030986,1468.08,1220.8360697101086
JIO10051986,2951.2799999999997,2451.9252053929026
JIO10048075,1327.32,1448.1277759444336
JIO10039109,3729.84,3337.3408266905535
JIO10010248,4808.5199999999995,4050.50728309625
JIO10034682,1774.1999999999998,1822.1990527759854
JIO10003281,3200.5199999999995,3673.208974472951
JIO10028486,1154.28,1223.9802417082997
JIO10048598,3167.16,2723.383841405932
JIO10064734,1474.32,1553.887269404556
JIO10047712,2549.16,2308.4792290380583
JIO10044898,2876.7599999999998,2623.090982820362
JIO10044584,1849.8000000000002,2204.2411781129
JIO10055038,923.1600000000001,1467.1569615656942
JIO10060200,2949.84,2585.7436412616134
JIO10026540,1892.28,1447.0936345159032
JIO10025295,2264.7599999999998,2419.9622845608415
JIO10015385,3009.2400000000002,3573.5590133048486
JIO10019773,4872.0,3087.2302319122464
JIO10027349,1998.3600000000001,1595.775975622942
JIO10032405,1041.24,1721.1255307888175
JIO10018082,1255.32,1452.7350885199842
JIO10057263,2590.08,3032.7602265599658
JIO10031661,3232.44,3462.728129847673
JIO10040586,1264.44,1356.2696654024005
JIO10047203,1394.16,2407.2233314643663
JIO10010754,1522.56,2151.948076058485
JIO10034780,1821.72,1499.3569940886935
JIO10053913,1469.76,2000.2484073016979
JIO10006905,1801.44,1991.2338904393941
JIO10024282,3005.64,3225.438841481028
JIO10013162,2047.56,3345.103929209892
JIO10014223,4255.799999999999,3046.7799401335706
JIO10044425,2468.04,2974.2180439233225
JIO10057810,2272.56,2485.607657441778
JIO10039636,2544.84,3318.3309951766455
JIO10010468,1916.7599999999998,1959.9528722571004
JIO10018034,3794.16,3382.0521907810034
JIO10024920,3070.32,2993.5211290347283
JIO10063970,3098.2799999999997,2744.2587715593704
JIO10061234,3800.5199999999995,4168.115910011962
JIO10062513,2410.32,3065.8463905229464
JIO10063599,4853.88,2695.9671207263136
JIO10019724,2766.48,2349.704011319793
JIO10049014,900.0,1166.3114463121276
JIO10049954,1417.44,1685.1382584925057
JIO10051028,1217.6399999999999,1616.5353929375576
JIO10024815,3154.44,2545.8941033485153
JIO10007733,2328.6000000000004,3034.656228659773
JIO10060444,3146.88,2850.719485833248
JIO10038947,1935.6000000000001,4337.115719252513
JIO10015104,1488.0,1974.2846622526715
JIO10027788,1331.8799999999999,1170.9053951086082
JIO10027597,2402.16,2276.962478159336
JIO10010165,2000.88,1610.5886073251713
JIO10036679,900.0,1217.0219763711796
JIO10015484,4606.92,3853.710432506153
JIO10044455,2350.32,2377.6511083015193
JIO10009718,2477.64,1924.802763218697
JIO10039771,1512.84,1974.8450732623091
JIO10010795,2450.88,1940.9912308613254
JIO10059851,1569.3600000000001,1682.6391094577962
JIO10036674,2343.0,2749.575004598744
JIO10041681,2323.08,1239.1475964504837
JIO10051084,6591.0,4230.94904972818
JIO10053798,4852.5599999999995,4292.866827792038
JIO10027207,1226.52,1195.7841270820456
JIO10029655,3666.24,4096.635158734972
JIO10026198,3508.56,3759.8752573461466
JIO10023758,1292.6399999999999,1841.061200994745
JIO10034377,1500.84,3226.5052080306227
JIO10022342,1979.16,2300.3822780129785
JIO10042592,953.8799999999999,1202.0677624944697
JIO10002626,1802.52,3258.665341910957
JIO10064379,5124.96,3330.14275525106
JIO10050761,2075.16,1883.806175647673
JIO10037638,1048.68,1219.3822209896316
JIO10048140,2517.0,3115.409508830346
JIO10021248,940.08,1280.2408076545514
JIO10041083,1407.1200000000001,2189.424495676673
JIO10038596,3179.2799999999997,3811.421977676995
JIO10012933,2370.6000000000004,2797.807656591802
JIO10061271,1479.0,1925.8409882076846
JIO10055915,2886.0,3821.539383644159
JIO10061763,3879.4800000000005,3727.9255946049134
JIO10008287,1964.3999999999999,2922.0538988407516
JIO10047745,1631.88,2804.629983446464
JIO10040043,900.0,1181.6133600482985
JIO10012821,2041.44,2585.5305193103122
JIO10061144,1334.16,2153.239219449109
JIO10032730,3100.2000000000003,2756.5541693174314
JIO10016631,2540.64,1802.05468625671
JIO10045130,1042.8000000000002,1600.1709871935839
JIO10008112,3107.2799999999997,3033.8545721033925
JIO10016028,1277.16,1199.2728447056747
JIO10045987,1548.48,1440.9718425474705
JIO10002492,2741.64,2090.836508430187
JIO10062111,2596.92,2367.249371925206
JIO10061843,1880.28,2178.10265399903
JIO10007492,2232.36,3386.6031828985615
JIO10053083,1743.0,1662.1951895613909
JIO10018894,900.0,1335.870647595189
JIO10016174,1886.16,1695.8750846468204
JIO10022433,1966.3200000000002,1898.2357976968508
JIO10039820,1897.08,2088.1207258154664
JIO10000618,3528.12,3456.6722570909624
JIO10058451,4036.56,2617.593034988836
JIO10009730,2269.92,2883.414654637552
JIO10024866,2534.88,3292.3118036660712
JIO10059453,4634.88,6078.011174834147
JIO10056192,1062.6,1211.9191048575572
JIO10015760,2182.92,2429.5360684760262
JIO10035434,2097.0,2513.9178393588595
JIO10008578,2118.7200000000003,2192.100347932838
JIO10061391,1156.1999999999998,1227.049611688931
JIO10028824,2635.32,2267.412788894055
JIO10007605,1346.6399999999999,1478.5224236026477
JIO10037899,1950.3600000000001,1966.6188060083089
JIO10057272,1227.3600000000001,1194.3660989965554
JIO10064639,1144.68,1668.5170869947633
JIO10047931,1223.4,1585.820025000665
JIO10044136,2313.0,2195.6645983499534
JIO10005413,2314.32,2360.2994980223525
JIO10012465,6432.599999999999,3942.135809239838
JIO10027762,3431.6400000000003,2420.686410476925
JIO10042550,1847.28,1918.9808609029146
JIO10022707,1279.32,1519.9921187437542
JIO10008002,4318.4400000000005,4057.524394052102
JIO10046016,1346.8799999999999,1985.2098375148641
JIO10009433,4302.4800000000005,2756.701489018807
JIO10023680,1020.8399999999999,1197.5816848029122
JIO10045991,1563.12,1883.268099594167
JIO10011352,2067.12,2395.483256271066
JIO10033341,1424.16,1584.316739497232
JIO10049219,3007.56,3360.390471123822
JIO10026131,2731.08,2580.2978312449095
JIO10041458,2270.88,1924.4190270398944
JIO10000348,5463.84,3389.7360054900955
JIO10043192,3266.76,3413.572316173284
JIO10032460,1567.6799999999998,1601.2469815915722
JIO10047359,1785.84,1717.0368431936843
JIO10041314,3043.92,4800.962483242288
JIO10024469,1139.52,1677.3725383039675
JIO10028365,900.0,1329.226528249353
JIO10011217,1170.0,1273.9211388141578
JIO10039833,2679.0,2624.471144167248
JIO10047888,2226.84,2354.053549791984
JIO10050102,3943.32,3724.6348668947776
JIO10050207,1751.16,2250.501111395407
JIO10005791,1575.3600000000001,1313.34826583059
JIO10015671,2198.2799999999997,2082.6147589922425
JIO10056128,3372.4800000000005,4448.508739768481
JIO10033676,1478.4,1947.2490263786622
JIO10013490,2357.52,3565.521120305217
JIO10031372,1760.52,2763.042865713382
JIO10061971,2764.92,2245.623203229276
JIO10043901,903.36,1705.9810499001424
JIO10050516,1737.84,2475.1303803270234
JIO10004995,1500.96,2321.969962862149
JIO10036428,3223.08,3677.0879264765986
JIO10046793,3417.7200000000003,2870.5532292204557
JIO10009241,3184.56,2355.0768536490923
JIO10052907,5785.200000000001,5094.529533621674
JIO10023715,1795.3200000000002,2810.46106216748
JIO10040372,1732.6799999999998,1928.6917698858026
JIO10007829,3360.84,3616.649851654747
JIO10003972,2324.3999999999996,3131.282369869461
JIO10036390,2123.64,2627.281804081863
JIO10015498,3211.44,2710.409919383142
JIO10039920,900.0,1252.5681665912966
JIO10053999,3478.92,3866.529568206139
JIO10028453,970.56,1196.5238128906497
JIO10045358,1174.8000000000002,1685.6554301031197
JIO10017553,1956.3600000000001,3149.249381964932
JIO10018839,1107.72,1191.9353442109345
JIO10043907,3359.04,2475.9277972099935
JIO10014394,2462.3999999999996,2844.251045462859
JIO10051460,1558.8000000000002,2609.6647007460597
JIO10037818,2359.92,2742.584628636945
JIO10015560,1980.96,2861.3013831473145
JIO10058247,2016.48,1976.4445156002014
JIO10009793,2294.16,3703.050466006771
JIO10020771,1168.44,1454.506203462245
JIO10008989,2103.2400000000002,2728.2375983577463
JIO10024165,2766.12,3157.5623973562206
JIO10024769,1388.4,2094.5221342747514
JIO10060759,1519.44,1931.3440536052303
JIO10041921,1199.52,1484.56355829426
JIO10027539,1716.0,1679.8116326274778
JIO10001247,1317.84,1330.7568469894948
JIO10044220,1142.8799999999999,1555.266025545061
JIO10052647,1664.88,2557.1715078291563
JIO10028121,3555.84,3359.766778515444
JIO10006512,2289.12,2450.0677108602026
JIO10018612,1411.8000000000002,1625.6061507078848
JIO10043330,1097.8799999999999,1295.3721489715622
JIO10006225,3720.7200000000003,2757.912939328166
JIO10044766,1290.96,1785.7406380069563
JIO10059342,1277.16,1638.9562775465026
JIO10056220,2756.88,2155.3876702381276
JIO10011846,2434.92,1839.9395034649153
JIO10026732,1386.3600000000001,1183.9585589209257
JIO10063823,2643.7200000000003,3597.267134898582
JIO10006137,2605.32,3000.6808894499145
JIO10033138,2079.12,1855.340046218584
JIO10036008,3203.76,4137.384327174032
JIO10063201,1681.08,2339.7577851869546
JIO10031544,3826.32,3328.502892786804
JIO10031181,1846.6799999999998,1804.8865709892807
JIO10004195,1426.32,1699.7850865075254
JIO10032195,3861.4800000000005,3277.7432399869167
JIO10054824,1751.7599999999998,1917.0134314586219
JIO10061511,2093.88,1793.7755750709666
JIO10021925,2358.2400000000002,2799.99594591385
JIO10042317,3734.76,1628.7378455123749
JIO10058735,2216.64,1601.8858436508888
JIO10018972,900.0,1237.1390502983181
JIO10059909,2923.8,2469.6878587415827
JIO10054602,2106.48,2008.062810808937
JIO10055677,4253.04,2918.7439203791773
JIO10000264,3859.56,3822.2965910263997
JIO10053029,1743.84,1317.339382522597
JIO10029389,2862.36,4616.5087950906045
JIO10010535,1561.44,2614.605406072352
JIO10038969,3326.16,2128.3477242076942
JIO10001028,2240.04,2798.8403895768574
JIO10051323,1756.3200000000002,1609.089837086349
JIO10055828,2437.56,2692.442062820206
JIO10035695,4187.88,2327.159018291122
JIO10054913,4855.4400000000005,2915.694414691002
JIO10041406,3828.3599999999997,2384.3024605565433
JIO10037824,1982.52,1613.2329151659087
JIO10045959,2165.64,2699.7633202254115
JIO10012720,3587.76,4641.79640712256
JIO10051234,4042.44,6038.319836332606
JIO10037756,2196.84,2756.2453430688684
JIO10015922,2962.92,5463.011202152832
JIO10018792,1399.56,1197.6801136352776
JIO10058337,2668.8,3649.2671195805624
JIO10008367,3425.88,3179.5871085504327
JIO10063962,2956.44,2138.6158753555537
JIO10044940,3501.96,3249.9519125850584
JIO10023121,1132.92,1287.5897892793637
JIO10011648,3923.6400000000003,4037.699035263743
JIO10028016,1458.1200000000001,2093.056406536497
JIO10061268,1652.3999999999999,2307.8201521136743
JIO10056544,3448.2000000000003,2967.648457925062
JIO10029373,941.04,1186.3687369942525
JIO10001832,2895.36,2625.45497859684
JIO10059158,2756.52,2686.07348666199
JIO10054054,2189.3999999999996,2396.6731177718107
JIO10013801,1536.84,2423.6607682173503
JIO10058203,2312.88,2628.9245515747734
JIO10055681,900.0,1709.3688847884098
JIO10005166,3683.88,3720.924059181259
JIO10012293,1508.6399999999999,1693.5926918380057
JIO10008758,1234.68,1287.758223017138
JIO10056480,2810.88,2365.7669183309818
JIO10061657,5609.5199999999995,3803.1449845176694
JIO10046610,3022.68,2386.211329911206
JIO10048014,3428.5199999999995,2593.288719482077
JIO10022370,2237.64,2346.239827552336
JIO10003323,1502.16,1518.8514951661932
JIO10061382,1365.1200000000001,1272.5343808735138
JIO10038510,3301.68,3287.8488255554257
JIO10033436,3648.4800000000005,2890.4621490630702
JIO10037723,1538.52,2207.8160661263705
JIO10038078,2209.08,2316.6664229515945
JIO10008059,3663.3599999999997,2366.980780390733
JIO10032003,4021.7999999999997,3571.8385696959
JIO10013359,1588.3200000000002,2061.9826107705144
JIO10059653,1677.2400000000002,2653.9920932672558
JIO10005411,2271.48,2158.4455840929427
JIO10052304,2062.44,2007.3688749405276
JIO10030000,923.1600000000001,1575.0938597193824
JIO10042161,3675.0,4176.246844681638
JIO10050472,2699.7599999999998,2528.3289535370627
JIO10002056,5441.04,7342.179536246962
JIO10041216,4291.08,2616.3390449962026
JIO10022225,7505.76,3439.440611457096
JIO10053574,2088.96,3539.1235020363015
JIO10042223,3929.6400000000003,3360.3345926170823
JIO10021315,1696.3200000000002,1963.583425048396
JIO10010040,1382.52,1878.1632701509284
JIO10045583,1853.6399999999999,1603.3827589960142
JIO10008399,2451.6000000000004,2425.97289236103
JIO10020761,2067.12,2253.657392360474
JIO10007433,1978.1999999999998,2770.136409632416
JIO10020201,2369.04,2355.762656901611
JIO10042941,987.36,1209.1738909753399
JIO10018843,1422.24,2468.999937536094
JIO10057273,1862.7599999999998,2188.943652303365
JIO10000316,1663.92,1183.1281632890832
JIO10033240,2733.7200000000003,3598.7254586720283
JIO10005500,1729.3200000000002,1784.2570104969018
JIO10028566,1225.68,2015.7069125448318
JIO10018227,2219.16,2812.4527511554256
JIO10021934,1093.8000000000002,1378.788026767153
JIO10030561,1787.04,2512.7496750661076
JIO10023229,1222.44,2096.947087702485
JIO10033419,1540.3200000000002,1384.837637815537
JIO10011701,2359.8,1943.6687745087333
JIO10023250,4350.72,5822.011970280192
JIO10045894,3528.4800000000005,4293.549163232076
JIO10009408,1401.72,1319.033910144993
JIO10054006,2161.08,2063.815542829663
JIO10039542,2572.32,3663.222436930086
JIO10035177,2777.52,2856.568712786959
JIO10025248,3059.52,2299.1211284087713
JIO10055304,10743.599999999999,5314.021154008414
JIO10054915,3869.5199999999995,2114.20367179263
JIO10005429,1872.0,2021.0238687686115
JIO10024770,1893.2400000000002,1924.654142150098
JIO10001044,3578.5199999999995,3873.8911946826934
JIO10027904,1854.2400000000002,2106.535428249266
JIO10030869,1286.8799999999999,1379.6912018126695
JIO10057318,1772.88,1946.1973770844354
JIO10005621,1467.72,1902.2857237594947
JIO10000730,3410.5199999999995,3569.1326823617596
JIO10061778,1945.6799999999998,1768.2117762213782
JIO10059278,3702.0,2894.3194339632264
JIO10042446,2888.88,2446.8262441821007
JIO10003745,4693.200000000001,4270.8327093846165
JIO10019283,1548.0,1918.3335929484417
JIO10052832,3069.6000000000004,3257.9630930695857
JIO10013445,1639.6799999999998,1908.2435368722588
JIO10020743,2164.8,1377.284196478111
JIO10037007,2085.0,2214.4630830494975
JIO10011297,3013.8,3086.4874496140646
JIO10016905,3062.7599999999998,1994.4258185890403
JIO10022781,2497.2,2249.0311284081204
JIO10027528,1632.72,1946.8033761062213
JIO10033715,1935.6000000000001,2353.97123401059
JIO10013857,4042.92,4274.779905002439
JIO10019422,3418.56,3381.6710549849904
JIO10062535,2186.52,3330.866395774849
JIO10024611,2856.7200000000003,3292.8297973100257
JIO10046546,1444.08,2622.945798632755
JIO10053593,4216.4400000000005,3130.406985751386
JIO10050362,1591.44,1193.3515497152862
JIO10022936,2587.8,2591.672188524713
JIO10051494,1484.28,1919.736451897769
JIO10007241,4024.44,3575.3371930922895
JIO10035493,4622.04,3239.7051254774783
JIO10045889,1254.6,1509.4790525387082
JIO10039605,3579.6000000000004,4118.1682648967935
JIO10049167,3160.32,3339.8717474048835
JIO10036709,1246.44,1492.8318893059788
JIO10011246,2019.96,1956.1534395190702
JIO10054034,900.0,2541.9068738889614
JIO10036677,1028.04,1495.2828836867207
JIO10030475,1597.44,1325.834355838389
JIO10052842,1948.44,2154.8056590363785
JIO10020530,2054.7599999999998,1889.1024624652944
JIO10048086,920.4000000000001,1236.941644363395
JIO10038224,1146.3600000000001,1818.4976074641606
JIO10010354,2023.92,1846.4909222742367
JIO10029036,1565.6399999999999,1307.584122020784
JIO10025714,984.48,1203.790990960363
JIO10012809,2561.04,1873.0224584108273
JIO10026724,3195.6000000000004,2297.933195788005
JIO10015324,3413.76,3415.8199715019505
JIO10061405,1171.56,2836.6872811741637
JIO10021819,3071.3999999999996,2470.557045264556
JIO10010969,1149.1200000000001,1327.9214365340576
JIO10057687,2272.8,1635.2537399059513
JIO10011727,1948.1999999999998,2380.3500562013423
JIO10027710,2203.8,2558.284461978795
JIO10049093,2483.52,1716.98293541846
JIO10014145,3401.76,3969.5149732787845
JIO10014497,2169.7200000000003,2326.641656156416
JIO10059398,2062.44,2396.674841818664
JIO10008652,2309.2799999999997,1349.6640749076169
JIO10004284,1245.0,1210.5062255240302
JIO10002949,4933.799999999999,3826.7497011648934
JIO10010763,2910.0,2970.2270665716615
JIO10029079,1191.0,1489.5995745304863
JIO10003044,1087.8000000000002,1384.879874529553
JIO10023383,2843.04,1624.249429093705
JIO10041060,1882.44,2207.9601356467488
JIO10024358,3504.12,4165.686590620901
JIO10054111,2098.56,1851.0228274704089
JIO10037002,2394.84,2536.7099736224877
JIO10029084,3091.2000000000003,2997.163443188084
JIO10009670,1624.6799999999998,1546.3698809474163
JIO10033388,3516.4800000000005,4835.877162543876
JIO10040384,1824.3600000000001,2620.792008517953
JIO10030890,2395.56,2701.8248532477733
JIO10031795,2711.04,4013.6261410927696
JIO10026698,1920.6000000000001,2796.47255682663
JIO10031297,1545.6000000000001,2280.9772219920005
JIO10061170,2750.64,2351.0615666058166
JIO10032884,2663.52,3294.7085114588353
JIO10053469,4596.12,3953.2294449310857
JIO10015078,900.0,1653.1753391695993
JIO10034555,3593.16,3566.5582740763552
JIO10006758,1567.44,2095.4004491287274
JIO10020218,6502.5599999999995,5032.979486209597
JIO10004006,3816.7200000000003,2822.8242742296056
JIO10046734,1693.6799999999998,2434.052727969029
JIO10010020,2398.32,2631.656485586949
JIO10023536,3463.92,2581.9512483957997
JIO10058645,900.0,1441.1004646942117
JIO10015237,2220.48,1959.1276585054402
JIO10050139,2039.3999999999999,2392.234410198417
JIO10014997,1894.8000000000002,1866.3421428880247
JIO10020108,1260.1200000000001,1678.7785497941256
JIO10040708,3478.92,3269.487545749646
JIO10002285,3474.0,4190.039243434094
JIO10004418,1773.72,1697.5336024346252
JIO10028835,2013.0,1491.7530682366933
JIO10044845,4100.28,3978.6268294684464
JIO10003137,2307.12,2505.347490065258
JIO10053268,1098.84,1296.232794799962
JIO10013819,1406.28,2340.906098090731
JIO10051285,3071.2799999999997,3298.936584915697
JIO10005713,3584.16,2934.8063621008523
JIO10060879,2909.7599999999998,2279.6145006354086
JIO10025838,4579.32,4922.302759819925
JIO10055504,2399.52,4566.086451622721
JIO10033426,2514.2400000000002,3041.804398895244
JIO10042654,3115.56,2946.5051307875246
JIO10025665,1875.2400000000002,2023.4004278054201
JIO10025593,4755.96,3720.101167947518
JIO10025897,1478.4,1475.6555452490409
JIO10059758,1884.3600000000001,1723.7454727160311
JIO10050399,4420.68,3627.0559220529326
JIO10029203,2043.96,2543.6247196843997
JIO10014243,3024.36,3437.476486562673
JIO10014905,2733.96,2370.9098547991553
JIO10022904,3369.96,1729.3156329368842
JIO10027533,1390.8000000000002,2695.9312915364426
JIO10022577,909.0,1516.2466736429699
JIO10038837,4733.28,3306.0571296635803
JIO10048219,2167.08,3337.227021678903
JIO10024810,2959.08,1923.2451820881035
JIO10054999,3591.12,2684.64827951485
JIO10003031,2346.2400000000002,2588.2601290124994
JIO10036444,7777.5599999999995,4313.788533177642
JIO10010448,2290.56,2761.5977753000643
JIO10029382,2395.68,2589.5470810403767
JIO10054891,3078.96,2593.1809395272544
JIO10057605,926.4000000000001,1213.5188246050843
JIO10036495,1134.72,1654.729267894587
JIO10045883,1613.16,1281.776479381681
JIO10001506,4767.6,4196.109235073313
JIO10028678,2000.7599999999998,1825.3085676035653
JIO10010281,2024.52,2346.1370152470977
JIO10016411,2232.12,3624.8976042173126
JIO10062509,3710.5199999999995,2976.1294554936217
JIO10029726,1515.6,1446.5392995130849
JIO10035232,3345.4800000000005,3507.356825024362
JIO10032566,3852.7200000000003,4593.358504103397
JIO10059634,13153.32,4171.573503693306
JIO10001889,1406.6399999999999,2138.1820629583403
JIO10031409,2636.64,2221.5638109130164
JIO10008612,2703.0,2995.3504932112633
JIO10003045,5082.84,3546.8003557005363
JIO10015891,2454.36,3175.3501914021267
JIO10007747,1832.16,1870.6956802559814
JIO10033223,6358.32,2635.7158407488305
JIO10000791,1679.6399999999999,2161.253180465095
JIO10032773,1041.96,1302.9086660182536
JIO10036550,1211.52,1205.3534790630667
JIO10062872,1010.76,1179.2959930292009
JIO10004727,1906.1999999999998,2889.7123568801767
JIO10027790,3247.2000000000003,2967.764061075954
JIO10049403,1320.84,1191.7728441816837
JIO10028889,3154.44,3877.1117676633357
JIO10007224,2712.0,3523.812611045317
JIO10005421,1700.6399999999999,1960.168042798471
JIO10038397,1398.1200000000001,2211.313961355335
JIO10040368,2593.68,2697.967189639395
JIO10031493,2075.2799999999997,1401.1687813631695
JIO10007115,1234.32,1217.3172542648701
JIO10059246,3634.68,3839.650514859413
JIO10019417,2815.92,2793.1283631737183
JIO10058820,1575.72,1826.6901740983024
JIO10047940,2976.48,2067.6831898007113
JIO10054598,2975.3999999999996,3406.331088591514
JIO10040462,1848.2400000000002,2131.4946221033447
JIO10016146,1682.16,1584.8372279917257
JIO10039179,2653.08,1860.766683659988
JIO10012094,2184.48,2059.6595236639987
JIO10050434,8106.84,4004.5141255457224
JIO10063420,1257.3600000000001,1328.2402668144487
JIO10037353,1805.3999999999999,2147.6613119572125
JIO10043515,6855.719999999999,6554.799795282741
JIO10038505,2177.16,2064.2760470203793
JIO10007404,3320.76,3185.4488161451127
JIO10020189,1893.96,2212.2075761354445
JIO10002138,3554.88,2524.4554986636604
JIO10024441,1160.04,1314.4862456900573
JIO10010252,1294.32,1490.5074252236504
JIO10028468,2511.0,3018.1376416136204
JIO10002916,2881.56,3058.758549740577
JIO10043753,3524.6400000000003,2807.3355502851687
JIO10059824,1352.8799999999999,1649.5174059480537
JIO10018626,2370.7200000000003,2657.115438813481
JIO10026956,1468.68,1670.0888104020519
JIO10059853,4173.96,3679.996987765609
JIO10013408,1073.28,1114.4420724454885
JIO10002530,976.8000000000001,1189.0447920524557
JIO10049051,2111.04,1875.269886763213
JIO10044625,5693.04,3814.498175100144
JIO10062678,5803.32,4674.1001715085595
JIO10013770,1111.92,1255.3409016295175
JIO10030422,1669.44,2680.4523105591657
JIO10039376,2282.64,2950.4881758353217
JIO10055530,5162.4,4132.1644875155025
JIO10017189,2841.36,1779.3756216311983
JIO10014741,2643.48,3015.049518756009
JIO10011625,2032.6799999999998,2213.535146207545
JIO10033243,2513.16,2717.2854144867633
JIO10037637,3093.3599999999997,2200.1501540565264
JIO10029198,2370.7200000000003,3297.5004426491164
JIO10016176,7148.400000000001,6571.268005787991
JIO10013618,2765.7599999999998,2811.662408854065
JIO10039848,1753.08,1858.1369297054569
JIO10025062,3023.2799999999997,2795.0333734961328
JIO10032883,2191.92,3953.280225393238
JIO10044888,1310.28,1801.1387903589089
JIO10022816,2808.96,2004.0410554581815
JIO10018469,1597.44,1667.1920218860039
JIO10010725,3689.16,3566.346521342173
JIO10060875,1125.24,1188.2759337860225
JIO10049619,950.1600000000001,1202.949931937016
JIO10016854,2757.48,3256.884600711122
JIO10059213,2120.64,2486.78438140786
JIO10029416,1990.08,2814.2664868902975
JIO10000983,2049.0,2757.351823001956
JIO10064595,1639.6799999999998,1677.799199989458
JIO10002620,1831.56,2368.1529907752233
JIO10053244,2259.0,2758.0618953383923
JIO10059352,3943.92,2709.272577947166
JIO10049577,2903.88,2918.8531449459656
JIO10055817,2036.16,2346.359779088201
JIO10031486,2200.44,2738.5225222507943
JIO10032168,4230.6,3633.811576874638
JIO10064494,1825.6799999999998,2096.669323803308
JIO10014418,4989.12,3989.446045410633
JIO10017205,4865.4,4113.302555572038
JIO10050185,1635.96,2005.7728483002675
JIO10045644,1959.2400000000002,1584.006388795674
JIO10038070,2594.7599999999998,2641.2300807356987
JIO10029508,1417.8000000000002,1202.622797119258
JIO10015382,3877.2000000000003,3672.4138300239883
JIO10036061,2259.7200000000003,2446.19716844578
JIO10025946,2237.64,2610.705621370322
JIO10037485,2431.44,2865.218835610216
JIO10018550,1106.16,1683.1617453352274
JIO10041076,1713.6000000000001,1549.757140541565
JIO10056492,1951.6799999999998,2153.005065684802
JIO10053288,2918.3999999999996,3543.165399270736
JIO10012037,2943.0,2791.9549746375073
JIO10041264,2145.48,2407.8518834983115
JIO10008175,3125.04,3553.8528556055007
JIO10062691,2693.7599999999998,2643.3432715992167
JIO10041169,3598.44,3663.9285074216723
JIO10063965,1044.72,1246.8770765756708
JIO10031248,4080.6000000000004,4137.968304456595
JIO10047474,3653.88,2478.2679072117853
JIO10026117,8283.960000000001,4396.044938999617
JIO10019737,1716.3600000000001,2171.892800169436
JIO10013878,2849.16,4104.802107551071
JIO10060001,2384.2799999999997,2556.448310773946
JIO10050563,1200.96,1504.3209880547563
JIO10058610,1398.24,1421.0078734404472
JIO10012139,1681.1999999999998,1714.0713096129723
JIO10045684,931.6800000000001,1193.1886881286705
JIO10000624,2817.84,3657.2904305861316
JIO10005680,2104.8,2482.609042593828
JIO10010331,1105.44,1158.1557022676323
JIO10039421,2699.7599999999998,1999.5273898095518
JIO10023888,2684.3999999999996,3542.858210243065
JIO10042583,1961.7599999999998,2936.4865161902217
JIO10048629,1467.24,1258.2758166877031
JIO10046790,1531.68,1663.3396251812262
JIO10027429,1611.6000000000001,1928.438916162171
JIO10047810,3315.24,3259.2088445227587
JIO10023105,6812.039999999999,4251.8913560500305
JIO10015965,4982.64,2443.1429041371225
JIO10037516,2570.2799999999997,2608.7855351036237
JIO10016373,930.5999999999999,1198.6253562115303
JIO10007102,3012.48,2709.3029709048396
JIO10031581,1781.28,1625.9011175058968
JIO10025415,2091.12,2399.2382206419447
JIO10060398,2193.36,1641.965771229458
JIO10001418,2121.36,2306.049172856042
JIO10057178,3064.2,2738.0918834384147
JIO10060578,3327.84,3532.0194269201065
JIO10015004,2385.2400000000002,2936.6149380545503
JIO10020496,1649.88,2432.778751668363
JIO10038395,1461.6,1605.7444935872302
JIO10036826,3439.32,2416.2153168817827
JIO10001483,1852.6799999999998,1235.4725772161255
JIO10059621,2365.2,2707.808489408765
JIO10016554,900.96,1752.4479230113902
JIO10020084,4437.96,3573.294361458262
JIO10030304,3653.2799999999997,3606.366411193611
JIO10034129,3230.6400000000003,2991.964724897426
JIO10010246,2023.44,1168.5179260834698
JIO10042527,1477.56,1865.87823544777
JIO10032707,2332.92,2507.4795511505286
JIO10024065,2270.7599999999998,3314.735386051517
JIO10018049,2947.2,2228.58690493594
JIO10008316,1967.28,2421.4642499901197
JIO10023402,3613.56,3057.9972321947494
JIO10046091,1523.4,1381.70511305658
JIO10000444,2745.0,2973.6217223558433
JIO10027186,1881.6000000000001,2594.355675101492
JIO10020747,2533.08,3445.7982076955404
JIO10036715,3847.08,3427.3132668034455
JIO10022475,2750.7599999999998,1617.245897065504
JIO10012485,1524.6,1985.4530438007025
JIO10004413,4425.72,4101.911729321234
JIO10048208,3080.88,4682.670093581436
JIO10046367,3976.92,3546.8529401075793
JIO10019864,1495.44,1821.8542655690367
JIO10035376,2788.92,2789.760695726926
JIO10026892,8779.32,3429.124313154585
JIO10022028,1635.96,1485.035026236986
JIO10002151,4897.200000000001,3037.6220648228973
JIO10061498,3885.6000000000004,3187.2060490091467
JIO10047919,1976.28,2089.0243881557653
JIO10050468,2784.12,2114.0740924738097
JIO10017831,2425.56,2571.865222059685
JIO10001663,2720.04,2304.1799046858782
JIO10064110,1642.56,2708.486684085591
JIO10047572,3296.04,2648.00876392053
JIO10053747,4773.6,4169.520370852991
JIO10003065,2952.36,2310.248824339483
JIO10030605,3784.68,2563.4812959479445
JIO10040466,3780.3599999999997,3499.442392663381
JIO10014844,2635.8,2977.4449884235933
JIO10029620,1262.52,1696.344376794272
JIO10061376,4061.76,4647.726454689266
JIO10018423,900.0,1174.6067564995835
JIO10021682,2402.7599999999998,4301.183236744065
JIO10053679,3311.3999999999996,4144.846946050839
JIO10039216,3211.32,3289.49874084514
JIO10022351,2904.2400000000002,3338.430674821338
JIO10008743,1641.84,1757.033949290051
JIO10043229,1186.1999999999998,1879.0161084647364
JIO10003250,1849.6799999999998,3896.914339918617
JIO10046440,1670.52,1168.0538795842776
JIO10057358,2391.12,2051.520446783622
JIO10041885,3575.76,2847.647246650854
JIO10005176,1710.0,2952.754967518976
JIO10036648,3968.88,2665.48696159494
JIO10028504,1393.68,1571.296129729755
JIO10022660,3231.96,4386.041427367051
JIO10024925,2704.2,3992.753713377435
JIO10058110,1650.2400000000002,1690.156514076182
JIO10033270,3319.32,3063.299525588881
JIO10035698,2979.2400000000002,2708.174198669195
JIO10006382,2454.96,2946.073177955615
JIO10040679,3332.2799999999997,1968.1281868523274
JIO10059140,2737.44,3491.654662437677
JIO10053136,3398.2799999999997,2643.9046780766466
JIO10000898,3260.76,3079.1027187326104
JIO10016402,5122.68,4044.249170124277
JIO10042893,999.72,1521.2417858305948
JIO10049809,2460.96,2661.1794251606975
JIO10042089,2706.36,1953.4623864996934
JIO10010982,12352.560000000001,3950.123470932464
JIO10049542,3268.32,4059.8785319967624
JIO10037181,1570.44,2241.4449983224767
JIO10063882,1864.8000000000002,2042.0100392911359
JIO10048255,2129.04,4154.6230546638135
JIO10064013,2207.64,2714.7681108054685
JIO10013265,2133.2400000000002,2150.18257084762
JIO10054318,2714.2799999999997,2589.324350992735
JIO10060010,1092.72,1399.7731366341357
JIO10062766,2709.96,2846.867138287766
JIO10024080,2709.12,1972.5090140314078
JIO10010289,1239.24,1447.9690535955801
JIO10011025,1998.12,2010.565266109263
JIO10051952,1956.84,1912.557690984415
JIO10019843,1824.48,2101.280121291217
JIO10050966,3338.5199999999995,2891.62303049889
JIO10000588,2544.7200000000003,2345.516094705157
JIO10056947,1530.72,1490.161405684986
JIO10003772,1267.32,1231.533247765417
JIO10044958,1144.68,1161.7744657675678
JIO10021980,4551.84,4983.832041242569
JIO10027959,3291.84,3392.6276855083047
JIO10058070,2780.16,3615.9739366764015
JIO10041849,4932.36,3912.8375031946034
JIO10059413,2200.68,1922.0936591659072
JIO10021367,1201.56,1223.406537440857
JIO10024053,2027.04,3043.0527596195598
JIO10052118,3284.5199999999995,3329.1723057994463
JIO10031869,1658.88,1311.9577187766608
JIO10047434,1177.56,1211.584568291777
JIO10024350,920.8799999999999,1501.7231802175925
JIO10055302,1875.2400000000002,2282.4932844851746
JIO10063529,2126.64,2397.2995890641773
JIO10059540,5855.76,2788.530355689765
JIO10052624,4237.799999999999,3136.91345530292
JIO10018198,1550.3999999999999,2152.60983646539
JIO10001560,3542.3999999999996,3779.275494860373
JIO10057476,1758.0,1942.98559743999
JIO10062390,2295.7200000000003,2469.2627221986845
JIO10063674,1916.04,3075.159968950423
JIO10010973,3109.92,4616.422408900725
JIO10049971,1719.0,2496.684305924369
JIO10009908,2319.84,2704.8560202544227
JIO10043042,1121.4,1301.3418390041415
JIO10020969,2523.96,3259.3431154094565
JIO10009999,2687.16,3309.0356096622327
JIO10014899,1880.88,2400.7055007341332
JIO10012565,3744.24,6211.086564895623
JIO10047774,2296.68,2637.978500725589
JIO10009131,2837.7599999999998,4000.0133070009115
JIO10002585,2975.52,2983.721543092658
JIO10025981,907.08,1277.0480581945124
JIO10032942,1019.52,1204.703059638922
JIO10059972,1078.32,1418.48944235966
JIO10003037,1098.24,1213.067972570976
JIO10024967,2103.84,3442.448764605671
JIO10053943,4146.36,2883.3554347331947
JIO10016632,2217.2400000000002,2443.9139498915574
JIO10021594,2736.7200000000003,3727.1814521870915
JIO10006968,1798.3200000000002,1983.8417341224058
JIO10005209,3049.32,2452.33398382162
JIO10046801,3988.68,4494.09647132144
JIO10016826,1530.3600000000001,2089.509978773108
JIO10005424,1813.3200000000002,3290.9935656986595
JIO10005766,2057.04,2195.932775584637
JIO10048559,1883.88,2577.1704704313433
JIO10016479,4091.2799999999997,4298.714305651933
JIO10009734,2503.2,1970.8699039351839
JIO10055546,3229.44,2932.734571157061
JIO10034198,6020.28,2685.8530968238683
JIO10043808,3102.4800000000005,2393.687679986058
JIO10040185,900.0,1345.9651380962393
JIO10058931,2339.04,4435.618156109508
JIO10017462,1315.68,1165.8233716888167
JIO10045138,1148.8799999999999,1405.7105690318565
JIO10042671,5630.76,4004.017596929293
JIO10020870,2107.44,2900.9738663188573
JIO10055422,3394.7999999999997,2294.2342616389137
JIO10019464,2489.3999999999996,2796.708543973643
JIO10009826,1400.52,2076.0520509026046
JIO10044212,3264.12,3782.1092156195014
JIO10001174,4173.24,3066.8365897940216
JIO10001960,2719.8,3086.4068357431393
JIO10030875,1748.28,2685.869779662503
JIO10013181,1525.1999999999998,1651.6623532668473
JIO10056680,1063.92,1220.5367901765426
JIO10057821,1472.16,1247.0934762311067
JIO10023316,1787.6399999999999,1625.6404419987919
JIO10050148,2130.7200000000003,3293.0586095367316
JIO10001862,3887.04,3620.844880406657
JIO10013589,4651.32,5436.263087916022
JIO10017257,3251.04,1696.9869953439784
JIO10041175,3833.3999999999996,2820.449720811221
JIO10038354,2528.04,2432.4109169980693
JIO10062110,1555.6799999999998,1335.4726792348408
JIO10019112,1420.56,1960.8149484780404
JIO10002918,2261.64,2144.7470189641945
JIO10042997,2780.52,1303.150993638559
JIO10029205,2821.8,3349.722929669123
JIO10058692,2808.2400000000002,3941.6901072411315
JIO10002246,2495.88,2288.343272014626
JIO10064313,2771.52,3204.8225613170953
JIO10013042,3040.68,4284.744308248107
JIO10004459,2668.08,2800.8005731258063
JIO10058281,1643.16,2120.8340815641805
JIO10035790,2367.12,2396.7013554647992
JIO10018249,2631.12,2206.213582519435
JIO10046227,1745.28,1961.4070531702275
JIO10028935,1470.1200000000001,2280.635129055959
JIO10063288,1347.0,1322.7360818120492
JIO10050767,1596.6000000000001,1875.7792839141775
JIO10028856,1441.92,1542.152305680484
JIO10050647,1268.8799999999999,1517.5178363216548
JIO10023991,3764.88,2992.01855456474
JIO10054016,1989.12,2709.5993054877017
JIO10025491,2568.2400000000002,2199.802427543634
JIO10038633,2083.68,1808.6941641647966
JIO10050454,4722.96,3962.024192047137
JIO10055650,1824.3600000000001,1272.920002222969
JIO10031810,3316.7999999999997,4320.3983712969575
JIO10033437,3010.68,2806.895814881956
JIO10048191,2341.8,2182.3268354310353
JIO10022948,1601.28,1308.3179074465538
JIO10058003,992.64,1184.3072710137508
JIO10012553,4195.68,3968.8085776772336
JIO10056616,1071.48,2418.16506290338
JIO10030487,5497.5599999999995,4468.439265001392
JIO10028694,2130.84,2351.4611466331917
JIO10043927,3831.3599999999997,3524.6982173603596
JIO10038554,3586.7999999999997,3089.771428363898
JIO10056716,1652.6399999999999,2728.044135490632
JIO10002721,4994.28,3283.161182551942
JIO10024292,1793.04,2951.745464391402
JIO10003314,1673.7599999999998,2058.025393342793
JIO10015492,1528.92,2635.551120797755
JIO10039107,1814.7599999999998,1286.2887345828701
JIO10023169,1925.04,2668.2004087855203
JIO10057566,1415.6399999999999,1224.9752691506562
JIO10049611,2866.2,2849.188657228577
JIO10049795,1284.3600000000001,1648.5537557056527
JIO10012792,3016.2,3869.0791980047625
JIO10039697,10702.32,8131.89608657862
JIO10054071,1352.8799999999999,1378.8355750981282
JIO10035045,3899.6400000000003,2226.2669760757794
JIO10057932,3772.7999999999997,3309.462058331185
JIO10020720,1884.3600000000001,2475.661270257992
JIO10041403,3155.2799999999997,2464.694644544081
JIO10044508,1760.3999999999999,2021.0520668247664
JIO10034553,2377.32,2518.291242649473
JIO10041299,1033.92,1296.6978034239214
JIO10053960,930.96,1207.9215846167558
JIO10042108,2204.64,1236.7469891007586
JIO10029822,2529.2400000000002,2047.6078700867438
JIO10014898,1718.52,2169.196105347085
JIO10007151,1387.32,2513.1854818404026
JIO10004512,986.52,1181.4749979217295
JIO10053008,2814.48,2224.6370562722827
JIO10036885,2792.64,2417.7603497836594
JIO10055682,2638.2,2883.436141661063
JIO10037041,2671.32,3160.279689925833
JIO10053863,1671.6000000000001,1688.8348314586788
JIO10060826,2211.7200000000003,2209.897927446431
JIO10029459,1178.76,1478.0785618432185
JIO10045517,2042.6399999999999,2231.985263104105
JIO10012159,2268.96,1675.5328058311286
JIO10043761,2543.04,3202.6802638386616
JIO10030553,2265.6000000000004,3622.479115909975
JIO10044120,2711.2799999999997,3396.6267785457935
JIO10018598,5421.36,5357.040701562604
JIO10039105,1824.2400000000002,1851.1404898175185
JIO10008686,1881.96,2465.2783783421105
JIO10048405,2285.2799999999997,2022.362594372628
JIO10037003,3114.84,3353.906030012218
JIO10039908,1529.76,2947.706522028154
JIO10001039,3160.92,2826.4445478893163
JIO10053019,3047.64,3281.993051024108
JIO10001443,2509.56,2493.687301365212
JIO10021479,3048.84,2384.1784559585244
JIO10020582,2101.08,2626.497035798902
JIO10000786,3217.08,3648.1037549910175
JIO10027391,3255.6000000000004,4060.2777504464943
JIO10036687,2163.84,2419.816732948258
JIO10022717,2723.3999999999996,4201.505900217744
JIO10000758,2384.2799999999997,2980.817935612029
JIO10007949,2809.92,3346.9542222421665
JIO10007642,1746.72,1934.9582709392382
JIO10052342,5451.0,3764.7190007107074
JIO10010989,2019.6000000000001,2925.8047831510185
JIO10055163,1673.28,2556.60374922509
JIO10054198,900.0,1460.8591571270285
JIO10012292,3115.2000000000003,2947.694929863615
JIO10011254,2999.16,5087.96483450283
JIO10057800,3506.2799999999997,2503.9313670369606
JIO10031191,1424.16,1499.2529582523355
JIO10055036,1496.04,2109.6893459520497
JIO10012052,1395.96,1202.8255558490837
JIO10064601,4576.799999999999,4008.0639159994275
JIO10041489,5906.04,5066.9138773154355
JIO10049208,1836.12,2744.825005032224
JIO10062333,3922.92,5614.814004515057
JIO10060618,2169.2400000000002,1713.8919418069893
JIO10062858,1970.52,1633.574515979532
JIO10049527,1379.8799999999999,1760.156985376142
JIO10034087,4365.96,4561.437931989497
JIO10048876,2431.56,2057.797584746282
JIO10028393,2898.84,2516.0915390307114
JIO10028676,3354.12,3010.721315336661
JIO10064029,4848.6,4619.369245753567
JIO10023875,1026.84,1193.5381588368928
JIO10020881,3879.3599999999997,3344.5150316554495
JIO10020252,1826.6399999999999,1868.0842881831488
JIO10038952,1266.24,1212.8886725287748
JIO10044474,2123.64,2278.4652045823327
JIO10053978,2048.3999999999996,2547.895274478316
JIO10031305,4450.68,4771.248425389281
JIO10054051,2111.16,2036.9316672039456
JIO10015479,2742.7200000000003,2922.851558317227
JIO10063329,1952.52,1231.111000436096
JIO10040832,2160.96,1859.5291788816717
JIO10005341,1585.08,2502.4455326674697
JIO10044826,1819.44,2143.350731325825
JIO10059487,2478.96,1406.2413939725495
JIO10019839,1949.6399999999999,3304.050247282562
JIO10020713,1790.04,2085.865407590877
JIO10060385,1957.44,2054.185655049095
JIO10010048,1787.6399999999999,1462.1588375441174
JIO10053361,2432.64,2221.2715358369046
JIO10000741,4651.200000000001,4238.672066284577
JIO10016221,1005.5999999999999,1261.3485800842861
JIO10062907,1669.56,2368.586305481219
JIO10052702,3658.7999999999997,2232.7055701790805
JIO10064245,3651.6000000000004,2291.118574248972
JIO10004563,3065.3999999999996,2839.9645797019625
JIO10051818,956.64,1200.4206837005406
JIO10009068,1388.8799999999999,1991.6197076518977
JIO10003003,3631.7999999999997,3110.709918983393
JIO10005235,1897.08,1929.2153892443566
JIO10031590,2884.08,3734.6203815856607
JIO10045156,1282.56,1200.8912913751988
JIO10028712,1955.3999999999999,1692.9473628003054
JIO10013886,2218.32,2867.074582704468
JIO10060614,3030.2400000000002,1990.0978435132865
JIO10059794,2807.04,3048.4326159976026
JIO10042412,2619.12,3345.8673318817887
JIO10040892,2334.6000000000004,2048.19026283136
JIO10037821,1153.92,1355.2761636460036
JIO10015732,2056.32,2560.040965670295
JIO10028073,2536.68,2491.9976586950866
JIO10038513,2137.44,2816.2196994592687
JIO10061157,4533.84,3791.4306536206795
JIO10010155,2513.52,3717.760765465796
JIO10057539,1981.3200000000002,2540.019187037858
JIO10001692,900.0,1676.3766517333083
JIO10031714,4770.72,7510.760072921326
JIO10000694,3228.96,2430.8035613228158
JIO10007767,955.8000000000001,1198.9488219423183
JIO10040571,2172.7200000000003,2162.633116490646
JIO10005139,1717.1999999999998,1650.3365929361244
JIO10018513,2941.92,2539.5883949484964
JIO10049428,2425.8,2670.7425202447444
JIO10047954,1688.88,1193.7824886960686
JIO10060740,2457.84,2616.5101642654977
JIO10046877,3482.3999999999996,2686.417267681945
JIO10010866,3377.16,2936.1279943682434
JIO10005802,1219.8000000000002,1783.5706138230883
JIO10014177,1307.4,2203.8926246653714
JIO10027578,3270.0,2333.856334252964
JIO10055552,2737.2,3600.511314591896
JIO10035266,1616.28,3561.9825943641117
JIO10005904,1349.16,1453.534485129065
JIO10036793,2315.16,2964.6583359769315
JIO10013814,2162.2799999999997,2979.109433002467
JIO10014339,1845.6000000000001,1802.3538583858967
JIO10060582,6958.4400000000005,4093.726471422598
JIO10059009,2991.7200000000003,3580.8134883122193
JIO10000543,4620.36,2808.1740463136584
JIO10007711,1266.6,1348.8708840144127
JIO10031113,1574.7599999999998,2406.4144061833085
JIO10034802,1426.56,1918.767501592862
JIO10056651,1591.3200000000002,2228.6693474983635
JIO10000991,900.0,1186.7999002104611
JIO10039052,1148.28,1330.1237230421673
JIO10025947,2022.3600000000001,2387.0881369762765
JIO10003450,1025.8799999999999,2683.757291328294
JIO10038235,1828.44,2604.0053637366855
JIO10004432,2282.2799999999997,2228.7529592858236
JIO10042942,1358.76,2031.9952516099136
JIO10063897,2890.68,3358.054875785468
JIO10020985,2469.48,2188.7317740114217
JIO10036997,5108.64,3222.2805878838126
JIO10004637,1289.4,1291.1445418641222
JIO10064521,1520.6399999999999,3342.981443432258
JIO10011749,1823.16,1843.373662470444
JIO10056103,1917.72,2155.143695859646
JIO10052374,2384.16,1972.3706861146804
JIO10014104,4771.4400000000005,3384.201679445375
JIO10000738,3378.84,6126.770962211084
JIO10016722,2664.2400000000002,2282.822716137254
JIO10063643,1885.56,2678.903498726196
JIO10054688,1395.48,1567.199366976874
JIO10010550,2011.08,3169.654982411423
JIO10030528,1138.92,1191.4091979116315
JIO10042130,1644.12,1681.9401867864572
JIO10052873,3853.92,3417.9752900065573
JIO10060129,1886.6399999999999,2343.349065846561
JIO10049698,3215.3999999999996,3967.578662576323
JIO10041787,3051.48,2210.0406682704042
JIO10012316,1906.8000000000002,3100.424195087262
JIO10024467,1656.84,2193.4574141189846
JIO10023119,2704.32,2016.1462824188277
JIO10064598,2553.12,2323.8610394333678
JIO10017240,900.0,1663.0679326459413
JIO10027263,3497.88,3181.1909264064784
JIO10055941,1830.0,1440.9630654591122
JIO10037807,1954.56,1922.945091220525
JIO10062998,934.3199999999999,1229.7067861190858
JIO10016511,900.0,1193.3924910417693
JIO10031324,1921.8000000000002,1930.6508925520761
JIO10013129,5370.72,2760.9923465887528
JIO10025038,3398.88,2519.8198738540673
JIO10006275,1856.7599999999998,2199.6150069723853
JIO10016547,2164.8,2631.462347389648
JIO10048594,1509.84,1685.2284716840402
JIO10048476,1453.56,1681.1262686127925
JIO10021300,5231.04,3767.4621402788107
JIO10041409,1399.08,1901.7808822174588
JIO10049054,3332.76,2406.667809613476
JIO10022069,1015.8000000000001,1457.5600980139643
JIO10013481,2984.16,2946.8832385669243
JIO10047547,2280.7200000000003,2447.8425551932364
JIO10056218,1375.8000000000002,1711.1384183056323
JIO10010661,1568.16,2122.006321104123
JIO10040751,2921.52,3085.200875118469
JIO10003690,1547.88,1680.035896912217
JIO10064256,1732.3200000000002,2197.506878866807
JIO10038545,1128.96,1204.983283397714
JIO10063582,2355.84,2027.0409063054633
JIO10019211,1044.0,2439.572932665841
JIO10022326,3636.24,3569.0090895147746
JIO10042171,3136.92,3957.1820207256374
JIO10048681,3151.68,2614.041229774607
JIO10021530,1716.3600000000001,1168.1892690844907
JIO10059963,3019.2,1798.0085431234434
JIO10040752,1629.96,1435.725647554449
JIO10047423,3067.08,3228.264227377178
JIO10021306,3598.32,2890.7174335902414
JIO10011825,3832.7999999999997,2835.784801756376
JIO10029154,4062.12,3886.78921069112
JIO10035140,3097.2000000000003,2662.9449222557305
JIO10037299,1658.7599999999998,2767.437917897738
JIO10040889,8758.68,4178.552792972142
JIO10031006,2521.8,1927.7560911294493
JIO10055987,900.0,1183.9878130404275
JIO10025155,5991.4800000000005,3537.8965691335266
JIO10057310,1659.96,2030.810280433164
JIO10022831,2067.48,3196.2594142115904
JIO10060804,1288.68,2182.2429405661283
JIO10021029,3573.3599999999997,3264.6015572360416
JIO10029734,5241.0,5472.685725763278
JIO10058321,990.0,1224.856418120013
JIO10060909,1938.84,2044.9840621761527
JIO10046794,1772.7599999999998,2097.5002969235243
JIO10006895,2381.3999999999996,2481.8445080620872
JIO10033351,1600.3200000000002,1755.774281626913
JIO10057069,3748.08,3318.097099638716
JIO10009287,1464.0,1938.011747524111
JIO10026281,2913.84,2721.391881314371
JIO10062391,3806.2799999999997,3855.11735160219
JIO10032360,1082.04,1330.5651973735346
JIO10031192,2613.0,2296.555963516557
JIO10062927,931.56,1370.1136626810646
JIO10018283,1133.8799999999999,1452.876428497292
JIO10002560,1646.3999999999999,1413.184573461276
JIO10018810,3129.84,2535.194142646004
JIO10063015,1828.56,1787.7105737853753
JIO10048936,2507.16,4641.605770700196
JIO10053751,4874.16,6111.635458891019
JIO10064580,1590.96,1704.6657055960998
JIO10006455,4139.76,4169.8198146432405
JIO10012220,900.0,1199.2267761700814
JIO10060749,3585.0,3341.5610335853335
JIO10060063,1638.12,2349.189968736125
JIO10045183,1737.72,2327.0057609632663
JIO10039162,1264.1999999999998,1508.6380864824594
JIO10050520,2337.0,2058.0844965174165
JIO10054667,2919.36,2001.9556962729105
JIO10037830,3304.2000000000003,2998.185355275684
JIO10051504,900.0,1387.8364333229165
JIO10009640,1266.24,1531.632719581463
JIO10001881,1577.7599999999998,1593.5677129672351
JIO10050272,2830.44,2607.027499470435
JIO10036125,2820.0,1940.0174347479874
JIO10045664,1637.88,1314.7132468005327
JIO10010634,3710.76,3135.1352386935614
JIO10047945,1843.44,1429.2416883469702
JIO10063914,3438.12,2620.2436588766095
JIO10006888,1012.8000000000001,1308.2366814915126
JIO10001620,900.0,1804.8641907905997
JIO10048976,4738.92,3873.257482965981
JIO10059539,1813.08,3474.395122968231
JIO10003760,2624.2799999999997,2537.94941711458
JIO10048724,1414.56,1234.5678786238907
JIO10020891,3027.6000000000004,1948.6466717385536
JIO10037180,2122.8,2922.504079713688
JIO10026888,2121.84,2405.9711733482673
JIO10016013,1530.72,1444.4606317061741
JIO10011581,2796.2400000000002,3325.000959678403
JIO10031665,2166.2400000000002,1976.1663969328367
JIO10058851,900.0,1165.8286644227906
JIO10021432,4550.16,4169.039780077464
JIO10002210,2275.56,2086.6013028651373
JIO10002844,4212.36,3470.4361018388167
JIO10052252,4496.28,5253.586653348717
JIO10056868,4039.32,2864.9510441605353
JIO10007084,1535.28,2317.886363636402
JIO10033464,1474.1999999999998,1806.9005241971206
JIO10031369,1836.3600000000001,2193.2867357873224
JIO10032757,3371.2799999999997,4231.036929260416
JIO10060065,1720.44,2572.006068081806
JIO10053139,2057.52,1888.185659716796
JIO10034063,1708.44,2629.8718297177716
JIO10033635,3486.7200000000003,3188.0614827860795
JIO10001771,2108.2799999999997,2299.2805867407833
JIO10013447,2258.3999999999996,2592.9840929902143
JIO10051878,2092.2,1937.4386844308074
JIO10008706,1603.3200000000002,1385.121880508416
JIO10023288,5635.200000000001,3500.6249992329845
JIO10002915,1047.6,1176.2289703328004
JIO10006547,1267.44,1202.1303773501256
JIO10032613,1358.16,1521.6130382454876
JIO10003889,1515.24,1460.2501342232752
JIO10036216,1822.56,2432.8552426391075
JIO10063650,3816.6000000000004,3322.3206531525484
JIO10035116,1243.68,1241.9932732833795
JIO10006389,1497.0,1862.6207154716255
JIO10044998,1202.28,1222.9231163895877
JIO10052584,3249.0,2607.8759583639967
JIO10020056,1996.56,2088.559129826214
JIO10020011,1790.04,2203.985052042933
JIO10044008,1381.8000000000002,1278.3913288248589
JIO10052149,5179.5599999999995,4905.301435625635
JIO10000842,1458.0,1376.1412853892339
JIO10026127,2800.32,2942.9696927922287
JIO10004201,2073.84,2091.529613229683
JIO10046968,2670.12,4178.880548018284
JIO10003194,3271.7999999999997,2599.131811580899
JIO10042276,4369.68,3628.2961417294114
JIO10048983,1904.04,2444.714166195178
JIO10059787,2634.36,2693.9977291938358
JIO10047670,3276.7200000000003,2578.7648471164484
JIO10056911,2128.32,3147.9300115216956
JIO10008333,1019.4000000000001,1209.3272189889135
JIO10062529,2589.12,1915.9822827611395
JIO10015303,1868.88,1199.946310157899
JIO10055586,1907.3999999999999,1924.8627343038431
JIO10040280,1238.4,1516.6648998440999
JIO10038737,1948.1999999999998,2490.0010946361986
JIO10010018,2519.64,2085.254107740881
JIO10055420,4120.5599999999995,5649.452632570668
JIO10051291,1856.3999999999999,2749.049843754277
JIO10001064,2357.2799999999997,3477.7867174735993
JIO10031640,1517.28,1281.2272848788816
JIO10059807,1383.72,1310.5939838862091
JIO10051822,2822.04,1836.2181209292155
JIO10006630,2505.36,2377.5939895778097
JIO10015447,5355.36,4894.652908917275
JIO10049479,1430.76,1657.1589256519924
JIO10001851,1725.2400000000002,2022.6040411529423
JIO10060163,3942.84,4144.754301312269
JIO10032282,1528.44,1330.3168576444968
JIO10042289,900.0,1202.4516555004955
JIO10054983,1761.72,2350.9413576948373
JIO10047935,2232.6000000000004,1920.3151813973475
JIO10025737,1917.2400000000002,2246.869462573365
JIO10023907,4137.12,4146.343153370616
JIO10031986,6448.92,4372.332615989132
JIO10012321,2019.3600000000001,2699.4955189256034
JIO10031406,5991.84,4875.248403602483
JIO10008443,3018.0,2688.317686744823
JIO10052880,3322.32,3395.81288193551
JIO10017525,3952.56,4329.066135663468
JIO10026560,3440.88,3184.0503086523286
JIO10022493,3312.7200000000003,2626.86151424042
JIO10061105,2888.88,3025.512375770465
JIO10050815,2761.56,2411.498202785841
JIO10038179,3619.08,2249.5855674897907
JIO10019559,1714.56,1691.3236025393608
JIO10051860,2592.96,2077.9201585306796
JIO10038281,2004.0,2331.0085879757366
JIO10000046,3190.56,2887.0438556051677
JIO10054797,1536.84,2493.3105949502556
JIO10038681,5862.6,5427.286923984118
JIO10013299,4583.76,2225.740592492915
JIO10038231,2170.8,2171.9192637327988
JIO10021377,3723.4800000000005,3416.8136910332346
JIO10019786,2287.44,3915.9148587687987
JIO10046647,2524.56,2435.8302699537403
JIO10005412,1937.28,3365.3921887260763
JIO10041230,900.0,1207.7142910205002
JIO10033842,3002.3999999999996,4302.634015873732
JIO10021709,2554.92,3135.1312842126067
JIO10061954,2769.48,1958.0992693483554
JIO10015250,2253.48,3328.6645595545037
JIO10022303,2265.84,2744.9060672179908
JIO10026289,3265.7999999999997,3595.2464601464717
JIO10061017,2015.28,2204.741682377294
JIO10024530,2387.88,1999.5392106008053
JIO10027213,2734.68,2947.642462832134
JIO10055759,2001.3600000000001,2021.893339051822
JIO10053813,2332.44,3385.6421348189388
JIO10046596,4128.24,3159.6487406230913
JIO10063199,2112.12,1667.6485990645676
JIO10009248,900.0,1747.566154882828
JIO10038982,2793.6000000000004,2512.434693798164
JIO10010278,1719.84,1962.1223253663509
JIO10016621,2496.2400000000002,3268.5499715299698
JIO10049845,1444.68,1210.2988086552377
JIO10024622,2166.84,2964.535509554715
JIO10010913,4132.08,2801.6679955947684
JIO10041344,2065.68,2014.4115133800583
JIO10058347,2144.64,2437.792693783373
JIO10012587,2049.6000000000004,2952.8527447457295
JIO10013706,1845.96,1340.6682485682823
JIO10008075,2766.6000000000004,2336.6592448526617
JIO10063147,2103.36,2735.5852871473744
JIO10064289,4073.6400000000003,2795.6289183947442
JIO10026849,2982.2400000000002,3316.372170971631
JIO10001281,5841.4800000000005,4440.6671335691
JIO10010747,6912.960000000001,5004.536424013512
JIO10022237,1256.52,1681.735791666192
JIO10045175,2191.68,2392.841123319454
JIO10023995,4258.32,3984.7667793752585
JIO10035236,1883.52,2191.9566371509313
JIO10050664,2196.12,2191.805950628897
JIO10027847,2109.6000000000004,1742.274234918112
JIO10032469,940.44,1326.6026837435134
JIO10054041,2106.36,3018.1925351729733
JIO10063633,1519.8000000000002,2942.5882935454906
JIO10060898,9298.8,3212.9237305716824
JIO10032530,1512.72,1989.7360487246804
JIO10034193,4720.799999999999,3412.773717038543
JIO10031763,2727.36,2800.591724979543
JIO10001761,2161.56,1854.9251974827307
JIO10062239,2424.84,2723.562245528534
JIO10007871,1747.44,2732.443806063596
JIO10052015,1833.12,1860.90160038381
JIO10056535,7003.68,2938.871620786243
JIO10016500,3168.7200000000003,3773.284950323403
JIO10035675,1391.52,1599.5482007518212
JIO10012573,4584.24,3912.0549220271123
JIO10006986,3600.84,4075.071049078872
JIO10007141,2959.8,3547.214741915258
JIO10054138,2403.2400000000002,2994.885437628484
JIO10053065,1522.08,2624.2736001422572
JIO10049116,4775.4,3883.218332729508
JIO10054539,5256.84,4632.864582719453
JIO10044292,1250.4,1436.2874101109874
JIO10040437,3316.32,4052.6902128359457
JIO10022912,1475.8799999999999,1505.2273627091242
JIO10003079,2445.48,2798.580249636025
JIO10019012,3033.0,2945.410110491271
JIO10044190,1741.3200000000002,1333.2049410548798
JIO10058421,2368.56,3217.796270651667
JIO10046869,1028.16,1950.7450194415187
JIO10028420,1330.44,3014.9254830109385
JIO10010780,3772.7999999999997,3492.826371795052
JIO10038047,3047.04,3913.7775733955928
JIO10000843,2414.7599999999998,2746.0609366683916
JIO10001682,5822.28,4148.292898794374
JIO10017565,1739.7599999999998,2327.844493493109
JIO10029942,3213.24,2364.5961314130627
JIO10062050,2078.88,2673.64357701911
JIO10009835,2634.84,2204.503606896922
JIO10063955,951.36,1196.0418381107672
JIO10010134,1454.52,2188.704970555417
JIO10018222,2604.36,2748.6802162689182
JIO10035354,1902.12,2543.5117835586507
JIO10048169,2298.96,3030.537833144297
JIO10061118,2767.44,3458.23257493101
JIO10045824,3007.92,2349.08671783758
JIO10055968,2103.48,1237.5723772194488
JIO10058473,1451.8799999999999,1650.3533830788676
JIO10026792,2176.68,2915.600310844869
JIO10009807,3902.6400000000003,2747.0713633144105
JIO10054781,5258.5199999999995,4196.81297825375
JIO10000766,2868.84,4837.202790968289
JIO10036294,2193.36,1644.7235808755936
JIO10062171,962.76,1192.8865255769201
JIO10011973,3016.56,4038.306332456923
JIO10014955,2793.0,2547.9035654126783
JIO10054634,2810.7599999999998,3590.558176309312
JIO10050249,2892.96,3763.3378243581196
JIO10003564,2211.2400000000002,2498.205287289655
JIO10062510,4586.5199999999995,2630.084957922572
JIO10006551,1872.2400000000002,2048.180093509578
JIO10050489,6441.599999999999,4452.841953621618
JIO10024477,1424.4,1764.7798476332166
JIO10012864,1894.3200000000002,1466.593010449462
JIO10031100,3520.56,2535.248178035209
JIO10001403,1674.12,2363.912817131988
JIO10017945,2745.84,2552.112321112132
JIO10057258,1164.72,1400.3158064742843
JIO10060525,2772.84,2715.7161120515793
JIO10019979,2607.84,2960.636401583308
JIO10038736,2049.48,2859.9366990718995
JIO10008676,1701.0,2399.984051229325
JIO10023313,2808.2400000000002,3316.0877181451506
JIO10035560,1969.92,1946.5163902473628
JIO10064255,1868.6399999999999,2289.62054501111
JIO10059630,971.8799999999999,1447.8646416555962
JIO10061761,4860.72,3875.341279972436
JIO10052472,4607.04,3427.1416345345806
JIO10054203,2946.84,3324.507368324673
JIO10031775,2299.68,4064.4458468826388
JIO10048332,969.5999999999999,1231.1860958022305
JIO10003902,1489.08,1522.1761990516302
JIO10057937,2996.64,3436.914329703113
JIO10058293,1989.48,1776.74034857779
JIO10059770,1723.92,3073.708428470046
JIO10024451,1853.16,1788.648380569379
JIO10061177,1270.92,1327.6623277647466
JIO10001234,2505.2400000000002,2453.679406569593
JIO10026134,2208.6000000000004,1755.3989916488333
JIO10011307,4875.36,4012.0343193977915
JIO10022063,4267.200000000001,3514.7786094807548
JIO10037514,900.0,1204.0444950347794
JIO10030464,4248.4800000000005,4191.225407636096
JIO10008708,3472.7999999999997,3643.75319326992
JIO10049178,3590.6400000000003,2610.366813430139
JIO10032057,5194.200000000001,4691.288738775801
JIO10045312,913.1999999999999,1360.4818978598155
JIO10013453,1558.44,2036.8743324565157
JIO10030844,2937.12,2924.84731280189
JIO10042023,4130.88,5282.178771656688
JIO10000194,5165.04,3270.233118208116
JIO10024876,2833.08,2645.337452004792
JIO10038457,2673.84,2723.378791007576
JIO10035580,1876.3200000000002,1435.0102114789113
JIO10025396,1524.0,2056.4200483660384
JIO10040163,2570.88,3437.6329091676466
JIO10062131,3415.32,2654.8479880983514
JIO10036542,1193.76,1517.8780094286715
JIO10062313,3195.3599999999997,2745.56287550393
JIO10046594,3019.32,2359.692828929523
JIO10050343,2318.64,2159.00211433692
JIO10046000,1352.76,1278.166111457116
JIO10030233,2788.56,3844.503808115463
JIO10058023,3599.76,3975.293190112832
JIO10051052,1669.44,2267.23100181992
JIO10059426,1494.48,2075.719956868261
JIO10006043,2516.52,2626.572427932665
JIO10029731,4032.6000000000004,3518.883667065134
JIO10055723,1233.24,1219.144226034237
JIO10007473,4532.04,3518.439066629056
JIO10042776,1704.0,2631.4189015027623
JIO10018393,4182.0,4623.1122435554125
JIO10036201,1418.04,1897.4457808760937
JIO10003567,4964.64,2939.634381157968
JIO10048012,3565.08,6150.068530159761
JIO10047135,2618.52,2837.1207915150853
JIO10001782,1349.4,1186.6337445150762
JIO10039969,900.0,1170.4673063603957
JIO10058707,6030.72,4559.002656604942
JIO10018695,5805.4800000000005,4922.295371052564
JIO10055801,2404.44,2420.8984765810224
JIO10047829,3227.88,2636.4804231372154
JIO10041829,1305.84,2101.447979842655
JIO10032674,1868.16,2190.2167685134136
JIO10024625,1102.68,1331.0028900419136
JIO10031518,1834.08,2111.0768604070963
JIO10038081,3646.08,2306.185921396206
JIO10051390,2975.04,3681.553743018447
JIO10005133,1665.96,1195.028428986531
JIO10016700,1643.28,1900.4860269258784
JIO10036289,2125.8,1882.399983653177
JIO10007549,6904.5599999999995,6852.002934928555
JIO10035183,1251.1200000000001,1236.3823736433114
JIO10017249,1651.1999999999998,1851.7476528762072
JIO10035583,2702.04,2681.6749090284166
JIO10008193,4172.88,3875.3318917370502
JIO10021546,2075.7599999999998,2692.2561744165287
JIO10043174,3016.44,3321.3675899363407
JIO10009192,1726.6799999999998,1216.8876566129454
JIO10030686,1087.8000000000002,1338.1591432777159
JIO10037013,1798.08,2912.6706589684645
JIO10063473,1497.3600000000001,1849.8045180873899
JIO10000925,1499.4,2176.633631441612
JIO10000259,956.8799999999999,1206.2850244267388
JIO10057428,2315.64,1895.8889412235262
JIO10061094,1529.16,1307.080819030379
JIO10057663,3205.92,4965.791022334889
JIO10036955,1684.44,1396.5003973670584
JIO10007873,4732.4400000000005,3863.5992629437123
JIO10019952,3818.88,3804.975518202538
JIO10010101,3770.88,4360.607473180704
JIO10061400,1941.3600000000001,2731.599759245962
JIO10013810,1348.08,2052.0446306783456
JIO10055590,3291.4800000000005,2635.348450333955
JIO10061823,5150.64,3203.892549601797
JIO10058188,1371.6,1164.647031159502
JIO10060009,2467.32,3904.3445312349822
JIO10059190,3227.3999999999996,3091.432015250043
JIO10013699,1036.68,1162.9735625027206
JIO10046507,2532.2400000000002,4098.3873980878225
JIO10016267,1837.56,1957.3663859149872
JIO10010684,1298.28,1946.0468375353832
JIO10047304,1049.4,1180.7801395720076
JIO10050759,1468.32,1439.6978536872552
JIO10033162,1837.8000000000002,2340.645123823451
JIO10034012,1982.04,1962.3241234370457
JIO10016369,1679.7599999999998,2769.205465912628
JIO10011087,3507.6000000000004,2808.4758696110334
JIO10029301,3921.84,3807.8748495740374
JIO10040034,4804.4400000000005,3343.25929389706
JIO10022274,1471.1999999999998,1380.5701594523016
JIO10018527,2282.64,1857.198985625407
JIO10063524,2171.2799999999997,2297.510516131175
JIO10042761,1602.6000000000001,2127.2415121581635
JIO10039398,3530.76,3656.52598211846
JIO10047582,2627.04,2194.135958350686
JIO10050842,3038.2799999999997,3407.8905297516044
JIO10004578,1415.4,1196.8096613807957
JIO10038300,1941.48,2346.7630518353444
JIO10036593,4473.36,3938.9092242479146
JIO10037984,2976.96,2365.4483092633723
JIO10047677,3422.04,3641.7352904361996
JIO10059351,1337.76,1194.904186125748
JIO10054129,1405.68,1200.3410043561657
JIO10004944,1984.6799999999998,2130.2995460050965
JIO10044619,3162.6000000000004,2711.7833120475443
JIO10033236,1542.12,1593.8607759397075
JIO10020444,5716.4400000000005,5634.3465933948655
JIO10050495,2873.16,4012.490464964644
JIO10064275,1346.76,2447.7352377474067
JIO10000219,2881.56,2722.84912635073
JIO10002352,1281.1200000000001,1214.7804059827035
JIO10021814,1604.28,1692.180808692654
JIO10043560,4790.88,4270.455580268835
JIO10021481,900.0,1182.4786457169496
JIO10008940,6385.32,4526.164369614964
JIO10058923,1543.8000000000002,1290.5413432031867
JIO10061873,2673.7200000000003,2325.7254075580445
JIO10058291,1353.0,2385.5619949935412
JIO10021393,1163.52,1580.9049035775197
JIO10017753,4346.64,3952.486600899265
JIO10021873,1010.4000000000001,1192.8799439573684
JIO10059013,3399.7200000000003,2804.084801339902
JIO10059652,1923.6000000000001,2562.4371594002746
JIO10052163,2880.12,2859.879551201035
JIO10063996,4181.64,2601.9474911824746
JIO10056666,900.0,1267.1512496615612
JIO10040159,3818.3999999999996,3167.9124200557094
JIO10042691,2142.12,2544.753980060164
JIO10039458,5435.16,5834.350723325565
JIO10052068,2458.68,2281.702707170269
JIO10027129,2082.6000000000004,1742.96823105175
JIO10013816,3396.12,3734.483766215137
JIO10014610,2327.52,2543.5145110455255
JIO10038574,3201.96,3952.2197344187366
JIO10040618,4591.68,2650.60362192022
JIO10011338,2341.68,3283.1916442383927
JIO10037808,2207.7599999999998,3128.2232206093395
JIO10045339,3252.12,4184.2376336314355
JIO10063654,3758.88,5410.033474343689
JIO10064030,1170.72,1418.937014102127
JIO10000216,2144.04,2132.738150610117
JIO10011137,2679.12,2512.3911402813465
JIO10038072,1111.68,1198.5781241120387
JIO10026313,2453.88,2128.4086635613307
JIO10000796,4404.12,4701.592086717293
JIO10040272,3936.24,5259.71110673127
JIO10029781,2931.96,2606.5801947226287
JIO10015631,1551.12,1205.0715446910515
JIO10047864,4580.16,3320.8999008860155
JIO10013488,2060.7599999999998,2768.6286108264626
JIO10002104,1711.92,2175.4665601868123
JIO10040732,1914.3600000000001,1344.9697090624954
JIO10043962,900.0,1197.2145538628984
JIO10046518,2300.04,4813.692083082439
JIO10010736,1636.92,1638.982267352095
JIO10050019,3198.3599999999997,3321.2023591296097
JIO10043724,3222.3599999999997,2806.9278095036902
JIO10022513,2080.56,1300.960915083431
JIO10060135,2592.84,2153.653043192867
JIO10008831,2318.88,1833.0194129009053
JIO10055618,936.5999999999999,1294.7369774730525
JIO10044763,3943.44,3674.1090636279246
JIO10026573,1348.56,1192.3456347205233
JIO10014809,2122.32,2668.1786341633656
JIO10056726,1832.04,1422.414274001228
JIO10044319,5325.36,3807.246892141661
JIO10037898,2048.3999999999996,1605.9712782371942
JIO10014784,2161.2,1967.5256433545383
JIO10057511,2533.92,2946.931640328115
JIO10041211,4464.36,4390.727024764061
JIO10021159,2726.64,3771.0430795777556
JIO10027619,900.0,1308.789296628323
JIO10034647,4046.6400000000003,3526.7266959238123
JIO10050581,2120.2799999999997,2614.3476574669653
JIO10025910,1730.88,1566.800511444467
JIO10044571,2721.7200000000003,2503.3135710235106
JIO10060053,2522.16,2739.266012686359
JIO10013110,1799.28,1341.8562025001547
JIO10048302,1833.48,2307.0073657055227
JIO10035442,2021.6399999999999,2547.337654109007
JIO10019543,2705.04,1967.4141884546823
JIO10026756,3291.96,2337.768192437623
JIO10014389,900.0,1212.9076218482758
JIO10002282,3054.96,2235.830231458256
JIO10029922,4276.4400000000005,3862.077442003423
JIO10051177,2463.12,3973.5332559866088
JIO10061031,1998.84,2188.2310485481494
JIO10027585,1406.6399999999999,1189.9677894483254
JIO10036788,2660.3999999999996,2238.4205416343425
JIO10016640,3150.7200000000003,2715.4211955019573
JIO10029810,5220.96,4081.1129697928927
JIO10040926,1953.0,2045.0962823839343
JIO10053151,4403.64,3780.050339622392
JIO10018567,4090.92,3662.698001595329
JIO10023965,3559.56,2004.5843326393087
JIO10058253,2650.68,2449.1642674328373
JIO10052625,2040.6000000000001,1653.9758910659045
JIO10047558,1308.24,1761.6751773923713
JIO10007750,1212.24,1445.3740599256507
JIO10042343,2806.8,2506.2344167602046
JIO10058900,4540.4400000000005,3270.6495892738344
JIO10052116,1539.2400000000002,1404.0826469621022
JIO10015113,3027.36,3023.776589828783
JIO10043960,1888.92,1919.1279115059106
JIO10001166,3106.68,3343.187731462788
JIO10036973,1804.92,2907.7897969692885
JIO10023170,1461.48,2096.2603612789494
JIO10017915,4888.200000000001,3271.2541300534426
JIO10026469,2924.64,3396.263322475741
JIO10038027,3354.96,3426.9144558373423
JIO10006756,1408.08,1791.5766556695014
JIO10061229,1445.04,1289.4823532970104
JIO10016396,1480.32,1630.579713083437
JIO10022863,3215.04,2734.286986851139
JIO10024415,1869.6000000000001,2118.0285651414188
JIO10058730,1903.1999999999998,2591.528745292123
JIO10047878,2185.56,2029.8171068694874
JIO10004329,3079.56,2599.6816453632587
JIO10034203,1572.0,2064.8893620430035
JIO10047567,3088.92,2373.8608091136357
JIO10017154,1560.12,1307.9661613475967
JIO10039643,2587.08,2432.888623413966
JIO10033719,2751.0,2552.9406579009988
JIO10021692,2818.2,3331.270349813871
JIO10050441,3451.2000000000003,3594.633378059094
JIO10062401,2380.2,3260.8987147947278
JIO10018209,3296.6400000000003,2961.0233545504857
JIO10031106,3511.92,2697.6163090155264
JIO10037047,2515.2,4305.312887477808
JIO10007877,1704.3600000000001,2138.147520665475
JIO10013353,3742.68,3216.634861683324
JIO10001030,2554.8,3181.415727549955
JIO10023603,2207.7599999999998,2904.167450746673
JIO10008382,2030.7599999999998,1878.3378616412208
JIO10021434,2175.6000000000004,2688.8271979915953
JIO10046076,1696.6799999999998,1454.5869774631897
JIO10045813,1023.36,1225.53295627909
JIO10057525,1901.6399999999999,2449.751401355056
JIO10031055,2049.2400000000002,2633.980088341316
JIO10060242,2232.2400000000002,1958.744035286545
JIO10025365,2796.2400000000002,1980.7732837525195
JIO10060547,4402.32,2832.150139915509
JIO10032810,3297.4800000000005,2634.989348900539
JIO10026855,4634.64,3662.96894218099
JIO10031418,2085.6000000000004,1539.1145400166313
JIO10051070,2644.68,2811.882236309228
JIO10018915,9699.599999999999,6140.272171563505
JIO10047463,1950.48,2016.0420009731974
JIO10050351,2483.52,1615.8598445285384
JIO10024487,1635.48,2559.3953468022733
JIO10022006,6017.28,3536.191211886467
JIO10062671,1630.6799999999998,1868.2879669380013
JIO10024293,1369.92,1463.7152677437018
JIO10025129,1545.0,1360.1157609480863
JIO10059418,2601.36,2522.3807193257067
JIO10007485,2845.2,3023.2902497321907
JIO10047775,1640.7599999999998,1547.8223639701223
JIO10012578,2355.84,3400.998788131176
JIO10004041,1735.8000000000002,2856.315227410592
JIO10043096,1606.8000000000002,2113.218862375401
JIO10005929,3960.24,3181.1733505425796
JIO10004705,2505.6000000000004,3355.5740876314962
JIO10044789,2219.64,2698.7076774921234
JIO10024279,2307.2400000000002,2403.0262174635172
JIO10057650,1719.96,1322.8091886809816
JIO10014543,5242.200000000001,4120.699204184391
JIO10045979,2141.52,1827.5671926317907
JIO10053973,3022.08,3155.8746232198364
JIO10017842,5787.72,3849.0251643017928
JIO10013142,2626.2,2971.5162044314725
JIO10007740,1408.08,1200.107589126197
JIO10032680,2328.2400000000002,2039.7225662583967
JIO10011792,2238.84,2220.6990892257427
JIO10054880,6788.88,4557.214059192042
JIO10015351,4421.76,2255.1946172292164
JIO10061525,1467.6,2248.911389689632
JIO10027405,2379.7200000000003,2087.692582844843
JIO10054697,4094.5199999999995,3051.4092133800823
JIO10062018,2509.68,3028.609034308905
JIO10029440,1622.6399999999999,2750.147939800501
JIO10045474,3214.7999999999997,3524.172295280224
JIO10050797,2165.2799999999997,2404.40933524686
JIO10009198,1944.72,2395.39851697875
JIO10009302,14481.48,5958.872254395822
JIO10009569,1975.6799999999998,2224.09813800951
JIO10049474,1383.24,1553.099225478495
JIO10040835,2724.48,1900.5809524779802
JIO10010286,5299.92,4307.567070409066
JIO10019813,1959.0,2632.0593821007947
JIO10058613,2802.36,3668.2453998783403
JIO10050283,2207.04,2962.761527985426
JIO10030547,5812.4400000000005,6635.212085279117
JIO10038447,4582.5599999999995,3257.384399484698
JIO10011353,2290.32,2405.7194268547914
JIO10055451,1361.28,1222.6051842372476
JIO10004030,1812.84,1557.140985261433
JIO10015426,1812.3600000000001,2190.2143838996453
JIO10027320,2470.32,2247.634813791041
JIO10024604,2009.6399999999999,2206.224289626923
JIO10031828,900.0,1195.294956145552
JIO10037939,1097.04,1371.8250971802988
JIO10061892,2978.64,2360.232730230237
JIO10007267,2939.16,4185.069923705627
JIO10059595,1672.44,2021.4256996965048
JIO10058210,3968.16,3660.850688206697
JIO10040826,2249.2799999999997,1866.542645805573
JIO10008122,1343.16,2096.941914295204
JIO10057517,1096.08,1199.637851778742
JIO10046949,3532.2000000000003,3828.912474967017
JIO10036533,2163.0,1693.4445272963003
JIO10022826,1845.48,2218.3138792047416
JIO10050135,1568.28,1379.1926913130494
JIO10039823,2760.48,2477.0581183735185
JIO10030415,2077.68,2581.601660493263
JIO10047339,1242.6,1465.7048327454256
JIO10018119,2517.7200000000003,1955.6923777273694
JIO10038390,2284.92,1942.2312360571182
JIO10016223,2232.6000000000004,2656.9761248756504
JIO10005521,2666.64,1720.4370510309323
JIO10052282,1671.2400000000002,2409.3187969592254
JIO10004362,3425.88,2373.321410931918
JIO10016812,1967.52,2352.202420059061
JIO10007027,2220.36,2654.7969380154445
JIO10036090,2559.96,2886.7171326512466
JIO10000574,2231.2799999999997,2682.550835403035
JIO10023133,2676.36,2076.398312486397
JIO10025016,1558.92,2378.675507390383
JIO10045200,7001.52,4446.252228223205
JIO10029304,4536.0,3658.7994291140435
JIO10001955,2006.88,1746.534033016799
JIO10028802,2950.56,4018.9823974219735
JIO10062682,4404.12,4896.294167520143
JIO10009255,2711.16,2430.88289842967
JIO10055067,1182.24,1169.607508231579
JIO10064019,1777.6799999999998,1671.6587820960915
JIO10062226,2081.7599999999998,2202.849938348031
JIO10046406,2627.52,2326.902836072831
JIO10005112,1864.1999999999998,3295.1802783048547
JIO10045970,2037.84,2438.7692579902273
JIO10041244,2359.44,2219.1674192110486
JIO10012590,1678.56,1981.8606293962373
JIO10030706,900.0,1226.817873870596
JIO10056310,1126.92,1218.7471555114228
JIO10010612,2428.2,2367.1520454414194
JIO10000804,1821.48,2858.9992401817144
JIO10029579,1480.32,1234.8826904792609
JIO10015349,2045.28,3012.842295675638
JIO10052077,2308.56,3109.52759175594
JIO10015719,7050.719999999999,4119.65170768576
JIO10017377,2216.64,2144.662309845543
JIO10024482,2285.2799999999997,2221.5971667423682
JIO10002770,2085.36,2077.7862900893206
JIO10016956,3562.08,3556.478518146624
JIO10038384,938.28,1709.8182642258628
JIO10006954,1620.2400000000002,2080.4767028618808
JIO10029698,3631.56,3683.8174146224987
JIO10062689,1927.08,1205.584954398334
JIO10028196,1657.44,2081.8723447252637
JIO10064650,3409.2000000000003,3935.279794790838
JIO10004633,2069.64,2099.9489970085674
JIO10064328,1332.6,1703.4725164879396
JIO10035764,2172.84,2614.3130542443914
JIO10060581,5385.24,3072.855054656575
JIO10016845,2051.3999999999996,3094.9714674906522
JIO10061600,2632.8,2103.9933610956714
JIO10061762,2272.92,2563.566951938803
JIO10023518,1194.1200000000001,1891.9687235816118
JIO10046916,3863.76,2203.883582537107
JIO10063276,1827.48,2449.9983407208833
JIO10061981,7097.16,6405.361757094782
JIO10058529,6055.799999999999,4750.283061568098
JIO10045646,3384.6000000000004,3306.72531546508
JIO10016751,1987.3200000000002,3235.985783064922
JIO10016422,2148.0,2603.0449072286265
JIO10040117,927.24,1679.3332349123857
JIO10044637,1824.2400000000002,1422.021480423359
JIO10001564,1450.44,3219.2882089444515
JIO10058206,3258.24,2523.780653747817
JIO10055674,1885.56,1757.5578089726976
JIO10015640,2975.64,2737.0977570880736
JIO10007973,1401.72,1813.0197502148321
JIO10025506,2485.44,3056.472353157255
JIO10016919,6383.88,2784.623330185617
JIO10054715,2409.6000000000004,2300.3437665525594
JIO10063385,1889.16,2644.3532543962506
JIO10034461,2282.88,2495.6561594560008
JIO10043674,2293.32,1920.9633886048632
JIO10026253,3570.96,3591.0827072766447
JIO10044459,3318.7200000000003,2952.118258954805
JIO10043609,2561.64,2467.443157730877
JIO10013585,1826.3999999999999,1763.9115751241159
JIO10027218,3007.08,3369.1291678419047
JIO10048355,1065.96,1185.0842685255911
JIO10044700,3622.7999999999997,3852.1309425930617
JIO10043239,1248.24,1384.8977259895069
JIO10005637,1865.3999999999999,1292.157379718799
JIO10049359,944.4000000000001,1257.3763569674713
JIO10002209,2543.2799999999997,2557.4179237466424
JIO10027703,2210.88,2349.6585434694093
JIO10063025,2208.84,2116.009545671492
JIO10056155,1827.96,1852.5750672267334
JIO10006112,900.0,1631.3900734590504
JIO10046039,2411.52,1815.9523944648265
JIO10018498,900.0,1383.4098384204067
JIO10014910,2021.52,3311.523707059596
JIO10038939,2894.2799999999997,3073.865569579051
JIO10042787,2265.7200000000003,2400.845323362745
JIO10006786,2329.2,2082.6580514387924
JIO10045169,900.0,1214.353777635401
JIO10045284,1623.84,1926.8626219268167
JIO10020906,2900.3999999999996,1793.6620064146812
JIO10060951,957.36,1384.124722068311
JIO10049706,1716.0,2672.721171639848
JIO10020282,3150.3599999999997,2209.1779730168146
JIO10019317,1589.88,1426.0166940917095
JIO10021435,1323.6,1637.3126967146725
JIO10050698,2528.3999999999996,2948.29521728153
JIO10059585,1841.28,1375.0509109183986
JIO10034363,1971.0,2166.2334591577323
JIO10050553,1802.04,1187.7967737149784
JIO10003066,4139.76,3004.590276344974
JIO10044260,2726.04,2143.336753457741
JIO10042335,900.0,1200.0883958652823
JIO10021401,2815.8,1959.0090663906676
JIO10000099,1734.3600000000001,1613.792381057681
JIO10017765,1738.08,2771.211862504143
JIO10041923,2999.88,3042.586124872869
JIO10027002,900.0,1512.939084667722
JIO10040581,2671.92,2489.942085904303
JIO10014498,4075.92,2499.1467357638767
JIO10022730,1699.3200000000002,2843.8682440063567
JIO10018572,1764.2400000000002,2399.9580358444796
JIO10024741,2463.0,2642.009520147029
JIO10016389,4637.76,4072.6515662529087
JIO10004527,2034.3600000000001,2658.9498635722225
JIO10015766,4090.08,3207.884870133975
JIO10046963,2100.48,2849.546259017961
JIO10036571,4191.0,4134.487108889031
JIO10015858,2786.16,2633.9967236478337
JIO10062385,15112.68,7055.694586394029
JIO10003647,2754.0,1719.3379593958978
JIO10015625,2820.84,3014.8363455293847
JIO10057291,2384.04,2411.348954167394
JIO10021628,2058.84,1504.479175070267
JIO10004650,1673.7599999999998,1972.9693089946868
JIO10003586,1362.24,1927.683782962861
JIO10017859,2662.2,2235.423380397587
JIO10061165,979.3199999999999,1409.83675513559
JIO10013777,3461.16,3566.5643918898886
JIO10012931,1290.1200000000001,1948.9206413067016
JIO10050437,1726.44,1202.2321349880876
JIO10061402,1537.1999999999998,1210.7750487342528
JIO10022013,2176.8,2304.0957557025326
JIO10053427,1423.56,1567.2732597194529
JIO10034730,1359.6,1041.830415664256
JIO10040856,929.1600000000001,1764.2518317173988
JIO10042228,4130.04,3453.760440756488
JIO10000635,1307.4,1680.8855512451426
JIO10039520,1635.12,2631.350978932967
JIO10047507,3906.0,3135.764764504444
JIO10063315,3011.16,3001.381470053391
JIO10030832,2352.96,2567.6138669006573
JIO10017951,2087.88,2477.8177130141894
JIO10002054,2514.36,2042.941928185057
JIO10050395,2598.36,2039.2739952192048
JIO10039388,4054.92,3901.5641800800154
JIO10033565,900.0,1677.8892711713472
JIO10032593,1561.6799999999998,1715.3287729802817
JIO10050232,3414.96,1874.7006593634017
JIO10055266,1101.72,1675.6519081069005
JIO10054404,3126.7200000000003,2452.464688490663
JIO10049946,3207.84,2109.8744342387768
JIO10016927,3903.24,4787.592169738963
JIO10049736,3224.16,3578.1410554401778
JIO10038586,2803.2,3122.548009524543
JIO10004560,2414.64,3515.493402640365
JIO10019976,4188.4800000000005,2938.1854812012807
JIO10025026,3430.44,3186.184031771363
JIO10018443,2293.92,2903.0273699558593
JIO10040636,1337.52,1640.5408718910778
JIO10052272,1533.48,1807.1706217195408
JIO10007503,2522.04,2382.1887975712257
JIO10059194,2010.0,1737.1795972941666
JIO10024700,900.0,1194.7489915026426
JIO10013434,2125.92,2078.813094302442
JIO10050567,3750.84,2459.339908306497
JIO10035941,2175.12,2753.180188413263
JIO10059826,900.0,1621.2351577024444
JIO10012291,1724.3999999999999,2136.274160426871
JIO10044401,1305.1200000000001,2631.3228419765105
JIO10055456,2366.16,3019.7795837123517
JIO10028263,3400.32,2880.5791958533205
JIO10018547,2955.0,3532.541814975983
JIO10027030,1409.6399999999999,2700.557974831102
JIO10023954,1656.96,1266.4662004360575
JIO10008073,1461.1200000000001,1941.5565371949256
JIO10015635,2933.52,2591.326727341842
JIO10044846,2655.6000000000004,2048.3727812579077
JIO10020279,2323.08,2317.9916619184037
JIO10047383,1276.56,1196.6585504174295
JIO10054059,4085.3999999999996,2642.5379084613787
JIO10044579,1080.3600000000001,1382.1240138099938
JIO10063895,1923.2400000000002,2459.8134259857075
JIO10042079,1164.3600000000001,1446.5672489306473
JIO10058345,4495.32,3204.9972299888323
JIO10021924,3443.04,3563.671999857884
JIO10017817,986.28,1388.792865608622
JIO10002744,7004.280000000001,4359.56526183151
JIO10020324,2642.52,2091.5027240187114
JIO10000686,3696.96,4096.563660457282
JIO10020149,2999.2799999999997,2913.438013294364
JIO10058508,2731.8,3014.499451957746
JIO10059886,1062.0,1298.3318762874078
JIO10031649,4423.4400000000005,3152.860315934078
JIO10017617,2097.2400000000002,2587.9300194334983
JIO10015663,1659.6000000000001,1764.3193235544757
JIO10059974,943.92,1878.1850414087787
JIO10035738,2716.2,2173.856937670449
JIO10062415,1957.1999999999998,2918.0339147759637
JIO10018979,3394.08,2584.9348320758863
JIO10051507,2280.2400000000002,2356.447079132602
JIO10052510,2768.52,2325.4148037565874
JIO10024437,1538.52,2704.7061602616295
JIO10056313,2455.92,2973.2742047545466
JIO10032976,2979.6000000000004,3554.1063519154886
JIO10000812,1770.2400000000002,1985.8686446725842
JIO10044871,3079.44,3676.915261018482
JIO10035865,4375.5599999999995,4986.800262664371
JIO10012909,5501.88,2601.6608475258536
JIO10012314,1525.32,2504.4000438936705
JIO10055619,1424.28,1306.2283937105226
JIO10049694,2247.6000000000004,2868.7339711204286
JIO10058488,1519.8000000000002,2066.0295441677445
JIO10049821,2901.48,2336.5113872604784
JIO10021859,3173.04,3543.2825216379388
JIO10058398,1638.3600000000001,2660.8642254698498
JIO10044890,2720.52,1646.4939443032292
JIO10040600,1338.48,2014.7657186820843
JIO10064722,2176.08,2351.8746109114345
JIO10016335,2653.08,2677.2769415391276
JIO10023155,3148.2000000000003,4048.554293402218
JIO10022985,1138.92,2354.594511043332
JIO10053605,4422.36,3393.283635551238
JIO10024529,2071.92,2085.448524380402
JIO10028685,3681.96,4155.163730854692
JIO10045626,3029.2799999999997,3100.2536379863864
JIO10028229,1359.1200000000001,1722.9740336901707
JIO10032636,2080.92,2614.0469596388066
JIO10034659,3547.7999999999997,2060.546339992104
JIO10007225,2747.16,3370.6798042067853
JIO10055293,1537.92,2100.641521718034
JIO10054104,2314.56,3615.4733947723466
JIO10004453,2661.96,3122.7472912467383
JIO10055503,4575.24,3703.5562014927737
JIO10047694,3025.32,1916.1253522619065
JIO10002134,1423.44,2106.3468680084957
JIO10061693,3278.04,3854.3971073786947
JIO10023863,2121.84,2574.6865884371696
JIO10028271,5774.28,4410.439838904379
JIO10063751,2077.92,1681.7924792922297
JIO10064266,1003.1999999999999,1432.6053298287518
JIO10057825,1411.08,1355.244539740253
JIO10012158,6127.32,4563.1727158115555
JIO10014244,5587.799999999999,7613.725554379124
JIO10005420,3785.2799999999997,3050.285142951333
JIO10040870,3064.56,3004.283234735299
JIO10011678,2712.6000000000004,3019.9678779934197
JIO10032920,4057.92,2995.492610527378
JIO10046679,2091.2400000000002,2054.5831671533924
JIO10019701,2630.3999999999996,1866.6949933425765
JIO10063925,3999.0,2524.5586514417137
JIO10064535,1588.1999999999998,1638.9979375292337
JIO10008529,1148.76,1889.7273975834642
JIO10003605,3906.3599999999997,3277.6444104209613
JIO10015124,2706.6000000000004,2343.9692655314925
JIO10033785,1423.44,1471.9566675323083
JIO10022033,4266.36,3560.0380215200457
JIO10035370,1931.3999999999999,2311.9174740333547
JIO10037153,6402.48,6596.609767006421
JIO10028014,1947.84,1884.6835580667248
JIO10050846,3389.3999999999996,3274.2677412286034
JIO10001622,1994.04,2769.0769376138564
JIO10022072,5945.76,3967.5050271046503
JIO10019250,2234.04,3035.404359914562
JIO10020474,3823.2000000000003,3390.02721175763
JIO10003211,900.0,1267.0681925497356
JIO10028473,2586.84,2757.3670449968486
JIO10060382,3849.6000000000004,5558.079952130027
JIO10012482,2831.88,2147.323295026492
JIO10022776,2124.7200000000003,3478.9951078300583
JIO10007590,2179.08,2339.902966507538
JIO10016904,2971.92,3577.6233212873803
JIO10003995,2725.56,2345.319668753814
JIO10031671,2643.48,2186.973919954479
JIO10000362,1778.28,1692.4667923473992
JIO10047561,2660.16,1659.7668174215235
JIO10038848,2196.36,2357.005748095177
JIO10021067,2092.8,1917.2699604699835
JIO10004589,2007.2400000000002,2763.7392282649243
JIO10004047,6947.400000000001,3261.3628398474625
JIO10064278,2050.68,2347.6525491430007
JIO10009256,986.8799999999999,2006.2262720738902
JIO10053070,3518.76,3900.4977198163365
JIO10056935,2087.16,2219.7223600373586
JIO10022739,1407.1200000000001,1339.4358859965384
JIO10015642,4221.0,3625.7605242188556
JIO10033557,1957.56,1609.118137513152
JIO10034622,1784.3999999999999,2038.059006217568
JIO10038393,3773.88,4328.618864294032
JIO10002429,2112.6000000000004,1726.67426887337
JIO10043629,2027.7599999999998,2894.6663411113345
JIO10019841,3830.88,4853.167590909022
JIO10024634,2460.6000000000004,1845.1355419797935
JIO10003288,3736.08,2707.872845385089
JIO10064562,1458.48,1892.8012867630996
JIO10026497,2685.36,2591.1753305888237
JIO10047126,1327.1999999999998,1327.8223393244891
JIO10047139,907.44,1234.547522658251
JIO10039915,2473.8,2892.8520551617694
JIO10038400,1631.6399999999999,2718.970691750824
JIO10062684,1521.72,2400.2721015034117
JIO10006991,2258.3999999999996,2005.797064141162
JIO10044909,1643.3999999999999,2306.9592046405264
JIO10030925,1267.68,1282.143437164444
JIO10026945,3512.6400000000003,5290.674579150201
JIO10050949,1464.96,1216.6998592130649
JIO10014427,1358.6399999999999,1230.4354737877168
JIO10031634,2286.12,2638.2053222575
JIO10060690,2831.3999999999996,3192.6977362535417
JIO10008321,2503.92,2949.2805790697957
JIO10037464,3404.3999999999996,6630.7285685154375
JIO10027510,1127.04,1348.0265556588406
JIO10002080,4063.68,4653.955819293552
JIO10021698,1901.6399999999999,1855.2554171751292
JIO10042669,1841.28,3311.1832634101734
JIO10042744,3404.04,2138.223705616206
JIO10016890,900.0,1406.4197113132388
JIO10042531,3679.92,2219.071424837887
JIO10005257,7767.36,3382.0287308040506
JIO10036398,4755.36,3703.1161921435664
JIO10057045,3832.08,3041.3325081743756
JIO10032522,1172.76,1342.0497793097013
JIO10064321,2718.2400000000002,2104.7984820233182
JIO10007236,2560.2,3593.1529375132754
JIO10025944,4312.799999999999,3074.053789246299
JIO10009539,2670.0,3522.8287942988472
JIO10046998,2508.7200000000003,2250.299478164573
JIO10057657,3588.4800000000005,3311.6657045276884
JIO10004257,3261.12,3761.534502249118
JIO10008565,1410.96,1401.5685681122225
JIO10062702,5812.32,4952.603627776131
JIO10062165,2415.12,2253.3706884022463
JIO10013802,6879.960000000001,3050.109364699294
JIO10002939,2657.2799999999997,2717.5651987495776
JIO10020977,1840.44,2390.5544300777874
JIO10006435,1733.6399999999999,2628.312528854951
JIO10040334,973.8000000000001,1291.977630724889
JIO10026515,1572.0,1218.0764423597798
JIO10028643,2344.44,2212.824331365728
JIO10057564,1553.88,2053.805400784503
JIO10006338,4964.64,2533.1959865575577
JIO10020392,2193.12,3203.5365680686755
JIO10039307,1929.96,2397.540377889859
JIO10035853,3352.08,2518.6531197473423
JIO10003885,3882.12,2996.5575826957065
JIO10048232,2172.6000000000004,2560.3655050124626
JIO10012448,2161.8,2778.1952163101646
JIO10008542,1188.3600000000001,2329.4294315895254
JIO10008798,3066.36,3925.959696620542
JIO10058461,2282.7599999999998,1317.1349844617566
JIO10036866,2597.7599999999998,3014.288764955373
JIO10054093,1199.76,1687.0221372666304
JIO10018297,1922.7599999999998,3213.509767885906
JIO10048667,4022.2799999999997,4787.578071992106
JIO10009144,1396.44,1451.036274433708
JIO10023896,4279.08,4230.447114671373
JIO10027121,1344.6,1627.5621553822507
JIO10053003,2632.2,2012.3076361979283
JIO10036524,4000.08,5567.037952593296
JIO10005073,5019.6,4898.937604412611
JIO10031868,1716.0,1835.6111574448526
JIO10009114,2705.16,3098.8191216857585
JIO10023513,5920.5599999999995,4088.7213563505056
JIO10031659,3981.84,3324.027755477589
JIO10023504,1339.44,1204.3497481550603
JIO10028207,1081.08,1413.1459739224945
JIO10056259,1836.48,1210.1135846018753
JIO10043781,2242.2,2310.852313308667
JIO10020816,3194.04,2414.898937454523
JIO10050804,1384.08,1728.0224146191467
JIO10017120,2511.48,2340.5137693750266
JIO10050380,7917.599999999999,3890.8430482736053
JIO10023698,3216.3599999999997,2372.0378065842665
JIO10047614,2623.8,3767.0379347927587
JIO10012163,1875.2400000000002,1794.162605061779
JIO10023652,2991.36,3426.021517877744
JIO10014039,1435.44,1437.8843632570706
JIO10055222,1234.44,2160.161487442038
JIO10025001,7205.64,4173.776367295985
JIO10003635,1191.6,1258.0091120408802
JIO10062312,3552.12,3949.197941992074
JIO10032411,1188.24,1876.8210606350276
JIO10013748,5347.5599999999995,4006.0418557702897
JIO10021566,1627.3200000000002,1209.778830194118
JIO10004442,3334.2000000000003,3134.8956068644698
JIO10028807,900.0,1340.381357627891
JIO10001496,1794.72,2350.019031699451
JIO10005082,2234.64,2964.102871745181
JIO10034763,900.0,1793.2002002101738
JIO10058545,900.0,1438.5087956412617
JIO10061704,3114.3599999999997,3096.8810673233065
JIO10034110,2002.08,2167.12002661654
JIO10041485,3159.0,2825.565295741039
JIO10031242,1651.08,3887.763494325769
JIO10035176,900.0,1216.3798646031307
JIO10024505,900.0,1293.815093323852
JIO10062366,3111.12,2239.940331516768
JIO10002853,1509.1200000000001,1838.112145350256
JIO10001071,6328.4400000000005,3146.203294358358
JIO10045857,5931.0,5065.641385484976
JIO10017292,6602.16,4739.62835792342
JIO10042737,2701.32,2214.9343868371543
JIO10061101,2046.2400000000002,2340.9046594325673
JIO10027143,2596.68,2639.8049815470367
JIO10056330,4558.4400000000005,4268.182462498522
JIO10015365,2398.8,2221.581452447651
JIO10007902,2689.32,2876.903555250658
JIO10004004,1321.32,1860.1915177025296
JIO10053833,1199.16,1731.0083314474919
JIO10029378,1922.52,1940.8470050378057
JIO10047928,1384.56,1292.640325601101
JIO10038514,4129.799999999999,2949.15322993786
JIO10012203,5664.6,3528.181971762715
JIO10009690,4035.3599999999997,5838.796489081883
JIO10063081,2199.6000000000004,2333.867011672473
JIO10040306,1964.28,3190.9242112199213
JIO10044947,2661.0,2002.3283649770897
JIO10057988,2458.32,2185.041304045104
JIO10057305,3149.6400000000003,2377.728957564372
JIO10018238,1864.56,2522.285139791559
JIO10019796,3692.6400000000003,3658.593785419138
JIO10061345,4800.12,4003.6420218494222
JIO10061040,4074.7200000000003,4398.577440472628
JIO10052878,2681.64,2712.676598138194
JIO10029412,1019.1600000000001,1199.2064726900635
JIO10052974,2380.32,1793.2710487981776
JIO10041176,3707.3999999999996,3702.7944367182217
JIO10001248,3178.08,2789.433669226316
JIO10034251,1545.2400000000002,2213.89770797095
JIO10029823,2299.8,3023.778526571481
JIO10051721,2662.08,1939.6391144548406
JIO10011593,2416.8,1897.2725414333531
JIO10062592,4594.5599999999995,4204.622750974163
JIO10063369,2953.8,3012.529542870988
JIO10019778,1360.56,1424.5905171304928
JIO10032386,6114.84,3631.9255191263446
JIO10040486,1681.1999999999998,1927.2648051900483
JIO10064396,1516.08,1335.5441674728545
JIO10061918,2191.32,2588.562428977819
JIO10023959,1617.2400000000002,1172.7717942931972
JIO10009746,900.0,1383.0697026898272
JIO10063805,1725.2400000000002,2069.8622283789305
JIO10044346,1655.04,2620.92242703639
JIO10047995,3471.24,3099.6599765741735
JIO10056597,943.92,1492.7576101085506
JIO10003447,2048.16,2356.5890574892087
JIO10018481,3066.96,2387.6134586992744
JIO10001027,1371.96,2258.1126108592225
JIO10062236,1982.6399999999999,2165.923997579572
JIO10042837,1722.96,2317.6370113123435
JIO10039396,1911.96,1601.3581900836236
JIO10061857,2714.52,2580.0214120930827
JIO10000545,1621.56,2155.418664283983
JIO10042051,1498.56,2013.4680523903714
JIO10020273,4835.04,4070.463747064349
JIO10013371,1626.0,1872.1253945535195
JIO10048080,2508.6000000000004,2243.613636278849
JIO10030248,2096.04,2223.8503812606336
JIO10058869,3075.6000000000004,2453.383584488277
JIO10027408,1404.72,1367.1610311899574
JIO10052859,2374.32,3017.065861701636
JIO10062237,1014.36,1226.3567024944816
JIO10012942,1992.84,2724.3271533312363
JIO10013068,4506.24,3742.9227585789126
JIO10062241,1826.16,2053.2701614957687
JIO10028571,2624.88,4611.312303006352
JIO10064041,1652.88,2703.705516994099
JIO10020445,1199.76,2187.462461791768
JIO10015675,2347.8,2950.2770552607135
JIO10049784,2202.2400000000002,3614.1490894695417
JIO10000504,2144.64,2247.101402090279
JIO10007432,1509.48,2563.3530771387336
JIO10039773,2273.7599999999998,2751.162682346833
JIO10048766,2779.8,2493.9603312259214
JIO10008790,1080.96,1231.3248914921467
JIO10051611,2504.16,2155.1020384670933
JIO10045890,2624.16,3350.761990597354
JIO10016266,1406.52,1474.8528389948049
JIO10051215,2024.3999999999999,1726.6310139954826
JIO10023588,2506.92,2752.223454496418
JIO10014450,1429.56,2039.093206841658
JIO10018889,2101.56,2090.9391831417156
JIO10038644,2294.7599999999998,2628.790879490987
JIO10006090,3100.56,1935.897460117594
JIO10054480,907.08,1437.2373480754309
JIO10009024,4188.12,2479.970009686767
JIO10037022,2065.68,2398.4644015086337
JIO10017771,2685.7200000000003,2377.0420518047586
JIO10047868,1210.08,1390.5360344370943
JIO10064250,3413.5199999999995,4861.836058217061
JIO10047364,3096.4800000000005,4087.8045571277726
JIO10009169,1093.56,2083.9850654518214
JIO10011393,1774.08,1944.3650810957402
JIO10033271,5114.64,5055.432335295321
JIO10010254,1629.96,1956.198694919565
JIO10045379,2438.3999999999996,3531.32669959513
JIO10027407,2287.92,2347.9341619831107
JIO10033651,2052.6000000000004,1483.8491074750361
JIO10062383,1599.0,3003.44287982155
JIO10055626,3519.84,2773.736233187066
JIO10011854,2186.7599999999998,3278.5332992848907
JIO10060974,2067.0,2323.207776661043
JIO10035009,2187.96,2826.6260234321367
JIO10031772,3522.7200000000003,4135.686167922825
JIO10011822,1960.1999999999998,2773.4944956959
JIO10045631,2046.48,1683.5738613184185
JIO10036102,2405.04,3162.190249346989
JIO10011992,2461.68,2922.299240429545
JIO10025825,2151.2400000000002,2184.4203764374683
JIO10060661,2709.0,3346.1563422942068
JIO10021915,1102.44,1174.907154059597
JIO10036186,3381.3599999999997,3771.861810632172
JIO10004580,1802.16,1402.2635534751143
JIO10048506,2166.96,1916.3951451138958
JIO10054387,1637.88,2585.8890398206936
JIO10063149,1409.28,1428.0413112320714
JIO10030027,913.8000000000001,2152.2212033564833
JIO10035772,3334.7999999999997,2345.288880047335
JIO10020168,2226.84,2376.5037667654224
JIO10017287,4378.32,3857.7496549170874
JIO10036082,1813.92,2067.397089202313
JIO10064725,1892.28,2273.3266146743063
JIO10026266,3180.0,2508.918631761713
JIO10056199,1566.6000000000001,1269.4304080727084
JIO10039172,2569.92,3501.5043360702593
JIO10037785,2477.3999999999996,2693.7695701897073
JIO10060723,2811.6000000000004,2515.5587601915972
JIO10054998,4847.5199999999995,3962.226184149282
JIO10010803,2416.08,1732.6422715425572
JIO10033196,1434.72,1704.2774461562299
JIO10001986,1515.0,1986.4286737303082
JIO10023347,1980.2400000000002,1887.6171597550767
JIO10038485,3302.88,2362.7046209327377
JIO10054208,2719.92,3525.1774360904346
JIO10022335,1387.08,1182.555342497288
JIO10034701,5201.04,3920.4355856811944
JIO10047849,1881.96,1568.3849659036036
JIO10004157,3883.44,3366.713653210904
JIO10004230,3623.6400000000003,3771.6706792829464
JIO10042938,3655.7999999999997,3393.5309554030346
JIO10016702,1940.6399999999999,1700.6031527000246
JIO10043553,1877.6399999999999,1979.4051809777188
JIO10002415,1761.84,1751.7527931811367
JIO10015532,1548.6000000000001,1881.8447510479239
JIO10000159,1864.44,1725.6616075526774
JIO10019542,1299.3600000000001,1408.803568213356
JIO10002566,2682.7200000000003,3264.7174811664327
JIO10060275,1429.1999999999998,1396.7992460662583
JIO10050939,2802.36,2665.884907001427
JIO10037268,3784.08,2914.3709322711497
JIO10054976,1361.8799999999999,1658.0601688049535
JIO10024127,1553.28,1421.4148139258336
JIO10041913,3389.2799999999997,3136.8613302610675
JIO10002158,7759.4400000000005,6232.391921417701
JIO10048010,1057.32,1708.045630153241
JIO10056388,2524.68,2401.9706426596904
JIO10049960,3839.3999999999996,2395.647424723854
JIO10001957,1620.72,1487.357914516854
JIO10059049,2175.6000000000004,1962.5600392819852
JIO10023515,2256.6000000000004,1524.2785170584477
JIO10048633,2329.08,2375.7219286311592
JIO10047057,3506.16,3106.3749571023072
JIO10019972,2935.56,2730.7565525732034
JIO10019842,900.0,1170.6864024231893
JIO10044149,3749.3999999999996,2190.4857086850343
JIO10006852,2647.56,2247.089765318571
JIO10057533,2921.16,1706.2367882848769
JIO10029568,2114.04,2654.9800064724277
JIO10017535,2037.12,2489.1379962548904
JIO10046947,4889.28,4112.691756228543
JIO10006680,2227.56,2999.598947839179
JIO10056337,986.8799999999999,1484.824170789974
JIO10021375,2068.68,2023.6629243293423
JIO10031899,1881.84,2271.6020616401943
JIO10038613,900.0,1213.3610481726362
JIO10041940,2010.84,1734.9394354305527
JIO10002545,1089.48,1186.163583898244
JIO10020744,1730.3999999999999,2121.296011775192
JIO10046302,2786.04,2531.4617903833287
JIO10041094,1462.32,2909.449263274663
JIO10021747,1621.92,1780.584633267473
JIO10011102,1911.96,1728.3923938863845
JIO10007463,1973.28,2383.216233336199
JIO10042959,1745.3999999999999,1604.3229912808188
JIO10059987,1302.0,1372.1063125217802
JIO10009390,1607.28,1348.8348028697112
JIO10058146,3816.12,3657.0338394593155
JIO10031968,1258.1999999999998,1190.8247129627448
JIO10040193,1205.16,1227.1523188943004
JIO10057033,2484.96,3189.9144110904754
JIO10031811,3584.3999999999996,4146.867843680066
JIO10057335,2713.08,2559.2214200678686
JIO10003762,3747.96,2561.911224046915
JIO10056755,2566.92,3373.7231653812833
JIO10014035,4008.84,3300.1182951177434
JIO10038985,3592.7999999999997,2525.075741959886
JIO10042115,3487.32,3602.9846756507363
JIO10048438,4832.16,3933.763754257481
JIO10043019,1896.96,1463.9276125276883
JIO10003199,4869.96,5165.121823168926
JIO10051857,3484.2000000000003,2198.508100163902
JIO10025702,1600.8000000000002,1626.813596510193
JIO10027829,2101.56,2494.465703034517
JIO10008996,1622.3999999999999,2019.829221676408
JIO10059915,3563.04,3003.9120583116833
JIO10010778,1378.92,1889.9638133801461
JIO10014082,1386.24,1204.878463848843
JIO10063868,2133.48,1766.2342694790364
JIO10006008,1596.84,1897.347701932392
JIO10044575,2030.04,3284.189706960017
JIO10010495,3371.5199999999995,2218.881287424174
JIO10010127,4872.24,4488.555658825078
JIO10060649,1606.44,1985.0265032894708
JIO10038763,1393.92,1312.2899958041176
JIO10024772,5192.4,4146.381198124067
JIO10040554,7887.599999999999,6400.43374378621
JIO10000963,1071.96,1939.2021554624848
JIO10036148,1967.28,1498.2988313371807
JIO10009013,7122.599999999999,5814.209595235738
JIO10009009,2387.3999999999996,3374.180482147636
JIO10031881,3024.84,3288.508607164756
JIO10033725,1265.28,1220.2735788732314
JIO10053046,2624.04,2180.8917009558713
JIO10002752,3258.12,3580.4809900459563
JIO10052655,900.0,1500.2958014587505
JIO10001614,4191.0,3018.147006011342
JIO10019399,1798.1999999999998,2539.7484439343157
JIO10043378,1971.0,1810.798480225053
JIO10002904,3937.92,3312.863031993379
JIO10040097,1604.04,1682.867003571313
JIO10041164,2393.88,2182.272023530664
JIO10004829,3162.0,3428.2172381978503
JIO10016215,1346.28,1951.531874048654
JIO10041092,2615.52,2432.991592265664
JIO10023120,3489.84,3005.709764097263
JIO10053114,5058.84,3950.6549800031526
JIO10026591,1680.2400000000002,1897.0171998554654
JIO10056646,1525.1999999999998,1304.546639339667
JIO10058880,3145.7999999999997,3269.9697902822018
JIO10024816,2053.44,2961.649258564907
JIO10055246,2567.16,1554.726178446322
JIO10004366,2713.32,2067.209525168969
JIO10033649,2401.92,2748.989886101165
JIO10038206,2372.04,2137.0848819895723
JIO10002081,7935.599999999999,3761.4785381001902
JIO10031278,3286.92,4042.1927044808444
JIO10004068,2470.32,2613.373984141581
JIO10014904,3316.7999999999997,3908.641016873791
JIO10004389,10504.68,6297.061766576766
JIO10048422,1969.08,2003.4577391852706
JIO10027273,1136.04,1208.7033785821204
JIO10046661,1196.16,1870.9164852139832
JIO10000579,5623.32,3400.8650831458467
JIO10010206,2147.88,2416.2737851643333
JIO10040769,1667.16,1399.1414353131497
JIO10038453,2328.48,2380.246822054087
JIO10008314,5080.200000000001,3300.8866251209784
JIO10011560,1105.92,1196.777041802845
JIO10005624,1975.92,2027.9001132622427
JIO10035640,1806.3600000000001,3111.2564113363755
JIO10031286,2800.32,2960.3270788748023
JIO10045291,1724.16,1916.039567093048
JIO10063479,1501.92,1738.4210217597074
JIO10014645,1131.6,1432.3059219443735
JIO10061022,4681.68,1445.9228522384942
JIO10030073,1467.72,2399.1149151105833
JIO10001361,3059.88,3118.0208472788363
JIO10038711,4335.24,3871.12190768399
JIO10035473,1318.92,1189.1192165369002
JIO10049350,1368.48,1212.5482716894842
JIO10058683,2130.12,2899.6208142397118
JIO10009150,3762.0,3645.78175835516
JIO10038238,1674.96,1829.1089355210265
JIO10010686,2790.7200000000003,3379.914139991363
JIO10056549,1754.52,2041.5481733004622
JIO10010835,2353.08,3298.061790677181
JIO10060058,2494.92,3068.055011830519
JIO10059740,2360.64,1707.8033345899578
JIO10064654,1542.84,2139.166441225843
JIO10059429,1786.08,1621.4837543519063
JIO10064203,1918.92,2278.6843797349943
JIO10052829,1908.96,1688.100965288713
JIO10054608,2681.88,2451.352480359247
JIO10000957,3426.7200000000003,4907.040903057715
JIO10058006,1218.6,1435.3869818364165
JIO10013717,2294.04,2688.6842349979133
JIO10063460,1708.44,1709.9642350119132
JIO10031524,4088.04,4706.206986941405
JIO10035251,2652.48,1971.8126127491437
JIO10041816,2945.52,3142.188509363097
JIO10034089,3971.2799999999997,2885.8499143972213
JIO10044497,4458.6,3974.082475487259
JIO10053577,967.3199999999999,1754.4356874393377
JIO10019676,955.6800000000001,1675.3475250146423
JIO10001092,1482.24,1200.3641366555203
JIO10045809,3380.16,2862.496784322206
JIO10012506,948.36,1215.0307665115479
JIO10037787,3640.7999999999997,3288.438197065059
JIO10054082,2979.12,3549.955609589312
JIO10057743,2225.2799999999997,2421.5237584135944
JIO10024610,2216.64,1849.4901318233374
JIO10017790,2123.52,1488.508464329305
JIO10031319,3090.4800000000005,3439.7517407224805
JIO10059281,1140.48,1317.9090981872969
JIO10031359,2133.0,1545.0578579997646
JIO10051752,3076.08,3205.5117146085618
JIO10029200,1974.48,3097.3231154043738
JIO10005887,2190.48,2116.789029281469
JIO10051790,900.0,1188.8889296252614
JIO10002998,2378.52,2441.1432038188746
JIO10058149,2069.16,2313.4670308293225
JIO10024318,8388.84,4226.255918083739
JIO10014716,910.56,1195.263545451433
JIO10042107,1933.6799999999998,2108.095042889545
JIO10023611,3177.6000000000004,2023.939829016192
JIO10045749,1504.08,1679.2466601274805
JIO10044824,3780.84,3110.310229105523
JIO10038073,900.0,1793.4274511436315
JIO10048515,3066.6000000000004,2615.705014105905
JIO10001147,1451.76,2011.1133423442825
JIO10005706,1778.88,2362.487472261714
JIO10003396,3986.3999999999996,3538.3521214175753
JIO10020325,5728.200000000001,5022.067805571178
JIO10037651,1779.12,1224.735849690545
JIO10021916,1382.6399999999999,2363.542090545175
JIO10037210,4494.6,1894.7159227322802
JIO10056887,1677.3600000000001,1707.2826631665523
JIO10023264,1818.48,1916.70048520841
JIO10042081,2506.8,1781.5045194790605
JIO10055591,1574.52,2025.7408548930935
JIO10063846,2253.84,3289.2192521108955
JIO10035978,2367.36,2645.192078874632
JIO10039077,1360.44,1230.394437008475
JIO10030815,1246.1999999999998,1681.8178382620613
JIO10061154,1883.04,1727.245566613072
JIO10052425,2397.0,2438.4624737826916
JIO10055342,4731.12,4020.8577937240907
JIO10030773,4140.96,5633.960926926381
JIO10023777,2393.7599999999998,1298.9448493951754
JIO10059387,1640.7599999999998,1540.1985045851645
JIO10048329,3750.0,3674.3496455838585
JIO10001265,1380.48,2122.2980034041107
JIO10057159,1773.2400000000002,2138.9708248956467
JIO10037842,6802.799999999999,5361.046509614324
JIO10001197,2424.48,2657.580877210816
JIO10059777,900.0,1300.6520251681009
JIO10037286,5441.4,3108.3778420213453
JIO10054540,1627.6799999999998,1563.6442418215654
JIO10044028,2565.7200000000003,2347.679617984903
JIO10039341,1826.3999999999999,2452.62114273299
JIO10032059,1663.1999999999998,1282.817684098985
JIO10000940,4609.92,3339.490215594628
JIO10031438,1303.92,2096.8695371635636
JIO10047958,1669.56,1896.623648965484
JIO10006732,2304.0,2979.097970073552
JIO10006809,942.8399999999999,1200.6123103326247
JIO10059843,1034.6399999999999,1976.525535879041
JIO10007513,2752.08,2498.7967093616453
JIO10005601,1840.1999999999998,2076.8899245270286
JIO10038045,2630.3999999999996,1566.3047777290888
JIO10059096,2001.48,2234.130466561089
JIO10007569,1639.3200000000002,1446.3982833740124
JIO10040342,2166.96,1729.4964528041244
JIO10051551,3829.68,3534.4202015597216
JIO10026275,2322.12,2404.546160093066
JIO10011948,3030.84,2127.622586315523
JIO10054328,2278.08,3305.039762048103
JIO10002222,2466.12,2982.4532184823215
JIO10021662,2325.0,2160.9710115692405
JIO10018969,2787.12,1920.3111711508043
JIO10057847,2757.0,3299.9766941916228
JIO10023647,2530.44,2962.5600917260517
JIO10055897,1693.6799999999998,2138.120642174221
JIO10023167,2101.92,2249.3521935897043
JIO10044500,4090.92,3370.2510197602537
JIO10046218,2099.16,2108.4189798472867
JIO10011436,3246.3599999999997,3965.4545180362384
JIO10019414,1980.3600000000001,2949.8250603419924
JIO10040550,1694.3999999999999,1668.3846103682836
JIO10018141,2312.64,1716.4670088632245
JIO10049380,1234.08,1615.9020370162873
JIO10038783,2148.0,2365.9103961098103
JIO10013737,2335.08,2648.5107151315033
JIO10049523,2651.52,2968.5133876367327
JIO10049377,1991.52,1439.3028652244668
JIO10054393,1646.04,1203.137537921377
JIO10025573,7588.32,5269.856344815679
JIO10014871,3149.6400000000003,2461.3394850516133
JIO10029886,2979.7200000000003,2356.217480421099
JIO10026489,1696.56,2196.14065716987
JIO10029229,2054.88,1691.4507025147252
JIO10002464,1622.04,2195.2438881296403
JIO10010494,4986.72,3299.8384341770015
JIO10027314,2575.32,2152.604307556848
JIO10016860,1811.88,1585.4547161918879
JIO10004320,1107.1200000000001,1292.7292163830523
JIO10009298,2548.32,2209.139819658995
JIO10042719,3099.0,3418.538324814539
JIO10062873,1502.16,2496.0802908904648
JIO10054080,2272.2,2354.814155050777
JIO10006466,1878.48,3668.4695915119164
JIO10006142,3053.3999999999996,2689.5330061824043
JIO10043811,3170.16,3299.068311893895
JIO10046527,3232.32,3174.3144181543375
JIO10000262,1038.3600000000001,1288.8433549064803
JIO10042472,3964.32,2981.965823745836
JIO10028052,2492.7599999999998,3012.672944135516
JIO10050996,1232.16,1813.6090941528032
JIO10046026,2390.04,3733.3103302706313
JIO10033265,3230.2799999999997,3416.977172630809
JIO10050176,3837.12,3687.364055637727
JIO10044954,4016.5199999999995,6260.232289376321
JIO10040035,2313.7200000000003,2694.796436615594
JIO10035388,2375.88,2808.451668947379
JIO10006921,1469.76,1935.5158596970196
JIO10037803,1477.08,1312.2939129055874
JIO10014528,924.72,1417.7597630258824
JIO10006265,2670.84,2091.9838916851286
JIO10047475,2282.7599999999998,2300.2930152638432
JIO10037647,2075.7599999999998,2425.6105690308377
JIO10035210,1193.52,1484.4740133881946
JIO10013313,4130.4,4295.4580445818465
JIO10024864,1646.28,2125.8177884337724
JIO10061489,900.0,1405.1964166109526
JIO10023299,1312.08,2434.9544232136946
JIO10036281,2959.92,4301.621389822331
JIO10044443,4319.88,3629.7508946162634
JIO10034093,1629.6000000000001,1720.7452613455753
JIO10053383,1748.7599999999998,2168.298374830462
JIO10037574,1222.92,1493.8612755663569
JIO10003766,911.76,1295.845205354212
JIO10000167,1797.6000000000001,2913.5642746618714
JIO10045937,1900.08,2385.655461103635
JIO10062338,2097.7200000000003,1739.786538149992
JIO10000907,3553.7999999999997,3224.5268889270437
JIO10036635,4676.04,4025.61075078589
JIO10061344,2560.68,2156.197847565572
JIO10029714,6501.960000000001,3979.577816882048
JIO10042027,2506.92,3539.3283367112263
JIO10026807,1621.56,2823.2181913299596
JIO10030786,2195.3999999999996,2307.625429424628
JIO10063485,3723.24,3890.0626055155763
JIO10060837,972.72,1357.1901978806256
JIO10059489,3197.16,3652.587682999855
JIO10009819,3459.0,3763.1620390853464
JIO10048590,5124.24,5128.063817713609
JIO10044478,3386.5199999999995,3237.1213171041513
JIO10040362,3036.48,2913.583877683852
JIO10015568,1432.32,1771.8169895579829
JIO10056147,1732.3200000000002,1509.3430137835435
JIO10038668,1347.3600000000001,2226.9065847036277
JIO10058133,2694.96,4465.09731379608
JIO10027630,3079.56,2479.3280081726302
JIO10000568,1561.8000000000002,2345.9702655565684
JIO10000482,1237.8000000000002,1173.8619271743044
JIO10060272,2530.8,2594.413340093747
JIO10003381,2114.16,2197.899343573872
JIO10029892,2931.48,3146.1569992727023
JIO10014858,3259.08,3132.9618305243084
JIO10032597,1364.28,1764.3412876772268
JIO10041052,1193.28,2427.7087148310316
JIO10002631,3021.48,2679.4066359399085
JIO10011663,1209.96,1931.0679255352577
JIO10037550,4087.7999999999997,4142.466492417299
JIO10032701,1670.3999999999999,1204.2035864565516
JIO10003259,3421.08,4271.001303392712
JIO10045374,2308.08,2129.479869588404
JIO10047857,2151.36,2337.9546645263727
JIO10041531,2124.2400000000002,1917.6238206070677
JIO10058123,2281.32,2825.89224659877
JIO10032944,1890.72,1589.4718211531738
JIO10035644,2544.6000000000004,2570.241088404735
JIO10059627,3058.8,2997.7213125427115
JIO10029511,3823.08,3519.1027948412107
JIO10000306,2637.6000000000004,2524.387924421687
JIO10024662,3325.7999999999997,2494.48645719202
JIO10043955,1115.76,1200.220464222417
JIO10058532,1204.8000000000002,1248.8763512504818
JIO10010814,1924.8000000000002,1901.8516678923893
JIO10028766,1456.92,2578.730399169985
JIO10032347,2721.84,2966.934936388118
JIO10009709,2175.12,1951.6474269397895
JIO10002292,2079.2400000000002,1951.2082072648507
JIO10015678,3444.84,3285.773794104557
JIO10016491,1998.12,2677.752771577698
JIO10061706,2781.0,2237.587875723151
JIO10003416,2397.7200000000003,1671.0039252303284
JIO10011193,1847.16,1937.5081813102472
JIO10001967,3261.12,4165.591492292306
JIO10044313,1416.24,1433.112554530643
JIO10026427,1073.6399999999999,1856.9541083786737
JIO10035477,2431.32,2451.9477842660226
JIO10062357,2487.0,2892.230161385043
JIO10001005,1111.32,1702.286922948073
JIO10031416,1682.04,2035.6358948057953
JIO10002421,1349.4,1592.513366803248
JIO10030660,2490.6000000000004,1845.8297349257155
JIO10009932,17264.4,6410.505812248466
JIO10036794,3545.04,2998.2794581370063
JIO10006635,1230.84,1260.4816084535032
JIO10009998,1011.24,1573.2295521320234
JIO10043336,1727.04,2112.849729771886
JIO10052348,2920.56,4066.6225945730916
JIO10015305,3722.88,2830.9052022658434
JIO10056926,900.0,1227.5011848835618
JIO10042613,4849.68,3592.4163189787587
JIO10007073,1100.8799999999999,1206.7476673826916
JIO10038918,2782.2,2977.0641234456
JIO10060109,2518.08,2681.0184103623164
JIO10059708,1011.96,1344.8906837035645
JIO10045092,4835.04,4510.203335307715
JIO10061790,1708.6799999999998,2836.216403839195
JIO10006218,1605.72,1811.536677335198
JIO10020726,1746.12,2182.0664330589366
JIO10037995,1950.6000000000001,2567.893568348013
JIO10008810,2111.3999999999996,1769.1236768100716
JIO10022067,1701.48,1306.6641634017217
JIO10012030,2723.88,3457.9490834201806
JIO10036410,2447.2799999999997,1722.955553331862
JIO10062481,1788.2400000000002,2186.170792916746
JIO10050353,2233.08,2682.700855489398
JIO10005087,1962.48,2021.462665772736
JIO10017599,2522.04,4159.610964987967
JIO10004700,2940.0,3348.2854768698926
JIO10043570,2245.56,2739.568767286391
JIO10013165,1720.08,2319.0483792420296
JIO10001735,1316.8799999999999,1206.1750818051387
JIO10019314,2322.96,2557.5686864288455
JIO10012615,3441.3599999999997,3944.389917127496
JIO10007045,1506.96,1917.5912091921832
JIO10055336,5758.799999999999,6482.127848305227
JIO10028594,1745.6399999999999,2642.051271984128
JIO10054526,1733.88,2174.41779578065
JIO10017357,945.36,1394.0069186486767
JIO10038372,4535.4,3251.0752058092025
JIO10041198,2133.0,2279.424239455318
JIO10015794,1816.3200000000002,2548.483559153925
JIO10029612,1001.04,1804.4673089620048
JIO10017218,1383.84,1200.9302533134548
JIO10060213,1793.52,2363.391196473101
JIO10054884,4237.92,2654.704061488453
JIO10046417,1892.28,2094.9928338929876
JIO10007626,2370.36,2310.6850520699627
JIO10055780,3151.32,2206.736974523451
JIO10030332,3273.4800000000005,3435.4473351258143
JIO10060394,3946.92,3160.6536384541746
JIO10056261,2213.88,1737.01680381076
JIO10037607,3530.3999999999996,3211.205903349464
JIO10023427,900.0,1694.6077085103693
JIO10029594,2046.12,2380.2252958572103
JIO10041935,1750.08,1617.948464842154
JIO10023145,4758.72,2972.892447769472
JIO10027187,927.48,1380.9167743626415
JIO10002430,1863.3600000000001,2517.5184611224013
JIO10008921,2864.2799999999997,2189.8250473268286
JIO10023730,1056.96,1181.7813963524482
JIO10037493,1535.8799999999999,1943.2985296836239
JIO10034830,2433.48,2225.5209827763783
JIO10013968,1955.16,1889.6193037816683
JIO10023425,932.8799999999999,1456.0749970836184
JIO10037644,1793.16,2036.7043715091534
JIO10037978,1190.4,1743.5610113665957
JIO10062603,3105.96,2481.911953229818
JIO10038145,2330.7599999999998,2674.5230072764107
JIO10015893,2972.88,3043.517278023975
JIO10006335,1541.04,2432.966358114846
JIO10004803,2617.68,2835.532621529722
JIO10045180,1203.84,1201.4029403106586
JIO10051605,2450.16,1887.1162758957075
JIO10018508,1183.8000000000002,2171.5010348434007
JIO10040915,4566.96,1496.3751809603127
JIO10022721,910.1999999999999,1345.2656595559927
JIO10023382,1841.3999999999999,1668.6155585366757
JIO10033611,3474.7200000000003,3347.4811703010505
JIO10040611,960.96,1298.239488502016
JIO10023733,1911.6000000000001,1584.4737518981115
JIO10009689,1421.8799999999999,2151.6118502113513
JIO10053093,1998.3600000000001,2253.272266955917
JIO10051373,1460.76,1173.1418951817159
JIO10045053,1470.24,2166.3612200932967
JIO10024366,3393.6000000000004,3160.225896944702
JIO10059755,2126.7599999999998,2023.3967970808856
JIO10063928,3110.88,2513.1766620815188
JIO10042475,1133.8799999999999,1415.6870041255806
JIO10042270,1829.88,1786.243111398529
JIO10054631,1035.48,1576.101949025223
JIO10054973,3524.3999999999996,3530.846956567459
JIO10053815,3304.56,3275.1891159531147
JIO10061505,2761.2,2752.71285806379
JIO10055181,1560.12,1317.4888495742705
JIO10025156,3398.2799999999997,2976.99058138814
JIO10016793,3750.96,3489.3756201542315
JIO10029008,2247.96,1929.5909970253783
JIO10000706,2703.96,3498.280156356202
JIO10007023,2438.3999999999996,2117.942978187533
JIO10024004,4781.16,6058.414512637323
JIO10051038,2213.52,2996.8592438652636
JIO10006258,3709.44,3417.9534735936163
JIO10035290,2297.52,2660.1767501670965
JIO10002775,1108.68,2127.606243537473
JIO10026525,2074.32,1972.8844326068647
JIO10063567,2342.04,3180.9367695684596
JIO10031716,1866.0,2870.799562760556
JIO10043182,4422.24,2612.8724985448393
JIO10031669,2853.7200000000003,1664.4120894702826
JIO10057570,1374.48,1873.2348148668764
JIO10032528,1385.76,1302.0046359138787
JIO10038575,5154.6,4298.0514884831455
JIO10001139,2505.84,1936.804956263096
JIO10044056,3412.2000000000003,3690.044379488977
JIO10048785,3433.68,2938.1297973688843
JIO10022467,1929.72,1739.0379450130313
JIO10045002,1357.1999999999998,1412.9180901879238
JIO10023781,2450.04,2714.2731174729515
JIO10010873,1396.92,2142.359284228276
JIO10024728,2038.92,1750.774166769969
JIO10064663,1353.72,2180.995166951864
JIO10040298,2186.3999999999996,1974.430905717538
JIO10002008,1012.08,1217.5295245239981
JIO10005735,4349.16,3309.7415270928514
JIO10026009,1848.12,2994.475273747528
JIO10057319,2530.44,2425.742093671413
JIO10014648,1567.56,1272.916537258988
JIO10059087,3080.2799999999997,2678.63054387428
JIO10011148,1628.28,1653.468669096726
JIO10002700,2461.44,2535.1936378053247
JIO10022567,2529.84,3157.4151263948497
JIO10043649,1435.68,2278.1068724195125
JIO10030527,2898.12,2750.834431199098
JIO10047513,2351.2799999999997,1985.6442398355975
JIO10023078,2664.48,3124.279629200701
JIO10048334,1718.52,1797.880669688958
JIO10024062,1757.6399999999999,2097.7795849575305
JIO10058685,2310.0,1887.7663271736074
JIO10021169,2017.08,2310.042581241526
JIO10017570,2625.7200000000003,2706.3332960285124
JIO10064097,3307.56,3870.940196679925
JIO10001623,1021.6800000000001,1455.0150434722811
JIO10063466,3127.44,4571.627968615707
JIO10059131,2280.6000000000004,2068.181006481603
JIO10016818,1517.04,2099.368242430182
JIO10015109,2024.04,1879.867610777971
JIO10048716,1543.8000000000002,1506.393915172854
JIO10020450,1858.92,2569.508222561061
JIO10007790,3727.56,2423.015340646207
JIO10050390,1209.96,1399.955404616555
JIO10029924,4503.84,3370.838147637354
JIO10019325,4118.4,2348.5985965989325
JIO10058301,2541.96,1971.9802054435136
JIO10021969,1714.44,2230.3598687996346
JIO10039682,1576.44,1845.0199833016563
JIO10024752,1151.8799999999999,1512.1898292856977
JIO10013979,1947.2400000000002,1988.6616124523287
JIO10002277,3932.6400000000003,3105.5731226449116
JIO10052778,1440.72,1275.9267089492714
JIO10014332,2365.44,1979.8717100648971
JIO10038955,2095.08,3317.7026606449913
JIO10037440,2129.3999999999996,2443.146827860017
JIO10001262,6417.599999999999,4531.058932949839
JIO10052635,3934.08,4187.791439134878
JIO10022754,5000.16,2010.2615553976184
JIO10041260,2657.64,2030.3852142416379
JIO10030783,2321.04,1899.1904669511418
JIO10026145,2014.3200000000002,1741.5221197500694
JIO10012160,3118.2000000000003,2617.363773763435
JIO10047013,2607.2400000000002,2151.5259848767314
JIO10017541,1729.08,2095.7028076744
JIO10052011,1707.0,1699.0595436350611
JIO10043766,1448.28,2239.807369457966
JIO10015392,2295.36,2252.4859368873203
JIO10003899,1479.3600000000001,2320.7392123998316
JIO10055127,1893.3600000000001,2608.05677330297
JIO10006045,2631.96,2716.71811045172
JIO10046991,3533.3999999999996,2154.5276860147123
JIO10056954,3778.44,5682.5312363098665
JIO10017352,2290.68,2601.205114215772
JIO10061120,2348.16,2536.603791355745
JIO10023630,2844.12,2480.7043382949428
JIO10044054,2353.44,2613.2651584205414
JIO10032103,2098.32,1210.476422899855
JIO10000094,2550.96,2627.5913178168717
JIO10009576,3949.32,2733.287764884449
JIO10005293,1495.08,1937.9890742474165
JIO10044970,2116.68,1688.3928104149504
JIO10046903,1246.56,2048.8926179528976
JIO10015150,1822.08,2084.432900827601
JIO10015541,1667.04,1951.1922442029638
JIO10013502,1803.6000000000001,2133.919893101213
JIO10011042,900.0,1628.3838855773818
JIO10010649,3716.2799999999997,3758.913007696679
JIO10039614,905.52,1748.2487921489815
JIO10063249,1774.92,2252.2458536328095
JIO10031676,2260.32,2410.9062126233594
JIO10056158,1366.08,1359.0318574294731
JIO10039042,3470.2799999999997,2238.319598546347
JIO10018496,3127.68,4903.847491267205
JIO10046372,1542.48,1575.056383669741
JIO10007886,8616.0,6187.584433675107
JIO10033679,2199.7200000000003,1671.7921718942061
JIO10060081,900.0,1455.9573474863037
JIO10058652,2489.64,2796.84055306451
JIO10041399,1849.44,1688.6843361192568
JIO10009513,2133.36,1849.472716742831
JIO10013672,4595.04,4850.63846446182
JIO10005028,1677.72,2340.8599358899028
JIO10027858,1372.56,1201.2563902808654
JIO10039698,5544.72,6097.085380581681
JIO10017016,2794.08,2326.0353431117455
JIO10021214,1260.24,1730.7117207632703
JIO10000430,2297.04,2534.9272032219483
JIO10031234,4581.0,2773.778216136742
JIO10004665,3070.08,1499.1385294717481
JIO10023623,2233.92,2970.1836053441057
JIO10016456,1217.8799999999999,1304.9310972766252
JIO10009560,2790.96,2687.822102032497
JIO10035284,1839.48,1959.9562686970546
JIO10021451,1301.16,1289.0316804635659
JIO10037617,2886.6000000000004,2263.312988935217
JIO10011339,1594.56,1739.992333188604
JIO10062612,1878.0,2222.90780233016
JIO10051440,3089.16,3035.9917404039716
JIO10021669,5433.24,3677.4024440278267
JIO10025657,3769.2000000000003,6031.880360421004
JIO10034228,1446.24,2348.3493629317645
JIO10001119,4918.4400000000005,3992.0059356958427
JIO10012918,1723.8000000000002,1396.793993136842
JIO10001681,2378.52,2608.5987750062122
JIO10017351,3018.96,2559.813350245169
JIO10016674,2177.7599999999998,2306.0923891994976
JIO10006769,2438.64,2346.9634886374965
JIO10055431,8632.8,4397.79883607603
JIO10042650,9450.0,7199.2452127776205
JIO10018293,1358.76,1198.4382929240269
JIO10057527,1607.04,1552.9280528809488
JIO10061933,1735.1999999999998,1333.650630896495
JIO10018411,1400.16,1834.7973552171443
JIO10027252,1260.1200000000001,1903.2832389102464
JIO10047588,1033.08,1856.895537743989
JIO10061192,1919.28,2324.3606361237858
JIO10015389,2743.56,3024.8898131478613
JIO10043611,2877.2400000000002,3256.931483662335
JIO10059510,1850.16,2789.5760741047375
JIO10061263,3315.24,3786.8329992191034
JIO10053591,2502.36,2690.3444003984714
JIO10035910,2258.2799999999997,2384.0484213742698
JIO10010123,4461.4800000000005,2647.4463350044684
JIO10058964,7939.799999999999,3919.9591284835883
JIO10060222,900.0,1184.9278990555244
JIO10033427,900.0,1313.3686138142589
JIO10010314,2452.8,2552.97003413663
JIO10026887,3588.3599999999997,2954.1547824114195
JIO10047455,1451.4,1924.8728977653632
JIO10059263,1232.16,1889.5824760882654
JIO10017401,2822.16,2913.017414671655
JIO10009379,2423.64,1687.527198603934
JIO10047549,3993.96,3085.854230131464
JIO10053797,1645.1999999999998,2560.6047647108085
JIO10030172,2695.32,3039.65880992894
JIO10017870,5331.24,5148.092505318854
JIO10036615,4342.08,3663.3083245904195
JIO10025335,1416.84,1383.3975726582617
JIO10054097,1072.44,2068.6376349526004
JIO10002705,4926.4800000000005,4161.628744969847
JIO10035349,1923.96,2669.113832700815
JIO10047858,1678.8000000000002,1689.2317799953091
JIO10059059,1217.52,1879.0301153299324
JIO10048428,2773.2,2874.8275135981125
JIO10015350,3574.32,3002.7425672799664
JIO10049928,1749.2400000000002,1921.256461559172
JIO10030914,1679.04,1188.993760926006
JIO10018580,2115.6000000000004,2339.9902558401345
JIO10060368,900.0,1191.501049030946
JIO10026406,1026.84,1217.3024223869286
JIO10023375,1633.3200000000002,1785.2643670359898
JIO10007612,1696.08,2343.452166000787
JIO10056235,3880.56,2532.7131860461764
JIO10045372,2558.2799999999997,2778.4585860923175
JIO10050110,2295.7200000000003,2624.629966673818
JIO10059699,2319.48,2974.450953228323
JIO10046221,1306.68,2603.4499254454545
JIO10035159,984.36,2150.5249553696444
JIO10057684,1066.68,1198.1126500558034
JIO10012427,3808.2000000000003,2376.385302627961
JIO10023628,3495.84,2766.500701431966
JIO10008536,1946.16,2766.266794535005
JIO10057498,3072.12,1471.8220443349571
JIO10059966,4421.28,4064.205510096339
JIO10003714,3303.7200000000003,2383.747941132165
JIO10047738,3142.44,3342.0203241180334
JIO10021286,1200.6,2293.068716673242
JIO10018359,2621.88,3634.957933249095
JIO10025387,913.92,1169.4778861272637
JIO10014006,1609.1999999999998,1174.729300026999
JIO10036751,2640.12,2644.620351719432
JIO10010100,1813.3200000000002,1929.769785905532
JIO10028751,2004.6000000000001,1824.870522606532
JIO10046841,3776.76,3553.211497034166
JIO10000522,1902.96,2286.734142527225
JIO10041594,2650.8,3305.829572432935
JIO10044800,2796.2400000000002,2579.486716655664
JIO10036772,3727.2000000000003,3341.3262178429113
JIO10003819,4416.84,2215.8071395190036
JIO10011615,4104.84,6258.545129220242
JIO10024991,4152.72,3677.959811496331
JIO10033822,1394.04,1927.2640623153031
JIO10031489,2242.68,2942.2086683299017
JIO10030168,8201.28,6120.226322333387
JIO10032424,2341.44,2517.101146893334
JIO10011988,1175.52,1305.5865569789746
JIO10006701,2061.2400000000002,2782.650216117167
JIO10001836,2984.88,2515.563682090888
JIO10010024,4313.4,4492.320655360387
JIO10056194,1624.92,1198.6767060505497
JIO10023205,2367.0,2867.205480697303
JIO10045850,3162.7200000000003,2444.3964824112554
JIO10000975,1320.48,1226.4848710496585
JIO10044744,1740.12,2523.2105894358997
JIO10012563,2920.2,2849.0805093540553
JIO10023185,2086.2,1932.5430291855762
JIO10019577,2564.16,1990.9737318530954
JIO10018677,3833.76,3512.191786143384
JIO10055993,1466.52,2390.4142121899667
JIO10008343,978.5999999999999,1607.5188214443558
JIO10007856,3679.44,2784.0336608883194
JIO10007939,3068.64,1757.902995761962
JIO10046158,2253.0,3192.9380846462827
JIO10030903,2765.16,3299.594654358626
JIO10000438,931.3199999999999,1568.9126777125282
JIO10014923,946.08,1747.0953571267542
JIO10001205,4616.4,3079.3052003117537
JIO10040562,3493.2000000000003,2507.1834973762025
JIO10032755,1232.28,1252.1046587921085
JIO10052619,1522.1999999999998,2656.8756693733585
JIO10050565,3774.6000000000004,2181.559363644595
JIO10029560,1573.1999999999998,1189.6195068631355
JIO10047623,2781.7200000000003,2532.031172812996
JIO10046454,2838.48,3650.5901196241775
JIO10006980,1821.12,2143.5373052262535
JIO10015814,1874.28,1916.127317690602
JIO10034297,1541.6399999999999,1397.770341717836
JIO10020614,1429.1999999999998,1448.194943865179
JIO10009104,2254.08,1882.5643511192566
JIO10003748,2019.84,2899.3630050244305
JIO10026122,1290.72,1706.3095300091402
JIO10011066,2524.92,2770.640607352877
JIO10058412,1533.72,1521.6102243504356
JIO10028330,1834.92,2915.9417915686126
JIO10006666,2480.52,1522.729905586723
JIO10042063,3147.84,3541.752684198659
JIO10012041,2004.84,1793.2854621749736
JIO10055762,3430.56,3880.0161223317955
JIO10011536,6907.32,5554.944616701885
JIO10004913,2437.92,1866.095312219351
JIO10018985,1611.84,1815.6143116309722
JIO10003226,4938.96,3875.5818220545157
JIO10032292,1230.1200000000001,1168.1460047339879
JIO10006633,2168.3999999999996,2267.988912237813
JIO10049536,1197.72,1207.8804220800146
JIO10036672,3039.96,3429.695511949928
JIO10021837,6150.24,5442.470240326656
JIO10019498,4693.200000000001,3293.110075311901
JIO10019467,1447.68,1777.5023072244157
JIO10045764,3685.08,3280.2620082657486
JIO10063221,1822.6799999999998,1650.657427385384
JIO10035825,2984.16,3354.717259567248
JIO10045505,5192.16,3733.704957845918
JIO10013057,2755.32,4220.400835336586
JIO10018528,1929.3600000000001,2248.7808976597294
JIO10033746,1392.0,1691.3119174670098
JIO10054792,4394.4,3891.848943386115
JIO10014438,1833.6000000000001,1707.5864883757504
JIO10035040,8819.76,4187.99196537988
JIO10026180,1449.6,1816.6519310395206
JIO10031577,3970.68,3539.3392806322254
JIO10014129,4204.68,4091.8955253577356
JIO10051074,1997.16,2161.8900139153257
JIO10055139,1688.3999999999999,1947.1520937973812
JIO10014655,2019.0,2686.506512964918
JIO10063112,1926.3600000000001,1524.181597637142
JIO10012007,5259.84,5930.859639821894
JIO10038936,2728.8,2480.503787208925
JIO10006063,2379.2400000000002,2763.5417799221163
JIO10021195,2384.88,2621.1494036052804
JIO10061380,1559.6399999999999,2195.335298005599
JIO10058095,900.0,1305.336860210222
JIO10028427,3331.2000000000003,5838.0950185616375
JIO10013510,3684.3599999999997,3372.263240653494
JIO10028320,7929.0,4834.21473882773
JIO10041145,5853.96,4188.6748699070695
JIO10046084,1481.6399999999999,2969.382272841535
JIO10004050,2973.7200000000003,2310.5875593848505
JIO10051447,2526.96,3772.778008130343
JIO10011888,4126.4400000000005,3572.7877143998194
JIO10045069,900.0,1304.9481423227096
JIO10029395,900.0,1181.825772965585
JIO10031601,3262.2000000000003,2464.9240579289844
JIO10018155,3542.3999999999996,2656.659135635124
JIO10019506,3642.0,3786.849892951937
JIO10038260,1176.6,1238.511030009299
JIO10042434,2849.52,2621.396172079711
JIO10028754,1312.8000000000002,1223.6031622127778
JIO10055040,1203.96,1716.5581377862952
JIO10054698,3049.56,2228.587778867093
JIO10016743,2092.08,2216.7964466413496
JIO10005823,4228.08,3247.0122566744685
JIO10049815,1047.3600000000001,1386.3308526650517
JIO10033152,4431.72,3732.1323382431674
JIO10054729,2110.8,2640.697120443992
JIO10049582,900.0,1344.3634242467276
JIO10038838,3661.2000000000003,5388.283205737531
JIO10022361,1973.88,2636.158498318791
JIO10036199,1970.88,1292.9645063933035
JIO10051817,1703.6399999999999,1868.9980618953618
JIO10044327,2847.96,2002.8365027572715
JIO10052173,975.8399999999999,1500.9465383010042
JIO10049096,2338.56,2612.500306402314
JIO10060641,4663.92,4606.9065028728955
JIO10001273,2648.52,3841.544405992568
JIO10033783,2259.84,1946.5965786948357
JIO10007462,5052.96,3882.1648525732244
JIO10034490,900.0,1694.7810252121621
JIO10006192,1882.8000000000002,1890.8456136084762
JIO10009243,1364.8799999999999,1971.5598298524585
JIO10046853,2374.92,2337.592033224828
JIO10027438,2277.2400000000002,2590.0150747427197
JIO10057828,3719.04,2482.830433891148
JIO10015529,4168.4400000000005,3894.981268807188
JIO10062543,2490.6000000000004,4820.884613072152
JIO10003552,1434.84,1222.240643598477
JIO10058220,2069.52,1856.478925920449
JIO10056467,1583.52,1652.362277361888
JIO10035797,2486.64,2503.729941431846
JIO10021688,3247.08,1980.8707982008257
JIO10000138,2170.2,2316.319109963847
JIO10038492,1969.44,1928.0576439570868
JIO10021376,900.0,1228.9442684500307
JIO10015829,1513.08,1952.3525927092962
JIO10052813,1779.2400000000002,1922.4298613865988
JIO10039819,2339.7599999999998,1598.044450408473
JIO10008992,981.1200000000001,1169.04456096706
JIO10028251,6435.24,4091.799253823654
JIO10034196,1771.1999999999998,1919.5227185777335
JIO10027087,1882.56,2117.4375154353356
JIO10014334,953.52,1194.3842121406308
JIO10014337,3902.88,2964.346579206241
JIO10059957,2930.2799999999997,2505.0379169010384
JIO10014954,900.0,1393.5669235898472
JIO10034879,3339.12,2343.261100730482
JIO10005611,1173.72,1642.6295118074565
JIO10002745,3130.92,2948.082121060279
JIO10059748,1647.2400000000002,1752.479659047901
JIO10024806,3976.2000000000003,3183.9675185666565
JIO10032146,2053.8,2881.052448938954
JIO10062452,3182.04,4693.9796970407815
JIO10029171,2139.96,2994.596768257562
JIO10050711,3521.6400000000003,1986.0144338966343
JIO10018276,2412.7200000000003,2540.3951213544683
JIO10051965,3403.2000000000003,3002.702413626251
JIO10038250,1292.16,1349.8372008509828
JIO10028077,1761.96,1868.163719140193
JIO10027445,2415.12,3483.917658666329
JIO10010215,3042.7200000000003,3347.1399304172437
JIO10014669,5686.4400000000005,3909.3312713878036
JIO10031517,2614.2,2180.783631911069
JIO10045480,1940.7599999999998,2084.5296282310337
JIO10000576,2384.3999999999996,2681.081246772733
JIO10063999,2407.56,2296.5431115328656
JIO10029158,1571.16,1737.0917622999293
JIO10030431,2407.08,2875.952674141602
JIO10059326,4080.4800000000005,3797.7850984601046
JIO10046240,913.08,1187.2098097863177
JIO10035578,1365.96,1203.0236823714636
JIO10006073,4068.96,3267.1491778279
JIO10022324,2949.96,2419.9181920661345
JIO10059488,2729.16,3417.650679227122
JIO10015363,1351.32,1327.6649447765274
JIO10004687,5560.92,4254.027046456017
JIO10021741,2529.6000000000004,2184.0020302691796
JIO10032935,3212.88,2137.02059985704
JIO10058766,1783.1999999999998,2215.307900256383
JIO10044352,4474.32,3463.4129310909325
JIO10050904,2917.68,3397.805035676066
JIO10035001,2951.64,2442.3893452029656
JIO10030650,2368.08,3000.139493074363
JIO10033433,2734.92,3667.14869615402
JIO10051634,1483.8000000000002,1353.8397939716274
JIO10053044,3095.5199999999995,3425.1656803833853
JIO10021805,1973.88,1591.5359617837669
JIO10007164,2660.7599999999998,3829.4065352443736
JIO10056602,1802.3999999999999,1192.7234693782998
JIO10027211,5339.4,3606.8812135051508
JIO10047933,2564.52,2249.249124323023
JIO10012091,2971.32,2984.038173152148
JIO10045408,3825.6000000000004,2997.4424732844964
JIO10049231,3177.6000000000004,1808.9569229598367
JIO10023164,1664.04,3089.395960746144
JIO10016497,2685.48,4833.819613816934
JIO10027977,6861.84,4229.328006887826
JIO10042648,3510.24,4447.2166602068655
JIO10039438,2281.44,1949.6897170676204
JIO10029721,1750.8000000000002,2021.212979763468
JIO10020889,900.0,1339.4314254274998
JIO10009136,2281.44,2611.6124660216187
JIO10003610,3674.3999999999996,4044.433335339008
JIO10028256,1679.3999999999999,2218.58601133616
JIO10059046,4202.04,2989.5592144808047
JIO10017746,1337.4,1299.0730322768813
JIO10021114,4111.92,3078.0416532078707
JIO10020133,2326.8,2628.9321135894484
JIO10000728,2153.64,1926.2263272472937
JIO10055524,1757.16,2045.9358060250288
JIO10044303,2342.04,2031.817839231011
JIO10021942,3100.92,2648.3523458282043
JIO10037262,1914.6000000000001,1721.9057289084033
JIO10005666,1037.4,1190.2219764471197
JIO10042646,2036.88,2135.912997943885
JIO10021823,2280.96,2026.9116052794568
JIO10004460,4156.799999999999,3186.5192163261904
JIO10021633,2130.12,3134.498795880697
JIO10058786,2930.3999999999996,3343.560466124911
JIO10030669,2220.0,2422.1606400274586
JIO10057596,1420.8000000000002,1471.1814805180352
JIO10050335,1966.44,2954.0313111588684
JIO10025105,2621.88,3350.680988825229
JIO10058097,3616.08,4123.608892442505
JIO10011683,4038.12,3150.13990032269
JIO10023895,1502.4,1584.2994173383188
JIO10032452,1128.96,1320.9979255409994
JIO10001540,1815.48,1587.6828597406202
JIO10010358,1312.44,1196.7003632914789
JIO10020195,2550.7200000000003,2071.986137533496
JIO10032783,2120.52,2516.223086747739
JIO10058850,2009.7599999999998,1979.8344846911216
JIO10046542,6312.599999999999,3899.7384545453474
JIO10022416,4721.04,3336.6211901469314
JIO10040906,3698.2799999999997,3100.357588472997
JIO10008904,1324.44,1768.590865630265
JIO10001125,2259.12,1860.2029420821054
JIO10001695,1880.6399999999999,2797.840265601304
JIO10019573,3252.7200000000003,2604.037940898765
JIO10010343,1298.04,1227.8321789933736
JIO10002860,1139.76,1403.0476075402844
JIO10033119,3637.44,3548.96584415533
JIO10055639,2166.96,2360.4524236529346
JIO10040612,1953.3600000000001,3110.0671418792713
JIO10030093,1341.24,1877.3755954105125
JIO10055477,2724.6000000000004,3002.7254713348084
JIO10015585,3461.6400000000003,2938.6145672478924
JIO10046689,3123.6000000000004,1754.4837661099803
JIO10027287,2345.04,1981.3511399932777
JIO10041690,7409.16,3297.146996618201
JIO10008711,2232.36,2410.7100549544816
JIO10055235,3654.6000000000004,3657.997111343695
JIO10007552,1502.04,1883.4172650195576
JIO10060037,7751.280000000001,4722.025752505619
JIO10011068,1531.92,2629.0766335167546
JIO10054680,4818.4800000000005,3670.455379344478
JIO10036703,1203.48,1472.9534207741665
JIO10060104,950.4000000000001,1344.8143119426884
JIO10053501,4878.0,2827.832952534817
JIO10015848,5076.84,4113.716487136915
JIO10058044,1326.84,1256.1294683713415
JIO10061645,1179.1200000000001,1447.0609273462953
JIO10024587,2648.2799999999997,2911.976058808249
JIO10040757,11384.16,4033.5822372590665
JIO10008937,2358.0,3581.0965173955433
JIO10017709,3826.32,3227.514138595879
JIO10025170,2437.2,1874.3362069877214
JIO10055961,2472.2400000000002,2325.8159018145457
JIO10039226,1983.48,1990.8514702367054
JIO10007054,1321.68,1191.127097758988
JIO10002252,3015.12,3135.2605359274967
JIO10048486,1337.52,1623.5145805050627
JIO10007427,2204.3999999999996,3734.9107393858512
JIO10057832,1797.48,1927.4915938592349
JIO10017395,1740.12,1984.1931806021514
JIO10008876,2971.2,1706.2005671713866
JIO10010174,2145.7200000000003,2790.5351166540627
JIO10052690,7175.52,3791.1657507723376
JIO10037987,3385.68,4099.216166278929
JIO10041757,2329.68,2637.490624668132
JIO10004094,1412.28,1359.8580438373936
JIO10002623,1642.08,1486.6251996564504
JIO10025929,2872.8,2613.3125005989696
JIO10000087,1302.24,1187.9655530817074
JIO10044900,1204.92,1369.616529345287
JIO10003633,4506.96,4575.895654911293
JIO10006562,1102.1999999999998,1598.0093194452857
JIO10036060,1509.96,1199.949892020444
JIO10003059,2703.96,4067.7009114719312
JIO10046351,5386.68,4229.945979125467
JIO10023020,2630.52,2478.9134906978807
JIO10009312,2716.68,2642.2112896116337
JIO10019698,4295.76,2470.0016127121876
JIO10008256,2501.7599999999998,2444.2511093293474
JIO10041795,1707.96,1962.0776390591234
JIO10016430,5775.84,4259.066525011791
JIO10012566,1883.3999999999999,2302.453287363092
JIO10055098,1623.2400000000002,2228.0369308676222
JIO10062822,2727.84,3584.564100225314
JIO10032437,2388.0,3561.413727931443
JIO10040907,1158.72,2137.351515556857
JIO10046857,2216.3999999999996,2107.0299821807057
JIO10055027,1353.48,1184.1368954432392
JIO10041029,6523.68,3968.4150422541625
JIO10021278,3561.84,4244.297577257351
JIO10035499,3967.08,4635.185877454168
JIO10035286,1721.6399999999999,1979.2831616509868
JIO10047002,1159.56,2544.577469993182
JIO10016385,3720.3599999999997,3835.620766412768
JIO10041791,2072.52,2648.3994752514495
JIO10058520,3147.84,2362.676296853915
JIO10026700,2726.3999999999996,3662.2277118557404
JIO10050060,1321.32,3316.3289714888792
JIO10053401,1684.8000000000002,2483.290701330211
JIO10034494,2454.48,3145.682119398752
JIO10015130,2081.3999999999996,1949.1838425159738
JIO10008162,2008.8000000000002,2351.1030620313754
JIO10063339,2229.84,2661.8224545416406
JIO10035850,1754.28,2012.6111077487333
JIO10003449,1876.6799999999998,1936.346347848624
JIO10053857,2605.8,2481.553605795428
JIO10026817,1900.44,2262.694338533656
JIO10043705,2765.2799999999997,2784.187485597136
JIO10061807,3123.12,2811.6962740921235
JIO10002634,961.08,1232.9333643248322
JIO10064609,2197.56,2725.6637630594523
JIO10034672,3292.92,3157.6715266380675
JIO10008155,1525.68,1940.1643874768442
JIO10005383,2808.0,1883.7783067892003
JIO10001698,1882.8000000000002,2324.771575759848
JIO10060030,4490.88,2922.2289888094083
JIO10020127,3400.68,4269.4507053770885
JIO10019860,2453.88,2206.6162762610547
JIO10062442,3568.32,2224.5997129440593
JIO10032124,1657.8000000000002,2596.5747856613843
JIO10042383,1215.72,1480.4977492200437
JIO10014602,2042.16,2358.1421838367014
JIO10035993,1195.56,1232.8629016353464
JIO10034770,1598.7599999999998,1493.9436014709534
JIO10064402,1560.0,2242.9939257363267
JIO10054557,1580.88,1398.7139899668957
JIO10017756,2526.6000000000004,2436.206866009754
JIO10047825,1291.8000000000002,2216.806290120573
JIO10049236,1838.04,1526.58529198312
JIO10027356,2725.08,3017.0929485486777
JIO10009447,2712.0,2150.5971830683975
JIO10061431,2267.52,2239.992526313481
JIO10060189,1791.0,3099.514807558744
JIO10026833,1835.16,1693.8973388765926
JIO10049632,2263.44,2619.646737655964
JIO10008136,1278.1200000000001,1881.2141387722925
JIO10010499,1435.68,1827.442370997453
JIO10040497,1399.68,2201.1265941321976
JIO10048684,1339.32,1980.2968871919802
JIO10047839,2744.16,4160.9204750883755
JIO10019084,2280.36,2404.691878806937
JIO10055290,5509.32,3145.7184537261346
JIO10018647,1848.0,2971.5638032215925
JIO10044013,2785.68,2369.8851457663404
JIO10039560,1587.72,1747.9771208556947
JIO10060725,1716.96,2020.8060316198541
JIO10055891,7997.16,6307.167958471528
JIO10015444,1569.3600000000001,1191.747543509597
JIO10019294,1385.4,1232.198566734223
JIO10039607,2380.2,2973.4106886901654
JIO10031347,1255.56,1784.2534476714652
JIO10007694,3502.92,3490.673486387041
JIO10001214,2371.56,3047.4942042489542
JIO10025894,1291.56,1866.1250878213839
JIO10014297,2201.88,2725.648653694721
JIO10048830,2206.2,2322.4383524691752
JIO10011784,2697.48,2225.8744441006065
JIO10035507,1238.8799999999999,1563.4991390042283
JIO10060612,2686.92,1930.2815085160923
JIO10047656,1040.28,1294.769369930874
JIO10040976,2762.2799999999997,3192.7502401528327
JIO10042307,3214.68,4501.38484787542
JIO10062052,1058.76,1206.4016787592882
JIO10001233,1140.48,1464.3186818334514
JIO10059840,1742.7599999999998,1374.1098428631326
JIO10060686,3601.92,3217.1779596263714
JIO10009779,3257.04,3985.141319227328
JIO10005777,4539.6,5865.599703622319
JIO10064708,4615.08,4145.0559247812125
JIO10036608,2233.2,2137.7122160638683
JIO10005569,916.44,1896.2808879080144
JIO10041088,2166.48,1792.4589780051665
JIO10050162,4015.2000000000003,3646.8698938906487
JIO10049787,2077.08,1921.9455221389867
JIO10043071,1817.88,1945.9131891598206
JIO10015818,1572.3600000000001,1594.0300964489875
JIO10052250,1945.44,1879.055901901188
JIO10048447,2101.92,3077.047102068909
JIO10033941,1635.84,2589.3438293919207
JIO10025732,2041.08,2614.891219858464
JIO10012069,2246.16,2497.600310772521
JIO10061523,3285.7200000000003,2650.233416358007
JIO10004561,2746.56,3162.232738367927
JIO10037307,1216.08,1530.1678066273776
JIO10026458,4174.799999999999,2783.787646262282
JIO10060948,2127.0,2403.8573702297
JIO10031858,2908.68,3217.568545594602
JIO10043457,2767.92,3722.0735431206554
JIO10056041,1863.72,2102.818449602634
JIO10055442,7390.5599999999995,4369.921467494194
JIO10059835,1754.04,1915.9142007303917
JIO10060072,5423.5199999999995,3987.565547408861
JIO10060917,6292.200000000001,3384.6120633013556
JIO10015153,2664.96,1402.2160073450636
JIO10001036,2607.6000000000004,2381.9226892694915
JIO10057241,2389.44,1898.5994016630148
JIO10006576,2395.56,2934.541122012371
JIO10037162,3122.3999999999996,2591.2888554074625
JIO10050634,953.76,1248.742777215969
JIO10029590,900.0,1222.9369290946318
JIO10011223,1380.6,2332.374817226821
JIO10056435,1830.96,3139.3147712239884
JIO10005542,4362.4800000000005,3855.6903328368185
JIO10051081,2788.2,2823.821976000924
JIO10023794,1600.08,3512.55168952049
JIO10014969,3500.5199999999995,5854.557572804087
JIO10040634,2638.08,1643.021888220355
JIO10009679,3814.56,3788.694212895502
JIO10019310,5825.5199999999995,4282.562752284647
JIO10030170,1844.52,3289.572673172162
JIO10012196,3775.44,2220.4919216114495
JIO10032905,2727.12,3851.49549765735
JIO10036393,1968.2400000000002,2160.569494562069
JIO10009165,3469.7999999999997,1947.82411786537
JIO10049001,1369.1999999999998,1238.4965359761138
JIO10054103,1618.44,1424.7856967848516
JIO10020131,2278.68,2455.4348770576607
JIO10054405,4170.12,4889.959663986298
JIO10012951,2335.8,2439.5876598437453
JIO10037879,1974.48,2198.171714174684
JIO10047412,1545.96,1967.9229069642847
JIO10038446,1130.4,1330.7819895411264
JIO10033992,2448.48,2428.309780753535
JIO10015550,2911.92,4042.306658347316
JIO10048271,1935.0,1619.9863823417359
JIO10052333,1963.3200000000002,2911.479459424135
JIO10042877,3462.96,3361.2340159689593
JIO10046311,3807.6000000000004,2502.833438577506
JIO10022906,2232.96,2237.9368416967136
JIO10030374,2937.6000000000004,3251.0350450520227
JIO10027050,3956.04,3002.137276520446
JIO10008808,2969.3999999999996,2477.516555910836
JIO10006837,1988.7599999999998,2076.9434640118875
JIO10050957,3246.4800000000005,2553.372718874922
JIO10023856,2446.8,1462.736357420988
JIO10006172,3533.3999999999996,2748.983781049363
JIO10021403,1440.24,2031.4782682518544
JIO10013667,1138.44,2397.5494282364193
JIO10005351,1997.28,1902.3222021283736
JIO10050813,3506.88,3060.7378984455336
JIO10015562,3466.44,2692.5874996213174
JIO10013126,4423.92,4096.537158886011
JIO10007175,1184.8799999999999,2109.686554878398
JIO10015212,2022.0,2314.4782451153383
JIO10045724,2803.92,2920.6372946821143
JIO10062941,2121.6000000000004,2609.8120804898035
JIO10033501,928.8000000000001,1344.9355823371195
JIO10046161,3317.2799999999997,2405.849094657274
JIO10002798,2900.52,3266.2010217493444
JIO10057945,3598.44,4278.810090464357
JIO10035439,4159.92,2977.761103674709
JIO10000808,1203.84,2215.2106163728076
JIO10037531,2960.88,2971.8293136993507
JIO10005268,1571.04,2185.7071368933384
JIO10010857,2321.64,3334.886348297521
JIO10054551,5005.799999999999,6340.90161786959
JIO10048324,2173.32,2335.337848830209
JIO10012302,3244.92,3554.1663998824847
JIO10041683,1479.6,2510.7841086112853
JIO10026082,1929.48,1860.2017313139381
JIO10008884,2128.56,2354.250222573131
JIO10061643,2126.2799999999997,2773.9052411302728
JIO10040787,1300.92,1215.2781797314915
JIO10007480,4148.88,3537.2697496849337
JIO10032496,2715.96,3186.7072361202154
JIO10002972,2757.36,1767.161845919112
JIO10024518,1077.24,1610.0689356682271
JIO10033672,1491.1200000000001,1434.3523856991037
JIO10037813,2571.84,2688.4916069260644
JIO10004503,2068.32,3247.5743684529734
JIO10003329,1524.0,1780.9020893493714
JIO10054605,2804.3999999999996,2780.3876793915097
JIO10046971,5087.4,6740.453944315893
JIO10025549,901.3199999999999,1378.0009323967786
JIO10040281,900.0,1180.6215535381373
JIO10028680,1821.48,2536.210157350598
JIO10038361,2149.2,2394.8859291097474
JIO10023815,5208.72,3440.9371148933524
JIO10036103,1452.24,1405.2385502994816
JIO10027668,900.0,1637.0612189385092
JIO10054017,3752.88,3991.8352454513592
JIO10026057,1972.56,2370.343125313371
JIO10049612,3290.5199999999995,3321.124362014823
JIO10018685,4133.4,3103.708524006094
JIO10009901,2543.88,2427.0159406353023
JIO10033054,4986.96,5587.8199895205535
JIO10040743,1584.72,1224.7915424925504
JIO10007768,2031.72,2355.6157067749614
JIO10047294,2759.04,3199.3715199375365
JIO10001762,3215.3999999999996,4029.366120216668
JIO10055856,3195.4800000000005,3811.8071448806068
JIO10028493,2364.0,2408.8665021032143
JIO10042054,1585.92,1194.386271565628
JIO10048703,2272.44,2335.0736662182408
JIO10022699,1034.76,1365.0800546594614
JIO10052434,4220.64,5730.423529365079
JIO10012520,3383.3999999999996,2242.3382611206566
JIO10040259,900.0,1485.652689172723
JIO10042948,1353.1200000000001,1597.4019554634128
JIO10002697,1919.28,2037.7146442442695
JIO10052823,2077.56,2357.0369313283104
JIO10000966,2334.2400000000002,2514.5132325990544
JIO10002719,9016.2,5452.711027131522
JIO10004326,1678.56,2489.7221070174282
JIO10031951,2793.84,2928.484225300496
JIO10051984,2892.7200000000003,1869.971589614265
JIO10050946,2495.7599999999998,1843.696077741152
JIO10023977,1825.1999999999998,3307.177042035496
JIO10010481,1739.6399999999999,3012.1987462907964
JIO10009742,1006.6800000000001,1260.1396723504577
JIO10058463,1565.88,2326.9920662258983
JIO10058453,1561.56,2074.4292177111556
JIO10053292,1093.08,1183.2204457017112
JIO10023220,1952.7599999999998,2167.8541601292623
JIO10047634,900.0,1203.1240743929743
JIO10033645,1609.3200000000002,1702.8296441248735
JIO10005436,1720.6799999999998,2139.562882157994
JIO10009526,1893.84,1936.8808638108028
JIO10010425,2672.7599999999998,3773.6738521848238
JIO10034072,2179.08,1706.5875224169954
JIO10032233,2347.92,2219.0345967500343
JIO10035713,2837.7599999999998,3967.7029202893477
JIO10035216,2134.8,1609.8998333722975
JIO10048539,2379.48,2215.3307802557047
JIO10045632,1323.6,1273.548154843839
JIO10064298,2601.12,3148.049416623982
JIO10031021,3341.76,4073.0692839924627
JIO10034666,1643.28,1923.190268828638
JIO10001998,3051.84,3015.7681724169965
JIO10062731,2211.96,2299.776399532723
JIO10063826,2837.88,3571.143691927378
JIO10029211,2533.32,3133.460107684359
JIO10036128,3332.04,2420.060436043282
JIO10015716,1526.6399999999999,1449.0116640020312
JIO10063285,2293.8,1861.152012712252
JIO10034747,2209.8,1376.1034348824937
JIO10038139,3125.76,3698.2885833782143
JIO10053089,2600.2799999999997,2724.5921470176254
JIO10056782,4088.5199999999995,2975.114965082697
JIO10007280,1863.12,2790.7185222986636
JIO10031074,1595.28,1866.104244499559
JIO10034349,2215.56,1513.0601583863456
JIO10006359,1997.88,3538.8623032769824
JIO10018437,6611.039999999999,2998.550270261658
JIO10032803,1052.4,1193.141579109687
JIO10018023,4184.16,2817.303228898527
JIO10002967,4214.5199999999995,3508.062067963203
JIO10021579,1872.48,2360.6934487202557
JIO10022785,1112.28,1239.8973735466118
JIO10004805,3279.4800000000005,1854.6271492087678
JIO10052949,2556.36,2697.954134936049
JIO10060805,2062.2,2063.1427453733927
JIO10013493,2233.08,2927.638528446939
JIO10001438,1300.56,1669.6257037428331
JIO10027288,1187.6399999999999,1304.3851807265487
JIO10052435,1534.68,2886.2460130270947
JIO10047841,2138.88,3276.1796447466295
JIO10044749,5173.5599999999995,2716.7696519975916
JIO10057025,3609.96,2469.512127985564
JIO10021938,9888.84,8499.529354061511
JIO10055933,2703.0,2245.991392700608
JIO10054398,2013.72,2393.491569011685
JIO10010727,945.1200000000001,1359.27760549503
JIO10061546,3631.68,4066.438484454711
JIO10058360,2341.92,2411.4498733438068
JIO10017007,940.08,1212.6074465321508
JIO10026302,3890.6400000000003,3567.729347307027
JIO10055128,2914.44,3950.33369486928
JIO10029608,1620.48,1459.292683140105
JIO10032589,1227.72,1384.1195060783311
JIO10064479,3112.92,2958.4027339378713
JIO10003614,3007.56,3196.8461283763277
JIO10041418,2122.2,2312.373456947973
JIO10036853,1900.1999999999998,2331.7222698827327
JIO10056628,2189.16,3724.0246143984537
JIO10039060,2292.6000000000004,1835.708086685998
JIO10030596,900.0,1402.2781105004983
JIO10004802,4095.0,2836.5903174546384
JIO10034186,3247.92,2889.53773586703
JIO10048933,979.6800000000001,1407.4571163353578
JIO10011208,1611.72,1355.503567316003
JIO10046354,1274.28,1280.8231618825444
JIO10027242,1086.0,1669.1597331383427
JIO10032179,2819.04,2920.279820300267
JIO10042522,1762.3200000000002,2538.2336675850092
JIO10012225,6490.4400000000005,3973.7056523482843
JIO10061755,1443.3600000000001,1120.5209073887725
JIO10043695,3276.24,3505.7046942378734
JIO10041486,5134.4400000000005,2708.0128798132514
JIO10003119,1349.8799999999999,1356.1131543878444
JIO10064247,985.6800000000001,1572.977185552443
JIO10003094,1286.6399999999999,1216.2586142380726
JIO10048036,3402.6000000000004,6381.077469347745
JIO10043656,2669.3999999999996,3175.405952916541
JIO10011067,1297.92,1606.7606337960367
JIO10036827,3383.3999999999996,3268.7256991776435
JIO10053824,1338.24,2429.000824825284
JIO10063862,1683.84,3002.8295591027027
JIO10008911,3225.6000000000004,3499.2453136538334
JIO10019023,2264.16,3979.2090822217924
JIO10064052,900.0,1210.656868390977
JIO10031797,1266.48,1540.2636975137875
JIO10035084,1395.24,1948.2081892294511
JIO10029047,1341.6,2147.3849413928547
JIO10001181,1775.16,1700.4943560299282
JIO10025653,3354.12,2461.334211221052
JIO10048635,1639.1999999999998,1788.2391574757019
JIO10029786,1804.3200000000002,1634.3986606907717
JIO10006302,2759.7599999999998,2809.346987619541
JIO10007567,3537.7200000000003,3279.475635552633
JIO10024313,1919.3999999999999,2099.038546843306
JIO10008379,3004.68,2464.209692304467
JIO10031688,2541.84,2351.089796822408
JIO10057396,1694.7599999999998,1921.2923475484554
JIO10033595,2867.2799999999997,2297.988019141157
JIO10053555,1873.6799999999998,3186.8234048571812
JIO10054524,4060.2000000000003,4040.1468763584994
JIO10041999,9540.119999999999,6519.202108223935
JIO10047216,1915.44,2241.289730381574
JIO10024367,1531.56,1270.3850775059743
JIO10020830,6588.36,3804.4687817816716
JIO10022219,953.04,1231.8176581550981
JIO10053534,4367.88,3303.8017413469306
JIO10005024,2374.56,2453.983392274798
JIO10059861,1213.1999999999998,1745.4459405031016
JIO10058332,1140.48,2327.093479381193
JIO10036833,4479.84,6166.527772609893
JIO10055966,3097.32,3248.941063656182
JIO10031451,2076.2400000000002,1787.9649300310446
JIO10060451,2178.6000000000004,1263.6842567204708
JIO10005783,1498.8000000000002,2716.5413992086023
JIO10007628,4648.08,3652.1901455212073
JIO10003900,2709.0,2951.142387982334
JIO10018007,1195.44,1442.9995894503477
JIO10015711,2626.08,2212.8641798960857
JIO10003099,2032.6799999999998,3395.9202106104276
JIO10006674,3987.6000000000004,3530.0935842376457
JIO10023131,1544.28,1967.4681790579289
JIO10035758,1496.6399999999999,2008.3135184237508
JIO10015102,6068.64,4274.578693633169
JIO10004922,1543.44,1820.5451903130313
JIO10021310,1503.1200000000001,1716.581742491146
JIO10003145,1845.0,2268.771430014803
JIO10035609,3289.08,2813.0783638428443
JIO10056632,1659.0,2251.0600582365337
JIO10010015,3806.2799999999997,3270.668226815433
JIO10005784,2404.68,2382.1569849279967
JIO10001109,3199.32,2752.983626429972
JIO10013439,3917.2799999999997,3329.0439362280886
JIO10013554,1529.16,2094.35409049981
JIO10033918,2341.56,2382.8645659493764
JIO10009035,900.0,1254.8123585341586
JIO10035646,2481.48,2957.052904671906
JIO10053165,1750.1999999999998,2357.7099871953683
JIO10046875,1369.32,1444.303350264415
JIO10007842,4085.04,2552.656984807965
JIO10005036,1615.44,1917.7032651416919
JIO10039516,2009.88,2384.131068761184
JIO10025338,2052.84,2222.2517323964266
JIO10023103,2513.52,2440.1465382472543
JIO10034549,1654.44,1680.725630718005
JIO10011197,1658.7599999999998,3328.1111711652557
JIO10041421,2864.88,2607.446306325718
JIO10025632,1186.8000000000002,1921.5243748420876
JIO10032813,2388.12,2113.7147424015498
JIO10035448,2131.2,2155.6285136956353
JIO10033058,3250.2000000000003,2262.5515717404683
JIO10047282,3085.68,2603.962159694866
JIO10018195,938.04,1428.2749969797553
JIO10059382,1946.16,2160.359196055634
JIO10011274,1102.08,1372.010382502926
JIO10051161,2307.12,2414.9778292928095
JIO10015737,2661.0,2225.1928657345347
JIO10059173,7995.0,4595.965172918672
JIO10014178,1173.24,1369.5039373354673
JIO10005006,1970.7599999999998,2388.867647333572
JIO10026779,2361.6000000000004,2652.7125243052683
JIO10034631,900.0,1360.4114017510929
JIO10021343,6347.52,4129.155461339394
JIO10042924,1309.8000000000002,1493.4181399976273
JIO10040707,1544.16,1735.6080209369438
JIO10007660,2053.92,2353.8464522903682
JIO10059000,2312.88,2448.910336626028
JIO10059916,3009.2400000000002,2967.427434187159
JIO10009164,5156.28,4382.4176285845015
JIO10046421,3894.3599999999997,4092.0634464389495
JIO10046521,3096.6000000000004,2678.091385392091
JIO10051195,1494.84,1225.3977983959512
JIO10032156,1465.92,1693.7006915955142
JIO10016932,3007.8,2398.909029937978
JIO10057883,3533.3999999999996,2909.489385301072
JIO10044736,3566.2799999999997,4219.867648615229
JIO10052776,3664.68,3123.872352390422
JIO10061178,2234.7599999999998,2318.129639082415
JIO10043020,1841.16,1731.8812158036053
JIO10030916,4101.96,2951.595321266902
JIO10045158,1810.92,2586.475158451635
JIO10062877,1024.32,1400.1878097289068
JIO10024637,2225.52,3827.301167686257
JIO10057376,2581.8,2729.7066385203725
JIO10040509,2421.84,3134.045175634839
JIO10051342,1818.3600000000001,2280.6803727811703
JIO10011037,1370.28,1240.9474601103752
JIO10034392,5183.4,3232.658634997966
JIO10003252,1171.1999999999998,1346.8234793460435
JIO10031250,1149.48,1401.7516180859855
JIO10040641,1905.12,1768.0096945511468
JIO10019548,2908.2,2622.522748947497
JIO10035923,918.36,1399.5910536847562
JIO10053779,5580.12,3290.39277305243
JIO10061644,2720.16,1698.8385820165645
JIO10054153,1145.52,1238.911323694428
JIO10048705,7853.76,4768.843239742971
JIO10012810,2421.2400000000002,2879.7191464540224
JIO10063632,1854.72,2471.7059814930644
JIO10019658,1540.56,2370.9949694204965
JIO10048752,1524.84,1698.0969298929392
JIO10055134,1214.8799999999999,1185.0161449589755
JIO10015558,3417.6000000000004,2562.2889244072367
JIO10038471,3362.6400000000003,3324.4741342241955
JIO10021656,2054.2799999999997,2470.5338905668254
JIO10040948,3236.04,1545.159090886361
JIO10053137,1096.44,1191.3241504521004
JIO10035383,1891.6799999999998,1869.8069177818827
JIO10028517,1395.72,2430.8005090055985
JIO10005232,5358.6,3264.8602196534616
JIO10016506,2615.52,1890.8772677789916
JIO10004009,3308.6400000000003,2434.649866308187
JIO10063860,2116.32,3058.272030460804
JIO10009034,2048.52,4060.188628547734
JIO10004643,2476.44,2216.080031169106
JIO10044269,1730.16,2458.1999464496084
JIO10008729,1122.72,1183.6358327250489
JIO10044075,4318.32,3412.729924219712
JIO10060193,3020.04,1657.0076008623823
JIO10029656,2647.92,1913.281802351625
JIO10003818,7494.599999999999,6366.006955395788
JIO10013692,1161.96,1291.3212254927457
JIO10048095,2864.52,2260.437733712323
JIO10058619,2450.52,2628.2861294728045
JIO10035031,1467.0,2435.662481723992
JIO10018628,5408.16,1910.7377011454494
JIO10005862,3851.3999999999996,3720.3751233886856
JIO10003297,1524.72,2226.9233078221096
JIO10001350,2048.7599999999998,2140.4760343596668
JIO10056230,2538.36,3460.5075782973645
JIO10042248,1876.08,2153.2071078060694
JIO10062468,5268.96,3716.9767115240475
JIO10052948,1555.44,2108.152960052676
JIO10051720,2274.0,2239.861380468185
JIO10020002,1981.56,1680.884376095482
JIO10045633,2332.2,2084.1886223230385
JIO10011819,2565.0,2776.7073499807448
JIO10064166,1901.7599999999998,2289.8913144745666
JIO10025874,2207.2799999999997,2407.932309347031
JIO10040640,6662.64,3960.8313292347316
JIO10046485,1636.92,2356.8217028111144
JIO10014274,1598.04,2280.256718179259
JIO10044155,2490.96,3418.0484037666615
JIO10056285,4663.5599999999995,6309.475540892928
JIO10057588,1431.96,1226.2960025299199
JIO10036589,901.92,1189.8303373751246
JIO10044490,4104.36,2887.2067434754454
JIO10062394,1923.3600000000001,2072.627209134857
JIO10062099,1254.1200000000001,1692.9781455099767
JIO10047820,2942.52,2707.222880083116
JIO10062433,3246.84,2984.7331770414935
JIO10057044,5197.799999999999,3892.320541602568
JIO10055435,2036.28,1707.143608120006
JIO10049435,1069.8000000000002,1214.544978183622
JIO10057938,1079.76,1196.5744118257455
JIO10021974,1533.96,1468.6160555901774
JIO10059198,4049.04,4008.775204582083
JIO10040051,3093.6000000000004,3691.241368485849
JIO10002021,1253.52,1745.1623228485646
JIO10009450,1896.3600000000001,2804.782551345475
JIO10000190,1319.16,1997.4537410501491
JIO10038984,3575.2799999999997,2243.270098954081
JIO10040988,2469.84,2019.7054325820206
JIO10010490,1258.8000000000002,1185.5288721010102
JIO10026391,3148.32,2517.642383221017
JIO10048804,1986.3600000000001,2301.0134071158855
JIO10057053,1737.48,2269.4627123001387
JIO10005580,1257.1200000000001,1260.1686543100889
JIO10044226,2550.2400000000002,2906.759784518815
JIO10034561,1991.7599999999998,1713.0227346395664
JIO10051598,2504.88,3553.187745055322
JIO10004648,2653.2,3304.5688641765473
JIO10051212,1782.72,2218.736843747101
JIO10033325,1956.84,2278.3414761994804
JIO10009350,2943.36,2045.6623144117177
JIO10010326,2408.16,2960.841671931569
JIO10003052,1715.7599999999998,2608.2590387670975
JIO10004677,2684.64,4202.305654228253
JIO10044877,3227.04,2558.274961260295
JIO10002802,4308.12,3287.606704774282
JIO10024118,1278.84,1195.996602276297
JIO10023860,3371.5199999999995,3910.256600987902
JIO10001236,2074.44,1483.7099258503142
JIO10020043,4718.76,4291.652560105883
JIO10039111,1300.32,1507.3981760073782
JIO10015065,1075.68,1187.270251354222
JIO10040459,1241.04,1392.5922996511524
JIO10018957,2357.3999999999996,1658.98584925873
JIO10002084,3405.12,3314.441754964205
JIO10037389,2339.52,2401.816835178045
JIO10033650,3153.7200000000003,3336.5816024784317
JIO10013370,2970.84,2685.4732730091864
JIO10063532,1459.68,2661.5770633315756
JIO10026381,1344.24,2130.9996728038846
JIO10008742,2806.92,3800.6243209197287
JIO10021749,1329.72,1908.1894214836384
JIO10021461,2199.84,2071.503252889079
JIO10005147,1243.68,1638.715064856023
JIO10050991,6737.88,6104.420235787926
JIO10055306,2518.68,2298.3024893179927
JIO10033203,2136.7200000000003,2234.4060037844306
JIO10035121,1762.8000000000002,1874.135020470351
JIO10014434,900.0,1452.30670285282
JIO10010324,1596.96,1487.4774759964087
JIO10040150,5860.200000000001,4425.263418314333
JIO10023094,1462.56,1727.3089303083439
JIO10032572,1779.12,2605.4874854207183
JIO10009940,1623.84,1564.2380608683402
JIO10059127,3196.08,3113.982119011763
JIO10044791,1761.84,1798.7373981879746
JIO10001422,1797.84,2165.871076516712
JIO10054061,2928.36,3618.77919851797
JIO10037401,1510.44,2199.986196671105
JIO10002437,1987.1999999999998,3123.978112344067
JIO10037700,2591.64,2471.462774528105
JIO10061424,1714.3200000000002,2503.051326853327
JIO10054645,1878.3600000000001,2589.352943536138
JIO10024924,4220.5199999999995,5387.62080572317
JIO10044595,3962.2799999999997,3323.6434275995543
JIO10019162,3548.04,3313.3989247274967
JIO10063182,4427.4,3972.6984059918523
JIO10035794,3741.0,3077.5352301833623
JIO10053783,7557.0,5216.063600563663
JIO10038229,5787.36,3995.52648159834
JIO10026470,2779.32,3103.970392818485
JIO10010826,2779.68,3268.462488485192
JIO10002051,1829.6399999999999,2129.023610899113
JIO10026781,5622.6,3279.133438022975
JIO10017151,2023.56,3342.894312139795
JIO10041122,1331.6399999999999,1917.9607085244968
JIO10041252,1322.76,2515.852689090265
JIO10041082,1011.72,1280.081255474836
JIO10031216,3474.7200000000003,1953.6243377598764
JIO10039319,1301.8799999999999,1260.4595337064848
JIO10020326,2341.92,2834.368963615996
JIO10027811,4410.24,4955.268825147814
JIO10030071,8081.280000000001,3922.5223341491214
JIO10028444,1715.16,2103.3737966437307
JIO10007132,2894.2799999999997,3080.7989404395034
JIO10040371,1343.04,1858.3488260973734
JIO10028425,2798.04,2379.5213968242965
JIO10043189,2042.7599999999998,2677.0229539048023
JIO10050218,3873.4800000000005,4078.162060993503
JIO10005459,2156.04,1952.9262416737317
JIO10050549,1852.1999999999998,1699.7486025921069
JIO10048328,1414.92,2147.287979952801
JIO10013431,1418.28,1921.6819999684715
JIO10051143,1396.56,2171.421173761637
JIO10011158,1864.3200000000002,2689.2773124323244
JIO10031981,3368.3999999999996,3615.459335781806
JIO10042393,3108.4800000000005,2868.964777305197
JIO10054130,1896.12,1946.579169446973
JIO10015964,2890.08,3081.2808917394013
JIO10039725,3799.68,3991.03650900791
JIO10014533,1445.76,1775.7455799982429
JIO10007931,2007.12,2130.3560386145764
JIO10035063,2093.7599999999998,2383.322245081422
JIO10034934,3675.24,5983.117846922136
JIO10045630,3250.44,4439.8564093695895
JIO10006251,2270.64,2708.7759030368875
JIO10018125,4021.92,5607.242470448343
JIO10022732,1081.68,1530.987784611001
JIO10038741,2384.7599999999998,2617.54926035064
JIO10011040,1019.52,1170.433429286397
JIO10058811,3093.12,3580.5490441260395
JIO10057775,3500.6400000000003,4508.469883329931
JIO10003883,1056.3600000000001,1377.977514128483
JIO10028971,1378.08,1971.5951000519276
JIO10063428,2332.68,3598.77481300494
JIO10008284,2182.2,2163.8352649436724
JIO10053664,2282.64,3315.0823256992057
JIO10020186,5018.88,4480.08460139601
JIO10042470,1219.68,1699.2829127246005
JIO10020888,2121.0,1709.826300999583
JIO10038305,5632.4400000000005,6006.9558540944145
JIO10057255,1621.56,1481.726555228734
JIO10017464,3225.0,2632.482836318068
JIO10064018,3204.96,4322.04612801132
JIO10060004,2208.6000000000004,2066.9688401263297
JIO10040416,1514.04,2053.7126861373035
JIO10044048,2726.04,2952.4840962814496
JIO10012849,1996.1999999999998,2760.1198535690805
JIO10047819,1161.1200000000001,1289.416524036522
JIO10047648,1169.76,1197.3940245677957
JIO10024448,2935.56,2415.0213078501415
JIO10046687,2593.92,3054.9952235992787
JIO10046868,3860.6400000000003,3027.2223072453867
JIO10037418,11913.72,6011.370164874433
JIO10032404,1738.3200000000002,2353.6169427355303
JIO10010432,3334.32,2503.365445680019
JIO10064712,2604.48,3193.1175014542428
JIO10041695,1469.16,2279.375748985656
JIO10042848,1206.1200000000001,1441.153249629846
JIO10029848,1309.68,1982.8388322747537
JIO10042088,1900.92,2768.305568821945
JIO10047284,2402.88,2050.158650609593
JIO10064404,950.64,1247.9289652467178
JIO10038911,1291.1999999999998,1554.0475334377884
JIO10048045,4804.92,3115.9298570773403
JIO10015218,1840.8000000000002,3572.791113647864
JIO10025015,2193.7200000000003,2510.5260254328273
JIO10056003,2176.08,2203.8489184184727
JIO10044733,3282.24,4784.782324629313
JIO10047805,4587.0,4774.067480380426
JIO10040767,900.0,1187.803362677452
JIO10008433,2618.88,1894.0298292676596
JIO10061614,920.76,1239.3538873158454
JIO10001807,3764.5199999999995,4628.067136982993
JIO10012497,3075.6000000000004,2379.9982033727374
JIO10064292,1989.0,1878.697036836633
JIO10005486,2238.48,1891.7871962882489
JIO10050219,2233.92,2202.7899746656385
JIO10017324,5251.5599999999995,2376.5869504417683
JIO10058716,7938.599999999999,6403.467315455243
JIO10062700,1269.96,1695.1909115008334
JIO10034083,2352.84,4040.296435916235
JIO10031277,4061.6400000000003,6882.420271620652
JIO10031263,4719.0,3577.0328249571626
JIO10021961,1321.44,1322.684701816415
JIO10029901,3230.2799999999997,2413.8597203638965
JIO10059276,4735.5599999999995,2877.9090564372736
JIO10005951,3759.12,4092.9449216070266
JIO10046203,2421.6000000000004,2591.347992648906
JIO10051533,3494.6400000000003,2472.220690747195
JIO10064515,2769.0,4008.815565519822
JIO10018707,2428.68,1748.6793558946108
JIO10017072,3503.04,4442.245023380601
JIO10018488,1452.0,2364.9263765876026
JIO10051332,2690.2799999999997,2498.0195286937346
JIO10061527,2542.2,2967.2381169269975
JIO10057606,3135.3599999999997,2039.4106923472252
JIO10034014,2024.04,1453.5722103855983
JIO10050902,900.0,2272.4591772274352
JIO10055871,1922.6399999999999,2598.476769176743
JIO10064293,6606.12,4091.4081596786605
JIO10048004,3744.12,3320.155867195446
JIO10061838,3842.16,4756.783081607038
JIO10046430,1568.16,2672.557729994961
JIO10025652,1959.6000000000001,3050.431971883176
JIO10015164,2141.7599999999998,2632.8594758738654
JIO10014571,5276.64,5309.7878390108635
JIO10003959,2812.2,4025.0168469015525
JIO10060978,1181.4,1313.1081198214913
JIO10029894,4706.64,3025.2894147714824
JIO10002849,1677.12,1993.7773790829337
JIO10062512,1374.96,2463.4026366359817
JIO10001033,3023.52,2699.7845666038543
JIO10019906,2779.32,2102.910014918279
JIO10020988,900.0,1175.4272972971514
JIO10053377,3689.3999999999996,2800.408387458304
JIO10063448,3454.44,3553.480473122521
JIO10048573,1902.3600000000001,1373.8535517487996
JIO10021161,3429.6000000000004,3090.777672206532
JIO10002533,1929.12,1639.369838769759
JIO10023439,2162.7599999999998,3522.4944197998443
JIO10040446,954.1200000000001,1510.6369329341483
JIO10036167,988.6800000000001,1434.4883736244085
JIO10003872,2521.2,2270.005367226024
JIO10023479,3949.56,3297.3478509289052
JIO10057659,4802.16,4596.910683962916
JIO10048788,2518.92,2449.7848571843815
JIO10016971,6133.08,7186.221144540912
JIO10050016,2604.2400000000002,2598.12245776107
JIO10045106,3418.08,2241.9739522315367
JIO10057508,2286.96,3676.8272482595066
JIO10037998,2375.52,2572.548933501808
JIO10062273,2505.48,2390.3500928838025
JIO10029268,2631.48,3602.950107009127
JIO10050517,7650.24,6240.390559963228
JIO10020634,1690.44,1936.751798486313
JIO10025720,4503.0,3763.2968200820133
JIO10011860,1670.16,1207.513345201229
JIO10040872,930.5999999999999,1189.200143860982
JIO10057648,2363.88,2447.917262046501
JIO10017692,1574.52,2125.6591778452207
JIO10054341,1800.2400000000002,1545.789490883644
JIO10061504,1786.1999999999998,3309.7463972898527
JIO10041956,3162.4800000000005,2405.467334117727
JIO10026850,3502.92,2681.8531400920915
JIO10057284,1897.3200000000002,3597.1136315918293
JIO10006136,2535.96,1403.1844232020312
JIO10014949,2758.68,2643.606429181148
JIO10013648,949.56,1177.6698993813018
JIO10064189,1640.04,2197.729590743587
JIO10043316,2886.36,4329.579430908937
JIO10035451,4159.68,4247.742961320987
JIO10041239,2789.16,2466.1705444845784
JIO10059604,1847.28,2203.9052550050797
JIO10042112,1272.24,1738.0253729955864
JIO10062556,2912.2799999999997,2783.760618375382
JIO10040893,1926.84,2360.327753901215
JIO10024590,1435.44,2218.004729271334
JIO10049911,2608.68,2941.882844280528
JIO10054115,1891.3200000000002,2261.756040854681
JIO10021950,2417.52,2253.263210435948
JIO10061837,2200.44,2593.0618990135035
JIO10049993,1296.3600000000001,2072.717315932334
JIO10058744,1377.72,1586.9851385004238
JIO10013108,7409.280000000001,5997.203036781343
JIO10034332,4021.56,4470.499860648912
JIO10011964,2601.2400000000002,2958.54523617681
JIO10028659,1490.52,1670.6956286338104
JIO10015372,1136.28,1171.405203737282
JIO10003979,2857.08,3333.551370799878
JIO10033287,2711.2799999999997,2161.330906195244
JIO10027706,5336.5199999999995,2998.768782906031
JIO10042767,1813.1999999999998,2274.486770454739
JIO10038023,2821.8,2242.4596363127876
JIO10037921,1289.8799999999999,1615.0323807605555
JIO10009185,4717.32,2957.5560184951623
JIO10053884,1697.7599999999998,1962.357852448321
JIO10001652,5203.68,3318.9362414222924
JIO10045663,3632.6400000000003,2636.2179364303797
JIO10027681,948.96,1376.1840274166489
JIO10031657,1947.0,1476.103693309661
JIO10018540,1333.92,1905.867052101971
JIO10050792,1382.52,1916.1070114510796
JIO10052102,1485.48,2644.558823472811
JIO10002734,976.1999999999999,1396.091568365805
JIO10047645,2044.44,2340.285869994767
JIO10025249,1844.88,2278.523715349914
JIO10009393,3210.96,2477.334229570498
JIO10062874,1544.04,1403.25364260464
JIO10014516,2257.44,3001.019260693609
JIO10022858,3486.6000000000004,3570.625693475209
JIO10053920,7213.799999999999,3833.315453673085
JIO10005392,3154.08,3220.741715658118
JIO10050597,1836.6000000000001,2431.233088875808
JIO10029118,1530.84,1750.0947801549376
JIO10053883,1502.8799999999999,2591.690556743049
JIO10031824,2679.96,3004.2371067587487
JIO10004973,2035.92,2614.724872453084
JIO10039488,3848.3999999999996,3361.7939597229165
JIO10016002,2123.88,3028.9069978337816
JIO10062996,3070.2,2733.623668045746
JIO10027501,4155.6,2651.7774480177063
JIO10006048,5251.32,4984.122801391873
JIO10002515,2487.12,1877.898040170252
JIO10024125,1032.48,1606.5301994234176
JIO10025082,1200.48,1198.683383417877
JIO10021589,1520.52,1347.1752802250944
JIO10011177,2381.88,2099.818599972771
JIO10041343,3244.56,3280.1925945814496
JIO10061878,1129.32,1246.8556570616543
JIO10045939,1806.6000000000001,1908.5255787091178
JIO10010079,2458.32,2689.1067173603046
JIO10040887,2552.88,3113.3500000801723
JIO10031516,2522.3999999999996,1648.2272258319877
JIO10037092,2183.2799999999997,2889.48928649568
JIO10005883,1619.04,2618.0036679009395
JIO10021483,1671.0,1755.7153228320976
JIO10045541,1357.8000000000002,1205.7535776850377
JIO10000493,2054.04,2755.9357566236463
JIO10046358,2880.7200000000003,2928.088531154104
JIO10003613,1825.56,2406.7937872717157
JIO10042625,1463.16,2955.6554365163747
JIO10044046,4785.4800000000005,5719.461210405594
JIO10037744,1475.8799999999999,1961.8374383472858
JIO10055662,1190.52,1270.5369244785065
JIO10023923,2300.52,3002.734539848828
JIO10034939,1875.72,2310.1859319621185
JIO10014328,1656.0,1690.6145703197894
JIO10057364,2329.32,1968.4380584530788
JIO10021199,2496.6000000000004,2353.542908467614
JIO10000242,1436.28,1756.9097350229838
JIO10020446,3608.6400000000003,2289.808741152289
JIO10014527,2101.2,2991.364582651323
JIO10052444,1683.84,1953.1468319731407
JIO10059700,1588.8000000000002,2420.8339868139797
JIO10002618,1160.4,1292.1124754000623
JIO10032063,3916.7999999999997,4248.487447047609
JIO10010381,1925.04,1601.5604364602339
JIO10020153,2287.56,2208.2228829032783
JIO10053869,1522.8000000000002,2142.1242473101374
JIO10014256,4982.04,4914.77561982478
JIO10041848,1642.3200000000002,1184.1405582823427
JIO10050950,1425.1200000000001,1774.5847572572377
JIO10061270,2968.92,3035.105062645216
JIO10012402,5116.5599999999995,2679.8868111877728
JIO10032483,1989.0,1698.0950867992437
JIO10060786,1688.88,3049.4503441013744
JIO10010010,915.96,1632.6735340224675
JIO10032189,2145.7200000000003,3371.23098039249
JIO10039674,3909.96,3551.9444316577515
JIO10003751,1556.04,2228.377509612018
JIO10027164,2403.36,2454.264938646465
JIO10026496,1637.52,1724.8505778735794
JIO10031864,4516.68,3496.056009249427
JIO10045001,5943.36,7405.71418076077
JIO10028719,1476.0,2017.5154212382754
JIO10047108,2067.2400000000002,2022.8041655593431
JIO10016739,1279.92,1486.2896119210163
JIO10051156,2877.96,3078.002021958966
JIO10022934,4488.12,4984.16084320182
JIO10031574,3505.7999999999997,2112.318030059937
JIO10031488,1109.4,1577.537425387181
JIO10022749,1604.88,2171.308563701052
JIO10011172,4786.799999999999,4376.2985576989895
JIO10039414,2203.92,2602.3595085097677
JIO10006598,6088.4400000000005,3754.7165262766616
JIO10015903,1392.72,1777.9714856930566
JIO10019078,15960.84,5937.631949938688
JIO10033154,1244.8799999999999,2048.110431543647
JIO10007312,2540.16,2252.1852136869447
JIO10000080,2276.16,2405.2763609673543
JIO10043805,8213.64,4809.228940079819
JIO10038964,995.76,1236.8024577958024
JIO10061153,2275.2,1765.3069781558634
JIO10054587,1965.72,2085.2975243339706
JIO10008670,1755.96,2292.368899938948
JIO10006018,1997.52,4194.459920058077
JIO10004185,2973.84,1871.241308269142
JIO10058830,2660.2799999999997,2347.749613115668
JIO10063659,2410.92,2382.2262999677364
JIO10046556,8386.92,5701.243342580563
JIO10039508,2576.16,3190.8371419117248
JIO10023069,1565.3999999999999,1880.940503715475
JIO10054218,5267.28,3674.658847899944
JIO10003643,2821.8,3562.9022869108844
JIO10006593,2514.48,2512.8714842204026
JIO10033497,1579.3200000000002,3354.7237421153995
JIO10008173,2074.68,2154.457985534459
JIO10015196,2394.12,3192.4515004412624
JIO10024073,5611.4400000000005,4170.217635104503
JIO10008021,1310.28,1994.6926325786235
JIO10006604,2919.48,2670.5963765833803
JIO10012665,1452.96,2000.8404100947869
JIO10053424,1860.3600000000001,1734.1255568756
JIO10046731,1675.56,3156.7200863471244
JIO10011769,4161.96,3478.349918061119
JIO10054161,3988.7999999999997,2782.048735136034
JIO10035485,5050.92,4776.936494317593
JIO10055233,1988.52,3916.2210336749254
JIO10009027,1282.92,1724.3622238010132
JIO10055765,1356.96,2198.8567033411487
JIO10040955,2002.92,2623.794981612364
JIO10028202,1278.96,1214.8393564286705
JIO10014232,1188.3600000000001,1207.2978264657065
JIO10061499,2433.0,1929.989010397593
JIO10014402,1397.04,2199.311556850777
JIO10054428,2142.36,3099.045501341801
JIO10035711,2204.52,2342.1224737467655
JIO10045829,1187.04,1206.3482990109899
JIO10022866,2242.8,2726.0427649409567
JIO10001784,2158.44,2447.2841153670115
JIO10043597,1743.12,1693.206727929684
JIO10030954,1173.6,1445.253327183
JIO10055348,3252.4800000000005,3569.415829880485
JIO10004751,1090.56,1580.6719139611887
JIO10015294,4793.64,4368.835217026184
JIO10004263,2465.04,2223.552029552003
JIO10032939,1014.72,1642.37704554577
JIO10003688,2486.04,2387.766410087959
JIO10016973,1404.48,1567.0133808815506
JIO10020907,2940.48,2735.671271132766
JIO10059434,1883.7599999999998,2378.338648688828
JIO10064386,2768.04,3528.65709434106
JIO10059035,2382.36,2214.437344535742
JIO10009853,2020.3200000000002,1669.524311365773
JIO10052721,1637.52,2056.821671222997
JIO10047462,1382.8799999999999,1341.148164418094
JIO10036010,1330.8000000000002,1273.797586359062
JIO10030776,2152.2,1748.2599063500602
JIO10026809,1874.88,2925.724287474712
JIO10007451,968.04,1325.8987302681787
JIO10052698,1939.44,2570.8785415773136
JIO10042788,4439.16,3646.161455171338
JIO10020467,2030.04,2231.3653645987574
JIO10055766,1929.6000000000001,1977.354655674847
JIO10032269,6349.32,4277.776949210449
JIO10025866,1364.8799999999999,1828.4942890823036
JIO10042679,1356.72,1361.4709580718418
JIO10029204,1554.6000000000001,2194.1098015671705
JIO10038010,1299.1200000000001,1295.1129897760363
JIO10042722,1343.76,1809.7115888707483
JIO10026111,2080.08,1901.4926584462453
JIO10052521,3069.48,3038.249451401206
JIO10002482,2678.3999999999996,1976.359487153353
JIO10004828,5693.76,3649.899198224979
JIO10063923,1413.6,2173.9868176623886
JIO10048957,1293.1200000000001,2439.0531229358376
JIO10009501,1840.3200000000002,2199.8333938431188
JIO10017590,1869.84,2063.586076440109
JIO10005691,5094.0,4761.891121376176
JIO10050635,3368.76,2159.9375461886657
JIO10048878,2302.2,2963.738493466609
JIO10047723,2581.56,3388.807480399948
JIO10037455,2391.48,2361.9695656928084
JIO10060812,1841.04,1637.1280527914726
JIO10040854,2042.88,2166.905795316916
JIO10007346,2953.56,2700.6590879034457
JIO10026318,5281.4400000000005,4096.266684067688
JIO10003448,2136.7200000000003,2536.335941813621
JIO10031985,1894.56,3567.823792021572
JIO10014480,1606.08,1533.6049302317683
JIO10050092,2599.32,2615.9310109271223
JIO10024361,1195.8000000000002,1881.6484253627466
JIO10007641,2742.12,2895.4836329690274
JIO10016063,2391.84,2243.024550900237
JIO10049358,2003.52,2228.7282226758266
JIO10000679,3023.16,3350.645010545484
JIO10043692,1881.2400000000002,4269.930400644921
JIO10047936,1446.3600000000001,2704.676009699103
JIO10062418,3451.2000000000003,3137.912798448065
JIO10016399,1725.96,2034.1997331122845
JIO10016988,3622.7999999999997,3993.944482637221
JIO10022295,1527.6,1424.4878866732581
JIO10044719,2864.88,3171.3203155090196
JIO10021128,1608.84,1868.501399768014
JIO10054918,2335.2,2576.0402843765883
JIO10010405,2566.8,2912.0856858781467
JIO10006386,3103.68,2161.2110380821227
JIO10052663,1139.8799999999999,1393.7109294374104
JIO10028744,1123.1999999999998,1190.340526966433
JIO10010904,3088.56,1911.8804129051748
JIO10001944,2426.2799999999997,1565.3157586939371
JIO10047345,2219.64,1387.872221048
JIO10019988,1318.1999999999998,1289.8380052266386
JIO10042533,1629.6000000000001,2257.7396992902522
JIO10042488,913.3199999999999,1317.6224673802387
JIO10042686,1403.28,1478.0992129111255
JIO10003888,3275.04,4093.4107636827493
JIO10025682,2279.7599999999998,3184.714616443541
JIO10054096,2565.12,3679.795498261347
JIO10014820,1095.24,1204.4853898995666
JIO10018185,3228.3599999999997,2294.342398756141
JIO10002089,3326.5199999999995,4304.909819887578
JIO10039897,1238.4,2187.1656255624957
JIO10018729,2959.44,2351.7781903307678
JIO10053632,4233.36,4254.202734768896
JIO10003072,1817.7599999999998,1681.0148951739498
JIO10011507,1149.1200000000001,1167.1381647842952
JIO10032689,2763.12,4999.229774956247
JIO10059471,1946.7599999999998,2214.982622263052
JIO10025318,3411.7200000000003,3340.3295360359743
JIO10052012,2332.56,1939.9844443151928
JIO10009341,2919.6000000000004,2914.4810498999445
JIO10032132,2435.3999999999996,2732.244366937349
JIO10039474,2827.56,2185.7393475368735
JIO10004239,1169.16,1777.9948218751415
JIO10030476,3413.88,2388.2446333896596
JIO10062786,1221.24,1327.646176236263
JIO10038015,1506.72,2185.450999214656
JIO10041168,3014.04,2791.051566099651
JIO10052804,3126.96,3346.1979047296823
JIO10053474,1191.72,1918.1621811727478
JIO10037557,1624.08,1957.30923846152
JIO10024061,1537.56,3056.0427189768725
JIO10050780,1429.08,2388.715814720044
JIO10051179,900.0,1655.4166690176837
JIO10039831,1406.8799999999999,1344.991905581176
JIO10037086,1587.72,1403.0776055651677
JIO10050725,3271.68,3859.597149708709
JIO10057194,3643.32,3535.7892396297343
JIO10025695,2937.48,2732.4146816377092
JIO10011747,4538.16,3946.7292448085104
JIO10002506,1383.96,1711.1884907932763
JIO10030784,3677.2799999999997,3962.275154008243
JIO10043843,1761.84,1931.8951694329053
JIO10056982,3033.7200000000003,2205.610712141046
JIO10040774,2583.6000000000004,3598.334590144946
JIO10030442,6963.36,3721.578166498281
JIO10007870,2414.3999999999996,1933.2010097750183
JIO10007327,1985.3999999999999,3156.4555329279924
JIO10053805,1114.44,1180.3997557800665
JIO10004572,2430.48,2209.0826234748106
JIO10023386,1920.2400000000002,2428.68819555285
JIO10016760,1391.6399999999999,2371.770442834733
JIO10020171,2167.2,1931.8896166567738
JIO10040789,6173.16,4409.218362309359
JIO10043662,3318.0,3144.8617280587578
JIO10002685,1951.6799999999998,2474.9777328437413
JIO10034525,3341.76,3538.79996653345
JIO10059139,1652.88,2426.60092787857
JIO10019130,3354.12,2825.867949718394
JIO10035149,2562.6000000000004,2622.96981232265
JIO10035282,900.0,1238.8153583441501
JIO10063667,2025.0,2282.815814602485
JIO10010777,3944.3999999999996,3223.194723159598
JIO10024410,1762.8000000000002,1396.9732089336924
JIO10003338,1200.72,1354.291330543006
JIO10023238,2706.84,3455.781423572733
JIO10007988,4453.32,3875.936847053307
JIO10050885,6278.52,4109.761676289118
JIO10032524,2250.6000000000004,1649.104166536963
JIO10019027,2446.44,2393.221181267489
JIO10004501,1532.76,2291.9746306985794
JIO10043912,1694.88,2326.93256659826
JIO10030803,4356.12,2416.7928928508863
JIO10013048,1553.52,3014.908609477575
JIO10022889,1480.32,2293.9713756586184
JIO10000510,1848.12,2112.133434873335
JIO10013877,1411.08,1649.098029538623
JIO10035970,2336.52,2382.223268427607
JIO10053780,1999.08,2056.515603607187
JIO10005841,1482.6,1455.8816969054267
JIO10060584,2367.96,2745.199565475187
JIO10060128,3667.92,3349.035559735976
JIO10057722,2202.7200000000003,3308.3731692547544
JIO10012858,2673.0,2672.4564351615836
JIO10060938,2169.6000000000004,2657.198742825325
JIO10064134,3610.08,2910.7754249236577
JIO10003386,1149.72,1320.6578772961927
JIO10048135,2507.04,3576.166429811845
JIO10004535,2494.56,2483.849578849394
JIO10029328,1913.16,2136.6951747963553
JIO10034302,2815.68,3894.7418859857175
JIO10022418,1914.72,1809.825199141434
JIO10002879,2924.52,2077.3962871752406
JIO10006437,1547.16,1527.6316101422988
JIO10061872,2041.3200000000002,1359.4632166450456
JIO10003097,6730.08,4417.762585751181
JIO10005216,2382.2400000000002,1728.4691158316834
JIO10037483,1394.28,2416.083335540083
JIO10047882,2101.56,2170.4836611848464
JIO10029623,3038.2799999999997,2908.5806768636357
JIO10033782,2477.04,4170.77348786808
JIO10010530,4924.200000000001,4103.079453368838
JIO10030885,3052.68,2219.941599794503
JIO10047082,3404.04,2806.8902113312042
JIO10035094,1968.2400000000002,2197.034001507
JIO10063592,1938.48,3978.008744573874
JIO10010113,2717.7599999999998,3154.664837948047
JIO10018816,3160.44,3501.431345317404
JIO10064262,2095.92,2258.4208555692944
JIO10054211,1133.76,1184.1314687112001
JIO10036509,900.0,1619.5701907075838
JIO10031536,2260.44,1671.5894822751266
JIO10012416,1618.44,1718.231310525261
JIO10009980,927.72,1885.9422500288572
JIO10013781,3079.44,2809.434181375733
JIO10009899,2984.04,2683.103356081364
JIO10005236,4216.200000000001,2930.5066087354967
JIO10035306,2326.44,1686.3046121902382
JIO10000746,3018.48,2730.633229432215
JIO10064197,3877.7999999999997,4721.411937059467
JIO10043595,1683.2400000000002,1922.925174633701
JIO10009781,4268.16,3607.634506004216
JIO10040142,3824.3999999999996,2829.9987902108896
JIO10047822,8996.039999999999,4342.014101052417
JIO10022359,1575.12,1791.8452351638764
JIO10054347,2611.44,2605.0392852023638
JIO10046437,1008.36,1253.0600389461747
JIO10041188,1905.6000000000001,2737.924071704402
JIO10001815,1524.84,1667.395205475519
JIO10052025,2754.84,2360.2857146418473
JIO10021472,2740.68,2298.785628140141
JIO10008769,2043.2400000000002,1709.2443024343138
JIO10014158,1269.1200000000001,1477.5793256413535
JIO10026366,6989.88,6246.0642930875665
JIO10050006,6542.88,2599.396424472546
JIO10048113,5232.96,2499.5925429227636
JIO10062727,3758.6400000000003,4423.609864808838
JIO10007698,3511.2000000000003,4314.23785339331
JIO10032163,3464.6400000000003,6456.451788429375
JIO10022345,4496.76,2971.4719093944004
JIO10002651,2273.88,1694.619661526659
JIO10023820,2655.7200000000003,3608.7312158660334
JIO10024761,900.0,1186.6850684590463
JIO10022773,1555.3200000000002,1930.9511606452982
JIO10044494,1874.88,2370.2089008074176
JIO10003467,5129.76,3887.9371979644475
JIO10015591,3690.7200000000003,6089.506194559232
JIO10004725,1405.92,2216.3738813747623
JIO10014762,1605.0,2699.447737999061
JIO10051404,4765.5599999999995,5842.8023257966015
JIO10041393,2141.52,1961.7115295889225
JIO10036144,1086.24,1478.4654236962524
JIO10051120,3489.84,3297.3314069959947
JIO10047883,3449.76,2922.926673613043
JIO10026156,2035.92,1853.7140172768113
JIO10050910,1799.7599999999998,2526.7424229971466
JIO10038121,2706.96,3606.762372648764
JIO10031548,1727.16,1902.129086596564
JIO10022480,3037.92,3772.893159725152
JIO10023939,5283.72,3784.349832012073
JIO10027182,2130.96,3250.010994022945
JIO10056658,1117.68,1497.9952266221333
JIO10013999,1530.3600000000001,1348.5375822139656
JIO10039938,2391.48,2644.4574451708086
JIO10003927,1283.8799999999999,1835.746642743999
JIO10042835,5651.4,4214.984626257528
JIO10052935,2801.2799999999997,2873.7772931993527
JIO10006708,1341.72,1234.9613456446345
JIO10019901,3470.6400000000003,2955.597398093572
JIO10052330,2509.68,2371.513205216977
JIO10034993,3314.3999999999996,2932.391858799621
JIO10002694,1551.3600000000001,1507.8612877479854
JIO10058759,2378.3999999999996,2678.9591146469265
JIO10028451,3914.6400000000003,3807.7759389603852
JIO10030488,1889.04,1229.964748101172
JIO10034894,1515.6,2677.0151362847696
JIO10014613,2110.08,1309.1295796921997
JIO10037130,1550.28,1481.8024403560153
JIO10044514,2587.44,3216.2485947379987
JIO10034913,4535.76,4236.458273492752
JIO10048971,2190.36,2198.56478266722
JIO10029509,2505.12,2618.304989180223
JIO10053251,1507.8000000000002,2193.2337541580823
JIO10064673,1472.52,1637.2869507071612
JIO10061638,1564.44,1300.4091061880545
JIO10020046,2738.04,2314.6261323296253
JIO10041096,1214.52,1271.7493533689749
JIO10007633,2938.92,2997.7134913384575
JIO10034230,2980.08,2739.908233806852
JIO10042508,1248.1200000000001,1493.0045136210936
JIO10062882,1569.0,1704.188373216839
JIO10004402,2301.6000000000004,1956.4072734187416
JIO10024335,5990.88,3386.5761532917854
JIO10059396,1693.1999999999998,1925.554346021425
JIO10037563,3591.84,4846.194545785497
JIO10026325,3141.3599999999997,2695.312818010787
JIO10053218,1324.1999999999998,1261.5857099004647
JIO10017453,1942.1999999999998,3388.1767397077515
JIO10013279,2205.7200000000003,1713.0439160725437
JIO10033440,2260.56,2143.9844539306987
JIO10006234,1849.8000000000002,3748.4027643175677
JIO10023817,1613.28,1553.1950152597321
JIO10040177,4242.4800000000005,3675.840306103114
JIO10034154,1535.04,2665.775704458725
JIO10027922,4169.28,4027.3237509773617
JIO10037867,2246.88,2444.907622909728
JIO10062559,1117.92,1191.8355386468133
JIO10031306,2899.32,3248.0777229709674
JIO10025071,2203.32,1715.437163269609
JIO10021615,1231.32,1787.4368066950892
JIO10001817,3176.5199999999995,2002.9585736022525
JIO10013356,2079.84,2039.382879172851
JIO10048154,2287.56,2466.0204951941496
JIO10012096,1077.6,1372.4808613192517
JIO10030991,1110.48,1214.2835298182238
JIO10029943,2913.7200000000003,2002.1425920673191
JIO10010553,3094.08,2520.155862299428
JIO10040659,2012.7599999999998,2755.9764906313476
JIO10053074,3807.4800000000005,3458.3810535146026
JIO10044453,1394.52,1340.6332745664595
JIO10059986,2011.3200000000002,2166.5680043385937
JIO10044161,8352.36,3918.6632571029686
JIO10050429,3380.6400000000003,2989.020737704174
JIO10059093,1171.44,1196.3258420342681
JIO10005976,1125.24,1317.8614158289508
JIO10010444,3262.7999999999997,2715.5632756554787
JIO10009520,2572.08,2158.5908108908466
JIO10040105,2497.8,2203.7792263070846
JIO10010125,4149.0,2657.2529126227187
JIO10050703,1536.0,2864.6816079367577
JIO10051240,1441.8000000000002,1163.0517124901944
JIO10002031,2481.36,2688.9502254368995
JIO10049120,3311.16,4062.599123287021
JIO10009065,3084.84,3594.6511093028084
JIO10037698,4049.16,2296.8378684923173
JIO10018674,4288.68,3222.940908490232
JIO10031476,1097.52,2525.624882845926
JIO10009567,2420.04,3018.3080771783666
JIO10056399,2068.92,4375.383043538073
JIO10010142,1059.6,1407.4561764112186
JIO10022366,2260.44,2714.7356333924495
JIO10040288,920.28,1158.1301894107553
JIO10043339,974.64,1225.4036830206583
JIO10036515,996.24,1243.1741590361821
JIO10009424,3169.44,3070.3976389457034
JIO10006626,1463.28,1723.8284636085477
JIO10005491,2699.2799999999997,2590.9441761642543
JIO10046953,2663.88,2191.05811118538
JIO10038925,2489.2799999999997,4020.2302074744907
JIO10063537,1630.6799999999998,2382.804944427911
JIO10030765,1747.3200000000002,1697.5274952405896
JIO10010359,3083.16,2366.93690505983
JIO10051582,2797.2,2937.8723049286136
JIO10029795,2957.04,3390.9321263960996
JIO10031694,2912.7599999999998,2704.3479232999357
JIO10040455,3715.32,2423.809634780979
JIO10028353,2052.48,2714.6005841136407
JIO10045110,1916.28,1955.2968299963907
JIO10016537,2256.48,1492.456142077632
JIO10035870,2400.48,2127.858610264365
JIO10053959,4398.24,2898.089159888822
JIO10064488,2870.16,2549.753222236417
JIO10003466,1411.44,1786.3983994143646
JIO10056664,2329.92,2210.404081567522
JIO10033487,3183.3599999999997,3958.685987111632
JIO10038481,1032.48,1200.5464153974067
JIO10018331,1293.1200000000001,1307.1134015373523
JIO10013991,1137.24,1171.7870660915953
JIO10025286,1730.88,1912.6583427465368
JIO10039098,1075.56,1276.3475753725354
JIO10011390,2030.28,2019.2808580908174
JIO10040890,1063.1999999999998,1683.2437777212692
JIO10022627,4741.799999999999,6164.430364619154
JIO10020288,1664.88,1366.097747942661
JIO10019776,1962.6000000000001,2598.6629622082614
JIO10054655,2378.52,2644.586358322852
JIO10059988,5260.200000000001,3752.6816561309256
JIO10015224,2384.7599999999998,2720.606767000557
JIO10005389,4652.64,3595.2395347050306
JIO10063549,2858.7599999999998,2165.2699147891462
JIO10044690,4930.5599999999995,3841.7864120518725
JIO10024766,1009.44,1182.6805224814577
JIO10047414,1089.84,1206.0187720185272
JIO10054533,2621.7599999999998,1871.715041763243
JIO10042030,3372.84,3512.259978346418
JIO10008814,2043.2400000000002,1991.1546772507
JIO10046614,3179.2799999999997,3414.782989488622
JIO10003710,1925.88,2549.634033088784
JIO10006639,3461.5199999999995,4060.0180685240807
JIO10016187,5490.96,4841.225569684893
JIO10052229,1416.6,1177.1140498496686
JIO10001353,1811.52,2190.0464968350043
JIO10046338,4233.84,4003.5331435952935
JIO10028416,1407.96,1671.2251989791446
JIO10043412,1764.2400000000002,2396.643372401779
JIO10054777,1559.6399999999999,2097.478129038964
JIO10013604,3762.12,4157.03637197883
JIO10060108,1822.56,2356.2394217716133
JIO10000945,2431.92,3476.395084416383
JIO10023701,2620.8,1781.8132552616726
JIO10014266,3391.08,1889.537176434088
JIO10009936,982.3199999999999,1693.080132395653
JIO10039234,2196.6000000000004,3264.19772497898
JIO10057351,3423.0,3441.009264982079
JIO10021351,2480.04,4610.337950838754
JIO10019574,1709.04,3149.048787094661
JIO10043320,1317.48,1953.0026647315146
JIO10055970,2016.0,1879.307782674825
JIO10001887,4038.7200000000003,5234.5020762484655
JIO10023982,1889.52,3169.3147640071843
JIO10033400,4381.200000000001,5685.359059464515
JIO10036112,4257.84,3451.079902038021
JIO10022679,1962.84,3877.13553768911
JIO10001187,2435.7599999999998,2668.086948335835
JIO10020250,1089.24,1949.9020210003807
JIO10024454,2753.2799999999997,2361.6406152731493
JIO10009303,2657.04,3112.241965692449
JIO10030825,2510.16,3943.3787916522156
JIO10025533,3291.0,5033.268627977221
JIO10063355,1342.68,1176.7655109516108
JIO10030161,3067.8,2383.8358971038256
JIO10034543,3796.68,4628.275107826817
JIO10059833,1816.56,2988.614448926747
JIO10024151,1883.3999999999999,2559.737415349306
JIO10049832,3861.3599999999997,5217.053539153911
JIO10042557,1632.12,2436.2871441598622
JIO10054860,1825.1999999999998,1687.0390568157306
JIO10002003,1853.52,2969.5231546292894
JIO10037391,3829.7999999999997,2891.085644966159
JIO10027714,2451.36,2391.711712944466
JIO10055190,3210.12,3737.6815252133165
JIO10037139,2584.2,2611.7300824269046
JIO10040626,2645.3999999999996,2987.4729962755778
JIO10026000,1565.16,1796.5925316026621
JIO10010543,1357.1999999999998,1771.3691491339177
JIO10046034,1742.16,2696.5909200733627
JIO10037231,5372.5199999999995,3185.0401322884895
JIO10063213,3526.32,6309.254215251782
JIO10062785,978.8399999999999,1420.3585195377998
JIO10038439,3474.3599999999997,2703.075206545558
JIO10061653,3305.76,2075.902900532661
JIO10061398,1535.28,1200.9621469012534
JIO10041669,1338.24,1578.5503878371205
JIO10049392,2647.44,2340.7995151335376
JIO10029829,1392.1200000000001,1337.8303141094066
JIO10026921,1825.3200000000002,2428.999551706124
JIO10020491,2644.08,3441.6342041605017
JIO10051360,2531.2799999999997,1647.2056873296963
JIO10055496,1889.3999999999999,1902.243543899636
JIO10045792,2082.36,2679.9171455082615
JIO10049902,1500.72,1918.5413121567794
JIO10026061,7515.960000000001,4981.408645773528
JIO10054544,4224.6,3688.455293426704
JIO10009092,1916.6399999999999,3349.0416114003656
JIO10048359,2456.16,1476.62406741679
JIO10033831,1838.04,2700.7329597085823
JIO10021120,3184.92,3353.4936228100837
JIO10059617,2874.48,2071.676698554552
JIO10023672,2165.64,2606.0880525355165
JIO10031767,2322.96,2346.046107526726
JIO10003691,3898.2000000000003,3394.144301230886
JIO10026672,2450.64,2603.4944592905563
JIO10055745,2278.92,2377.2180601436357
JIO10025973,1792.3200000000002,1869.5938775753307
JIO10055623,2409.7200000000003,2376.3712327460116
JIO10033734,910.3199999999999,1166.9340896733697
JIO10062471,2613.36,1935.9097866529191
JIO10022832,1857.72,1216.1547517485178
JIO10037896,1806.96,2303.1162999446137
JIO10013475,982.6800000000001,1237.205548249339
JIO10047991,1543.8000000000002,2214.012228643836
JIO10004790,900.0,1449.4076441185823
JIO10005477,3420.3599999999997,2078.4224028567405
JIO10019043,1996.08,2661.0469995966164
JIO10029362,3142.08,2993.795942216775
JIO10007960,2853.0,2558.6667736389163
JIO10004613,1944.0,2109.306916431216
JIO10055177,8509.68,3760.318765684467
JIO10059114,1483.56,2050.213409793715
JIO10046266,2162.3999999999996,3651.434896953185
JIO10000860,2880.12,2331.494214464693
JIO10062925,1794.2400000000002,2280.3865585972558
JIO10058252,2821.8,1860.9843683922966
JIO10031779,1507.08,1210.5147372077408
JIO10030548,2917.92,2542.4603831590766
JIO10055425,2222.2799999999997,2781.4873817466464
JIO10000607,1691.6399999999999,1982.2295991599947
JIO10025740,5696.76,3551.307109199214
JIO10041686,4143.12,3971.9443771936394
JIO10006070,4746.24,2726.2121459282466
JIO10006116,3607.08,3881.929790840641
JIO10005898,1250.4,1733.800573123797
JIO10024617,3242.2799999999997,3086.449713126708
JIO10049279,1746.96,2187.419738029885
JIO10011145,1986.72,2360.384738111652
JIO10063964,1985.3999999999999,1898.7267557474095
JIO10058458,1514.76,1386.9883109126802
JIO10036366,2374.56,2000.5224232131593
JIO10039439,4098.36,2675.8172225606413
JIO10030623,3479.04,3886.2530108640576
JIO10039178,1642.6799999999998,2467.4036248028087
JIO10014019,3660.6000000000004,6089.660274384025
JIO10054084,3248.16,3921.9768797862916
JIO10042103,1681.92,1650.9761310650508
JIO10008084,2465.3999999999996,2372.321648827805
JIO10000031,1528.8000000000002,2342.163241218962
JIO10022688,4724.04,4014.3800104937695
JIO10002255,2535.48,2971.6428461900728
JIO10014393,2280.6000000000004,1501.127428774108
JIO10040841,2408.2799999999997,3993.8302388749876
JIO10059219,900.1200000000001,1297.9652443981568
JIO10027400,2574.48,2204.909755939552
JIO10000894,3996.4800000000005,5665.38410313406
JIO10025050,2250.96,2736.72304739264
JIO10042510,1919.3999999999999,2282.820621936981
JIO10029737,2104.8,2724.2396129981325
JIO10061457,2148.48,2088.1492554950682
JIO10005125,3426.3599999999997,3032.3438569675245
JIO10025096,1670.7599999999998,2463.255630029029
JIO10010912,2422.92,3499.671158694806
JIO10057922,1609.1999999999998,2591.69672419719
JIO10005169,1889.52,2361.075651090116
JIO10053758,1762.6799999999998,2260.3544742015006
JIO10039332,999.48,1288.6195492754532
JIO10048683,1001.52,1273.3364216550365
JIO10008151,1567.8000000000002,1706.7403935544671
JIO10017185,3170.5199999999995,3751.817985199398
JIO10010223,2130.2400000000002,1986.0015008218982
JIO10049209,4526.76,2788.632736382821
JIO10025807,900.0,1203.6656643218096
JIO10003847,1597.92,2455.1578565446484
JIO10026384,2735.88,2662.6363598490598
JIO10004908,1680.12,1863.0212242402051
JIO10060162,3787.2000000000003,3026.713171073885
JIO10052939,2127.6000000000004,1926.4639558557553
JIO10063079,4267.32,3536.345519983718
JIO10037780,2756.52,2923.831933759538
JIO10029134,1075.08,1256.7185653384493
JIO10050152,6027.4800000000005,4449.008043136358
JIO10036478,3810.96,2275.7268864756106
JIO10056376,1981.8000000000002,2233.933484322771
JIO10013959,2237.04,2896.974685763925
JIO10027431,5453.64,3999.175739193243
JIO10050858,2594.16,2954.3237272986084
JIO10043294,1832.28,2839.4243472945404
JIO10000546,900.0,1225.9815762627804
JIO10054798,2447.2799999999997,2918.8275503160003
JIO10016460,993.0,1240.7765873531362
JIO10007557,1501.1999999999998,1526.629281009837
JIO10011357,1114.8000000000002,1242.44595383765
JIO10060727,3281.5199999999995,2848.7292608444045
JIO10043315,1276.92,1872.8584734925287
JIO10057345,2676.36,4133.216723957064
JIO10037042,1677.48,2090.66938740953
JIO10011285,1942.1999999999998,1998.8345600502475
JIO10045837,1755.48,1924.0608015455914
JIO10053120,6481.68,5618.542158511782
JIO10031790,2235.48,2149.3625572709125
JIO10045324,1390.44,1517.9847843020073
JIO10012632,1551.0,1768.7533502703882
JIO10002278,3912.12,3680.083103451141
JIO10043990,6070.200000000001,6387.564137002859
JIO10059338,1066.8000000000002,1264.1154975430702
JIO10019593,3875.88,3297.22782319338
JIO10052002,2970.36,1976.7515824920968
JIO10018566,3172.08,3318.5095966957265
JIO10001644,2846.7599999999998,3195.42055626534
JIO10042723,1302.3600000000001,1730.4565142317017
JIO10024888,2393.3999999999996,2281.6062659052336
JIO10019425,965.64,1259.7368501564565
JIO10009854,3759.0,3092.643276887183
JIO10045382,2768.64,3555.394458843034
JIO10022976,3678.84,2453.646461720477
JIO10057830,1682.7599999999998,2254.796572471362
JIO10009910,1662.0,3259.2792675662827
JIO10013678,2264.04,2797.207625096477
JIO10034854,1729.08,2272.9617507735848
JIO10038533,3037.92,2442.608874566244
JIO10034834,2151.12,2304.8419194539983
JIO10032464,1402.08,1224.1341231638146
JIO10042455,1282.92,1597.4021035021824
JIO10028313,900.0,1607.6173958383395
JIO10010819,1031.52,1647.66240907705
JIO10038928,1614.6000000000001,2163.535419320763
JIO10010682,2833.44,1901.6347334629188
JIO10030944,1540.1999999999998,2369.733006798787
JIO10011723,3009.0,2705.8445044989007
JIO10058897,3124.2000000000003,2244.8340742821365
JIO10059480,3928.7999999999997,5698.090629772623
JIO10025182,1544.3999999999999,1805.9536954389566
JIO10054500,1850.88,2018.9221758414142
JIO10011589,1973.7599999999998,2354.584106367522
JIO10037152,4625.5199999999995,4062.6812003695863
JIO10028988,2063.52,2545.4841069866015
JIO10005466,2869.56,1910.12505485272
JIO10031919,2100.12,1821.0001606755886
JIO10055644,1615.3200000000002,1835.1512103095752
JIO10017470,1755.48,1741.8623117564612
JIO10017399,1593.48,2021.236846236859
JIO10045150,7076.88,3455.3129915601276
JIO10034521,2427.12,3459.866084613718
JIO10051866,1642.08,4086.5650446582586
JIO10036384,1594.1999999999998,1345.0324786602791
JIO10003726,4211.28,5097.016394537109
JIO10041028,6091.799999999999,5406.323170971376
JIO10064705,5464.68,4047.5012037693787
JIO10041613,1036.1999999999998,1364.984994372745
JIO10014391,1113.6,1209.8030988985383
JIO10010341,1667.3999999999999,2140.8879849004766
JIO10031607,1414.44,1861.6949232515863
JIO10005074,3793.44,2598.4943022407697
JIO10000655,1290.1200000000001,1947.3869663155433
JIO10058561,2822.64,2800.178378700482
JIO10033835,1167.24,1318.4504739160677
JIO10019501,3301.68,3765.2897244679634
JIO10010072,4391.76,3261.5667177249898
JIO10038963,2198.52,1373.0709326139458
JIO10008699,1994.88,2738.479372244529
JIO10041715,1981.08,2249.7905771625433
JIO10044569,997.44,1171.4056906681067
JIO10034068,1558.3200000000002,1902.4194169518541
JIO10039157,1299.84,1201.9240329692416
JIO10012334,1287.24,1661.6668789938392
JIO10015906,2458.32,1883.4398203378296
JIO10062329,3702.0,3405.290281640971
JIO10026005,13209.84,6806.900586995655
JIO10062548,2594.88,1955.0616575799606
JIO10020897,1907.7599999999998,2232.377708983244
JIO10028983,1338.6,1621.8407826141392
JIO10034915,3386.88,4294.767528953002
JIO10045689,3271.7999999999997,4502.62661663398
JIO10006517,900.0,1695.2639624317658
JIO10018057,4171.5599999999995,2660.4092205639267
JIO10037657,2694.36,2711.121235996809
JIO10020178,2572.8,1903.9886586883486
JIO10045445,2280.6000000000004,2341.387457900523
JIO10055985,2751.36,2335.671672990262
JIO10021675,2696.7599999999998,2081.5911329741452
JIO10026951,1075.68,1654.0045453722942
JIO10046006,900.0,1194.4330866675884
JIO10053976,2144.88,2363.752809987367
JIO10002586,2243.64,2475.0252419918156
JIO10033630,2341.56,2713.6787336414222
JIO10007413,1040.6399999999999,1211.0900802578
JIO10024635,2557.8,2206.856073708102
JIO10047079,1582.44,2638.0490543441797
JIO10006960,2693.16,2205.916895296176
JIO10003848,1958.88,2159.105589242599
JIO10021094,3104.5199999999995,2371.190271687226
JIO10018345,1766.6399999999999,2627.155784392993
JIO10013239,2249.16,2309.7257406575886
JIO10002520,3478.68,2949.5374767218764
JIO10000436,3893.88,3884.875173642468
JIO10054489,2321.52,3176.7838618992287
JIO10021242,2739.2400000000002,2398.3006550558307
JIO10056750,1183.92,1294.654542128239
JIO10061235,2523.48,2502.105287312558
JIO10054086,1573.08,1789.8936556115932
JIO10005923,1869.72,3117.8957685368764
JIO10024305,4365.4800000000005,3887.3575260180546
JIO10001989,2438.64,3479.3756791843534
JIO10034334,1212.3600000000001,3340.733477386394
JIO10035907,2714.04,2804.8903311651343
JIO10049892,3968.3999999999996,4275.087771316004
JIO10043532,4131.4800000000005,1729.8263376864772
JIO10021176,2375.64,3471.1173569645466
JIO10012367,1348.1999999999998,2594.392351764119
JIO10057797,1706.28,2626.307313233155
JIO10050983,2285.52,2326.7874451220723
JIO10044118,3377.3999999999996,3177.2791381050597
JIO10043867,5484.24,4351.371295701801
JIO10036080,2816.88,2590.0034465299495
JIO10045202,1332.24,1182.3178105933707
JIO10004078,900.0,1197.332279422111
JIO10050197,3361.7999999999997,3998.2853346789852
JIO10008243,2153.3999999999996,1917.946825943773
JIO10050212,1777.56,2209.49290037756
JIO10004420,3620.04,3409.6930405638245
JIO10041898,1384.08,2152.0491574610064
JIO10003405,1621.56,1732.0320570191564
JIO10027083,1905.0,1743.494987082657
JIO10013705,2935.08,3261.631213474038
JIO10006161,2059.56,1955.9408115541808
JIO10003299,1286.28,1175.523625837207
JIO10055793,1570.08,1758.2402656430688
JIO10028187,3135.84,3672.854171826157
JIO10013389,1688.04,1951.1475849204355
JIO10020044,4979.04,3279.3824619490565
JIO10015648,2149.32,2351.018438409262
JIO10041839,4862.88,3195.510302221952
JIO10021180,4584.24,2771.61257136681
JIO10044669,3183.84,3549.7571504856633
JIO10042221,2427.36,1948.0051449541725
JIO10021308,2703.7200000000003,3000.459993694926
JIO10004375,1398.1200000000001,1195.8375250969798
JIO10020441,2741.64,2793.574366858865
JIO10008541,3251.04,2736.799767275517
JIO10039902,1708.6799999999998,1771.9156289392624
JIO10003835,1407.6,2246.191799020858
JIO10045489,2345.16,4782.632883902394
JIO10046804,3468.7200000000003,3462.268783942943
JIO10059473,2687.16,2620.759490529592
JIO10039757,3142.32,2853.4290688796596
JIO10038986,1738.6799999999998,2283.2501017706845
JIO10062811,2609.88,2813.8833462879834
JIO10025272,2647.8,2437.875185506425
JIO10050642,3206.2799999999997,5506.946880081588
JIO10052674,6746.88,5729.107218919103
JIO10047189,901.1999999999999,1188.9620288415317
JIO10050120,1013.52,1234.3846868576077
JIO10041993,2323.32,3064.4970733899954
JIO10029138,2811.36,2454.654150456964
JIO10043047,1168.32,1926.7157939153278
JIO10026716,1526.04,2442.880967817964
JIO10050608,3501.84,3328.0104457735597
JIO10051728,900.0,1415.3852250778625
JIO10005600,1461.3600000000001,1211.140423206514
JIO10018770,1429.44,1444.176376025007
JIO10011838,1995.84,1466.1264122575385
JIO10026559,3084.24,2693.4341491547048
JIO10047974,4361.04,3642.2493671469515
JIO10010062,3389.16,4106.284020708176
JIO10056071,1736.04,2658.0311971137953
JIO10021443,2147.88,2577.910807983087
JIO10042110,3794.6400000000003,2655.3587190937988
JIO10046995,1368.48,1204.4344737835863
JIO10052983,1526.04,1613.1439665993564
JIO10058292,3214.7999999999997,3001.6517230965137
JIO10001297,1345.92,2162.2014012756053
JIO10036278,942.36,1406.7454517525582
JIO10000067,2258.52,3308.9999560313527
JIO10009444,1231.32,1599.8306678667068
JIO10042074,3656.5199999999995,3556.5444511175747
JIO10026298,1693.44,1620.9100538572127
JIO10029238,3263.5199999999995,4167.633298882534
JIO10031835,2004.2400000000002,2338.9904302218383
JIO10037277,1184.76,1216.856926933808
JIO10011945,2186.88,2597.377947279151
JIO10036829,2805.48,2591.8008737048763
JIO10030946,8672.039999999999,6203.616449444005
JIO10033680,1143.48,1194.3975965674285
JIO10038343,1026.72,1159.504199729679
JIO10004696,2903.52,3575.09935160705
JIO10028377,999.8399999999999,1610.1679050344994
JIO10062584,2210.2799999999997,3149.8908650934695
JIO10024193,2958.36,2641.1774719691584
JIO10031566,2127.6000000000004,3086.740589474993
JIO10061885,1664.28,2674.7089702613844
JIO10022384,6083.04,3907.7836895100013
JIO10053823,4480.92,4012.8892148592945
JIO10035567,6876.0,5009.8344381240195
JIO10030841,2541.12,3040.794881774589
JIO10016608,2232.36,2315.9478962506228
JIO10050374,3389.88,3001.869141605917
JIO10050248,1858.8000000000002,1905.487218012264
JIO10055317,1579.1999999999998,2451.770720667881
JIO10032622,900.0,1369.3234745459129
JIO10017559,1049.8799999999999,1848.2671288107226
JIO10059206,1635.96,2714.650513949355
JIO10004104,3151.56,4935.297669392578
JIO10043017,2302.68,3051.7113361746897
JIO10033710,2225.7599999999998,1375.2080451445177
JIO10017488,3725.04,4490.213365798895
JIO10008730,5841.84,4065.980523023978
JIO10043868,1865.04,2538.625457171808
JIO10029232,1345.92,1871.2846219119406
JIO10018382,2509.92,3117.274297254739
JIO10020071,4076.76,3860.1464682369005
JIO10027209,4516.68,4338.331305902242
JIO10018832,1902.48,1784.989875799644
JIO10011003,3095.16,2062.549817296823
JIO10060975,1644.96,2282.3426961908262
JIO10024257,2322.84,1987.6530177126879
JIO10021804,1438.44,1897.0050504689896
JIO10017408,1383.24,2049.9685830227977
JIO10022126,2426.52,2550.538972635447
JIO10038413,1285.68,1203.6085864132458
JIO10063353,2794.32,2266.8499903850397
JIO10030746,2727.84,2784.1425067584214
JIO10022471,1269.1200000000001,1365.7613319109992
JIO10062255,1791.48,1888.6225877687614
JIO10000806,2576.52,3407.748942789864
JIO10021897,1739.7599999999998,2161.138213439388
JIO10060430,1744.8000000000002,2703.7112691571488
JIO10035032,1766.88,1881.0628440457256
JIO10026665,1730.52,2535.1580058919353
JIO10044311,3500.3999999999996,3273.756074082236
JIO10060083,2812.2,3554.693266775156
JIO10012956,1252.56,1189.8558813831953
JIO10032167,1949.16,1855.0719043619317
JIO10028923,5693.4,3882.9245448425995
JIO10058779,927.24,1157.6772873428458
JIO10024025,965.52,1124.7703288146838
JIO10047223,1891.1999999999998,2137.9431719239533
JIO10063299,1978.56,2159.8801337159516
JIO10013972,1283.28,2234.537031416532
JIO10031817,949.8000000000001,1426.7706307885155
JIO10053011,900.0,1425.727790715095
JIO10002254,1597.92,1592.6853384727503
JIO10030744,1620.72,1300.4677249484307
JIO10050103,1612.8000000000002,1975.7268591174857
JIO10057056,2060.88,2134.320940154465
JIO10051864,1471.56,2113.3972143436667
JIO10028458,1284.24,1397.8104885286145
JIO10006131,3235.92,2792.1521435070376
JIO10028130,5080.5599999999995,3990.65756667851
JIO10025044,2092.08,1839.8595647025643
JIO10022806,1179.24,1558.4343556265062
JIO10037711,1614.96,2210.038592268091
JIO10014065,3047.88,3032.7047809287524
JIO10053163,1178.16,1941.8060072258418
JIO10037755,1847.28,2216.226641520957
JIO10037477,1137.1200000000001,1508.532839584466
JIO10021344,3411.12,3475.749698935279
JIO10013171,2368.44,2211.9920790512374
JIO10032873,1121.28,1129.2891426182264
JIO10042007,1522.08,1192.98069444866
JIO10024730,3112.32,2785.017408997191
JIO10047512,2255.3999999999996,1758.9307081437173
JIO10059019,3034.08,1881.7073764738484
JIO10047188,2961.2400000000002,2198.7110416860037
JIO10034522,3729.3599999999997,3564.2413386398125
JIO10001292,3240.96,2648.8051941955005
JIO10030418,2722.56,2876.204712174626
JIO10058066,2588.04,2756.108143896646
JIO10056490,8520.0,4827.524177463769
JIO10005297,2560.92,2609.64976699641
JIO10020903,1669.3200000000002,1702.5468650107744
JIO10033337,2539.68,4319.868802276291
JIO10030341,1940.6399999999999,3143.754742672361
JIO10049064,3130.92,3798.5800469756423
JIO10059764,900.0,1253.1969941877865
JIO10022601,2263.2,2155.714934697196
JIO10044023,3282.7200000000003,3435.6901657752
JIO10020613,1878.2400000000002,2348.0894884668273
JIO10064410,6132.6,4329.087120941002
JIO10030037,1487.28,1635.4926412610448
JIO10028463,1439.52,1191.6642220319352
JIO10040863,1298.4,1272.5155364375737
JIO10039669,3598.2000000000003,2491.2896534260954
JIO10002504,2298.84,2112.2777558355924
JIO10054370,2698.56,2311.3905024478854
JIO10022573,2281.68,2644.6782637503957
JIO10060161,2832.2400000000002,2454.462816630747
JIO10063570,1166.8799999999999,2247.275933434466
JIO10010267,1599.6000000000001,2085.9072252376814
JIO10021519,1504.1999999999998,1513.9174003885983
JIO10051384,1997.52,3020.896650058132
JIO10009514,2185.32,2342.1778108230124
JIO10044219,1315.44,1189.247967825709
JIO10020981,4336.68,2871.103604518772
JIO10004351,1018.44,1182.6837286115908
JIO10030968,3200.2799999999997,2307.4765121605365
JIO10006442,2058.12,1445.3027780924094
JIO10032979,900.0,1208.1951238958163
JIO10009293,3396.24,2249.6575334650497
JIO10015353,1602.6000000000001,1884.2309223469688
JIO10034020,1639.56,1621.3712718628788
JIO10038053,1431.96,1897.414775113266
JIO10062143,1695.12,1689.3529395347332
JIO10061749,900.0,1255.9488067469736
JIO10040673,2637.48,2543.699486541093
JIO10040782,1503.3600000000001,1713.6520267831672
JIO10007558,1419.48,1402.237733637371
JIO10010235,1784.3999999999999,3050.994969034965
JIO10063007,1536.48,1674.4329088098245
JIO10006901,1977.3600000000001,1964.3770631368054
JIO10001000,2529.48,3877.4582878548094
JIO10021110,3036.96,3347.910336010803
JIO10019758,5971.200000000001,2734.7267500372272
JIO10050706,1189.8000000000002,1825.4972085754926
JIO10002773,1949.04,1571.633575400919
JIO10001602,2930.88,2804.0310272278434
JIO10044631,1711.08,1957.6668974774695
JIO10057874,2316.36,1783.6462740901213
JIO10013939,2712.36,3287.014381291174
JIO10054660,1970.6399999999999,2680.6584680810456
JIO10012294,1784.6399999999999,2185.29306333731
JIO10002060,1256.4,1233.2581818778488
JIO10047393,1058.04,1288.6570007023022
JIO10040671,3614.3999999999996,2576.7822149430303
JIO10036637,2289.0,2636.4411568820433
JIO10009916,1583.16,2391.05692050683
JIO10004221,2757.84,2436.276006824535
JIO10058640,2191.44,2166.6976742724405
JIO10012150,2846.52,4176.735986335823
JIO10036978,944.4000000000001,1771.4085623486542
JIO10040134,3990.0,3616.005893735621
JIO10040182,4959.4800000000005,3683.1443152209745
JIO10051907,1338.6,1170.284969622436
JIO10050339,1593.3600000000001,2267.309795456829
JIO10003244,5331.12,4934.375207374651
JIO10057122,2359.32,2226.4230283579504
JIO10017341,2984.3999999999996,2787.492483513971
JIO10031261,2094.84,2597.813907687812
JIO10003622,2457.0,2690.2469418410456
JIO10052779,1418.04,1265.7943986868845
JIO10017895,3035.04,2745.377930793018
JIO10036752,4365.72,3076.2661581055845
JIO10024265,2415.84,3723.4640562115787
JIO10014487,2692.68,4087.0606401136315
JIO10044837,1407.1200000000001,1622.8773668214567
JIO10043264,1372.92,1609.9754921798399
JIO10030936,2862.6000000000004,1746.8813754494354
JIO10063319,2121.84,2647.879010608074
JIO10054283,3323.76,2882.9616377032826
JIO10001970,4469.64,5085.785199108057
JIO10000873,3129.4800000000005,3906.241596600744
JIO10010107,900.0,1491.4314217852284
JIO10038216,2362.92,3025.623876052045
JIO10053312,2037.0,1699.956884594909
JIO10054863,3375.3599999999997,2536.731954417268
JIO10040646,1698.12,2159.2139518736817
JIO10054567,2235.6000000000004,2693.210020031216
JIO10057201,2757.2400000000002,1872.6972890146942
JIO10025435,2137.2,2344.385798026472
JIO10007038,1314.6,1390.2548615192286
JIO10044475,1911.84,2207.8539638012267
JIO10016495,2419.92,2847.3426726905404
JIO10030296,1877.3999999999999,2093.7568200782603
JIO10058119,2617.44,2707.647656205891
JIO10047169,1975.8000000000002,2980.6560678581855
JIO10006741,1289.16,1931.9556218492305
JIO10062161,2513.88,2198.091348237995
JIO10021061,1499.6399999999999,1473.640625862524
JIO10040031,1804.92,2670.8173249888237
JIO10064392,3457.92,3396.3598876767646
JIO10010711,2970.36,2391.5332004953248
JIO10024600,2710.2,2641.89577667514
JIO10013187,1359.96,2627.1762442572767
JIO10046802,1289.4,1261.0929552634689
JIO10000739,1839.0,2718.1569569909016
JIO10035231,2314.2,2553.5851353860576
JIO10038607,1906.3200000000002,1784.4899181051273
JIO10002924,1934.16,1900.459169705545
JIO10000829,1238.6399999999999,1484.9702914187899
JIO10061562,2925.48,2442.0572291212725
JIO10009885,4373.76,3626.3745597281027
JIO10028878,2075.3999999999996,2057.8723100427374
JIO10001355,6897.36,3372.705848672782
JIO10056236,2761.08,3405.921936484784
JIO10048304,970.92,1193.093592462764
JIO10013985,2426.52,2938.183730583848
JIO10012476,3554.5199999999995,2275.6467110143317
JIO10026710,1646.7599999999998,2787.499439477864
JIO10039787,3012.96,3023.68465444109
JIO10033367,4239.72,3391.214443744112
JIO10011809,1152.72,1734.91813858841
JIO10002628,1714.1999999999998,1849.0538303082928
JIO10027145,916.08,1401.8668209764248
JIO10050643,1892.6399999999999,1464.485313710657
JIO10024547,1874.52,2235.024424062019
JIO10030678,2035.08,1301.2501001592761
JIO10021626,2649.12,2796.123828827098
JIO10042505,1879.92,2215.689083061464
JIO10047231,2625.6000000000004,1748.6186471905298
JIO10035472,2412.84,3291.4727478515715
JIO10041442,2347.92,3050.1523101001953
JIO10037538,5822.76,3672.3344675315802
JIO10047429,7080.960000000001,3858.7298714333647
JIO10056792,1596.6000000000001,1291.0443755619617
JIO10037301,1654.1999999999998,2386.5638621367752
JIO10058930,2605.68,2818.262018492116
JIO10010977,1664.3999999999999,1806.6131236802235
JIO10018077,1126.08,1189.8783443413183
JIO10049862,1427.04,1333.3360889377202
JIO10036019,2369.64,2266.768158984973
JIO10056190,1960.1999999999998,3287.6134010947
JIO10036351,2529.0,1907.4972241087964
JIO10001995,3605.3999999999996,3875.397349224541
JIO10044601,5921.88,5172.488708185811
JIO10019263,5843.76,4909.294512159661
JIO10037462,994.08,1174.4275244918276
JIO10026971,1714.56,1707.7624054322878
JIO10002092,1481.6399999999999,2209.9702027190056
JIO10026551,900.0,1195.785903162301
JIO10028741,900.0,1262.9059248476585
JIO10035315,1896.84,1916.9393099834538
JIO10017616,2021.88,2068.2663040375296
JIO10040593,900.0,1187.3221056782515
JIO10041658,1351.8000000000002,2570.7429348456976
JIO10014798,2168.3999999999996,1884.3954077162641
JIO10019137,8070.599999999999,6398.7698291474135
JIO10020784,2242.44,3367.9142555760636
JIO10007325,4551.6,3532.1670738267667
JIO10035932,1631.3999999999999,1578.3289505182547
JIO10009618,1778.04,1924.6745481820203
JIO10030751,2123.2799999999997,1678.9521952646148
JIO10013372,3751.56,3312.854831922162
JIO10046172,1004.4000000000001,1163.9411723219666
JIO10043242,1702.92,1289.3958089459336
JIO10035110,1608.3600000000001,1925.2115812681566
JIO10009512,2317.92,2393.250325570538
JIO10003393,3918.24,3945.235959028105
JIO10034330,2338.92,3185.1324062641925
JIO10001111,2701.92,1729.7551621126663
JIO10000400,1177.56,1237.600359172448
JIO10027097,3414.0,3041.4661495026494
JIO10000411,2253.36,2679.3957844428146
JIO10011370,2353.8,1897.9392801726563
JIO10042980,1424.04,1258.3825250324303
JIO10019192,3432.0,3129.191021018676
JIO10035340,3610.44,3189.862686648401
JIO10002957,1618.1999999999998,1890.223387316342
JIO10026717,1911.48,2642.9018753008954
JIO10001507,1742.04,1397.1306711879713
JIO10064731,2250.2400000000002,1932.36516135352
JIO10029445,2166.0,2757.016536900278
JIO10011633,1930.56,2758.6117346424426
JIO10001717,2447.3999999999996,2922.4644871242544
JIO10000293,1181.76,1113.0224839826224
JIO10040745,1128.1200000000001,1187.1465816226766
JIO10002992,4567.92,3683.3821137172054
JIO10033208,1688.6399999999999,2009.3561650992763
JIO10026050,3226.7999999999997,2561.4739381017525
JIO10037487,1695.84,1167.7692565171878
JIO10058988,1506.3600000000001,2148.193430219922
JIO10000114,1870.44,2501.8369637002297
JIO10035199,2479.56,2937.083199525049
JIO10053708,1857.3600000000001,1890.2313491191921
JIO10041206,1563.6000000000001,1982.1520405036538
JIO10027160,2261.3999999999996,2503.245853349806
JIO10025578,2512.92,2136.3173413661675
JIO10029983,1722.2400000000002,1203.433634811652
JIO10005882,1308.3600000000001,2376.4156565083395
JIO10032558,1283.16,1626.5359467564235
JIO10026778,1637.52,1737.783991148737
JIO10039320,3969.0,5459.635417725724
JIO10032847,1976.3999999999999,1926.3894547180564
JIO10062553,900.0,1214.5966687888372
JIO10045145,2590.44,2616.9267730458273
JIO10052560,2519.3999999999996,2658.0774465000845
JIO10037906,2207.04,2146.633994163982
JIO10045975,1694.16,1384.2120122879528
JIO10062856,4270.200000000001,4155.785220136803
JIO10002711,2376.36,3409.95070011102
JIO10033380,2043.0,2600.821577766322
JIO10053781,1051.32,1167.8327280358599
JIO10027984,1887.6000000000001,1921.9723469169107
JIO10012027,3390.96,2481.098623250167
JIO10006392,1355.04,1246.3217845774514
JIO10044103,900.0,1181.1530163959487
JIO10036063,2978.7599999999998,2955.1838668804603
JIO10012048,1804.44,2099.700277881367
JIO10016998,5108.5199999999995,3239.1607666765003
JIO10011373,4212.12,4307.904483784461
JIO10052904,900.0,1460.4341507850925
JIO10051069,2502.12,1469.7464439246398
JIO10057704,2632.08,3090.256298634886
JIO10029456,2200.44,1894.554952539358
JIO10054219,2254.68,2916.9979202830564
JIO10018018,980.76,1191.2759753278783
JIO10045111,2947.68,2230.6642886158793
JIO10058648,900.0,1575.723778786584
JIO10061419,5307.4800000000005,4695.2297954032365
JIO10051799,3189.6000000000004,2643.256739622746
JIO10048281,2155.8,3238.372221772803
JIO10034051,1635.84,2123.052784088178
JIO10052932,2451.12,3144.4496683263555
JIO10013393,9023.64,4845.739020382819
JIO10000355,2599.92,2679.287312990426
JIO10046328,2540.04,2529.96029134301
JIO10053030,3782.16,2623.8463875900443
JIO10011490,2889.2400000000002,3052.474353508803
JIO10009445,3236.88,2948.937820749346
JIO10052734,1920.96,2283.2709462683665
JIO10026623,1816.8000000000002,2455.001963042576
JIO10062782,4064.2799999999997,3089.8213983081737
JIO10006029,5456.76,4456.725456812643
JIO10044093,2429.64,2993.290306219745
JIO10029902,1596.6000000000001,1358.046563315587
JIO10022502,3118.7999999999997,3065.1514674605537
JIO10052295,1460.52,1503.9475708107907
JIO10015254,2500.32,2713.81649293439
JIO10014294,2542.32,1979.606697505161
JIO10027531,4888.4400000000005,5275.43335630469
JIO10024104,1976.7599999999998,1254.894083718706
JIO10041153,1082.52,1519.0963143769236
JIO10012831,2240.16,1670.6697368495056
JIO10030171,1189.44,1941.0293733800836
JIO10046894,3234.7200000000003,3897.235707556963
JIO10013818,2009.28,2267.899952275219
JIO10005967,3232.32,6276.028187733342
JIO10004635,4666.08,2895.663085668844
JIO10006612,1463.52,1708.849361506789
JIO10036551,1330.8000000000002,1212.734002404014
JIO10015597,1813.1999999999998,2426.9990121282403
JIO10046479,2592.48,3424.255778085244
JIO10032902,1071.48,1865.81425537352
JIO10009556,2112.12,2428.3998348138643
JIO10022331,1901.7599999999998,2007.4352615876019
JIO10011794,1609.44,1983.3028170152052
JIO10014323,2001.96,2282.436662864336
JIO10050932,1042.32,1332.3378368577937
JIO10048547,5190.6,4218.1339698147185
JIO10012645,1551.2400000000002,2264.9742378530295
JIO10053618,1146.24,1211.6619007603024
JIO10038817,2541.2400000000002,2649.1772758285106
JIO10014657,3009.48,2434.2049163420556
JIO10056108,1407.72,1591.5382163930387
JIO10027313,1944.6000000000001,1793.1252478648132
JIO10049164,1399.44,1341.4681407860626
JIO10060116,2613.0,1676.6389925186409
JIO10041792,2771.04,2336.0770910293227
JIO10011666,3638.88,3169.582053225129
JIO10049509,2099.04,2471.9373288628863
JIO10055491,4153.92,2988.896583438084
JIO10037182,1120.56,1210.934829433104
JIO10010890,2614.8,3621.4937478831434
JIO10034738,4488.12,3890.1875126555856
JIO10003312,1376.28,2003.582818727449
JIO10045696,1614.0,1250.479331626569
JIO10026388,5408.04,4000.6040474742426
JIO10001266,2585.7599999999998,2369.4982756805803
JIO10019836,2014.1999999999998,2809.953006822792
JIO10057400,1525.68,2009.761006733525
JIO10057904,2742.0,2753.2378892548313
JIO10019303,2433.12,2414.97855551671
JIO10062020,1486.92,1506.2053076695756
JIO10013334,3312.0,2532.765196447695
JIO10033145,2042.16,1823.018994676463
JIO10008786,2874.6000000000004,3009.6725185729147
JIO10035307,2665.32,2998.0689972481264
JIO10052400,1634.7599999999998,1294.975408911754
JIO10057377,5071.200000000001,5707.7713749910845
JIO10060795,3231.0,3027.7317147634108
JIO10003085,1389.6,1524.2392184504592
JIO10020950,2149.2,2193.7968266225957
JIO10026382,2185.56,1771.0151507106889
JIO10018243,3361.56,3265.2258067477933
JIO10049494,3495.7200000000003,2278.6867766471687
JIO10033705,2420.3999999999996,3397.434467756017
JIO10009339,2039.7599999999998,1924.6806591259237
JIO10055159,1081.8000000000002,1423.3446022451217
JIO10037248,1448.76,2366.0478306526184
JIO10058236,2539.2,2302.943313849311
JIO10044119,2358.36,2818.420080087696
JIO10015170,2835.84,3361.963108829285
JIO10025210,900.0,1164.9891968634402
JIO10016838,2737.92,2141.3725835373425
JIO10051584,3975.4800000000005,2952.028302127012
JIO10044645,2321.16,2358.36643534778
JIO10044209,2324.7599999999998,3057.839326127536
JIO10016953,1972.08,3089.267825945868
JIO10012325,1172.04,1286.65652640883
JIO10056735,1073.76,1274.6448614165322
JIO10038643,1616.88,1651.1775847949648
JIO10030918,1092.6,1200.9161097315382
JIO10055269,1192.08,1188.6955911706257
JIO10020877,3051.84,2920.0514359407152
JIO10001612,2004.48,2471.7475169921386
JIO10032653,2774.52,2382.5989454420205
JIO10027497,6265.4400000000005,3578.008226286645
JIO10036115,1567.1999999999998,1326.912486013001
JIO10027900,2012.28,2070.3312848499727
JIO10018216,1749.72,2628.7914239521915
JIO10007124,900.0,1203.7837845885467
JIO10014552,2481.36,3306.1856883013347
JIO10054505,2765.52,3523.446872177342
JIO10004653,5799.96,4326.916789340381
JIO10025996,2229.36,2341.3687963013563
JIO10058552,4895.04,4517.211699539917
JIO10014744,3064.2,3364.7063892218225
JIO10009775,5777.88,4866.213389472777
JIO10058585,1729.1999999999998,2343.9292355712037
JIO10051442,2478.36,2195.3075691481004
JIO10001452,1020.96,1186.146795527449
JIO10057487,7109.88,5082.957417814574
JIO10042010,900.0,1313.7975499144432
JIO10019477,1080.6,2307.0517378466648
JIO10039346,2256.0,1788.0376591524937
JIO10000805,1980.12,2263.563494603481
JIO10046404,1156.44,1516.0806790145061
JIO10051139,1854.12,2453.537990190229
JIO10032644,2195.7599999999998,3234.494898453016
JIO10032092,1110.72,1225.1442591893035
JIO10003158,2133.6000000000004,2555.3270365545773
JIO10020105,4134.96,2396.4569112311337
JIO10059290,1005.24,1306.7271962192822
JIO10049813,2377.92,1957.2488778880502
JIO10034998,2291.16,2274.488660554131
JIO10020403,1817.3999999999999,2008.5433286964835
JIO10044349,915.5999999999999,1259.2054720927522
JIO10052732,4646.28,3020.7072474510614
JIO10059631,1921.6799999999998,2268.0160077330843
JIO10059765,3917.04,2427.2615719398377
JIO10059719,2754.0,2763.700637126629
JIO10008589,3440.2799999999997,2621.632865046296
JIO10009620,2803.68,3104.4857664404603
JIO10006608,1888.1999999999998,2284.686521109045
JIO10010240,1604.28,2497.207439845314
JIO10033429,1617.48,2418.2368350462916
JIO10025993,1252.08,1221.5594636557144
JIO10021760,2504.2799999999997,1842.0122698223959
JIO10024343,5984.4,3357.91508721138
JIO10032019,1332.0,1687.0707593583218
JIO10041860,1489.32,1992.1753621603266
JIO10017098,1117.32,1615.8494004771555
JIO10041136,2268.7200000000003,3025.8866540352797
JIO10000956,1243.56,1205.1496151934334
JIO10019865,2385.12,2085.97254199715
JIO10002818,3563.2799999999997,2602.909774702303
JIO10051206,3146.3999999999996,4767.1022658253405
JIO10008267,2327.16,2822.9376777280904
JIO10001753,1896.72,2208.239472590454
JIO10014765,1323.1200000000001,1377.6539531240314
JIO10035476,1645.56,2940.897225429837
JIO10025231,2491.44,2156.1898469877833
JIO10055194,3064.08,3363.3286668423525
JIO10026132,2816.7599999999998,2175.98496159017
JIO10056304,1767.96,2263.81310655471
JIO10007872,1774.56,2040.4196097081406
JIO10036256,1000.92,1413.9408823012418
JIO10062179,1524.0,1871.3033390546664
JIO10009972,2351.7599999999998,3336.845287675399
JIO10057330,4131.84,2428.943284738541
JIO10023866,2424.6000000000004,3311.977365136713
JIO10005516,2091.36,2623.053086308057
JIO10008690,4845.84,4299.728003673552
JIO10047084,1176.96,1198.9771796017606
JIO10053036,1110.6,1384.3629763728875
JIO10026475,1606.08,2163.2785858642615
JIO10058017,2399.3999999999996,2001.2513247986037
JIO10015994,2262.84,1848.2877288931609
JIO10019699,2777.64,2381.188610504926
JIO10019057,4332.6,3421.4508789333167
JIO10016337,1255.8000000000002,1204.8803125760555
JIO10003434,2179.08,1679.953968460257
JIO10014800,1495.32,1903.7319987054211
JIO10025075,1370.6399999999999,1934.0467376486995
JIO10037459,1617.6000000000001,1327.8583221517774
JIO10012483,1391.16,1175.1898766339937
JIO10029218,1733.88,1518.8070614187964
JIO10042995,3626.3999999999996,3243.80984624895
JIO10056760,1719.0,2646.0437460422263
JIO10011563,1365.48,2703.16681511305
JIO10019017,1656.2400000000002,2217.1664158538165
JIO10017041,2236.92,2145.9049916979097
JIO10032991,1225.08,1336.1772703397173
JIO10020562,1785.84,3011.394331482781
JIO10035541,1710.84,2043.9967041729085
JIO10033798,2198.16,2243.883618810121
JIO10038932,1695.3600000000001,1627.6210476347283
JIO10014700,4368.84,6959.70068848911
JIO10001263,1325.04,1478.4572831782568
JIO10027251,3892.92,2731.256454895094
JIO10036584,900.0,1244.7733843764654
JIO10045184,2398.8,3302.527742405829
JIO10035079,2253.12,2685.7035252087576
JIO10044121,1827.3600000000001,2183.1072544151834
JIO10025074,5491.08,3627.918388049885
JIO10027401,6428.16,4000.953341313405
JIO10060156,1878.48,2154.7771911204027
JIO10012825,2113.56,2311.8644503088403
JIO10034991,3590.88,4202.988186879531
JIO10016984,3471.12,3564.2621836852018
JIO10061735,1732.8000000000002,1739.476550817436
JIO10026878,2585.3999999999996,2968.847399202029
JIO10046486,2068.8,2191.5170953073266
JIO10034781,3121.56,1929.5897685439718
JIO10006858,4543.799999999999,3404.57388747624
JIO10038058,1857.48,2243.862502241059
JIO10018956,1417.1999999999998,1706.9624860481238
JIO10043793,900.0,1201.8055734944362
JIO10029192,3790.92,2681.5739828225974
JIO10024980,1727.04,2798.0245062729114
JIO10006376,3000.48,2319.4053607238707
JIO10050832,1822.8000000000002,2492.0809092184413
JIO10027460,1834.08,2123.955379044004
JIO10019156,3193.2000000000003,2985.2360278768892
JIO10037256,900.0,1409.0672783554667
JIO10039003,1967.52,2371.900767270382
JIO10035108,2606.16,3385.117380606737
JIO10021929,1854.48,2215.5101073100896
JIO10003880,4270.08,4946.994625657387
JIO10012425,1072.92,1198.410975202856
JIO10035449,1109.28,1692.8977000597672
JIO10024684,1052.28,1445.9960750217524
JIO10044025,1426.1999999999998,1182.450039969697
JIO10055469,1292.4,1703.0652613477246
JIO10059639,2428.8,2541.2174653689576
JIO10053056,2345.52,2430.168502741595
JIO10050692,2204.04,3104.957694625639
JIO10013101,2461.92,2346.689629530439
JIO10042145,3856.7999999999997,2772.700095936648
JIO10023662,3520.7999999999997,2753.157588325156
JIO10061839,1670.7599999999998,1641.8030268199009
JIO10037216,4021.56,2720.862982892679
JIO10059741,1535.16,2154.5850003828714
JIO10049214,3421.7999999999997,3157.1099107925097
JIO10011355,2063.04,3412.6041377596816
JIO10058905,1791.72,2482.910492558782
JIO10021139,1563.84,1796.0373622149816
JIO10051058,922.6800000000001,1468.7501737054076
JIO10060152,3477.96,2301.5780227336404
JIO10001298,1929.2400000000002,2466.7542607273567
JIO10017518,900.0,1187.7992408826838
JIO10009545,2362.08,2937.3608733403053
JIO10058486,3642.12,2715.161321858866
JIO10008172,900.0,1256.45968516802
JIO10034408,1074.6,1299.5405625952574
JIO10054756,1891.08,2135.226965884349
JIO10060859,3626.88,2887.4861528400284
JIO10026959,2908.2,2352.07036793918
JIO10058644,2827.2,2825.024629615533
JIO10041981,1655.04,1564.6114752412318
JIO10016879,4770.12,4121.478352872968
JIO10061338,1063.92,1367.6136603618436
JIO10016865,3797.76,2988.269162641143
JIO10038802,1599.48,1970.623925649377
JIO10021353,2931.0,2089.6844942623857
JIO10057868,911.52,1206.6098809705031
JIO10002365,1627.56,1904.0899485833143
JIO10017101,1168.1999999999998,1392.9716774157876
JIO10050088,3361.56,1873.5624949026503
JIO10031927,1288.68,1870.7288454780848
JIO10008329,1541.16,2241.618522244666
JIO10039528,2858.52,2810.5532081261345
JIO10036569,5764.4400000000005,3594.70594872166
JIO10032187,1833.72,1855.4651550498786
JIO10032699,3000.12,2517.6849174403983
JIO10036419,2823.12,2128.02993144759
JIO10029895,2186.04,2911.8325088080196
JIO10055861,1750.44,2593.466782118179
JIO10053629,3545.76,2380.278105792609
JIO10015422,1902.48,1809.7873367411798
JIO10011104,2105.2799999999997,3970.5725142651554
JIO10031326,3522.4800000000005,2947.5962553641984
JIO10056844,2178.0,2616.5275034656083
JIO10061307,3595.44,3367.804544822885
JIO10060995,4168.92,3359.652653311555
JIO10010130,3917.6400000000003,4169.47707656932
JIO10027705,1411.1999999999998,1470.5890076533813
JIO10043999,4296.6,2347.0953730775745
JIO10047806,1753.8000000000002,1864.984719323413
JIO10060019,1514.16,1846.3034465084877
JIO10044854,2064.36,1447.1657457603594
JIO10013832,4195.68,3725.735415600989
JIO10045807,2836.08,1535.9660397807145
JIO10021852,1231.32,1220.9601461557504
JIO10015843,2992.56,3042.2102008865413
JIO10043329,2961.12,2413.7943486715103
JIO10028036,1469.52,1844.2987622013495
JIO10038722,2199.48,2110.0623876597724
JIO10054609,2585.04,2148.0711912598267
JIO10053993,1588.44,2685.047106722193
JIO10043548,1942.8000000000002,1900.6306261899877
JIO10054439,1387.8000000000002,2161.066865616235
JIO10031291,8397.119999999999,5817.770431436405
JIO10045966,3052.2,2423.8379830426447
JIO10022014,1498.44,1321.0840621058219
JIO10014118,2559.36,2293.8604800394746
JIO10025065,900.0,1246.6825400214693
JIO10028078,1660.56,2056.764056418
JIO10057152,1046.28,1379.160249034047
JIO10023606,2441.16,2627.191006486803
JIO10061538,1991.16,2259.1862942295625
JIO10021406,1992.96,1192.5977630832006
JIO10029978,1700.6399999999999,1955.3045951656027
JIO10049644,3284.2799999999997,2404.721118102045
JIO10046256,2293.56,2807.917941095983
JIO10060028,5400.0,4392.660234233709
JIO10020597,1820.04,1916.747145915355
JIO10017655,3659.16,5407.323717772321
JIO10053792,3097.92,3039.205132064214
JIO10006317,943.1999999999999,1645.0979227876865
JIO10013342,3122.04,2373.011102135503
JIO10028900,1566.72,1212.6862080005048
JIO10030893,3108.84,3208.7350178690012
JIO10047361,991.92,1599.9441435786043
JIO10049308,2725.32,2117.614586964554
JIO10006717,4699.4400000000005,3782.3615354126287
JIO10010757,1386.48,2248.942335561166
JIO10037185,1824.3600000000001,1774.9525297676423
JIO10046133,4770.72,3314.9587807143457
JIO10052773,5113.200000000001,2764.4831743759637
JIO10020143,2447.2799999999997,2900.7813290270087
JIO10008311,1643.7599999999998,1681.7296511086574
JIO10023320,3221.3999999999996,3872.0397142155234
JIO10038595,1279.92,1665.2717630038699
JIO10019327,4108.32,3996.5144307716596
JIO10012648,1424.76,2054.06604691348
JIO10050005,2280.48,3096.59873714358
JIO10016899,3822.12,4141.401748903201
JIO10009593,2812.44,2366.889073537277
JIO10055641,3374.6400000000003,3527.0063599720597
JIO10036510,3047.04,2757.8079231418014
JIO10009725,2776.8,2929.953527098109
JIO10056791,2058.7200000000003,2712.9860180373435
JIO10064458,2672.52,5108.738418416491
JIO10017531,900.0,1340.889302356467
JIO10010261,2475.2400000000002,2970.898167361124
JIO10063971,1050.6,1187.1018460703567
JIO10037772,2241.2400000000002,3132.360190406781
JIO10063822,1387.92,1186.3632838065062
JIO10036376,3779.16,4799.1004983305065
JIO10061974,1066.08,1389.3532872876694
JIO10008374,1558.3200000000002,1866.9833417009283
JIO10016597,3231.96,3137.3636068256897
JIO10007782,2615.2799999999997,1990.8580807389824
JIO10051594,2923.32,2351.2443788840333
JIO10056592,3271.68,2206.2786498241508
JIO10013884,4532.28,4237.188318738164
JIO10025519,3139.44,2839.42702411815
JIO10001739,1632.0,1723.004682306693
JIO10031627,2586.84,1880.206958980182
JIO10061483,1727.3999999999999,2551.9475614436074
JIO10051316,2526.7200000000003,2578.0869576375394
JIO10025603,2041.6799999999998,2088.6863721712393
JIO10040991,3272.88,2610.1471456411546
JIO10012208,1480.32,1269.5106378461462
JIO10004206,1634.28,2349.8625589444196
JIO10020740,2795.52,2350.3054404468257
JIO10064271,900.0,1413.3758982348168
JIO10061702,2358.96,3399.1271369623573
JIO10061256,8574.72,5841.2315227878835
JIO10011132,5163.4800000000005,3295.538804455863
JIO10015339,2769.48,2697.1269753068077
JIO10018229,1849.44,1934.87984663953
JIO10004083,2323.92,3015.2264744450795
JIO10006710,3652.7999999999997,3347.8276740826946
JIO10053184,2895.96,2399.4970198501196
JIO10028903,1810.56,1707.093946916437
JIO10013619,4555.200000000001,5172.03399110851
JIO10063534,2399.7599999999998,3650.9125966996885
JIO10015764,2134.8,1307.4283315760686
JIO10022020,1133.52,1166.789533962089
JIO10019746,3771.7200000000003,2811.242076207129
JIO10029932,2139.48,2377.7133105596017
JIO10021431,1349.4,2171.987178391094
JIO10029411,2465.04,1920.6426705828324
JIO10052843,5967.96,4174.232562883595
JIO10040592,3823.7999999999997,3544.0667597551474
JIO10045019,2493.36,1980.2039334665503
JIO10053389,3432.3599999999997,3339.3988740231384
JIO10063877,2479.68,1981.8079771520481
JIO10042900,4726.200000000001,2778.5935853142064
JIO10048698,1504.56,1724.1829314060278
JIO10000838,3331.7999999999997,5139.477066584333
JIO10064063,2410.56,1581.2866837818758
JIO10051764,2961.96,4429.951257141824
JIO10047493,3421.32,3623.6089322024714
JIO10018445,951.5999999999999,1428.629213603498
JIO10052108,1172.4,1865.7989666043848
JIO10043789,4422.84,3609.514478297019
JIO10056744,1507.32,1412.4203986635557
JIO10005635,1496.04,1466.4289901160994
JIO10002797,1935.3600000000001,2214.752247242145
JIO10035632,3817.44,3415.788898009363
JIO10024568,2967.36,2121.876747681407
JIO10043097,1370.6399999999999,1225.3098609985968
JIO10032785,1474.08,2088.3024544064433
JIO10053436,1987.1999999999998,2345.8618585979316
JIO10046768,1300.44,1517.7543607825316
JIO10012817,900.0,1411.587421896085
JIO10057367,3078.96,3388.5363517299343
JIO10039032,1989.48,2276.952785174475
JIO10050791,944.8799999999999,1173.0107296220729
JIO10036113,6082.5599999999995,3981.713125736222
JIO10055200,2235.0,2198.078121536339
JIO10048079,1950.96,1964.136074713756
JIO10036770,904.6800000000001,1176.5333922897507
JIO10002543,2624.88,2609.6738243737227
JIO10049914,900.0,1374.0091144115897
JIO10033554,1143.84,2162.3036428905866
JIO10053043,2126.64,1273.2853129289979
JIO10054486,1102.68,2003.2055040510504
JIO10029269,2148.84,2363.310168133449
JIO10017095,2131.92,2673.3064755234695
JIO10033002,900.0,1314.816005287518
JIO10006123,1162.08,1405.4466296811709
JIO10051988,4918.08,2670.26208954668
JIO10004107,1317.72,1274.8974327537057
JIO10032986,1163.76,1889.200052835698
JIO10033786,1581.0,2777.543079081429
JIO10055694,2272.08,3074.543152579131
JIO10046783,2169.6000000000004,1653.3097455517957
JIO10045628,3284.16,2877.9301433934406
JIO10012387,1572.84,1824.6141553381792
JIO10040141,1124.8799999999999,1820.3387293499604
JIO10039196,926.76,1504.0766127589245
JIO10018764,1968.6000000000001,2056.147660795937
JIO10058790,2849.04,1748.266372708175
JIO10031249,2096.52,1911.6290913593054
JIO10038227,1396.92,2119.151191120379
JIO10014696,986.8799999999999,1327.9264856925106
JIO10057213,1618.92,2692.8197203432587
JIO10018768,1536.96,1472.5532195826697
JIO10023934,5407.200000000001,3633.26520820391
JIO10002764,1560.0,2196.8542331447356
JIO10007863,1640.52,2214.4052004259433
JIO10048037,2058.6000000000004,2433.717088491481
JIO10008487,2351.52,3633.7022308632586
JIO10015318,3669.96,1902.2092503780805
JIO10017857,2197.92,1717.4607673222981
JIO10011032,2958.0,4487.741133633316
JIO10006774,3540.84,5078.472409818126
JIO10014920,2451.0,2205.281900152552
JIO10002025,2778.0,4445.168271748954
JIO10042117,972.5999999999999,1182.4611784734213
JIO10060935,1815.12,1745.364905296427
JIO10047353,2274.36,2970.0615211850827
JIO10024516,1941.72,2503.6139929980254
JIO10038166,2567.3999999999996,3166.0495420403067
JIO10017829,4208.4,3044.3124071437137
JIO10060494,2730.96,3368.8460289055106
JIO10034678,2550.84,2755.7999585996563
JIO10059495,3483.3599999999997,3216.8424280289128
JIO10028046,1149.72,1245.8887416719742
JIO10008646,1102.08,1803.1369094849467
JIO10038660,4019.88,3639.2670479569065
JIO10033103,3243.84,2918.371853094015
JIO10036295,1117.44,1243.300931085229
JIO10030601,2108.16,2603.070586202401
JIO10043376,1633.3200000000002,1365.160888360354
JIO10045148,7335.84,3184.1945896517527
JIO10023495,1687.3200000000002,1919.713394750243
JIO10036890,3261.6000000000004,3364.99994401849
JIO10063543,2401.8,2416.5339915001045
JIO10004258,3827.2799999999997,3346.2600081267683
JIO10016563,2095.08,2223.903417837437
JIO10008192,1794.12,2381.8076912433457
JIO10049699,2171.3999999999996,3051.757614344571
JIO10058034,1560.12,1971.8418224744657
JIO10010541,2162.64,2994.131235225437
JIO10056487,1370.04,1321.4437502582698
JIO10058274,3285.12,3004.5229940984136
JIO10007217,1248.48,1595.0700215616291
JIO10032428,1204.56,2810.8706234154574
JIO10028436,1329.72,1338.72605005043
JIO10020972,3620.04,3641.516656714802
JIO10045569,1284.0,1950.469835014833
JIO10034224,1008.48,1455.631598723532
JIO10052833,1609.56,2912.5744835946653
JIO10030581,1178.8799999999999,1422.966719953583
JIO10008755,1392.1200000000001,1870.2031799727733
JIO10040144,4587.84,2452.4155059703426
JIO10008452,3330.24,2327.630126516514
JIO10018200,2313.2400000000002,3452.3853085041824
JIO10036347,3358.56,2636.8303129232345
JIO10010011,942.72,1452.0473207706432
JIO10031327,4600.92,3241.1353538407197
JIO10041355,2397.96,2409.6270897812556
JIO10031194,4075.56,3974.7701973010508
JIO10052370,3011.16,2275.131013866363
JIO10016525,993.24,1209.3650589403499
JIO10063040,3072.84,1921.7219126220862
JIO10046517,4153.200000000001,3360.1185830752206
JIO10009358,3401.16,3751.0381343141385
JIO10026160,1523.04,1215.8150497183037
JIO10016064,2895.12,1999.1093646819343
JIO10063389,1547.28,1981.4951828375288
JIO10044572,2056.44,1914.0803994051403
JIO10013894,2664.36,2487.628143070209
JIO10043391,1536.2400000000002,1245.481527373097
JIO10013322,2449.56,2966.8437403157945
JIO10010957,3417.0,3037.439900711396
JIO10031823,3712.2000000000003,2346.600833631803
JIO10008696,5261.16,2603.5339474247917
JIO10006005,1066.56,1240.7404025660026
JIO10037894,2015.6399999999999,1804.2152631213442
JIO10032770,5331.0,3062.284635051322
JIO10007005,6872.280000000001,4810.754103600668
JIO10003075,2317.68,2620.7322131578776
JIO10034315,7758.48,4315.9294200431505
JIO10050968,1243.68,1200.14155031167
JIO10058137,2693.16,2665.8652849496134
JIO10047200,4385.4,2808.9439685856228
JIO10011526,2156.64,2534.659967422439
JIO10009074,2150.7599999999998,3192.249112119952
JIO10049786,4837.92,4048.2267882277706
JIO10027623,2194.56,2362.0069993186044
JIO10035753,1229.52,1607.6588449240178
JIO10044081,5144.4,5171.506066153033
JIO10014076,1311.84,2137.546056399885
JIO10019877,2239.32,3336.7519688895986
JIO10002179,1331.8799999999999,1443.7871220349127
JIO10040219,1004.28,1200.6071156989472
JIO10041532,1415.4,1701.6193647007651
JIO10007550,2690.64,2962.2097132828153
JIO10043866,3763.44,3782.495536697097
JIO10033107,4524.96,3358.3747793665175
JIO10062893,4036.7999999999997,2857.2571266502714
JIO10057471,1445.76,2036.677769556748
JIO10012970,1934.6399999999999,3334.169898812449
JIO10031315,1602.0,1700.6783256249348
JIO10005808,1777.6799999999998,2438.049721684081
JIO10040470,1149.48,1350.6026309402112
JIO10016192,1750.92,2388.2198412532243
JIO10064417,3465.96,4087.1313366911104
JIO10014943,2112.6000000000004,2193.5908377826786
JIO10012932,4545.96,2804.7867928668147
JIO10030215,1289.04,1999.0810210217667
JIO10000990,4391.28,4316.843404526772
JIO10061066,2611.8,2170.459635727047
JIO10034909,1371.84,1689.2349699584704
JIO10006423,1437.96,1507.6343952361553
JIO10037809,4429.68,4078.3857570706573
JIO10034074,1040.04,1613.7545735499273
JIO10044502,1633.3200000000002,1613.5843665520945
JIO10035629,3139.7999999999997,2323.8878493252705
JIO10048064,1122.6,1439.362370269362
JIO10012917,2456.88,3521.9680424148232
JIO10034593,2646.0,2415.917719564351
JIO10040382,2379.12,3317.7435937818846
JIO10055386,1683.0,2229.3572523306425
JIO10044018,3956.16,2916.5963248924045
JIO10060711,2637.7200000000003,2398.3231354710597
JIO10003369,3849.12,3714.323895343414
JIO10043634,3323.6400000000003,2348.473729109102
JIO10025770,2883.84,1877.369711354402
JIO10001288,5894.28,4243.351894010586
JIO10028450,2004.3600000000001,2197.662537299275
JIO10032776,3838.08,4120.191610568073
JIO10007995,942.72,1206.1559432157148
JIO10050138,3070.2,3088.1928501692064
JIO10027906,900.0,1240.4547560049373
JIO10051061,3493.68,4462.474950173749
JIO10012012,2006.88,2567.1467799474844
JIO10004222,1503.24,1833.1479383678266
JIO10017260,3887.2799999999997,2683.9587766338486
JIO10018003,2050.08,2159.7696323102136
JIO10054899,2980.92,2459.823957153645
JIO10034788,3273.4800000000005,3268.3315546827953
JIO10023908,4245.6,2295.1796252566987
JIO10032512,3069.12,3999.9920384374805
JIO10001997,1337.28,2428.8756282728564
JIO10026640,1720.3200000000002,1698.484071489704
JIO10042659,2250.2400000000002,2954.214817220415
JIO10062406,2995.68,2646.126126665326
JIO10057130,4159.200000000001,3757.198558861748
JIO10062240,3079.2000000000003,2248.1252567096612
JIO10010772,3479.04,3667.0569819616417
JIO10029361,2521.92,3546.75706045429
JIO10064192,3740.88,5102.241953770476
JIO10045024,1953.84,2618.8264650692076
JIO10038871,3278.76,2957.5381664716474
JIO10023580,1295.6399999999999,1424.864860524203
JIO10035281,3449.76,3324.978104575938
JIO10048589,1370.8799999999999,1248.9260895417897
JIO10000281,2801.52,2100.0965353286992
JIO10013942,1980.96,1925.221418197755
JIO10053081,2713.8,2787.9444386342693
JIO10038562,2524.8,2249.410015815239
JIO10044882,1823.52,2617.9834216338786
JIO10004380,2276.2799999999997,3313.8315310036
JIO10031155,4139.4,2122.6012191698537
JIO10007357,6161.039999999999,5176.636208276306
JIO10057565,1147.1999999999998,1209.3235249078307
JIO10022617,1436.4,1672.912081579171
JIO10027540,3137.88,4173.6333494077635
JIO10013324,2345.04,3233.1637591758613
JIO10061800,2171.3999999999996,2190.3152232857624
JIO10036650,1608.72,1590.2847650072435
JIO10057766,1524.96,2125.711113643706
JIO10010610,3326.88,3209.4449656573947
JIO10011226,2196.12,3152.172000186657
JIO10062519,1408.08,1365.293545625642
JIO10029451,1817.04,1895.3557861287707
JIO10032709,2532.84,2488.958177146696
JIO10017967,4342.799999999999,2977.933874299801
JIO10038919,2466.6000000000004,2777.7268880762767
JIO10030445,2610.36,2770.688671329255
JIO10012551,2834.7599999999998,2214.5303022712874
JIO10033435,3278.16,3663.948664473543
JIO10020106,2528.3999999999996,2310.6490129042227
JIO10024120,2227.08,1698.4475095647572
JIO10046102,1130.6399999999999,1329.6555555159978
JIO10019495,4540.5599999999995,3984.411242339372
JIO10040082,1038.0,1198.066689528825
JIO10060921,1606.8000000000002,2024.6907605971974
JIO10012499,3359.04,3338.478060611669
JIO10029076,2777.2799999999997,3337.447855036124
JIO10063898,1846.56,2382.570486427426
JIO10003887,2929.44,3840.836936534269
JIO10056749,1374.84,1779.5921212308078
JIO10029462,1602.6000000000001,1804.6241344915245
JIO10046602,5522.16,5727.221982127268
JIO10044379,2688.84,2577.782450439088
JIO10044812,2260.44,2339.0140072795425
JIO10041233,3330.0,4130.914281408527
JIO10032721,5570.28,4592.463771857615
JIO10012794,2084.88,1656.2476772173634
JIO10010700,1892.16,2428.9040656452935
JIO10029887,2875.8,2629.1225816211486
JIO10013669,7228.200000000001,6963.277079447077
JIO10053509,1055.8799999999999,1443.0154636501202
JIO10033133,2811.7200000000003,3421.0374805593697
JIO10043550,3312.84,3075.978682344509
JIO10064394,1206.3600000000001,1285.6007351866813
JIO10011076,3584.6400000000003,4772.4495446061255
JIO10051456,5432.04,4377.7260530802
JIO10019348,1778.28,2658.159032885288
JIO10058525,5240.76,6250.5318225281
JIO10006625,2255.64,2351.76384469539
JIO10051370,5801.4,6343.687246749734
JIO10024562,1932.84,1449.7971012293171
JIO10018511,3516.24,2710.1670834682577
JIO10054690,900.0,1477.169022701159
JIO10035027,2633.52,2483.4929451318576
JIO10034573,2273.2799999999997,2201.8481153088605
JIO10028433,2300.2799999999997,3046.3196752070944
JIO10010765,915.72,1466.1556848239925
JIO10029358,1692.6000000000001,1484.5025726014417
JIO10022292,4999.200000000001,3574.787475823022
JIO10057174,4275.36,4498.78480955382
JIO10003532,2414.3999999999996,2210.2937474210394
JIO10055810,1227.1200000000001,1644.5584174966837
JIO10013760,2508.0,2317.71820227611
JIO10006877,2596.32,3437.352208390075
JIO10061395,1809.2400000000002,3265.5540569800764
JIO10001257,5311.08,4261.237090516837
JIO10050551,1724.7599999999998,1709.113694412192
JIO10022782,1800.3600000000001,1789.0330584576159
JIO10004008,3105.96,2470.90036107286
JIO10004367,2180.16,2308.240333328087
JIO10000833,1457.28,1182.1789525218094
JIO10020270,2074.8,2883.6633923334193
JIO10051173,900.0,1371.1355256974998
JIO10032341,3293.2799999999997,3247.2273493553566
JIO10034946,3601.32,4412.019635127232
JIO10060738,1726.08,2877.317742622287
JIO10036535,3024.0,3002.98203628457
JIO10046861,6161.16,4374.007868103945
JIO10062428,4183.32,3336.005465247689
JIO10010616,2816.52,2609.467652377485
JIO10032120,2985.12,3288.341069466938
JIO10047373,2132.04,2166.9130219397425
JIO10041576,2279.16,2752.5810780074403
JIO10051951,6443.280000000001,4483.218065020912
JIO10058228,1164.6,2144.57666002196
JIO10034116,2038.92,1942.0597687519944
JIO10013124,2017.6799999999998,2603.490402009808
JIO10018964,2550.0,2719.556190063748
JIO10023833,1821.3600000000001,1197.4841161741292
JIO10025461,3775.08,3169.5526525261134
JIO10060241,1425.1200000000001,1555.7804216176771
JIO10057132,2939.64,2000.1624421760637
JIO10056312,2272.32,2519.1114497219396
JIO10024355,936.36,1375.8214034714315
JIO10054312,1647.96,2131.885392756343
JIO10003669,1161.1200000000001,1229.8326884410226
JIO10017045,2277.2400000000002,1615.2893954507833
JIO10028369,1829.28,1308.9678848544631
JIO10050892,2188.68,2466.1184595929685
JIO10018868,5037.24,4631.519954400394
JIO10047053,3250.56,3146.1727629860657
JIO10027392,1658.52,2776.240532682427
JIO10050287,1515.3600000000001,2525.592486466031
JIO10060259,1822.92,2681.8092976823004
JIO10056550,3415.2000000000003,2556.974061454236
JIO10033500,1444.1999999999998,1346.7357554858809
JIO10021577,1245.1200000000001,1376.3587681965787
JIO10001729,3593.5199999999995,2255.7568777971755
JIO10034772,2612.64,3574.4891978698906
JIO10003933,5335.92,4826.772191335718
JIO10014930,2321.88,2682.6083446898037
JIO10043725,6288.0,5848.3093747572875
JIO10018519,1700.6399999999999,1240.4866539555514
JIO10002418,2313.7200000000003,2822.8368297587585
JIO10030880,1779.72,2170.170888141212
JIO10004770,2146.8,2185.9250172438947
JIO10031332,1455.3600000000001,1935.2490671123383
JIO10025699,3485.5199999999995,2709.4814623015045
JIO10021417,1442.76,2272.2269485141883
JIO10044324,3060.2400000000002,2041.4528820483845
JIO10059496,2080.44,2187.7779809003473
JIO10001606,1898.3999999999999,3098.4874860793193
JIO10051401,3117.7200000000003,3614.3258855937734
JIO10032474,1801.56,1775.4494412575352
JIO10041307,2108.7599999999998,3471.1722123505647
JIO10014705,2509.08,2516.433462825461
JIO10055965,2761.32,3343.7787203750186
JIO10014292,4021.08,2708.4977537196737
JIO10058803,2409.7200000000003,3172.6273385164686
JIO10043421,3569.3999999999996,4104.851757387798
JIO10038621,1320.72,1513.091735983027
JIO10012827,4693.5599999999995,3108.8563637976586
JIO10051787,900.0,1541.0936978033894
JIO10058204,2666.16,2960.8886780507073
JIO10035050,4090.2000000000003,3140.341726197992
JIO10053457,2284.2,2978.878232621154
JIO10064307,3103.56,4159.801978975288
JIO10009577,2388.2400000000002,2486.920119411223
JIO10000943,3255.12,3602.9332569420803
JIO10056396,952.92,1631.2030362085304
JIO10062147,3680.04,3195.497005197358
JIO10028961,3366.84,3128.8196267164344
JIO10012593,2289.12,2136.9127278069936
JIO10056446,2671.8,2643.873243603918
JIO10027495,2432.88,2082.269418467597
JIO10057459,3648.84,3313.7931237335747
JIO10024373,1241.52,1509.7096894368829
JIO10022767,1192.68,1242.0844137945821
JIO10051612,2460.6000000000004,1982.1359948659301
JIO10024443,3736.2000000000003,3355.3246947730267
JIO10000412,1645.8000000000002,1959.404041733478
JIO10014114,2526.7200000000003,2665.9075960494038
JIO10034383,1831.8000000000002,1829.944611105677
JIO10035826,1524.6,1707.3885211437491
JIO10054386,2914.68,3289.7444324254798
JIO10019564,1034.28,1230.5457485238087
JIO10040678,2951.64,1924.9826352363052
JIO10027592,1483.92,2316.3332130708063
JIO10005168,1723.56,2224.1487308020746
JIO10026985,4419.36,4565.945313334145
JIO10035389,5258.16,4623.548507906865
JIO10063409,4826.88,2020.5694990354334
JIO10049933,2934.7200000000003,3521.6805915725695
JIO10017683,3712.56,3225.5277491390575
JIO10031871,1358.28,1465.422293104578
JIO10040341,1138.44,1302.55355455092
JIO10033263,2950.8,3222.315753517291
JIO10022132,3927.84,5949.042402948951
JIO10004625,3461.5199999999995,3302.7238938410437
JIO10024281,2526.7200000000003,2455.2260998171787
JIO10042024,3004.56,3099.1958714210023
JIO10031945,2226.7200000000003,1496.1721475236322
JIO10063985,2651.52,2092.8160183208383
JIO10002510,1795.44,1595.9571125967059
JIO10059883,1837.08,1689.2192619253044
JIO10050851,2092.8,2227.9710331813126
JIO10010624,3418.08,3086.7946707865744
JIO10033937,2480.3999999999996,2889.091074779046
JIO10036841,1790.04,1896.6728157246116
JIO10003115,1394.16,2073.0644808197703
JIO10060693,2697.36,2574.901300571197
JIO10019109,1684.92,1924.995024091672
JIO10004513,1388.16,1180.7262525744125
JIO10056999,3817.32,3419.6702448721294
JIO10035033,2779.56,2619.621918332691
JIO10031781,3186.84,3026.2041445338778
JIO10056443,2548.32,2890.116227475455
JIO10021593,1740.6000000000001,2348.116015624787
JIO10014866,2534.04,2617.662782517138
JIO10062696,1103.28,1174.8170344181674
JIO10020173,2022.3600000000001,1689.7475254595768
JIO10063392,4104.6,4909.969156521852
JIO10022548,2727.96,2590.7311799021127
JIO10045754,3281.88,2351.3620467319765
JIO10011917,1789.3200000000002,2436.6846827717845
JIO10023444,3924.84,2217.2026543191873
JIO10049534,3038.16,3795.1122173280314
JIO10045613,2255.16,2377.0072948440857
JIO10007349,1327.44,1720.4771264159267
JIO10032684,1744.1999999999998,1601.1763618394464
JIO10023831,939.8399999999999,2006.5530075554248
JIO10014918,1272.96,1279.6048118236629
JIO10049866,2721.36,3278.4421312325076
JIO10038933,1890.72,1919.2926700328749
JIO10009777,1365.48,1230.9111807608986
JIO10025437,1902.96,2041.0358014415042
JIO10057076,1568.88,2221.0621707340574
JIO10038725,1194.1200000000001,1570.4305675165276
JIO10007723,1545.6000000000001,1395.5241271673706
JIO10047917,2548.08,2598.3638980297455
JIO10032068,1644.96,1309.3602077235594
JIO10006215,4303.68,3737.7634061035187
JIO10026610,2570.52,2273.8618499142003
JIO10033955,3753.4800000000005,2914.4923095512777
JIO10012454,3872.88,3058.1893259027047
JIO10058927,5733.96,4443.536356131137
JIO10030924,1905.12,1403.0197742766693
JIO10050361,1221.72,1204.5175821442754
JIO10045592,1895.3999999999999,1736.4887148070209
JIO10032946,1582.08,1284.5357059920866
JIO10021086,1924.8000000000002,2217.33085189616
JIO10051820,1650.96,2369.385986241202
JIO10021885,1660.92,1721.8354539635836
JIO10000461,4256.4,2108.808208660649
JIO10046139,1520.8799999999999,1439.0986291399279
JIO10032886,2947.92,2408.6638849347773
JIO10002757,3048.2400000000002,2931.827825218392
JIO10042031,2710.2,2241.609165383863
JIO10011774,1995.6000000000001,3684.5478562682138
JIO10043948,2484.2400000000002,2312.367506375931
JIO10032526,2106.36,3334.493456797067
JIO10017646,2584.32,4137.576855079967
JIO10042968,2362.44,2659.1063150259884
JIO10049913,2109.12,2822.5166595388037
JIO10030299,1677.12,1907.0012310386473
JIO10054665,2709.36,2945.6641958256187
JIO10004810,2035.3200000000002,1944.1929876741317
JIO10050195,2537.2799999999997,2221.3158488153304
JIO10038842,2166.36,2204.9672696822436
JIO10010993,4945.68,3440.5415705008477
JIO10047325,2625.36,4418.6509308071945
JIO10015310,1288.92,1579.6263477280697
JIO10037036,2208.96,2007.7077706461148
JIO10036252,1986.2400000000002,2882.818139109093
JIO10029803,4089.7200000000003,4162.556965028957
JIO10027297,3138.84,3514.7520285460796
JIO10025753,1947.48,1237.2516463313823
JIO10036129,1802.28,2659.954404574689
JIO10013501,2689.32,2852.541813639942
JIO10048786,4886.76,3227.002134743914
JIO10002258,3081.0,4096.124297831494
JIO10009858,1731.12,1308.5064360268047
JIO10000837,993.96,1497.4066948373497
JIO10035120,3471.96,3104.1549806244316
JIO10022226,1591.92,1867.664024864084
JIO10052626,1785.2400000000002,1270.6385565582382
JIO10023822,1892.88,2619.6143999219003
JIO10045058,1701.2400000000002,2191.390886062108
JIO10026689,1678.8000000000002,1645.0574525802574
JIO10060828,2439.36,3011.115501034114
JIO10007677,900.0,1599.5502617211723
JIO10048943,3849.96,3000.5095215105234
JIO10051687,3750.4800000000005,3105.4333134085973
JIO10014257,1929.0,2220.0778399863284
JIO10035444,1954.56,1676.9021743701
JIO10013610,3179.3999999999996,1223.1165860758554
JIO10024970,5263.200000000001,3589.5595585077863
JIO10048563,1785.2400000000002,2658.6829818725773
JIO10023732,1628.52,1721.3329514673408
JIO10033578,2362.56,2199.787320807774
JIO10011883,2797.2,1887.783091281946
JIO10055607,1592.28,1704.2442592992063
JIO10019387,5168.04,3660.2456165767344
JIO10012671,2555.88,1669.7712228187206
JIO10047681,2703.2400000000002,2834.6751699234737
JIO10000303,4494.72,2933.5987178708965
JIO10012758,3204.7200000000003,2752.20655020413
JIO10038022,2885.64,2874.3979620069003
JIO10044424,1796.6399999999999,3295.5415254386253
JIO10025731,4120.799999999999,2675.0655459404943
JIO10032125,2929.92,2182.2695777725817
JIO10021173,1368.0,2080.8839574539447
JIO10018435,2764.56,2860.5329307203087
JIO10022722,3016.32,4036.1386148822053
JIO10047709,1965.72,2760.790965718618
JIO10063786,900.0,1646.9474996076376
JIO10049270,2823.6000000000004,3329.94443869235
JIO10046636,7659.48,4104.806634622509
JIO10010357,1789.8000000000002,1710.2557490097672
JIO10027934,5091.84,3062.686531269269
JIO10028081,3554.04,4110.261352918897
JIO10047729,5144.28,5454.517368724993
JIO10035549,5580.4800000000005,4752.4621467213865
JIO10062930,3983.04,2961.922762641935
JIO10058348,1426.68,1920.7932041293145
JIO10007167,2313.36,2862.5478150136146
JIO10010037,3176.04,2199.0623206283335
JIO10014909,1525.32,2534.1409839985986
JIO10052232,3449.04,4164.879099971723
JIO10000041,1296.72,1636.507298416885
JIO10063830,2578.08,2238.7300898386165
JIO10025480,3098.6400000000003,3224.1690166685116
JIO10010854,2475.2400000000002,1942.673248415859
JIO10040704,3102.4800000000005,2544.0000806597764
JIO10049351,2753.2799999999997,2248.539580251688
JIO10049710,1806.2400000000002,2234.3627370673717
JIO10020783,2766.12,3512.681506527337
JIO10031455,3396.4800000000005,3238.5145143375757
JIO10019939,1133.8799999999999,1364.1330970635029
JIO10061048,1162.44,1210.4168393717628
JIO10021632,2315.04,1555.8520596569786
JIO10039524,3683.88,1806.2868566174232
JIO10049985,3353.3999999999996,2926.472062309348
JIO10008617,3774.4800000000005,3661.6048986727023
JIO10023658,1522.92,2071.881213269838
JIO10017796,1005.36,1418.9999756386553
JIO10022564,2081.16,1844.889238928393
JIO10017764,2544.2400000000002,2911.973442782671
JIO10017094,1216.32,1875.567233579746
JIO10017734,1896.96,1748.2806783650035
JIO10018302,2589.0,2347.286999007326
JIO10034700,1665.0,2564.3125026110406
JIO10020595,1504.8000000000002,1478.81788255295
JIO10033104,1088.76,1489.9545179868605
JIO10000413,5314.08,4445.3871946631525
JIO10056934,2588.64,3754.374887101183
JIO10039781,3683.16,2649.7872172791594
JIO10061884,5696.4,4475.902019889353
JIO10045976,1521.72,3117.7830957733763
JIO10018217,2606.3999999999996,3019.8848131553295
JIO10055243,2385.84,2742.3518649474418
JIO10000406,5232.36,4265.2939200472665
JIO10024778,942.5999999999999,1290.4898443588995
JIO10031608,3063.36,2677.4063433392134
JIO10015417,3805.08,4447.405931624247
JIO10064413,2479.44,2910.3501895220397
JIO10060238,2279.3999999999996,1394.2904347696374
JIO10046090,986.4000000000001,1423.1563411205893
JIO10015749,3335.04,2973.8479095644493
JIO10032392,3068.88,3539.4539694147707
JIO10027315,2575.68,1763.2770672104093
JIO10017908,5574.12,3292.711277878292
JIO10028253,3297.6000000000004,3181.196689035157
JIO10038086,3645.7200000000003,3713.5275494010903
JIO10062555,2976.6000000000004,2668.437129270945
JIO10040830,2664.6000000000004,2708.8982521340286
JIO10011940,2837.64,4244.443505458771
JIO10012877,1481.6399999999999,2065.54484717363
JIO10020292,3877.7999999999997,2529.560259591333
JIO10063426,1458.24,2652.2452123647977
JIO10023653,1862.7599999999998,1915.1738262470242
JIO10033579,5927.4,4043.5378968542464
JIO10020680,2082.7200000000003,2408.943076484526
JIO10036779,1701.84,1271.9859392645492
JIO10031866,1219.56,1609.5940980787907
JIO10013155,1450.08,2008.060809734216
JIO10004946,1806.96,2007.7880944361837
JIO10050775,900.0,1781.8148780920892
JIO10001930,1507.68,1856.7899922368688
JIO10031585,6059.88,3737.037563539894
JIO10013094,3488.5199999999995,2401.056262048643
JIO10009140,1399.56,1871.0228367978614
JIO10001624,986.1600000000001,1225.029034684369
JIO10001871,1455.84,1642.3241466194004
JIO10046474,1366.68,1917.1745820644182
JIO10030459,2723.88,2428.172331949641
JIO10059498,3633.4800000000005,3386.811537840595
JIO10058668,4626.24,3582.721096308087
JIO10001592,1182.96,1191.5673173373664
JIO10022881,3030.12,2267.750659327301
JIO10052360,1591.56,1953.6442359879022
JIO10038646,1139.52,1792.8106801567542
JIO10042415,1591.08,1868.6906342957398
JIO10011782,2219.52,2257.6836793197303
JIO10046085,5280.36,5287.569351610835
JIO10053378,2200.08,2044.6414752169267
JIO10054326,1796.88,1770.133924142964
JIO10005450,1033.1999999999998,1302.66553349938
JIO10041456,3097.44,3255.4385375141387
JIO10029875,5111.28,4323.76586110461
JIO10032712,1744.8000000000002,1599.6011503047819
JIO10024661,3029.2799999999997,2213.8752525933714
JIO10040419,1566.72,1389.6953012282738
JIO10013905,1513.68,2122.719640625691
JIO10036601,3772.2000000000003,3621.4325324471697
JIO10051477,3639.3599999999997,2619.0517974134614
JIO10001425,2911.56,2189.24194627599
JIO10057026,1562.04,1560.1953865795083
JIO10006712,4482.96,3340.420087694021
JIO10025599,3206.16,2691.7644282230676
JIO10059659,1383.24,2035.5988351538524
JIO10051908,1754.6399999999999,2226.305036058826
JIO10016863,2632.2,4447.878890915352
JIO10053345,2118.84,2351.6738760886856
JIO10025693,4286.5199999999995,5672.939337042289
JIO10000263,3398.04,2500.8042598686975
JIO10009210,3428.3999999999996,3600.666932474599
JIO10042535,1752.12,2587.3471788504594
JIO10000277,1749.3600000000001,1685.0211471468647
JIO10023419,2076.96,2747.987474142075
JIO10053482,1206.84,1269.633337509475
JIO10060544,2977.44,2982.266405260692
JIO10063486,1474.44,2149.276749405735
JIO10029659,1097.76,1419.2987253967933
JIO10050530,1276.56,1983.0811774219856
JIO10004240,1435.32,1258.771809519614
JIO10019096,5262.24,4075.355090809079
JIO10062350,2219.88,1470.8662050451057
JIO10002386,1559.3999999999999,1822.9654143464593
JIO10045998,4092.12,1987.6022217054362
JIO10016514,2679.6000000000004,2603.348727746097
JIO10044340,1619.04,1763.89214366122
JIO10049530,3438.6000000000004,2389.857830806181
JIO10034179,3191.88,4590.931686357706
JIO10015103,3267.3599999999997,2628.680170627499
JIO10052895,1851.6000000000001,1481.6155018133597
JIO10061098,2188.56,2079.920454028007
JIO10031264,4246.5599999999995,3031.5527508421605
JIO10046598,3385.92,2624.2863032708115
JIO10019911,4198.08,4385.5216259501685
JIO10050160,900.0,1425.5567507046212
JIO10045908,1907.7599999999998,2675.053994084978
JIO10030768,2574.12,2637.9380006073466
JIO10027808,3957.3599999999997,2982.417297685036
JIO10062386,2442.2400000000002,2989.100260182498
JIO10024307,1449.48,2058.4544567198095
JIO10020497,2927.3999999999996,3879.9728684278266
JIO10009830,2379.84,2632.9654307823102
JIO10000536,2634.12,2547.352391623486
JIO10037955,3595.44,2620.4234959196374
JIO10057244,1241.8799999999999,1283.8469852381838
JIO10002791,4283.64,3571.4057824883557
JIO10014148,2410.8,1617.5284751704885
JIO10011579,900.0,1507.6223837716514
JIO10045039,1785.48,1854.455316629153
JIO10000184,2567.88,2461.6175629561753
JIO10054179,3619.08,3328.863286068134
JIO10022333,1811.16,1679.5591146623437
JIO10026258,2305.56,2012.1435546972778
JIO10006571,1721.7599999999998,1539.752764104787
JIO10049848,3484.2000000000003,3560.4341427397535
JIO10037314,1423.92,2609.8305473905684
JIO10040110,1384.32,1475.1383413849949
JIO10013974,2487.0,1956.6904682662687
JIO10022942,2961.0,2728.277278249087
JIO10022238,2739.6000000000004,2986.3105602317055
JIO10006805,2345.16,2352.182711274681
JIO10058876,1997.16,1670.0849186066466
JIO10010163,3877.92,3573.0443886695616
JIO10003456,2647.92,3287.824166947932
JIO10020456,3139.7999999999997,2822.529313238248
JIO10056737,4826.16,3344.57550145594
JIO10028282,1515.96,1305.7287250964766
JIO10007651,3644.2799999999997,3680.911157310455
JIO10033708,3258.7200000000003,3904.9087358105066
JIO10043801,5125.200000000001,4242.031321429559
JIO10062042,1879.92,2000.732017502102
JIO10016685,3864.12,3326.5325237951974
JIO10026648,2305.08,1830.0178284914784
JIO10056339,923.76,1204.8903409953537
JIO10034100,909.1200000000001,1473.686059404791
JIO10047690,1680.0,2574.2851057678067
JIO10022635,1697.6399999999999,2063.7554237881477
JIO10032896,1688.3999999999999,2164.2459547284066
JIO10055610,5694.84,3199.706760095616
JIO10047020,900.0,1268.3806610949337
JIO10059584,2025.6000000000001,1703.6975413667499
JIO10001255,2167.56,2557.754403286263
JIO10037773,3496.7999999999997,3427.7196525552818
JIO10047826,1964.28,1917.7803854932185
JIO10021748,3206.76,3416.8536280999883
JIO10063528,2029.56,2686.406005906736
JIO10014586,992.76,1404.113491504967
JIO10041036,3511.68,5155.861172925035
JIO10063483,3738.3599999999997,2992.6930058888156
JIO10016306,900.0,1207.1906120973151
JIO10051042,1262.16,1281.9366555866152
JIO10018459,1088.28,1492.7469211916004
JIO10041057,900.0,1182.0613867647328
JIO10004528,1265.52,1617.867812815367
JIO10010349,2384.3999999999996,1608.9665351466497
JIO10057746,2286.12,2019.1417517435495
JIO10036035,4281.84,3634.624406067193
JIO10026557,2999.16,3700.4658472859255
JIO10003757,2850.96,4159.469884885964
JIO10018436,2439.6000000000004,2459.9149126531224
JIO10000176,3955.56,2674.00437298912
JIO10051599,3936.4800000000005,2997.0207148291956
JIO10020125,2214.12,2451.054176168103
JIO10041423,1457.52,2191.8995319103647
JIO10031537,2456.04,2947.7548882714227
JIO10021614,2776.8,1336.4315971801966
JIO10057859,2264.3999999999996,2694.8357026795134
JIO10055829,1807.08,2222.8296988733628
JIO10032053,1759.8000000000002,1458.0930027751724
JIO10054659,1677.48,1192.5324945269322
JIO10028370,3217.92,2786.107459872077
JIO10048072,6026.28,5753.974763521424
JIO10049477,1938.72,2625.9902710325455
JIO10030403,923.04,1687.2306877966505
JIO10030363,3177.84,2895.6123749777184
JIO10031390,958.6800000000001,1423.074665023508
JIO10049323,2488.8,2840.67185807057
JIO10047576,2606.7599999999998,2547.4276422109037
JIO10027449,4145.04,4180.594333400495
JIO10017855,1503.96,1514.8626971611868
JIO10024988,3364.2000000000003,2459.9782078672833
JIO10035988,2203.2,1919.8540297385925
JIO10044191,1393.92,1380.6420620799292
JIO10037450,2331.2400000000002,1520.0705386259826
JIO10059439,1699.1999999999998,2109.6142530543793
JIO10006963,1993.44,1877.9487191219266
JIO10022853,1808.7599999999998,1922.9045379305535
JIO10001601,3003.84,2690.314045550553
JIO10028111,3009.0,2522.160053613596
JIO10047675,1986.96,3240.6772730835924
JIO10039732,1388.8799999999999,1199.616522585669
JIO10032590,3095.5199999999995,2492.5248104129064
JIO10049992,1954.44,2189.1312025470347
JIO10052133,1531.92,1718.7533855699098
JIO10030383,2632.92,2558.2509319522
JIO10014439,1510.68,1781.374863209545
JIO10038851,2049.6000000000004,2847.6537393640106
JIO10030223,3915.6000000000004,2496.6442687524163
JIO10030387,2180.7599999999998,2957.9494939825777
JIO10018460,1576.1999999999998,1544.9917345089693
JIO10019047,1799.7599999999998,3848.4717211334755
JIO10042936,1815.72,1436.794355573525
JIO10018089,3084.96,2726.968243489569
JIO10064475,2197.32,2811.942327245806
JIO10008513,2565.2400000000002,3279.02398670172
JIO10046906,6830.039999999999,4304.281875006386
JIO10009460,2075.52,3270.0309796230226
JIO10016901,2310.48,2574.215896611763
JIO10015111,1689.48,2979.1997508664567
JIO10027271,1977.2400000000002,1844.9109139860275
JIO10011123,2328.7200000000003,1740.1208175592517
JIO10025928,1502.16,1873.0362291192293
JIO10045596,900.0,1278.8622430933979
JIO10011210,2343.12,2209.121310826821
JIO10034178,1995.72,2428.1723758083713
JIO10056141,1492.68,1530.9072233066372
JIO10025395,4071.96,4186.591950491463
JIO10024491,3234.6000000000004,2801.3900423785467
JIO10042665,2220.84,2297.291461360396
JIO10036519,3710.76,2992.6760334549062
JIO10013504,3653.76,3618.2734408240167
JIO10001808,900.0,1250.6846659293747
JIO10018637,1683.3600000000001,2159.0705646876777
JIO10030386,972.96,1444.9400059173786
JIO10039462,3748.44,3479.1821756577547
JIO10026169,3030.0,2655.7348550025145
JIO10013948,2042.04,3151.9331225001188
JIO10061206,1534.08,2209.789349104385
JIO10050394,1093.32,1355.3945344016759
JIO10022621,2735.2799999999997,2577.292878662854
JIO10032095,2255.7599999999998,2551.4000967818583
JIO10043936,2385.12,2831.020961753176
JIO10057404,2009.52,2006.6872776308574
JIO10000236,1150.56,1200.5934145829071
JIO10037584,3305.76,1206.606290755775
JIO10025743,2014.1999999999998,2725.2496483883674
JIO10043442,4035.0,3933.3071899819934
JIO10037271,1710.0,2207.2417415828927
JIO10046122,1897.44,3281.2555378861352
JIO10049044,4190.16,2558.017632442096
JIO10044675,2638.32,4308.995819478398
JIO10038373,3523.32,3488.6192877535414
JIO10050617,4177.32,3742.7409710939305
JIO10030866,1201.68,1293.1425927690655
JIO10025791,4520.04,4438.915283853334
JIO10016444,2446.68,3209.6071884141284
JIO10026421,1590.84,1927.9355278142154
JIO10018582,2776.92,4742.692868343125
JIO10042391,4827.36,3080.6102590433193
JIO10000007,2957.7599999999998,2385.333209537148
JIO10007464,2519.2799999999997,2988.2297391234983
JIO10001891,1581.3600000000001,1504.2767922785654
JIO10043733,7993.92,3582.933460841766
JIO10007825,2441.52,1948.6103950510183
JIO10033213,3565.92,3464.655488423096
JIO10020550,3335.04,2032.8213697190215
JIO10049998,1426.08,1938.537064264664
JIO10005758,3717.7200000000003,2605.8581159387904
JIO10020124,4226.5199999999995,3613.036832036403
JIO10040146,2057.7599999999998,2651.506164450966
JIO10004916,1692.84,2567.7216682343237
JIO10044521,1954.56,1218.4604404098554
JIO10029078,1802.04,1973.3903416130552
JIO10043373,2716.44,2331.026918649541
JIO10023821,2706.12,6080.726078345504
JIO10037564,1024.56,1617.7792370522384
JIO10028914,1472.28,1506.5519514425878
JIO10011155,2037.3600000000001,2570.209472054786
JIO10062106,2892.6000000000004,3226.220228402681
JIO10062755,1715.3999999999999,1658.355080629753
JIO10046502,2333.7599999999998,2687.8205179575507
JIO10032631,2767.68,2929.0865106773294
JIO10023554,3959.88,3512.4835703708286
JIO10020826,2235.0,1928.6490312657586
JIO10059030,2995.32,2887.8299544216607
JIO10049216,1306.44,1605.0986607849609
JIO10032562,918.1200000000001,1198.1988021056225
JIO10033416,1506.96,1484.4121813087759
JIO10033793,3095.04,3061.478693386766
JIO10001778,3689.5199999999995,2842.410426284587
JIO10027327,2118.0,1868.9745633170844
JIO10045523,2480.04,1957.2610957676034
JIO10028284,1713.96,3004.591015912229
JIO10039719,2525.3999999999996,2347.777426988108
JIO10037500,1009.92,1204.5962380770277
JIO10020278,8251.44,5629.299304686115
JIO10044554,2322.48,3611.997604447977
JIO10048002,1353.1200000000001,1753.6413574155265
JIO10048687,1914.96,2973.6275361346597
JIO10038605,1829.88,2081.7376024264495
JIO10021098,2424.96,2439.263179674964
JIO10035427,5163.24,4515.957418486341
JIO10015386,1619.3999999999999,1451.9876053228352
JIO10046108,4244.76,3112.045736556245
JIO10013538,5804.76,3566.4028392145365
JIO10043051,3472.68,3300.034150578903
JIO10034548,2663.52,1847.5565496960037
JIO10042920,2130.48,2986.8476067133806
JIO10057833,3786.4800000000005,2925.7561553743094
JIO10010805,1631.16,1666.3218030384871
JIO10060142,1484.04,2173.1715889751854
JIO10015460,2109.0,2134.073266227575
JIO10020987,3416.2799999999997,5780.974913937616
JIO10001400,994.1999999999999,1713.9359539295433
JIO10008152,1974.84,2316.725274976305
JIO10051709,3061.32,3633.2939403979867
JIO10014984,2409.2400000000002,2248.594813797725
JIO10022534,2577.7200000000003,2350.5273148709875
JIO10055196,1179.48,1194.1954020639075
JIO10004494,2102.64,2465.3488223463
JIO10003378,4371.84,3823.584111410693
JIO10015079,4783.4400000000005,4259.265819956624
JIO10038943,1772.3999999999999,2485.7625790366683
JIO10007702,6007.32,4294.272833803493
JIO10025036,1213.32,1201.8373034393762
JIO10047537,4990.799999999999,2111.1615947353685
JIO10015166,1896.84,2921.7166673888996
JIO10048994,4577.28,4618.392166335586
JIO10053021,1350.96,1280.5959786446613
JIO10036735,3538.7999999999997,2886.844402540711
JIO10045298,4432.5599999999995,4441.134078758949
JIO10010832,2281.44,2918.610687348022
JIO10040857,2178.12,2321.0132968301914
JIO10026673,1887.6000000000001,2339.8169491342483
JIO10062753,984.36,1445.991967202459
JIO10027840,2922.84,2628.458666437429
JIO10063936,2845.44,3377.5245836378053
JIO10023514,2331.12,3357.0473856558283
JIO10029226,900.0,1181.7201193731917
JIO10060504,1568.3999999999999,2113.8505267719324
JIO10045923,2463.12,3323.631250851734
JIO10009216,1549.08,1282.2978324420435
JIO10024095,1281.0,1991.3798962430678
JIO10060352,3947.6400000000003,2966.350145320932
JIO10039377,2774.16,2027.3978751215463
JIO10044540,3306.4800000000005,3240.0543200580037
JIO10046870,1900.1999999999998,1652.389419988616
JIO10025421,1494.24,1726.563589864892
JIO10057569,1795.44,2907.1898495098158
JIO10048954,1550.88,1817.9578955374138
JIO10037067,1874.52,1745.8568084421227
JIO10023027,1368.96,1208.9401414983386
JIO10028776,2219.7599999999998,2697.445900937483
JIO10025895,5126.76,2981.788617695146
JIO10032663,3313.08,3044.824458246131
JIO10029738,2922.96,3177.5050377701946
JIO10029298,2407.32,3268.4531750122087
JIO10004644,2544.96,3469.2580921051926
JIO10037284,3094.56,3728.4734742551886
JIO10021272,1325.28,1705.3841437611445
JIO10032382,2399.52,2766.191056836442
JIO10016224,2745.96,3060.6955473299304
JIO10048504,2996.16,2450.29351494072
JIO10054513,1936.3200000000002,2194.8493183114374
JIO10020767,1461.24,1210.4503437126043
JIO10000602,2025.48,1828.86800582436
JIO10033626,2270.7599999999998,1795.8031966803196
JIO10041868,2289.0,3376.4477851316046
JIO10035064,2220.48,3476.6204307837666
JIO10011980,4780.200000000001,2151.0535903656905
JIO10018787,2202.7200000000003,1237.2171654458546
JIO10055750,7298.400000000001,5770.559294520695
JIO10017097,1705.92,1478.9020982588597
JIO10010807,2731.56,3022.957514736866
JIO10051098,2785.44,3951.3296799659106
JIO10045538,2823.96,2645.8977729354474
JIO10052898,2172.0,4140.613435881393
JIO10044125,4301.4,4210.751337070675
JIO10050789,7936.92,5081.756214640144
JIO10062852,2800.92,2291.495073935348
JIO10062204,900.0,1410.8974630837815
JIO10011843,4830.12,3065.0977563954984
JIO10006661,3600.96,3162.295972410132
JIO10006698,1767.84,2289.1974044206854
JIO10021422,1198.8000000000002,1274.7582943076604
JIO10009907,1822.56,2327.3064454920536
JIO10012921,1257.72,1189.8982359180518
JIO10041066,1132.32,1821.6540823534663
JIO10059374,2761.8,4821.622091362093
JIO10043268,1288.44,1492.634341586483
JIO10024070,2935.68,3336.3830986957646
JIO10035319,1987.08,2352.61583535498
JIO10052258,2558.64,2582.618892223665
JIO10007792,3585.24,2926.5101865926536
JIO10058390,2282.88,3074.5193222465923
JIO10026338,1628.88,1191.482725361466
JIO10039337,4367.4,4441.458841713154
JIO10027412,5897.88,4511.67266102345
JIO10048984,1551.2400000000002,1972.778197701763
JIO10016601,2271.96,1457.759020038671
JIO10061733,3388.44,2211.558791823477
JIO10060667,4492.799999999999,3826.334041411437
JIO10021021,1045.08,1369.0744892311611
JIO10042991,4331.04,3090.1261348193725
JIO10019563,2343.84,3101.6748225769406
JIO10014507,2726.88,3284.4571346232397
JIO10001487,4718.76,6159.413475975335
JIO10001763,3577.2000000000003,4228.733836999371
JIO10013680,2454.12,2225.720972227316
JIO10001130,2684.04,2304.4897292335836
JIO10008109,1344.3600000000001,1717.3192404122929
JIO10023931,3230.6400000000003,3342.385465719625
JIO10055910,1436.4,1214.733479687871
JIO10044264,4057.56,4125.992442072557
JIO10013611,4643.4,3323.595888591375
JIO10047669,3140.5199999999995,3880.4141356820433
JIO10048066,910.56,1449.164881339348
JIO10062443,4397.5199999999995,4422.484316898173
JIO10016550,3934.2000000000003,2384.464614432472
JIO10001280,3400.08,3184.7931591781244
JIO10063976,1828.92,2402.513841288182
JIO10059753,2334.12,2307.2361262350264
JIO10061666,1277.8799999999999,1580.2958459406327
JIO10033748,900.0,1163.831581442541
JIO10019722,1960.08,1272.2728604996705
JIO10063676,1967.28,2320.6036616553097
JIO10027257,2207.16,2171.1634053175453
JIO10014874,1401.48,1545.2051556650597
JIO10008739,1996.08,1835.1583935160388
JIO10044213,1657.8000000000002,1275.6781926057313
JIO10064714,5469.84,2690.5977955432822
JIO10015023,2175.84,2360.534680117386
JIO10028859,1609.92,2613.9734523590914
JIO10051617,2323.56,3071.5561631845276
JIO10004318,1520.4,1439.1897330745103
JIO10037295,2709.84,2416.0153072564817
JIO10000787,2641.32,1929.6896950151356
JIO10012455,3232.08,3243.1007017517945
JIO10024714,2088.6000000000004,1282.2741616565215
JIO10015902,3275.16,1896.5201123313109
JIO10043917,3709.08,3343.5600763396296
JIO10012708,2360.2799999999997,2531.338205131982
JIO10017847,1545.12,1451.9783147149483
JIO10061273,1179.84,1705.1622859413428
JIO10056133,2290.08,3191.7953521078693
JIO10034062,2958.84,3146.495482219355
JIO10042104,1094.04,1361.9667116582264
JIO10012435,3861.24,2927.1355785676346
JIO10015612,1763.3999999999999,1987.4805090339692
JIO10013599,1025.76,1634.2098661964058
JIO10036579,8029.799999999999,6542.977915079759
JIO10028507,3670.08,3927.4170489788853
JIO10051673,1571.16,1249.5452649990825
JIO10054340,2273.88,3310.794571506061
JIO10015299,6728.52,3000.857034673636
JIO10003073,4498.32,4874.100948330619
JIO10055637,4175.16,2955.0022143465517
JIO10021060,2104.2,3298.4565690969484
JIO10063909,1253.28,1226.3741082627776
JIO10050150,1481.6399999999999,1449.803533911018
JIO10032668,3265.56,4971.535132662338
JIO10011512,1897.1999999999998,1707.22085574644
JIO10055024,3928.92,3823.3862318449733
JIO10043366,4377.36,1709.3831045495476
JIO10008606,4190.64,4016.0193574479904
JIO10049746,1580.88,1438.3703743385456
JIO10006714,1941.72,1412.0243401490131
JIO10035739,1167.48,1949.2127592899883
JIO10013005,2236.2,2557.127643701942
JIO10050862,2014.56,2945.773439287763
JIO10053745,3317.5199999999995,3784.891201204483
JIO10028998,4118.64,4336.195657105524
JIO10016992,2095.08,2517.7831030026296
JIO10028733,1921.44,3569.0235764781737
JIO10059575,2883.12,2801.5436371994283
JIO10022304,2014.08,2492.0916990828164
JIO10048754,2329.56,1414.2943559365087
JIO10016670,3315.24,4073.947606792023
JIO10058733,1384.32,1952.5959269359994
JIO10034173,2623.44,3543.0852458492855
JIO10054873,1937.6399999999999,1482.5315783474546
JIO10059203,2146.32,2231.117288083982
JIO10043741,1781.3999999999999,2467.025022716826
JIO10026100,2771.16,3570.229497574203
JIO10051418,1479.48,2695.7999002870874
JIO10062989,2270.3999999999996,2346.458818398436
JIO10003569,1564.6799999999998,1622.203613741091
JIO10011366,3613.08,3393.1812214544957
JIO10051882,2979.96,3681.393188487241
JIO10007526,1138.1999999999998,2219.95985684415
JIO10054871,2784.48,3208.4123306276965
JIO10046222,1835.04,2606.618299881548
JIO10042642,1699.44,1698.9321606418189
JIO10009698,1811.52,2202.481074075229
JIO10028657,1947.0,1779.188194167188
JIO10019545,2147.2799999999997,2712.5154743888347
JIO10007271,1324.08,2477.1587633794697
JIO10019904,1222.56,1314.0192899847889
JIO10054070,1967.6399999999999,2200.7743959870354
JIO10012866,1803.12,1505.4668443761402
JIO10064086,927.36,1171.7720180648478
JIO10021076,1725.12,1938.8588717971963
JIO10002702,3073.32,2390.491576533088
JIO10046997,1907.16,1517.9376785856616
JIO10025690,1412.28,1939.6754701858029
JIO10011505,1097.76,1581.645072432158
JIO10039797,3270.4800000000005,4491.3940029862015
JIO10040227,3104.16,2575.796935431239
JIO10049759,2247.7200000000003,2239.7151453154843
JIO10006737,3002.88,3574.180593141232
JIO10056065,1553.6399999999999,3767.5952477877363
JIO10051078,2041.6799999999998,2953.2183533482253
JIO10014804,1187.52,1203.0658011423764
JIO10032937,1195.08,1504.8613749358856
JIO10042716,4498.799999999999,2606.653044742243
JIO10028711,4788.72,4205.122899849088
JIO10047637,2313.2400000000002,2232.726588854998
JIO10040498,2465.16,2369.2554385698604
JIO10006472,3489.0,2830.663364899422
JIO10010149,4496.5199999999995,2402.098280104019
JIO10019139,2012.04,3395.4789650962994
JIO10045649,4607.88,4064.2967643363695
JIO10053316,1947.84,1577.975782891441
JIO10022035,3216.6000000000004,3941.4557003268956
JIO10004215,1792.08,1307.1000465188265
JIO10046092,4217.88,4991.9270709818575
JIO10049028,1892.6399999999999,2621.327534240993
JIO10048940,2018.28,1384.2712071312499
JIO10028942,1064.6399999999999,2172.8982803490376
JIO10025901,2782.32,2468.5813466968207
JIO10037087,4720.4400000000005,3543.0762484653246
JIO10054440,1826.3999999999999,2260.604132407853
JIO10024218,3838.7999999999997,4276.778457427807
JIO10039702,1469.6399999999999,1876.6072573219174
JIO10024639,1455.3600000000001,1187.731394235566
JIO10008869,1372.1999999999998,2058.92604896801
JIO10056042,976.44,1169.9131999838016
JIO10025615,940.8000000000001,1533.546636620087
JIO10041227,2551.68,2367.6152552210906
JIO10039022,3307.92,1944.7763098761404
JIO10040269,2607.0,1861.0244835446065
JIO10053942,3537.4800000000005,3161.4680161586884
JIO10015304,1955.88,2584.85305591309
JIO10036405,2817.96,1939.3546385910204
JIO10033991,2334.6000000000004,2634.6658731669736
JIO10042496,2315.88,2374.6516184503366
JIO10007323,1172.52,1293.1851167390353
JIO10000654,2659.56,3706.3896607636266
JIO10059482,2625.36,2627.413799519246
JIO10029619,1886.04,2406.478815742859
JIO10049157,1742.16,2153.2912670326023
JIO10057989,2215.68,2660.6323773972495
JIO10052782,2526.84,2691.8123609378017
JIO10016786,2121.48,2494.0024680073734
JIO10053161,1359.96,1209.2370451103243
JIO10040844,3831.7200000000003,3379.0861219370513
JIO10044130,2472.2400000000002,2003.597323836862
JIO10027112,2075.16,2024.2058483053395
JIO10017823,1689.12,3279.275928979881
JIO10010980,3544.7999999999997,3126.4974821503506
JIO10005380,2601.2400000000002,2996.0100275502255
JIO10045590,1590.0,1933.308089346141
JIO10054747,1324.08,1589.775306120705
JIO10009606,1818.3600000000001,1634.807377500446
JIO10020415,2970.6000000000004,2629.5522418507517
JIO10008732,2733.48,3332.4187426253675
JIO10024916,1907.28,2714.046322344388
JIO10027331,1937.28,2407.957258148198
JIO10062094,2522.7599999999998,3397.319306110052
JIO10020310,1479.84,1193.5227528377418
JIO10011071,3380.76,2360.61162535255
JIO10060356,3256.32,3323.227051761447
JIO10020623,1137.1200000000001,1327.6670007505354
JIO10042247,2627.2799999999997,3060.5396719736145
JIO10045982,1210.68,1269.3178393973787
JIO10038366,2615.64,2228.4801624887086
JIO10013865,3711.4800000000005,2127.0144032265407
JIO10001730,2126.52,1924.8977728514062
JIO10004583,3735.7200000000003,3282.833093541441
JIO10029772,2334.84,1726.6317407746492
JIO10002528,2811.6000000000004,2800.926083075225
JIO10025206,1778.88,2672.8500114828043
JIO10061799,1682.6399999999999,1974.9740375414126
JIO10020855,1651.3200000000002,2471.3700863555737
JIO10003685,1054.44,1553.942154508955
JIO10033604,1471.1999999999998,2003.9404993627159
JIO10044426,2436.12,2669.4280709595337
JIO10056993,935.64,1261.489326050608
JIO10061172,2477.7599999999998,2936.625347644453
JIO10013062,3127.56,2749.800307063458
JIO10004533,2575.44,3293.3674767748917
JIO10058952,940.08,1406.5802605674523
JIO10011533,1370.28,1659.201331845223
JIO10059593,1185.6,1302.451088348272
JIO10038329,1750.3200000000002,2006.0403315687315
JIO10016565,1980.96,1443.2089653152434
JIO10056855,3603.12,3630.090655824552
JIO10040213,3830.5199999999995,3676.2683911821464
JIO10053024,1685.6399999999999,1387.0565162362825
JIO10033847,1266.24,1326.7060654584866
JIO10012498,2539.44,3259.7877717555343
JIO10019149,1455.72,1880.9905980305082
JIO10038108,942.8399999999999,1238.1912706876326
JIO10060282,1194.24,1490.2424279379575
JIO10019569,3380.04,6638.871929450948
JIO10045245,5330.88,2638.907897776787
JIO10002681,1624.1999999999998,1891.2683116416413
JIO10010590,1308.1200000000001,1241.9535044928268
JIO10027299,1205.6399999999999,1218.1485550709035
JIO10039158,4236.36,4251.787065574683
JIO10048427,1345.56,1179.9751200722937
JIO10027152,2594.7599999999998,4133.673932122471
JIO10038934,1576.3200000000002,2363.2113500069704
JIO10058299,2371.8,2266.3439471766633
JIO10011835,1733.16,2046.4799728764249
JIO10063814,1424.8799999999999,1707.5243093325564
JIO10063265,1718.52,1517.7567570378703
JIO10050430,4864.200000000001,3242.7793156271164
JIO10042256,1966.3200000000002,2946.89496229038
JIO10050989,1074.0,1185.978936690631
JIO10008486,1859.7599999999998,2002.791666450287
JIO10022315,4263.0,3774.6412944514313
JIO10034556,4926.0,4192.234778906677
JIO10045524,6396.12,4130.723050088583
JIO10055032,3670.44,3647.935662795145
JIO10017903,6507.36,4756.493592342344
JIO10035409,1344.6,1288.8120292895721
JIO10003461,1689.48,1677.4665519945368
JIO10053321,3779.3999999999996,2860.702252710938
JIO10044345,3305.5199999999995,3681.1826036990014
JIO10006044,1644.6000000000001,2160.2128971741085
JIO10019801,2282.7599999999998,2655.0774810230632
JIO10020552,1806.2400000000002,2611.314194626187
JIO10031887,1920.96,1613.3031547213534
JIO10046990,900.0,1189.8831481756604
JIO10060867,1599.12,1939.2640315221697
JIO10051002,1551.84,1278.7778525812719
JIO10034097,2134.44,2358.008270993556
JIO10018296,2482.44,2001.872797180538
JIO10034215,2340.48,2145.2602077651236
JIO10016641,1417.56,2236.778072514541
JIO10003996,2397.36,2967.2221357166727
JIO10025310,2337.7200000000003,2975.7934209569157
JIO10043522,1962.0,1248.646789574162
JIO10025531,913.6800000000001,1283.0469193653203
JIO10046068,3469.2000000000003,2637.705454301362
JIO10061349,2541.96,2410.8940614108906
JIO10041996,2190.36,1252.9245697853441
JIO10050378,3893.3999999999996,4101.275582800827
JIO10064460,2372.88,2550.0195965481134
JIO10033328,1396.1999999999998,1419.8048643609634
JIO10004587,4182.72,3597.379742088586
JIO10027479,2452.32,1770.4119114819355
JIO10030211,2200.44,2095.0625478505367
JIO10043951,4141.5599999999995,3702.5956424406704
JIO10056894,3355.2000000000003,3144.8271645826185
JIO10061967,3144.96,3446.057573302953
JIO10041524,2100.96,2359.739529392846
JIO10014896,1371.48,1491.7739272039742
JIO10055638,2002.44,1687.05645335261
JIO10060277,1961.28,2937.045534569996
JIO10030895,1697.04,2238.4442631259535
JIO10049144,3074.2799999999997,2581.2156473384503
JIO10020139,2248.2,1659.3706819530366
JIO10059069,2423.16,2454.469824348188
JIO10016106,2419.32,2892.8032252938597
JIO10060118,2731.92,2805.7150585040545
JIO10026816,5209.5599999999995,5456.737465559339
JIO10048751,1545.12,2394.0837730846583
JIO10022999,2844.2400000000002,2609.752559067528
JIO10052703,2890.8,3466.3540496924084
JIO10057304,2318.64,4390.144224172099
JIO10020268,3581.5199999999995,3258.9065562505184
JIO10001616,1658.6399999999999,2110.8930095194573
JIO10057818,900.0,1169.9624677718411
JIO10055823,1344.72,1918.8476771677383
JIO10039963,1356.48,2326.570370544034
JIO10015055,1580.16,1765.039502287824
JIO10026840,5534.76,3062.455186023021
JIO10026242,2467.92,3033.5624894050934
JIO10059424,3564.12,1933.9676172115887
JIO10048285,1089.48,1315.9299569294599
JIO10012663,2625.48,3388.1528731464814
JIO10047947,3923.04,2329.580269220634
JIO10033819,1014.5999999999999,1479.9184632746799
JIO10052212,994.1999999999999,1559.7635532237387
JIO10027428,7682.039999999999,3891.488368727223
JIO10021730,7109.64,5651.556726466661
JIO10030838,2691.96,2239.9272800028994
JIO10030152,1864.92,2917.7706803274864
JIO10006076,2050.32,2201.2104408175437
JIO10019457,1492.08,1413.6726873074672
JIO10049335,5146.5599999999995,5504.303949933705
JIO10013287,2486.2799999999997,3363.0310433952964
JIO10020566,3703.2000000000003,3581.4576676972147
JIO10024244,1472.76,1319.2239916150666
JIO10011753,900.0,1403.1811635143688
JIO10023717,2341.2,2533.751021980223
JIO10025708,1070.6399999999999,1335.5421090827763
JIO10014561,3931.68,4603.345904599681
JIO10027823,1497.48,2393.853277139209
JIO10022167,1458.72,1782.70448459381
JIO10013839,1620.96,2232.63063707754
JIO10012701,1427.76,1297.2896711163585
JIO10044280,1110.24,1283.7380201315123
JIO10024748,2342.04,2895.141911364308
JIO10012835,4559.16,3407.966750977455
JIO10043489,2495.04,3419.1385782862694
JIO10024571,1784.52,2801.725656087174
JIO10018121,5351.5199999999995,5656.291811710253
JIO10000302,1647.6000000000001,1595.7949707974253
JIO10024140,5589.36,4304.501903332188
JIO10020857,6381.12,5507.317219944467
JIO10039936,5461.68,4247.540310756004
JIO10052006,4233.6,3202.168762221734
JIO10033716,1364.28,1238.784646720023
JIO10028314,1534.56,1186.2106606793693
JIO10008874,2642.2799999999997,2643.1245913523126
JIO10016765,3328.56,4364.449092337025
JIO10003439,1322.52,2384.8922912049666
JIO10061396,2288.16,2306.554052072986
JIO10063365,1468.44,1478.3641702153175
JIO10008442,4318.4400000000005,3087.174173357831
JIO10002171,1710.84,2662.3081893896833
JIO10005471,3008.64,2009.1715655439414
JIO10003399,10109.64,6217.4779980507365
JIO10025806,1622.6399999999999,1969.786914716777
JIO10050923,2310.84,2418.426870188097
JIO10053265,3428.16,2524.645949996686
JIO10015861,2456.04,3021.278659266719
JIO10047641,1088.52,1209.185514398082
JIO10012229,1704.0,1455.9281556827982
JIO10015888,900.0,1175.4581638532813
JIO10005553,4051.2000000000003,3761.584532503482
JIO10046327,1885.92,2073.2902490910574
JIO10000695,2283.48,2269.9639183086406
JIO10053173,2235.84,2022.0702929043678
JIO10047818,1914.3600000000001,2035.1539948029924
JIO10057113,1197.48,1687.2728904137475
JIO10007252,3711.12,4346.223392256165
JIO10042714,2745.2400000000002,2240.016369823196
JIO10061079,3176.5199999999995,2549.5428771379197
JIO10063398,3487.08,1752.8529785624628
JIO10062422,1733.52,1677.7059435625276
JIO10052684,1256.4,1383.65966598632
JIO10049715,1725.0,1968.2209913278123
JIO10010168,2374.56,2915.143567125728
JIO10036556,1977.72,2211.8535817586535
JIO10028333,2838.6000000000004,2655.317072812091
JIO10009860,2483.52,2552.652204034311
JIO10021881,1229.4,1219.9824065543346
JIO10016823,2178.7200000000003,3376.8716329642734
JIO10046882,1719.3600000000001,1283.47565156324
JIO10048115,900.0,1213.7565008579168
JIO10043045,1509.3600000000001,2347.1772992044225
JIO10032176,2546.16,2328.660450892398
JIO10053928,1451.16,2223.151780603672
JIO10021556,3357.24,2685.916650284485
JIO10031312,1495.08,1194.3793320249056
JIO10034355,2028.3600000000001,2596.6403670344366
JIO10033713,2904.0,3815.2254290502633
JIO10000012,1066.32,1570.3087741573538
JIO10017887,1775.7599999999998,2800.2645851646544
JIO10058171,1443.84,1793.8482448700254
JIO10035112,4438.4400000000005,3663.264716283655
JIO10047074,2513.88,4106.888409444434
JIO10002237,900.0,1421.3187421493685
JIO10039229,3431.16,4761.555005022306
JIO10034654,1770.12,2201.1941149115714
JIO10063254,3255.24,4529.239379765408
JIO10058638,1610.3999999999999,1378.519622347405
JIO10050870,2803.56,3579.8127187075056
JIO10014325,2510.7599999999998,2167.951964680889
JIO10058045,2588.52,1989.93136402384
JIO10007713,1771.44,1186.357676635334
JIO10036547,1950.12,1413.4577678941841
JIO10026283,2109.2400000000002,2195.087121352731
JIO10012324,1019.52,1162.3999455468747
JIO10057851,3088.92,3054.9380382129343
JIO10016611,1797.6000000000001,1996.351315989197
JIO10008411,1802.6399999999999,2352.133847617429
JIO10018259,2320.32,1469.0623399609915
JIO10064560,959.64,1251.1619257365744
JIO10040905,1622.88,2975.5553882379154
JIO10063995,2218.8,1926.8976692722551
JIO10028197,4766.88,3484.728872990628
JIO10042663,2148.48,2218.086409001446
JIO10002308,4448.04,4455.260843224748
JIO10029855,2272.44,1809.4612224463137
JIO10017281,3979.44,2962.780702196822
JIO10018439,3534.12,3734.4029299474446
JIO10028786,1254.48,1186.553852534879
JIO10037298,1520.8799999999999,1380.6859372305914
JIO10047254,1573.08,2469.334628992411
JIO10017034,1808.16,1555.4034753326814
JIO10041709,4272.0,2779.703974522777
JIO10040069,2260.68,1780.9665107727633
JIO10042674,1829.16,1477.3016001322662
JIO10058093,9174.119999999999,6466.385869413051
JIO10050693,3519.0,2737.4521118380994
JIO10062079,1077.96,1195.743105616648
JIO10062734,2681.52,2339.165270942305
JIO10043626,5406.24,6264.722775329125
JIO10037910,3164.88,4181.857751670495
JIO10005842,2157.0,2653.0236436932873
JIO10029236,1817.6399999999999,2783.2554430450164
JIO10010364,3674.16,2546.2032629823607
JIO10005949,1851.48,1465.9621984964149
JIO10024917,2109.2400000000002,3148.7703615730097
JIO10052676,2941.92,2241.04589045499
JIO10010236,947.8799999999999,1426.0516023140642
JIO10019644,5816.76,2635.077965097289
JIO10024672,1155.48,1564.3011823036666
JIO10049427,1251.24,1676.5328811454128
JIO10033463,1689.96,1700.0851877529476
JIO10042786,3113.5199999999995,2353.0308338835466
JIO10015804,1751.6399999999999,2064.44926158494
JIO10059863,1660.44,2230.754378337004
JIO10053247,2166.0,1990.5994665353917
JIO10016113,2178.84,2584.3940904250508
JIO10024238,3518.6400000000003,2161.1254436438376
JIO10004176,1087.1999999999998,1181.9558313107198
JIO10060111,1942.08,2728.995617909092
JIO10018087,1806.96,1877.17513117361
JIO10063622,1850.16,1387.0273182165383
JIO10002937,1795.3200000000002,1965.5631263514626
JIO10040220,6348.960000000001,3323.657214505054
JIO10053968,1037.52,1480.2579621517805
JIO10043426,1317.48,1286.5932992966627
JIO10034503,1107.24,1190.0862758851924
JIO10004876,3555.96,2822.8434188556034
JIO10026413,3868.2000000000003,3895.917274913965
JIO10048310,1956.0,2045.9954890480062
JIO10038237,1965.3600000000001,2206.8344869624757
JIO10013420,4865.76,3030.033148333984
JIO10053382,1630.92,2198.6767544390104
JIO10001522,1807.92,1949.0332756351008
JIO10047483,1145.4,2089.0983074439027
JIO10043476,2552.64,2495.4442224588906
JIO10012978,1875.2400000000002,2226.2692154528117
JIO10064135,5004.84,4124.598183569737
JIO10019306,1519.56,1180.6733769721247
JIO10017138,2353.2,2612.3842321252287
JIO10037069,5243.88,3360.5104787834694
JIO10014788,2139.7200000000003,2941.2344576784058
JIO10046624,1581.48,1442.916431346877
JIO10037997,2328.2400000000002,2124.0820861209318
JIO10043386,3673.68,2240.182823247868
JIO10043088,2412.2400000000002,3142.891098069486
JIO10035894,2134.08,2219.0993927985946
JIO10009407,7164.719999999999,4918.491490734928
JIO10063386,1215.72,1216.5792075585307
JIO10033778,2762.16,2531.163353765288
JIO10015921,3427.08,2610.7929830487187
JIO10057846,1945.92,2986.247726086914
JIO10009063,4918.32,4931.954491284031
JIO10019460,2692.56,3321.069202866891
JIO10022139,2064.48,2245.4089284921392
JIO10029341,2198.88,2400.785728990769
JIO10014774,1690.44,2024.1738583788651
JIO10007176,2757.48,3311.8237416238894
JIO10007734,3680.88,3363.931361184291
JIO10014252,5728.68,4914.388338105276
JIO10018282,1134.96,2203.1721374175618
JIO10039291,9924.960000000001,4853.7420913654305
JIO10058021,2622.84,2834.2952461633954
JIO10011016,1053.24,1190.1192813477915
JIO10025188,2174.2799999999997,2369.7135088152095
JIO10047776,2554.2,2946.683603875634
JIO10064205,2073.0,1662.0197746548654
JIO10028760,1798.44,2760.8971745783238
JIO10011657,1641.12,2952.5084286365136
JIO10021320,2815.08,3968.559618773129
JIO10064355,2515.68,2658.911616079976
JIO10041241,1333.08,1197.4613352234421
JIO10028065,3709.7999999999997,2990.35655715559
JIO10029604,8110.4400000000005,4863.5314110425
JIO10031272,1161.24,1256.5991244045217
JIO10052830,2599.44,3233.620775213626
JIO10025726,1651.6799999999998,2692.874145467168
JIO10050376,1947.72,2682.7542856018554
JIO10010498,4009.2000000000003,3121.232166845151
JIO10042842,4256.76,3580.981094941514
JIO10061931,1621.44,2026.7606709061454
JIO10023666,3100.32,3021.477292516226
JIO10019800,2731.2,3112.5801325428356
JIO10041390,2480.2799999999997,1345.184168411168
JIO10014413,3615.4800000000005,3566.779862586266
JIO10059420,2532.0,3384.7744171253667
JIO10014710,3260.88,2812.008208299134
JIO10010129,4925.76,7076.870855604208
JIO10045623,1761.3600000000001,1734.8273630421274
JIO10049299,3564.96,4143.81176832497
JIO10048910,3769.56,2650.178869784139
JIO10057601,1017.96,1193.530958835972
JIO10029483,2373.36,2877.9373685787427
JIO10002544,3743.76,3460.872124135575
JIO10028039,1659.12,3525.317375088464
JIO10029485,3968.5199999999995,3904.3968654741416
JIO10036036,2330.88,4324.475549789385
JIO10053400,4281.24,5024.772539996992
JIO10016504,2073.6000000000004,2390.4705439872005
JIO10023635,3623.5199999999995,2150.129606027279
JIO10037444,2980.92,3551.675541607316
JIO10001906,1705.8000000000002,2656.480692408192
JIO10009085,3832.32,3723.319166994181
JIO10016624,1009.1999999999999,1913.9533531557827
JIO10037952,2110.2,3019.1166978127217
JIO10055362,3621.7200000000003,4721.192625758042
JIO10056584,2448.0,2360.9544416430017
JIO10004655,3071.88,2992.2988142530303
JIO10058643,1711.3200000000002,1961.159032054396
JIO10036592,2675.64,3481.2216947710526
JIO10028588,996.8399999999999,1184.7588300045782
JIO10008811,2178.48,2371.033378522751
JIO10020591,3494.6400000000003,3354.7107970917923
JIO10025635,900.0,1381.046160461294
JIO10002908,1420.32,1577.906711543412
JIO10048054,3233.2799999999997,2627.9652826157876
JIO10027110,1811.16,2619.0653576148698
JIO10049145,1309.8000000000002,1695.9949889582097
JIO10024102,4001.04,3679.3648525897156
JIO10006718,1237.8000000000002,1743.9527113894223
JIO10028904,2201.88,1868.644111343992
JIO10019680,2238.12,2917.7990641348274
JIO10059821,4748.64,4185.113856023582
JIO10007032,2484.84,2452.0017691217904
JIO10058087,1844.04,2236.97986908233
JIO10049493,3268.2000000000003,2017.6839293285338
JIO10048877,3384.6000000000004,3598.235081111654
JIO10011759,1309.8000000000002,1528.7110064462775
JIO10015761,3760.32,3344.9334100744295
JIO10048222,1197.96,1196.197404210961
JIO10050208,1967.7599999999998,2049.0484898867594
JIO10004371,2226.36,2183.8479690364743
JIO10003696,3318.4800000000005,2371.3475778770094
JIO10005537,2013.6000000000001,2360.6370066967866
JIO10033889,2286.0,4257.979473290025
JIO10047866,2919.6000000000004,2504.8356592555574
JIO10034616,1736.16,2383.5067049468685
JIO10006540,900.0,1536.1363868472035
JIO10002554,2139.0,2697.527653091124
JIO10032158,1308.6,1691.8858808642608
JIO10032293,3051.6000000000004,4110.384344036577
JIO10045611,1606.92,1295.607785475546
JIO10049820,5395.799999999999,4627.665208288123
JIO10031173,7716.24,5723.948410617216
JIO10022371,2052.0,3309.798429622734
JIO10056129,1120.68,1506.8443591714683
JIO10063154,2220.96,2357.1167065116447
JIO10003535,4366.200000000001,2979.6090325390514
JIO10022578,1426.32,1398.350283973548
JIO10048155,2832.2400000000002,2691.8191614720545
JIO10056511,993.8399999999999,1230.215864671376
JIO10041778,2764.8,3290.8231239332254
JIO10047011,2747.3999999999996,2980.988424301695
JIO10018673,2853.12,1802.6156869714086
JIO10027901,3190.56,3033.5710279033938
JIO10039009,5691.24,4552.990404953607
JIO10062902,3641.76,3012.054098031235
JIO10040791,4845.4800000000005,3717.0589555246647
JIO10022793,2560.56,2939.8923833839526
JIO10050125,1771.8000000000002,2689.4176163207962
JIO10052881,1129.8000000000002,1233.7293869207947
JIO10058205,1668.6000000000001,1988.4568178036404
JIO10056691,1192.1999999999998,1420.3401694791498
JIO10037521,1628.88,1883.2325638786963
JIO10063539,2349.0,3113.601733075249
JIO10011237,3686.2799999999997,2931.885907692671
JIO10015257,7639.200000000001,3594.6563590669057
JIO10036819,4270.32,2804.1364924156264
JIO10051237,2764.56,3441.6376509314828
JIO10063583,1827.48,2028.5113960273025
JIO10062381,3011.16,3025.1209511279503
JIO10047815,1774.56,1826.900453911104
JIO10043957,3786.12,1958.941222085556
JIO10001983,4851.84,3397.528397128138
JIO10003177,1261.8000000000002,1670.8025028285533
JIO10000214,1784.04,1368.6048118320225
JIO10005197,1375.08,2548.582143478359
JIO10036507,1313.28,1195.9980189421622
JIO10034397,1527.72,1697.7844906841958
JIO10003513,2442.7200000000003,3707.657810516352
JIO10018793,3849.84,2334.940875864092
JIO10022296,2483.7599999999998,2608.947104861765
JIO10049455,3265.68,2949.634251911332
JIO10029595,2012.28,2200.838648305811
JIO10014797,3982.56,3826.73181644849
JIO10045122,2143.2,3284.354922966099
JIO10003897,3599.2799999999997,3709.2476647590256
JIO10011225,1063.08,1494.1026122165745
JIO10035244,1393.68,1432.5029397985554
JIO10033106,5202.0,5701.414304192748
JIO10055062,3061.56,3009.103572699174
JIO10039961,3160.92,3532.3701266757143
JIO10025509,3915.4800000000005,2740.1453663517236
JIO10051682,3389.5199999999995,3400.8602208296356
JIO10060646,1351.8000000000002,1298.7589291710115
JIO10039840,1438.08,2536.067615319347
JIO10020362,2529.48,4541.203718703121
JIO10010935,1622.88,2341.3883838200254
JIO10058101,5631.6,5326.513871671706
JIO10022229,1881.96,2905.8282566677867
JIO10041030,3204.96,3865.52357844803
JIO10047213,1265.76,1485.0897733164277
JIO10050133,1427.8799999999999,2279.673900323378
JIO10022632,1446.24,1321.1012429137652
JIO10039506,2029.6799999999998,2489.5320893795715
JIO10020573,3740.16,4552.340105067024
JIO10022349,4412.4,4351.729274928905
JIO10064478,3987.24,3879.630818804791
JIO10035761,3459.24,2701.741267872286
JIO10044021,1804.3200000000002,2748.4589379428935
JIO10053770,3296.04,3483.0124729251716
JIO10028894,1443.1200000000001,1770.1611711619394
JIO10006910,3128.3999999999996,3979.0666097955054
JIO10010762,4856.4,3057.0072964286114
JIO10063669,2129.16,2821.6756463137335
JIO10025840,2498.2799999999997,1690.6035388617386
JIO10019363,1871.04,1917.766071513948
JIO10033250,1894.1999999999998,2158.3644350504815
JIO10044011,3808.44,3201.892519818279
JIO10047164,2710.68,2831.9801576622435
JIO10036527,5608.799999999999,4444.283301723959
JIO10018347,2040.6000000000001,2066.183286456697
JIO10008104,1303.08,1237.1056661978969
JIO10003679,3400.44,3759.2516153269457
JIO10035424,2617.56,2621.4141072950256
JIO10015780,2275.68,2995.7558942467986
JIO10011733,1949.3999999999999,3363.027987278251
JIO10013564,1699.92,1676.6008323636308
JIO10039040,3154.32,3589.672940907008
JIO10046706,2092.8,2873.7530369322053
JIO10007420,2047.3200000000002,2961.519791113167
JIO10016966,1552.92,1573.7545129845275
JIO10042382,3108.3599999999997,2348.490525410516
JIO10046652,2575.44,2978.1357805466837
JIO10062924,4187.76,3259.0358909807487
JIO10049899,2648.64,2989.1577573305085
JIO10038385,1872.2400000000002,2121.438720284939
JIO10052528,2199.48,1914.1951707980172
JIO10043103,3532.56,3768.2782468573114
JIO10023286,1912.08,1719.1444802931635
JIO10053535,3139.2000000000003,2948.969080111928
JIO10046678,1397.04,1218.5620725450751
JIO10038487,4021.44,4628.058127514756
JIO10009579,2284.8,2343.390079806474
JIO10049052,1231.8000000000002,1593.4221883280338
JIO10057218,1594.8000000000002,1399.7755385481214
JIO10041952,2306.52,2638.800320565009
JIO10043187,1755.12,2181.404786801306
JIO10043433,1535.8799999999999,1317.5725473721448
JIO10027353,1814.16,1990.716622462489
JIO10030555,2447.2799999999997,2508.6683408898502
JIO10063748,2544.48,1965.5660085722955
JIO10033703,8552.76,4539.822527759156
JIO10046988,3166.2000000000003,3552.218918012535
JIO10062379,1771.3200000000002,1862.7932813722005
JIO10056986,6886.32,6283.41522149938
JIO10026465,1422.48,2391.4518545968003
JIO10061416,1848.0,1671.9349046982738
JIO10023678,2980.44,3102.2566551631276
JIO10051451,971.64,1193.7987067636684
JIO10008282,3136.32,3488.8855314046496
JIO10002640,1464.3600000000001,2278.3682518115847
JIO10026875,2090.2799999999997,1373.3298310214443
JIO10018431,3270.0,2975.1110926566353
JIO10052392,1580.7599999999998,1725.1268982376882
JIO10027529,4391.04,3479.4790742798464
JIO10054504,2455.08,1688.6722592674173
JIO10040974,3525.4800000000005,3134.892049221003
JIO10030055,2134.68,2672.0350113867235
JIO10039892,1473.48,2293.292355057825
JIO10022211,2918.04,2066.9401675805634
JIO10039409,2247.12,2109.5436892633425
JIO10021459,5176.68,6162.631602876541
JIO10036513,3247.56,1903.9687187140896
JIO10031060,2204.3999999999996,1975.0481874653472
JIO10041352,1446.96,1531.4444028958712
JIO10037853,1757.04,2759.7620712276944
JIO10037176,1350.0,1621.955201235327
JIO10034295,1872.72,2018.9800245897463
JIO10041684,1449.84,2203.8957427321234
JIO10002201,4251.96,3712.4305633955914
JIO10056625,2917.2,2977.9180328566654
JIO10063879,2108.3999999999996,2356.209843897667
JIO10057788,3019.32,2792.0918628381373
JIO10012468,1454.28,1853.3917501346173
JIO10003493,3953.2799999999997,2353.5610325709245
JIO10015938,1725.96,1731.7340750022795
JIO10055892,1688.28,2770.2659312775
JIO10033161,3372.96,4040.0705094039376
JIO10031045,4799.4,3341.4599773371738
JIO10063861,3455.88,3186.130798774738
JIO10006443,2823.12,2775.258339467552
JIO10016788,1788.96,2134.6478416052587
JIO10021782,2906.16,2781.3083175057527
JIO10009677,9064.44,3787.2496710370046
JIO10000979,900.0,1228.1951589538335
JIO10056874,1662.12,1612.4320127615472
JIO10056327,1730.88,1637.7718176974086
JIO10056739,1287.0,2026.6861349569006
JIO10046348,2246.88,3012.405538641583
JIO10021201,1871.3999999999999,2644.33795419798
JIO10042409,2891.16,3516.2123766378904
JIO10045104,1807.6799999999998,1505.9073073892114
JIO10039176,5686.92,6132.793245701269
JIO10024551,2045.7599999999998,2165.3379212915847
JIO10010182,1394.8799999999999,1694.0098187769697
JIO10034577,1411.56,2161.864649420142
JIO10043368,1627.56,1402.702368292107
JIO10032564,2009.6399999999999,2393.868420505355
JIO10014365,2987.16,2769.3853388501457
JIO10035218,1285.1999999999998,1692.2912492839246
JIO10049318,1204.08,1744.7766117729516
JIO10053409,2898.7200000000003,3424.3323572535805
JIO10064452,1899.72,1655.6811989395999
JIO10035927,2516.16,3827.2983484794527
JIO10003088,1953.12,2312.4104881329936
JIO10025216,996.48,1178.64530943564
JIO10029814,1486.08,1585.248947337223
JIO10012980,1417.08,1360.498609128036
JIO10018501,4857.0,4143.527244035447
JIO10032923,4130.16,4995.430418179959
JIO10022085,1879.1999999999998,2152.1844938692193
JIO10016681,2182.56,2660.502504982584
JIO10008804,3234.4800000000005,4281.100499433555
JIO10043127,2962.8,1915.858449341557
JIO10017818,1442.76,1345.4829545302227
JIO10007561,919.08,1389.2844436532519
JIO10053675,1311.1200000000001,1802.1944635869195
JIO10061379,3000.96,3560.4936349122445
JIO10062961,1332.84,2484.70308250896
JIO10060197,1546.1999999999998,2566.3106506714566
JIO10041316,3429.96,3383.2825101915287
JIO10052938,1724.3999999999999,2109.273911625559
JIO10030388,1947.48,2519.660739049366
JIO10014094,1449.1200000000001,1370.5605769991864
JIO10032529,2275.68,2290.752799057045
JIO10038788,3177.3599999999997,4121.021351250849
JIO10013831,5633.04,6086.235140157045
JIO10058255,2347.32,2298.320694314047
JIO10031373,2513.88,3412.762043486173
JIO10045349,3302.88,3247.6024389730046
JIO10025852,2208.6000000000004,2263.8484677408865
JIO10012215,5145.84,4361.578852554825
JIO10063730,2462.7599999999998,2777.1408959673827
JIO10061811,3476.04,2933.270943399015
JIO10052320,1544.16,2294.3053270831547
JIO10063988,2914.68,2974.695084911208
JIO10057438,1967.28,1839.5231639241147
JIO10021004,2159.7599999999998,1575.5025856535046
JIO10024519,2687.04,2677.2724615582833
JIO10010170,3047.7599999999998,2769.9352689143607
JIO10002101,4895.28,5237.5252802694395
JIO10013995,1561.1999999999998,2357.227883291511
JIO10014415,1261.8000000000002,1195.6434863958204
JIO10044859,2543.64,1711.3686574090946
JIO10062654,2111.7599999999998,1884.0631197227297
JIO10009046,900.0,1146.6809531665933
JIO10042810,3612.84,3414.676993714863
JIO10000764,6356.400000000001,7594.2150854033
JIO10006182,3255.96,1652.2138142108438
JIO10027976,3600.0,4188.033703199884
JIO10016323,1828.08,1409.409365017886
JIO10028189,1564.56,1694.811433794192
JIO10002269,2306.88,2618.20625628386
JIO10038333,6147.24,6599.884739415633
JIO10029394,1639.1999999999998,1399.5627402214413
JIO10009235,1377.48,1172.38607651548
JIO10063727,1067.4,1180.9096956583815
JIO10061594,1183.56,1235.118339045998
JIO10023005,3750.84,2421.6656863751823
JIO10012838,1452.72,1942.0204780711008
JIO10052771,3016.8,2472.2678045644834
JIO10011858,1138.32,1563.5476185433959
JIO10017224,1456.56,1972.0823672773477
JIO10047881,1468.1999999999998,1935.785521185628
JIO10025959,3927.84,3330.8856433658184
JIO10012939,2483.04,2496.981678245437
JIO10060591,1152.96,1904.406341621459
JIO10026125,1174.8000000000002,1177.103652398943
JIO10063401,1573.92,2242.067139327911
JIO10043526,4174.68,2570.0462504534557
JIO10020909,1670.7599999999998,2061.7429456835475
JIO10031815,3358.56,2080.38309161039
JIO10005292,4543.32,3338.976046170516
JIO10059823,2181.84,1385.2939570311328
JIO10026022,4719.0,3182.5757932460615
JIO10017654,2849.04,2192.7914278967432
JIO10056767,2806.92,2453.9678899081364
JIO10001145,1039.08,1900.1291306066778
JIO10031681,2100.7200000000003,2474.734297534036
JIO10051222,4848.4800000000005,4207.174364702276
JIO10000591,1697.88,2340.7521150821517
JIO10025494,2705.88,3176.4271001970237
JIO10062189,5356.92,6734.305718922864
JIO10045542,1804.08,1936.464095161488
JIO10055563,4128.6,3316.2395202001153
JIO10039254,2094.6000000000004,1724.1786852067903
JIO10023468,1516.8000000000002,1259.5458261172173
JIO10064390,2123.3999999999996,2119.2549834843317
JIO10026713,1192.32,1233.8317686785806
JIO10011886,5434.200000000001,4152.684116899871
JIO10007431,1920.48,2308.7686391463353
JIO10010680,3982.08,4251.314683357235
JIO10003699,1496.16,1941.5140459231093
JIO10046982,4332.0,3888.392042647088
JIO10061187,3354.24,3447.336997451956
JIO10028289,3525.84,2139.4089636740014
JIO10014354,6086.04,4201.664000662809
JIO10012654,2974.56,1891.9706048480775
JIO10017010,1978.1999999999998,2321.662369064223
JIO10013411,4040.04,2694.899359780527
JIO10064145,2308.92,2342.7984665666418
JIO10030774,3661.2000000000003,2474.786710640808
JIO10020638,2876.2799999999997,3713.640768384696
JIO10041609,1260.96,1188.363681552662
JIO10020738,5671.92,5969.259194274669
JIO10047274,1776.48,1371.3612135392555
JIO10005223,3030.7200000000003,3872.195936492638
JIO10025207,1973.16,2765.4111180118625
JIO10025118,2173.32,1717.43341238916
JIO10043495,1324.56,1182.922712450139
JIO10030498,906.48,1301.0984749291176
JIO10059197,4356.36,3022.719751091322
JIO10007103,1558.56,2082.5067676476924
JIO10054235,2306.64,2296.0018405092605
JIO10036276,900.0,1593.504912106508
JIO10059465,3014.88,2933.570924067762
JIO10041047,2304.6000000000004,2272.0456973027585
JIO10037815,1784.88,1404.129936062135
JIO10034893,1237.08,1189.6580729647744
JIO10054234,2709.7200000000003,2398.0178633943992
JIO10061509,2200.68,2952.0247513713407
JIO10057300,2014.92,1864.9255475476516
JIO10064273,1114.68,1163.5307341514267
JIO10032408,1878.48,2557.964718360119
JIO10016415,2235.12,2615.4085877460475
JIO10021901,1330.92,1264.7412081816015
JIO10003721,1421.52,1405.6017512838037
JIO10051036,2030.52,2588.346899902193
JIO10036368,2154.48,2845.5519333346087
JIO10062044,2829.36,3696.0244794801683
JIO10038891,1847.52,1610.0552280610143
JIO10003406,900.0,1492.3315420039926
JIO10053392,1716.84,2480.1847815295973
JIO10038929,2663.16,2014.0850571894136
JIO10019122,1816.92,2749.81461447333
JIO10057981,2331.2400000000002,3417.1423420447927
JIO10031429,3980.2799999999997,5066.877597464296
JIO10017760,3558.7200000000003,4499.713674848033
JIO10020399,975.1200000000001,1515.2037488363897
JIO10015316,1799.52,1704.9297738318319
JIO10051488,1368.24,2171.7196790555818
JIO10053702,2477.3999999999996,2142.5587251456454
JIO10011816,2634.84,3854.1391402512695
JIO10040429,2266.68,3071.027102421643
JIO10019592,1512.1200000000001,1850.3170221361138
JIO10033519,1906.44,1808.5291000745326
JIO10022629,2447.04,1932.2593355088698
JIO10051974,1738.92,2156.5956503575235
JIO10019046,1862.16,2330.935776023833
JIO10050286,1146.72,1205.8137405388966
JIO10026753,1540.08,1310.8149275615312
JIO10058478,1525.68,1701.653568822829
JIO10001675,1400.8799999999999,1397.8731178157927
JIO10031229,1860.2400000000002,1874.2573095840614
JIO10063013,3377.88,3890.5275700918687
JIO10003741,1179.0,2213.951001745621
JIO10015882,3521.76,2849.1821259155367
JIO10020749,3361.68,2056.0655821448877
JIO10046983,1713.72,2231.7668831288383
JIO10053687,3173.5199999999995,3395.0871282976304
JIO10017865,3673.7999999999997,4172.641902959326
JIO10043736,900.0,1455.9126714058789
JIO10041354,2410.68,2233.753767284202
JIO10063803,1603.92,1726.9647778001483
JIO10036241,1054.08,1487.7941996731008
JIO10029936,2204.88,3583.826722929865
JIO10050301,3245.2799999999997,2150.328346957511
JIO10016171,6038.76,4419.657505748757
JIO10054067,3168.12,3062.581161541454
JIO10023542,3458.2799999999997,2230.7901496691165
JIO10051286,2147.52,1523.2706406650427
JIO10021569,8989.68,5698.625176156272
JIO10062855,4084.44,4043.8761300094634
JIO10019684,2655.0,2981.135813041392
JIO10051975,2668.92,1989.897945759522
JIO10060466,1541.52,1194.9017831445951
JIO10048545,4812.72,3958.145730532675
JIO10012695,3899.16,3447.9432087675814
JIO10021068,3263.16,3473.381778231511
JIO10005336,2450.7599999999998,2945.1694477564747
JIO10001996,900.0,1328.0303942533953
JIO10030160,1267.1999999999998,2006.0167970672835
JIO10007754,2925.84,1969.3745649576479
JIO10015807,1541.04,3576.0941937194634
JIO10021855,936.8399999999999,1272.567199891416
JIO10033032,4561.92,4998.272150628879
JIO10052234,1764.3600000000001,2229.3704629545623
JIO10017810,1384.68,1695.9634575611426
JIO10062815,1074.3600000000001,1635.2542155124568
JIO10025013,3535.32,3832.9152524981487
JIO10055583,932.52,1245.9146369623895
JIO10036346,1162.44,1187.939926984667
JIO10054215,1560.0,1211.2243707162463
JIO10052532,1982.88,2353.7473823020573
JIO10036572,1383.84,2065.973651774053
JIO10045051,1847.7599999999998,1953.930058890353
JIO10024699,1543.56,2626.9910499350117
JIO10042950,2459.52,2029.6392323711393
JIO10014447,2893.32,3411.343257453258
JIO10032627,1857.0,1529.107397398473
JIO10026333,937.56,1196.5384615242538
JIO10016228,5685.0,6843.484920829077
JIO10019021,3331.32,2585.57585607426
JIO10028570,1834.8000000000002,1697.740461619265
JIO10062258,2690.2799999999997,2447.1812843075136
JIO10048596,3275.76,3344.31088329601
JIO10002662,1563.6000000000001,2089.42550262624
JIO10034600,2140.56,3639.1953682935236
JIO10024372,999.96,1211.5576563360194
JIO10021111,1162.44,1205.3645340842934
JIO10050371,2140.56,3343.4256611501983
JIO10042286,3750.24,3315.21412658627
JIO10048374,1946.3999999999999,4155.724406994015
JIO10003370,5693.16,4811.295419406225
JIO10054151,1520.16,2009.888095830778
JIO10031591,3998.04,2406.036026373328
JIO10040289,3387.24,3023.304482875215
JIO10019178,2426.3999999999996,3553.3743086046547
JIO10047553,2568.0,1436.6907009268687
JIO10051991,1011.0,1185.6205006329114
JIO10047799,2684.64,3013.5952103055415
JIO10059771,2198.52,2789.5377057473092
JIO10046400,3961.08,2610.9544417509724
JIO10062757,2147.64,2707.6832009331465
JIO10019304,2334.36,1935.5517724977524
JIO10007342,1004.4000000000001,1205.7849533984931
JIO10049878,3251.3999999999996,1763.1518285275968
JIO10040712,2806.56,3747.21651239715
JIO10045340,2196.96,2691.6229987211213
JIO10048034,1890.84,2171.8946811634755
JIO10032764,2928.36,2107.7954660788364
JIO10023837,2504.16,1926.2317765570494
JIO10045044,1330.68,1673.580806810979
JIO10023412,2558.3999999999996,2175.7683794625455
JIO10022407,2428.92,2384.573668689636
JIO10055660,4801.4400000000005,3561.1701889171873
JIO10025982,3807.3599999999997,3951.149756970491
JIO10009212,3111.4800000000005,3002.818222873135
JIO10036580,1057.44,1846.303140546877
JIO10018271,1059.24,1484.0987820746068
JIO10005605,1830.72,2191.5705263121476
JIO10057405,2938.08,3626.421014804852
JIO10051846,1466.52,1446.9144629340967
JIO10005439,1245.48,1363.0443243057205
JIO10008972,2598.84,2256.2783888909667
JIO10015368,1545.84,2410.170127676983
JIO10033288,1583.3999999999999,1846.3580615839048
JIO10041190,1789.56,1713.0700915934776
JIO10008569,4831.4400000000005,4909.318332396001
JIO10049198,1071.48,1260.9583603116312
JIO10013430,4361.88,3656.8472863544407
JIO10050929,3141.0,3940.0824258674493
JIO10020685,1620.48,1940.8511102573768
JIO10029245,1783.3200000000002,2609.9749090473383
JIO10050491,5102.64,3257.7919851392403
JIO10005871,2365.8,2305.023860017854
JIO10012927,1203.6,1888.5752664127153
JIO10040345,3114.12,2611.7612065358503
JIO10023987,1464.96,1192.3687907304363
JIO10058650,3685.56,3764.896538745457
JIO10042049,930.1200000000001,1273.7745713502272
JIO10032358,967.1999999999999,1267.709440955955
JIO10030884,2833.08,3137.3348270356805
JIO10017415,2687.16,4013.372935168644
JIO10012241,909.24,1182.5457109401013
JIO10013547,5433.0,2951.8557801159727
JIO10044057,3018.36,3490.523497847168
JIO10053829,900.0,1180.938543514832
JIO10026212,2157.12,1627.4404811015208
JIO10051027,1979.3999999999999,1901.889347354803
JIO10041747,3525.6000000000004,2707.1206701879323
JIO10028181,1802.88,2018.765548341055
JIO10022867,1764.84,1501.2073467304094
JIO10037922,3739.56,4289.527927124425
JIO10005422,2231.52,2602.2717469897248
JIO10034269,909.8399999999999,1553.3057878258933
JIO10016315,1665.2400000000002,1868.1600112312683
JIO10026641,1495.8000000000002,2218.1113649620347
JIO10026372,1893.72,2158.4928291652996
JIO10052397,1433.16,1247.788254526508
JIO10009685,3823.7999999999997,3730.0852408857886
JIO10016344,3116.3999999999996,2279.9941885566755
JIO10017783,1769.52,1357.4493057817263
JIO10059023,1404.48,1599.0469857686035
JIO10016841,3445.32,3226.8626158865795
JIO10020383,1699.8000000000002,2079.4237604668674
JIO10013060,3169.7999999999997,4414.926183729354
JIO10005544,4641.84,3389.47878352539
JIO10039233,1395.48,1373.4727708280639
JIO10048841,1865.6399999999999,1911.5065784200688
JIO10017454,2203.56,1951.5285150043674
JIO10053059,2508.7200000000003,2531.3069472288944
JIO10062945,2179.2,2053.282093584425
JIO10029125,3379.7999999999997,2586.59513816031
JIO10003968,2048.7599999999998,1732.7605791628666
JIO10035288,2311.08,2971.462719055984
JIO10046606,2252.7599999999998,2690.228538137774
JIO10000560,1856.3999999999999,2304.664217094348
JIO10046904,2901.12,2926.8653558806595
JIO10059608,2547.0,2644.90788248681
JIO10020722,2973.7200000000003,2634.278566725621
JIO10044686,2180.04,2347.599946490656
JIO10051104,1525.08,1235.488992734584
JIO10052246,1719.96,2195.1641927776586
JIO10018274,2574.0,2615.4293587219886
JIO10009996,1861.44,1661.9469495925955
JIO10002109,9537.36,10437.411765346593
JIO10021174,1803.84,1744.9124503036444
JIO10038750,1150.44,1380.879169825889
JIO10006513,2856.7200000000003,2452.907363055118
JIO10053449,1548.3600000000001,1175.8101188660335
JIO10018543,2394.48,2171.6954365630795
JIO10000119,2439.2400000000002,2803.1215848472953
JIO10012996,5552.16,4341.246637596123
JIO10047187,2947.08,3544.3880170555794
JIO10020904,5709.72,3236.5513969866665
JIO10050573,1661.04,1457.5761154086072
JIO10019016,1554.12,1294.6087218454097
JIO10057567,4072.32,4278.821057019327
JIO10036045,3522.96,2603.5367226185404
JIO10005200,1223.16,2814.5940946590617
JIO10023328,2395.92,2780.005083802875
JIO10011562,2763.0,2764.633628085118
JIO10046175,2897.88,3746.636730459744
JIO10036576,1041.3600000000001,1619.5107933202444
JIO10037074,6932.16,3628.216930156554
JIO10005313,2672.52,2071.6793841058416
JIO10063958,1918.8000000000002,2958.570860160556
JIO10021700,2563.92,3058.1355146113387
JIO10021685,1616.3999999999999,1683.9823193861355
JIO10020797,4422.84,5359.485059823374
JIO10057619,900.0,1191.2112956219712
JIO10041844,2034.84,1959.1597729285697
JIO10052913,2302.8,2644.206078580643
JIO10008664,1762.3200000000002,1341.9541902269054
JIO10058615,1169.76,1478.5876562828516
JIO10006616,2483.7599999999998,3072.79164266733
JIO10036578,1929.6000000000001,1645.5301972597606
JIO10043116,1679.88,1599.194509958714
JIO10054460,1790.88,2425.746896464551
JIO10024129,2300.2799999999997,2887.207226201431
JIO10028230,1555.8000000000002,1649.3985677759217
JIO10031209,2996.88,2563.701006226035
JIO10024540,2255.88,2711.97549170754
JIO10041386,3243.7200000000003,3090.518682779055
JIO10001167,2443.56,2304.3939788271073
JIO10055818,1977.84,2782.8221523241086
JIO10030971,2141.3999999999996,2462.503114160509
JIO10039237,4434.6,2892.3668083172092
JIO10021947,1515.72,2444.190138494106
JIO10034206,2410.08,1738.8297045669456
JIO10014009,2005.92,1861.4976262732503
JIO10021385,2117.7599999999998,2349.577763331059
JIO10024471,2896.8,2616.9139440590375
JIO10064283,2394.2400000000002,3072.185145885042
JIO10001213,4243.4400000000005,2517.8571753537867
JIO10046393,1635.48,2612.33164446754
JIO10013864,1426.1999999999998,1938.7263098679855
JIO10020031,1786.44,2192.91203115606
JIO10037024,1219.1999999999998,1263.128035854817
JIO10054269,3729.96,2310.6503653568197
JIO10015493,4296.24,5646.543149770217
JIO10014680,3848.04,2306.8779309230135
JIO10010249,6111.6,4508.468171120062
JIO10032218,1458.3600000000001,1403.0434950662016
JIO10034162,1464.3600000000001,2198.5072992353
JIO10031778,3129.7200000000003,4001.496171247357
JIO10053953,1788.72,1970.8947354420386
JIO10010641,2408.7599999999998,2400.6367759805566
JIO10062964,2565.2400000000002,2892.3829208644956
JIO10017938,6251.64,5937.326287722402
JIO10043780,1844.3999999999999,2816.3093302605307
JIO10013512,3399.4800000000005,2353.4025269189965
JIO10024944,4614.36,2165.309119817369
JIO10056896,3338.5199999999995,3883.396751993827
JIO10051871,3658.56,3441.0409432111205
JIO10009176,3828.4800000000005,5170.680203167816
JIO10029329,7411.32,2602.058399510496
JIO10059241,1952.3999999999999,2159.9060083080985
JIO10032583,5085.6,3915.5786860898384
JIO10022592,3416.3999999999996,2948.82200754717
JIO10028020,2690.16,2081.6815464629126
JIO10024607,900.0,1205.2149910346677
JIO10049142,1503.1200000000001,2614.140028038569
JIO10027504,3167.76,3545.743426395765
JIO10007085,1048.32,1195.4824054509677
JIO10025662,1862.88,1874.9930163292777
JIO10025303,1210.1999999999998,1196.809256783543
JIO10059749,1199.6399999999999,1201.2170036212449
JIO10045917,1370.76,1329.1390052288061
JIO10064450,1886.52,3155.6327753096793
JIO10020644,5645.76,4149.263436634394
JIO10042773,2134.92,2000.6322396345386
JIO10009674,968.76,1157.4694713334757
JIO10058562,3733.2000000000003,6330.194951714243
JIO10016021,2125.08,2042.7804331979357
JIO10022228,1830.84,2363.68621472033
JIO10057930,2382.12,2767.376865181035
JIO10027192,1225.44,1451.4417787242576
JIO10056347,2071.08,2987.7207978910515
JIO10002356,3302.88,3170.9156323811308
JIO10033139,2586.48,3795.8759723385488
JIO10024341,4071.24,3009.314934224719
JIO10054963,1153.32,2075.8371157794872
JIO10056841,1787.3999999999999,3003.2926688482203
JIO10036461,1241.6399999999999,1813.843953935772
JIO10050396,3841.08,3110.8182293365403
JIO10002303,2421.0,3021.0772101182665
JIO10033756,2576.3999999999996,3322.5763422006526
JIO10062862,3009.7200000000003,2492.1791561203977
JIO10031384,1679.16,2349.8175737822353
JIO10063728,3262.68,2360.8696684437255
JIO10027375,2451.12,2585.318934491287
JIO10018560,3328.56,4077.4041687437334
JIO10036284,1665.48,1263.758159048349
JIO10032399,5276.5199999999995,3946.5876016470534
JIO10006297,5734.32,3086.135456375285
JIO10036089,3603.0,3289.1251962649185
JIO10031420,1659.48,1301.176518699023
JIO10029091,3051.12,2130.9589898056943
JIO10062459,2863.2,1971.8604113432218
JIO10022967,1969.92,4577.3927542754645
JIO10008364,1660.56,1891.5534563941967
JIO10021106,3759.24,4172.309777798656
JIO10025667,3238.7999999999997,3001.751591919955
JIO10062637,1580.04,2015.890002406765
JIO10030863,2087.3999999999996,3814.954088286724
JIO10012957,3050.04,3505.1888882428657
JIO10011437,1643.04,1726.499586269213
JIO10009354,5085.24,4102.4771728845335
JIO10058154,2786.04,3269.651565951159
JIO10002023,3525.0,4564.345175996684
JIO10051812,1848.0,2161.8677004008478
JIO10054613,1774.8000000000002,2017.2091423643028
JIO10023620,2191.08,1983.380540050016
JIO10020229,4294.92,5389.138356194661
JIO10009477,4644.0,3761.0919856673067
JIO10041582,4506.36,5938.097323182344
JIO10062564,1870.1999999999998,2756.763079005008
JIO10032083,2034.84,2201.805319826698
JIO10023485,2242.08,1624.9581847915945
JIO10010094,2594.3999999999996,4095.867479822323
JIO10017958,2894.16,3098.151271400059
JIO10016467,2060.04,3278.1212746036936
JIO10058538,3500.16,3039.8017765428
JIO10063692,2050.92,1460.0507815340377
JIO10059181,2719.68,3717.6240714926357
JIO10023742,2150.52,1679.069459929095
JIO10043301,1608.3600000000001,1181.463524822809
JIO10008883,4117.799999999999,4972.17247442911
JIO10039373,2651.04,2589.7439688537966
JIO10043887,1468.1999999999998,1890.3670270712398
JIO10032337,2428.8,3148.948657710093
JIO10042038,3957.6000000000004,3644.963838473591
JIO10059091,5737.32,4422.659786415755
JIO10010792,2314.44,2818.1398619582587
JIO10012863,5164.5599999999995,3872.7853222439044
JIO10037533,2457.0,2189.068437462208
JIO10026694,1148.16,1339.6259035982002
JIO10054201,1298.4,1296.9269888738309
JIO10058363,3462.7200000000003,2925.121776265493
JIO10012882,3342.84,3039.721398449139
JIO10052090,1282.68,2569.57722384608
JIO10050936,1908.84,2237.69241789514
JIO10049181,1482.3600000000001,3024.665885063847
JIO10012548,1866.48,2135.9573327286616
JIO10030577,1880.52,1632.5266433199085
JIO10031792,1404.0,1995.644134665679
JIO10063488,1443.72,1487.0984804270483
JIO10010582,1860.84,2356.0894425655424
JIO10018675,1452.96,1237.2152612614361
JIO10048173,2342.64,1859.482393813916
JIO10014598,4231.5599999999995,3290.5895689775602
JIO10024695,1803.3600000000001,1667.9622772023047
JIO10005090,6021.96,4000.321874771811
JIO10002065,3142.92,2933.0655182808855
JIO10039982,1169.52,1243.1552437784594
JIO10055785,1785.0,1898.2210764162542
JIO10040899,2468.7599999999998,2561.1760063222023
JIO10044399,6332.280000000001,3783.7055149125504
JIO10012895,1736.04,1343.8093855016366
JIO10041752,3074.5199999999995,3756.823690737634
JIO10062587,2223.2400000000002,2639.6415943159327
JIO10029517,1292.16,1410.577685123134
JIO10021715,1352.4,1876.2703277698672
JIO10052460,1639.44,2372.1607605576496
JIO10013409,2539.32,2510.4633094899095
JIO10038875,1425.48,1543.7560776329487
JIO10036750,5418.12,4765.03854240248
JIO10000146,2374.92,2170.153517254543
JIO10059785,1983.3600000000001,3932.250352914927
JIO10048250,2204.64,2435.706410692446
JIO10007095,5617.08,4374.342144791056
JIO10037983,958.1999999999999,1182.4846408670223
JIO10043841,5682.72,3759.2040309468734
JIO10041701,2811.0,2220.391340824272
JIO10025475,2372.88,2713.665792709324
JIO10002329,10208.039999999999,7594.308162850526
JIO10060632,2524.68,2952.612772829539
JIO10001486,2454.6000000000004,2545.452944752133
JIO10014307,900.0,1461.1078067012243
JIO10009920,1735.1999999999998,2388.3725593436866
JIO10041487,3547.56,4119.0744703961345
JIO10045005,3670.32,2036.517483073626
JIO10018273,2386.32,4934.982517023162
JIO10008260,1101.6,1208.0452616045327
JIO10022535,5151.4800000000005,5423.391568544649
JIO10005239,1837.08,2141.5059667964774
JIO10053811,1978.6799999999998,3188.5850945685675
JIO10005117,1843.92,2607.9210328041772
JIO10015705,900.0,1358.673013885256
JIO10046864,5090.88,4143.574661563031
JIO10004232,3639.6000000000004,3096.6310305894685
JIO10008240,3020.2799999999997,2613.4005980926313
JIO10018212,1583.28,1733.7938489182834
JIO10018860,1748.88,1445.4191865860498
JIO10041699,1979.52,2246.4933591222575
JIO10058708,4432.799999999999,4334.869620292567
JIO10039169,3569.88,2939.753459893223
JIO10000065,1385.4,1218.912137742982
JIO10009549,4366.68,5681.565793553502
JIO10045167,1124.04,1603.147824071892
JIO10003261,3845.88,4232.557778421982
JIO10010986,3049.2,2847.943913216119
JIO10050459,3001.92,2243.3162077266056
JIO10023140,1893.3600000000001,1733.62986750791
JIO10015260,3884.2799999999997,4252.643825210725
JIO10018822,5719.200000000001,3734.7405446115135
JIO10036969,2999.3999999999996,3014.5924178353152
JIO10015503,1613.3999999999999,2138.9894981638363
JIO10026474,1238.04,1623.1101648671631
JIO10045235,1872.84,1798.6261777528869
JIO10015443,1073.4,1718.122603307639
JIO10062201,1293.84,2163.202511124374
JIO10026576,2477.88,2327.021049055023
JIO10040674,5962.5599999999995,3969.448788156745
JIO10007779,2217.7200000000003,2494.6857633427126
JIO10028959,3516.3599999999997,4270.704126177595
JIO10055374,3037.2,2625.861786515869
JIO10043058,1701.96,1937.3004716254395
JIO10056125,1928.6399999999999,2419.9331439444754
JIO10052574,1505.6399999999999,1386.9703617307712
JIO10038519,2886.6000000000004,2924.9871336514993
JIO10059238,3474.96,2597.4394510768275
JIO10049830,1804.08,1471.2439467970312
JIO10019557,2066.04,2307.867154255291
JIO10050258,1346.4,1535.519302659727
JIO10044442,1148.52,1268.4092466829834
JIO10016533,3681.84,2994.178914891819
JIO10033642,1375.1999999999998,1214.17211865253
JIO10031679,2089.8,2137.486986358166
JIO10055633,1455.24,1904.6861990509683
JIO10033678,2106.12,2312.6537958976623
JIO10026484,1184.52,1336.6372320286177
JIO10006556,1436.4,1620.2037561133998
JIO10063610,1851.0,1687.2260049953509
JIO10051122,1090.56,1189.9562827809452
JIO10007331,1675.56,2317.6258128441123
JIO10022569,2335.2,1580.446403675697
JIO10029830,6041.4,5666.344531334567
JIO10011426,5640.12,4203.036901373025
JIO10009117,3232.7999999999997,3279.101856248558
JIO10020019,2033.28,2608.310608211856
JIO10047116,2493.48,1997.8953341799663
JIO10051407,4536.96,4253.267885158914
JIO10008072,4121.76,3400.2596349045566
JIO10059670,2374.44,2445.7164663876424
JIO10030635,1549.3200000000002,1751.043617114328
JIO10003529,1987.44,2779.791721465779
JIO10031003,1635.2400000000002,2387.106967235575
JIO10040709,3418.2000000000003,5186.910334776823
JIO10030255,1325.52,1733.2326985496197
JIO10030142,3644.04,3769.8153765993284
JIO10043473,2908.92,2892.297537955011
JIO10020285,2527.8,1885.806155372339
JIO10060511,1254.3600000000001,1197.493897855084
JIO10026438,1086.24,1389.5594079559758
JIO10053145,1427.52,1774.9955682524585
JIO10012780,1945.8000000000002,2214.5824041617957
JIO10008586,1473.48,1641.5103361345627
JIO10017548,3756.96,3222.151149126983
JIO10041338,1282.92,1398.0907240958147
JIO10029837,3133.44,1458.8528036905057
JIO10051808,7410.24,4442.342898512687
JIO10009880,2497.2,3130.335329740048
JIO10042342,2263.2,3576.4734001563693
JIO10025201,2478.2400000000002,5464.02490361914
JIO10046534,1751.6399999999999,1765.9793258493944
JIO10020419,2512.08,2524.889227803582
JIO10006558,1738.8000000000002,1437.2834669498632
JIO10060159,3213.3599999999997,3073.9715717417257
JIO10032492,3156.24,2360.6576597163453
JIO10022001,1316.04,2266.8189331390818
JIO10046684,1855.8000000000002,2243.4726484378325
JIO10003621,2348.2799999999997,3326.951052553512
JIO10028120,2325.84,3284.4022097601382
JIO10002977,1386.48,1662.9056360642842
JIO10029009,2369.52,1536.1772837380647
JIO10039408,1881.84,2285.460328619931
JIO10054969,2856.7200000000003,3538.0987829104447
JIO10022421,5568.12,5688.785348200516
JIO10008524,1650.96,2259.668943649913
JIO10008932,2670.12,2597.4134657103396
JIO10054450,3135.12,3718.627303853376
JIO10009842,2405.3999999999996,1723.3999581106698
JIO10009070,2631.84,2666.5114381324406
JIO10058884,1570.08,1763.11976967059
JIO10038974,1776.0,1381.2439559415109
JIO10057115,7010.76,3301.4603797553805
JIO10061558,4560.12,3134.5410586737567
JIO10050198,1505.8799999999999,1838.9383447764349
JIO10063109,1602.48,1828.9201982522336
JIO10039625,1273.8000000000002,2647.5418755145056
JIO10036443,2112.2400000000002,1696.1278984294372
JIO10025833,1702.92,2621.408439880163
JIO10042361,1257.3600000000001,1784.6826136191407
JIO10053572,1129.32,1411.4197282630028
JIO10045526,3505.08,3940.700625791507
JIO10012249,3966.24,4314.3614982190375
JIO10004711,1666.92,2800.80422139514
JIO10062908,5614.92,3717.680324161146
JIO10034037,2455.08,2981.2816086371454
JIO10045230,1103.28,1319.6387544269912
JIO10017786,1583.52,2242.975332066809
JIO10031120,2229.36,2309.5671617732014
JIO10053300,1987.56,2040.8863152050449
JIO10001327,900.0,1485.736702950626
JIO10051207,1290.0,1181.7228284499174
JIO10042977,1793.04,2988.535189730756
JIO10038435,900.0,1477.4317147367613
JIO10028953,2218.8,2168.2213091865087
JIO10015379,1950.6000000000001,2413.170673539305
JIO10006614,2243.3999999999996,2772.746525332124
JIO10039723,1469.52,1881.231178843247
JIO10002633,3003.6000000000004,2173.2443859201435
JIO10030897,1833.3600000000001,1691.3698675298594
JIO10048471,2532.12,1464.5136900418472
JIO10000876,1108.44,1361.639016639013
JIO10056833,4036.56,3891.203552566235
JIO10057388,1501.56,1484.4588117449873
JIO10042563,2036.16,1306.6268965131637
JIO10004816,2120.88,2512.7604785552544
JIO10036554,6774.599999999999,5293.439814435907
JIO10030361,996.8399999999999,1328.3114700819683
JIO10007117,2582.88,2995.052707444211
JIO10044922,2975.7599999999998,2621.61005658756
JIO10013879,1466.16,1340.8248737979807
JIO10027082,1756.3200000000002,1573.5796603449912
JIO10045217,2534.52,3879.5808323519395
JIO10024255,2665.56,2597.297364984703
JIO10039047,4243.4400000000005,3567.896826297547
JIO10006026,1972.6799999999998,2106.641310935191
JIO10041105,2677.08,1921.879572953142
JIO10017931,2321.04,2488.977510834688
JIO10022191,7047.0,5414.1182189380115
JIO10004841,3948.7200000000003,3028.9266521300624
JIO10036012,1926.48,1522.1306407233833
JIO10027951,2074.32,2617.125604516348
JIO10059574,900.0,2031.9998428834012
JIO10007128,1628.7599999999998,1682.9845608229828
JIO10055680,1321.08,1608.5636291241144
JIO10060327,1217.04,1637.2001027309584
JIO10063387,2263.92,2466.9016237059413
JIO10060770,2582.16,3244.7518706173814
JIO10052014,2850.12,2821.044117358184
JIO10049233,953.52,1640.7796980317182
JIO10026706,4640.76,3019.212355738393
JIO10020563,3587.04,3832.8092040585775
JIO10036085,2379.48,1225.2559361501887
JIO10000152,1193.4,1226.2640399962029
JIO10030733,1462.1999999999998,2230.6190968618603
JIO10030589,2670.84,2476.0351934992173
JIO10060635,2842.44,1968.597687490809
JIO10016815,2957.3999999999996,2124.1004089806042
JIO10026425,2412.6000000000004,2587.573484757078
JIO10054109,1706.16,2097.0630184138254
JIO10053548,1862.88,1368.222104682308
JIO10060815,1313.76,1414.320675426331
JIO10025460,2232.6000000000004,2353.2335042535115
JIO10048358,3902.6400000000003,4888.1910543722415
JIO10027857,2686.56,2204.048213288843
JIO10041676,1246.92,1569.519370778094
JIO10008180,3069.2400000000002,1877.4842942552846
JIO10031342,2143.2,2621.859662052801
JIO10061745,1863.2400000000002,1616.8778591066387
JIO10027305,3965.2799999999997,3013.265297692851
JIO10045874,2106.84,2617.647503473384
JIO10062901,1998.12,2436.817111345306
JIO10046820,1804.1999999999998,1758.7948391933785
JIO10013552,1930.1999999999998,2159.0043520374597
JIO10032754,4535.5199999999995,2681.501651274518
JIO10015996,1602.84,1489.5654035052125
JIO10024618,3031.56,3177.254854402013
JIO10062231,3226.92,1975.4967672859102
JIO10033192,1573.1999999999998,2192.2903523915957
JIO10049750,3573.3599999999997,4144.528961379192
JIO10057197,1001.4000000000001,1387.159948001615
JIO10035732,2531.88,1852.9143937765857
JIO10010963,2005.6799999999998,2077.592902229545
JIO10030280,1058.52,1194.291264050986
JIO10021312,1894.3200000000002,1514.5285914909987
JIO10056864,2289.96,1970.208350177847
JIO10057233,3262.08,2697.618026983495
JIO10055185,1259.04,1868.4983999844776
JIO10014749,3977.3999999999996,3314.319681163011
JIO10019781,4908.12,4909.687179982887
JIO10008365,1751.16,2538.1987904835883
JIO10030307,1252.8000000000002,1708.501125938276
JIO10025675,2962.8,5242.980492211237
JIO10022729,2166.2400000000002,3373.648567765304
JIO10018450,1971.6000000000001,1978.8008755706499
JIO10017679,2753.16,1929.3574174441792
JIO10018835,2536.32,3681.13477571644
JIO10019175,6935.16,6063.25340207196
JIO10047001,2269.2,1954.931395590894
JIO10022247,1100.28,1198.6788887362338
JIO10057843,7488.24,4967.774799796896
JIO10017355,2131.08,1989.744539731728
JIO10057350,1517.28,1337.5392506141077
JIO10003546,1890.6000000000001,2254.3226499214884
JIO10040445,1553.04,1645.8262237328254
JIO10012873,4957.5599999999995,3056.6723988444387
JIO10020625,3614.3999999999996,4749.296190442619
JIO10015733,4890.6,6263.509430784422
JIO10011575,1676.6399999999999,1712.7600458360175
JIO10020344,2155.68,2554.97378219739
JIO10032070,3333.6000000000004,2144.9558763945574
JIO10038464,2427.2400000000002,2272.520827072097
JIO10034711,2071.56,3107.2570964864312
JIO10001242,2207.64,2889.755210072275
JIO10005472,2676.36,3379.838285008828
JIO10027231,3401.76,2620.8724995450975
JIO10007853,1890.2400000000002,2451.859371755608
JIO10023953,2581.92,1723.1468531952216
JIO10005280,3086.5199999999995,3550.471071636478
JIO10019707,1545.12,2298.692481813694
JIO10036310,905.28,1188.126667778277
JIO10025041,1815.48,2012.4657456627128
JIO10028829,1561.3200000000002,1865.8714687074046
JIO10030675,1326.48,1386.1705312323604
JIO10026409,2520.7200000000003,3069.3603620683803
JIO10013855,1233.3600000000001,1475.4529778128963
JIO10010798,3160.7999999999997,2598.7594713493904
JIO10007215,1251.72,1261.1172990122293
JIO10016086,2670.96,3588.6304510176137
JIO10008778,2367.2400000000002,2115.900999075892
JIO10050259,3778.92,2536.9873487597265
JIO10050868,1319.52,1920.546101375923
JIO10027553,3065.04,1918.887454907304
JIO10036472,3063.12,3293.8485230497554
JIO10064512,3758.16,3447.3066515172964
JIO10035136,2600.64,3137.2257966073457
JIO10019885,1931.88,1927.3025002021932
JIO10009008,1443.0,1936.9119956247707
JIO10018721,1282.08,1198.031041632152
JIO10007418,2260.08,2629.231171897492
JIO10024449,1388.8799999999999,1778.8650886325693
JIO10042046,3751.68,3143.084638881505
JIO10044244,1903.3200000000002,2349.1052616142797
JIO10007689,2084.7599999999998,3972.0018645321725
JIO10016203,2151.6000000000004,2428.6021126660066
JIO10008482,2667.96,2326.8854405581715
JIO10017327,2470.68,2638.3986040870113
JIO10008630,3677.04,2989.308904930916
JIO10044993,930.36,1211.821396504603
JIO10015193,2051.52,2297.008201014763
JIO10000203,1834.56,2483.522387364814
JIO10049762,1584.3600000000001,1429.075071667209
JIO10001399,6784.32,3204.9483761014467
JIO10043930,2502.84,2073.5114766782212
JIO10015264,2459.04,2884.8432664298252
JIO10013167,2296.08,2200.7351486604966
JIO10040423,3506.16,3434.833376792554
JIO10031148,1252.08,1271.59603037503
JIO10034008,5287.799999999999,3346.897943652276
JIO10005062,2610.6000000000004,2329.2090004572688
JIO10040503,1313.76,1268.2603745769445
JIO10024417,1719.2400000000002,2023.5475041170578
JIO10014231,2315.88,2578.948083256053
JIO10046273,1599.2400000000002,1776.790704764399
JIO10025502,1161.72,1703.527977085192
JIO10019591,1116.96,2418.647279583998
JIO10042136,2444.7599999999998,3264.766460195827
JIO10062789,1766.04,1652.7301867827364
JIO10026920,1550.88,2054.1464803559847
JIO10008013,3240.12,2304.7130373331415
JIO10032706,2561.3999999999996,2156.8902780972585
JIO10005827,1282.1999999999998,1486.5981030972953
JIO10044293,3098.5199999999995,3869.564401118747
JIO10044242,5627.4,4206.108555356716
JIO10029315,4641.12,4287.751782579261
JIO10034761,1940.7599999999998,2566.080672628279
JIO10049825,1691.28,1982.458882592955
JIO10029906,2745.0,2632.4544870293757
JIO10016824,1696.08,2298.392927169464
JIO10029558,3653.04,3753.2062986233814
JIO10049789,987.1200000000001,1643.8304410186015
JIO10000295,2621.64,1514.1217959775393
JIO10011388,1809.6000000000001,2102.7987911349214
JIO10056825,2475.96,2327.7532062321593
JIO10034309,2302.68,2508.262783434136
JIO10020585,1374.6,1218.126192129776
JIO10041912,900.0,1218.464363562104
JIO10049444,1640.16,1679.2626390934804
JIO10048090,944.64,1371.4549120693289
JIO10055208,2282.64,2921.3747941603906
JIO10027873,2268.6000000000004,1836.5659184769918
JIO10041139,1629.48,1473.0744253053622
JIO10000223,1826.16,2057.2686021191207
JIO10025899,1991.04,1996.919014126672
JIO10029449,1896.84,2583.1127295861197
JIO10007314,3040.44,3352.959196013612
JIO10006332,3423.84,2642.0206100868613
JIO10060657,2314.44,3004.382899163148
JIO10035344,3655.08,2378.3013265599025
JIO10040913,927.0,1474.6226859483534
JIO10029915,1515.6,2569.1463579982988
JIO10010746,1642.6799999999998,1756.259308390014
JIO10047416,3459.6000000000004,5113.190370714072
JIO10037454,1632.72,1703.1659101316745
JIO10055234,6850.799999999999,3105.7831143518547
JIO10042507,3420.12,3313.0625037161767
JIO10016311,3965.3999999999996,3931.970077787549
JIO10028865,3793.92,4984.388643778995
JIO10019587,2050.08,2678.819544404161
JIO10001291,2589.7200000000003,3537.0800859173364
JIO10051645,1097.28,1192.2750252833669
JIO10054088,5729.76,4202.02387228428
JIO10022187,1252.44,1175.23248626085
JIO10060077,2146.2,1926.256749213161
JIO10029708,1252.44,1763.20794609121
JIO10030615,1981.6799999999998,2484.0734634875853
JIO10055129,2691.7200000000003,2560.3079553419057
JIO10001964,1786.8000000000002,1610.4470637249422
JIO10021057,3330.84,2978.2820591167447
JIO10019050,2012.6399999999999,1858.7279060947142
JIO10056595,1852.1999999999998,2619.250281873518
JIO10016443,1955.88,2348.677161358959
JIO10056145,1770.6000000000001,2351.7262003772935
JIO10046926,12595.32,6737.265652502175
JIO10046967,2467.44,1612.4648691232137
JIO10014938,1439.04,1593.0687520631402
JIO10044520,2851.92,4530.889618118732
JIO10024501,900.0,1214.5044068556633
JIO10024552,1385.52,1600.9902789166088
JIO10046788,2177.64,1629.3921341678986
JIO10057302,3867.84,3516.3260405591705
JIO10010294,2973.2400000000002,2731.0053170946376
JIO10063284,2997.36,3200.0625041015137
JIO10005183,3377.5199999999995,3252.899787741652
JIO10044372,2338.68,3325.236781565933
JIO10044537,3692.88,3349.32145244714
JIO10003873,1469.4,2369.4540939446465
JIO10013295,1854.96,1935.9260052320506
JIO10000092,3467.5199999999995,3774.4631144954574
JIO10029794,2220.7200000000003,3683.6619105727987
JIO10034783,1114.32,1511.721323386749
JIO10013422,2536.92,3634.3072830656456
JIO10051588,1534.08,1877.320872622518
JIO10013742,3192.4800000000005,2126.408178597174
JIO10031769,1615.56,2092.009914954763
JIO10043063,4834.32,7607.416508024644
JIO10006310,1714.44,1951.4440460732005
JIO10001710,5008.32,4261.278048445265
JIO10042070,1035.48,1611.6362206274875
JIO10016052,1646.04,2500.113296263452
JIO10057292,5005.5599999999995,3016.983946240166
JIO10047205,1803.0,2616.573473267621
JIO10029931,2096.7599999999998,2094.8703792268866
JIO10055640,2318.3999999999996,2357.4467560523162
JIO10061926,2565.84,3380.027452099392
JIO10020856,2816.7599999999998,2699.1100129229344
JIO10043305,4559.28,4849.797021597781
JIO10028851,2513.2799999999997,3930.8567436695525
JIO10012840,3163.32,2819.364188375979
JIO10034407,2631.0,2942.192024071561
JIO10035005,2401.8,2172.8622893834854
JIO10029671,1136.04,1371.3663009368004
JIO10015168,2870.2799999999997,3685.9060313730934
JIO10009655,2077.2,2196.4764883463963
JIO10060861,2930.2799999999997,2674.012477404377
JIO10015325,2186.16,2351.9311662947507
JIO10035767,3484.92,2262.0852717179987
JIO10017738,915.0,1202.9046694160781
JIO10032887,2183.16,1390.017803272596
JIO10013378,2463.96,4404.031618953347
JIO10027809,3088.56,3243.820085510763
JIO10064151,920.1600000000001,1307.1149595124273
JIO10061258,1182.96,1712.2310228911804
JIO10050483,1783.1999999999998,2137.098016935772
JIO10064414,2296.68,2026.0508524693964
JIO10010228,1417.8000000000002,1886.5495618782052
JIO10013701,1937.16,2595.0565981454656
JIO10040148,2805.12,2636.6665790986617
JIO10008098,964.8000000000001,1173.4757738289736
JIO10013472,900.0,1985.3952437214366
JIO10059555,2135.04,2143.2272843743785
JIO10050736,900.0,1272.6930540434737
JIO10045543,1636.92,1844.7638779067772
JIO10021143,2990.7599999999998,4071.1040136146676
JIO10056599,4432.200000000001,3739.810669273761
JIO10016127,7066.799999999999,4199.327418454433
JIO10008143,2049.36,3367.916949730214
JIO10047707,2416.2,1584.791093607963
JIO10049850,7263.36,4152.618952895764
JIO10009662,1702.3200000000002,1682.1694039697713
JIO10022382,4684.200000000001,2930.0840412528864
JIO10050071,3558.12,3688.269698363922
JIO10026161,3157.7999999999997,4164.438851823784
JIO10037270,900.0,1195.7944947133115
JIO10041427,5191.92,3800.390865171568
JIO10038406,2485.92,1996.7631034924505
JIO10050199,3255.0,2545.414641068216
JIO10034809,4101.24,3265.6133289172126
JIO10044831,5135.16,6038.699627104731
JIO10031880,2690.2799999999997,2365.796153824606
JIO10000982,2805.6000000000004,2601.8633353074056
JIO10017529,1223.52,1191.5583386549545
JIO10037658,1038.96,1256.266218626467
JIO10020828,1796.88,1340.1095329707748
JIO10060689,1826.88,1684.5822950861464
JIO10011481,2592.6000000000004,2214.3929428287156
JIO10057418,2658.84,2339.7412338552285
JIO10043309,1191.84,1166.5269283414812
JIO10020567,1013.64,1202.2015851474132
JIO10020284,1660.56,1986.7419245917124
JIO10035060,2319.0,1634.3731877929115
JIO10058076,2212.2,1906.2862590016189
JIO10006685,1036.68,1616.7024007004468
JIO10040663,4308.84,2919.026438091406
JIO10003637,1083.84,1230.3071170202475
JIO10026935,2203.56,1607.3294588365713
JIO10023042,3008.52,3301.498676540567
JIO10031255,5456.16,2917.647279274855
JIO10056176,2528.64,2648.383867723894
JIO10034190,3163.44,3345.8721705567796
JIO10006750,10102.32,6132.061581727829
JIO10012613,3729.84,3350.9015185973626
JIO10032534,1995.6000000000001,2447.5902205412085
JIO10013468,2616.84,2959.065529329913
JIO10063381,4505.28,4569.968744740734
JIO10017458,7668.24,4486.147858145644
JIO10057094,1435.8000000000002,1174.7999300494687
JIO10012972,1345.32,1358.2410058917403
JIO10031831,1350.1200000000001,2068.013927485062
JIO10038127,1290.96,1222.9788981554807
JIO10033457,1576.44,1632.6242547771956
JIO10038255,1437.48,2517.1858301289403
JIO10006301,1629.12,1424.121759053173
JIO10056847,5292.4800000000005,4903.291053124055
JIO10029381,1251.24,1254.1456218839276
JIO10039866,2467.8,1972.1379940893346
JIO10016414,5075.76,2752.2006218871434
JIO10037099,2982.96,4102.0231329876415
JIO10022176,1534.08,1298.9481592354932
JIO10037316,2240.2799999999997,2771.611825515786
JIO10034239,4983.4800000000005,3368.327889967452
JIO10008307,5225.5199999999995,4083.4001281658925
JIO10006397,1931.3999999999999,2401.5303930504956
JIO10063682,1386.3600000000001,1555.7164677388243
JIO10063444,2447.3999999999996,2553.102908759665
JIO10034641,1888.44,2227.7391449370466
JIO10032867,1423.56,1782.4257968650854
JIO10058617,1945.3200000000002,2615.462856118845
JIO10005338,1573.92,2232.6157670557254
JIO10026422,3642.7200000000003,2641.9980980459777
JIO10020271,2817.96,2590.532164613476
JIO10020358,5529.96,2949.155971785207
JIO10013462,1279.32,1387.5896356085896
JIO10019628,3568.32,2918.296605284927
JIO10005489,3457.92,3403.123496772052
JIO10060402,2474.88,2626.2697142296192
JIO10060799,1956.84,2778.1073649681034
JIO10029512,3056.52,4102.067050282137
JIO10038191,4270.32,1807.6649563460164
JIO10050660,1424.16,1185.630335181533
JIO10054456,1471.56,2577.398729065915
JIO10026708,3219.7200000000003,2438.9706627361393
JIO10028439,979.56,1207.4890717377982
JIO10002669,2052.96,1807.1295917895775
JIO10002725,1866.6000000000001,2948.078500410291
JIO10022241,1640.28,1703.521495222925
JIO10025089,1695.48,2440.1208587818173
JIO10046772,3048.0,2241.3991673353958
JIO10048039,2850.12,4216.132876034339
JIO10045761,2341.2,2713.397217173391
JIO10058378,1488.96,1741.2656651906525
JIO10054620,1183.68,1201.7712368661964
JIO10009428,1757.7599999999998,1950.5684890947118
JIO10030007,1555.8000000000002,2556.3087894972214
JIO10060182,2173.08,2172.4219764106338
JIO10052929,1487.6399999999999,2163.0674432673204
JIO10026272,2394.12,2123.5227715016463
JIO10024185,2413.44,2328.728213837168
JIO10037323,7665.48,4156.062580404229
JIO10043465,1765.3200000000002,2195.639806374158
JIO10057977,1656.96,1884.7951517615033
JIO10036730,1215.72,1693.5058230776517
JIO10020728,6194.64,4544.789787092723
JIO10028466,5542.68,3896.892863045933
JIO10050879,4492.32,4747.496954095494
JIO10027459,1558.8000000000002,1764.3236225229482
JIO10010141,2017.1999999999998,3259.9984902119154
JIO10051802,2744.7599999999998,2972.2008850705206
JIO10032010,5610.0,3157.495535027052
JIO10038834,4437.12,3034.5296723860233
JIO10000001,1663.6799999999998,1268.9866230846192
JIO10018428,3227.16,4061.724716799849
JIO10049937,1521.6,2722.399930372028
JIO10027367,3806.76,3171.4767876513697
JIO10061711,1050.96,1189.584755826887
JIO10049880,3560.6400000000003,3335.685211852465
JIO10041565,1802.6399999999999,2493.5471021256594
JIO10046184,2020.44,1607.6921141987139
JIO10028319,1374.72,1593.9467868619925
JIO10026776,1370.76,1823.0056835958253
JIO10054887,3839.3999999999996,3692.866496713119
JIO10029952,3463.44,2065.888618070725
JIO10012943,2024.28,2314.2617692848157
JIO10010144,1504.1999999999998,1909.4271007636023
JIO10042746,2207.7599999999998,2339.6526068025237
JIO10019697,1131.96,1401.3080333182727
JIO10031099,2122.56,2258.626981579704
JIO10000661,1304.4,1655.7332362334967
JIO10006542,3928.2000000000003,2591.696952686912
JIO10022964,5777.64,6396.157938047307
JIO10035642,2808.0,3638.150345105255
JIO10002018,1586.7599999999998,1869.4086709014812
JIO10013580,1958.04,2219.127729962457
JIO10000142,2377.8,2220.778210165064
JIO10019234,1267.32,1244.5085681009894
JIO10032425,1981.8000000000002,2396.668353256464
JIO10001490,2753.7599999999998,2660.291126624382
JIO10056182,1471.92,1778.6657366067877
JIO10040515,2753.16,2910.2342331591362
JIO10033492,3377.88,2349.103264405524
JIO10051522,2466.0,1670.1800059192258
JIO10028481,2475.48,3024.3083601292337
JIO10028495,1470.96,2000.530626623117
JIO10035414,2644.32,2918.273895189045
JIO10012691,1550.04,1817.0542929823816
JIO10048201,1380.72,1210.9706293587637
JIO10008319,1900.56,2648.001643393519
JIO10049478,3981.4800000000005,3701.486115134394
JIO10018639,2944.68,1978.70818444502
JIO10063953,2838.96,2924.096016698002
JIO10064241,1277.6399999999999,1414.3782956568102
JIO10003543,963.24,1569.7326802681323
JIO10040909,1112.8799999999999,1191.456537161461
JIO10028907,1292.6399999999999,1559.704520155987
JIO10028576,5657.5199999999995,3648.500635509682
JIO10007453,2059.08,2518.7378528336517
JIO10053580,4054.2000000000003,3830.2252221788644
JIO10001192,2494.56,2424.79232836334
JIO10064415,2655.84,2479.2431134531967
JIO10020006,3338.5199999999995,3545.6085320641464
JIO10029890,1794.84,2478.166116472554
JIO10051967,1320.24,1221.5261920664923
JIO10052797,1765.1999999999998,3234.833260476447
JIO10025696,2005.92,1991.016744648212
JIO10027812,1226.6399999999999,1205.950260252768
JIO10031309,2243.7599999999998,1627.546835133546
JIO10040169,1045.56,1834.2784599094414
JIO10035707,2287.56,2481.6323187041794
JIO10030070,3767.16,6350.487078519758
JIO10042188,1364.8799999999999,2380.060801810134
JIO10040900,6172.5599999999995,3893.412239839832
JIO10042696,2569.32,1751.913404146786
JIO10039742,1305.96,1633.2462012582473
JIO10034801,1449.1200000000001,1394.5571886326625
JIO10059723,2651.3999999999996,2574.011726308871
JIO10002439,2779.68,3271.340607762316
JIO10061116,5229.96,4138.784693238106
JIO10050894,2345.88,2264.8197178533046
JIO10060452,1983.6000000000001,3957.0814266842262
JIO10018855,3905.2799999999997,3803.7034382703782
JIO10057470,1371.72,1726.5342321978362
JIO10045413,4110.72,2363.2762283961474
JIO10041850,3390.6000000000004,2186.0384543217383
JIO10039746,2430.0,3636.678765854245
JIO10005050,3367.56,2495.5581615996066
JIO10018728,2393.3999999999996,1951.577019040229
JIO10037428,3485.04,4560.225044832541
JIO10043865,3011.3999999999996,1801.9930065549474
JIO10028243,2570.3999999999996,2232.2336694368055
JIO10026454,2721.36,2385.9169925316487
JIO10008718,2816.52,2644.2200521124773
JIO10020487,2012.88,2150.029176625936
JIO10047657,1305.96,1229.7654699089524
JIO10056229,3399.3599999999997,4415.315227093946
JIO10000351,3857.5199999999995,3585.95991376559
JIO10007826,2534.16,2241.5468943769647
JIO10044469,2665.92,3080.697078447072
JIO10004081,2061.84,3255.410139620898
JIO10019968,1003.3199999999999,1214.538612790109
JIO10010076,1840.6799999999998,2325.949603301324
JIO10021265,2956.92,5476.592292966663
JIO10007400,1903.3200000000002,1680.4746643164417
JIO10028105,2525.3999999999996,2139.5252949999526
JIO10027512,3362.76,3236.970674394724
JIO10013028,2341.08,1850.5120606811888
JIO10036050,1777.92,1675.266672239953
JIO10030530,3472.56,2632.061214896865
JIO10021619,936.72,1230.0765796743215
JIO10056873,3347.76,2435.0290962513336
JIO10014416,900.0,1394.1601902238913
JIO10030762,2308.44,1942.1102007172155
JIO10064064,3370.08,3543.9165378952835
JIO10047117,1993.56,1917.947716528697
JIO10056243,2130.12,2552.70196051345
JIO10015552,1861.08,2200.0215940171215
JIO10044880,2755.92,3415.715533089777
JIO10025859,2400.2400000000002,1622.727614738811
JIO10020541,900.0,1887.2640332808
JIO10062413,2044.08,3121.50181849735
JIO10016715,1802.04,1487.126433174131
JIO10000261,3277.44,3606.8254838101634
JIO10032013,1924.08,2130.719617961775
JIO10001299,2444.3999999999996,2369.9059666213802
JIO10053717,3942.84,4312.540477165918
JIO10023006,2197.08,2344.2643725627754
JIO10032695,3121.44,2864.9380713421356
JIO10022189,3943.56,2701.198234125121
JIO10041371,1083.72,1206.2158794988586
JIO10023921,1790.6399999999999,1928.8079356199212
JIO10062694,5392.92,3504.334256954535
JIO10005129,1337.76,1411.2498152073708
JIO10053967,1989.84,3133.720109960563
JIO10062832,2037.48,2010.7707218020882
JIO10022287,3677.16,1862.9395693127688
JIO10055277,6066.96,3144.760774550294
JIO10024702,2043.84,1462.936346108997
JIO10025399,2527.32,1877.237809209271
JIO10040833,3341.2799999999997,3915.56921897801
JIO10054888,3307.08,2643.525545942849
JIO10041562,4274.88,4162.5611422327875
JIO10051510,905.4000000000001,1522.8682467746985
JIO10025490,1549.6799999999998,1433.010979343847
JIO10060800,5824.5599999999995,3686.2557145628434
JIO10033090,2783.7599999999998,4146.246843741565
JIO10039180,2693.04,2987.0230810078583
JIO10063152,1444.1999999999998,2246.139288081032
JIO10031269,4506.36,3340.3285025043497
JIO10030631,900.0,1295.49486883162
JIO10009335,1371.0,2063.9849763434663
JIO10011721,1799.52,2882.9792443168476
JIO10032032,1585.8000000000002,1598.6380124739158
JIO10001343,1765.44,2012.8337817012825
JIO10042485,967.6800000000001,1349.0287880753385
JIO10053763,1827.2400000000002,2593.477551102928
JIO10061322,1248.24,1538.7797496738622
JIO10060710,3240.96,2800.3763669531927
JIO10031433,2803.2,2724.746391951462
JIO10000704,2307.84,1422.6003811853968
JIO10050456,2029.44,2533.894560922529
JIO10012968,2631.7200000000003,3342.460380668452
JIO10039117,3126.4800000000005,4472.318462835195
JIO10029800,4945.92,6228.463274997903
JIO10021581,1214.28,1645.6345179757984
JIO10057793,2388.36,2755.7321297831604
JIO10009230,2769.36,1670.2318579416494
JIO10056823,1617.72,2077.932260648333
JIO10050325,2169.7200000000003,2616.8374274458643
JIO10021620,2262.36,2129.795098252301
JIO10055180,2278.32,2606.727046973969
JIO10058000,2127.36,2450.735217925564
JIO10021831,2075.88,1872.8996681582219
JIO10008281,3058.44,2364.463720757382
JIO10031760,1106.28,1963.2094333911816
JIO10015683,5530.200000000001,6008.061809970657
JIO10056072,1490.04,1459.073553488258
JIO10062797,2337.6000000000004,1704.761010173211
JIO10059868,3176.6400000000003,3686.292866807858
JIO10049362,1932.2400000000002,2476.479644114691
JIO10019407,974.4000000000001,2246.686230805589
JIO10016738,3201.12,3312.895765151951
JIO10053911,4990.799999999999,5635.7770461666605
JIO10040440,1787.7599999999998,1254.602596748379
JIO10060073,1683.48,2294.392689075881
JIO10014127,4512.84,9321.255060356802
JIO10049114,2300.88,3600.7621964399996
JIO10043688,6380.64,2708.8296322946967
JIO10054530,1552.56,1391.216636481912
JIO10060806,1876.44,1662.2365078941807
JIO10028670,3773.6400000000003,3548.5959738893444
JIO10036962,4127.16,3726.18695395105
JIO10005467,3404.6400000000003,3083.109502915371
JIO10062222,5153.5199999999995,1860.051395798873
JIO10047418,2000.88,3578.385871371519
JIO10016576,1015.8000000000001,1392.0527259474577
JIO10031948,900.0,1303.3051711647436
JIO10016075,1060.1999999999998,1203.126321800059
JIO10055160,2243.64,2325.332035007334
JIO10052048,1139.8799999999999,1580.6979317229657
JIO10055000,1362.0,2335.6585061215587
JIO10008040,1950.48,1852.6884857616635
JIO10046923,1834.3200000000002,2554.173961288655
JIO10019505,4576.5599999999995,3951.477075054931
JIO10039039,2349.6000000000004,3374.626391554103
JIO10049751,2135.2799999999997,2413.529542853482
JIO10019095,2594.88,4191.274735874755
JIO10048759,2837.88,2962.5465011645697
JIO10040066,3343.08,2535.3549608139742
JIO10049159,1845.48,2264.4309623006966
JIO10042138,3037.8,3066.8698641715932
JIO10053015,1907.3999999999999,1189.1438452977009
JIO10057306,2532.48,2705.385948749356
JIO10049625,2082.6000000000004,2887.838232884962
JIO10056966,1632.72,1287.5961203731074
JIO10015923,1500.0,1250.1710019361099
JIO10042187,1967.52,1899.9358154497081
JIO10057799,3802.08,3215.594643096999
JIO10045083,2439.7200000000003,1868.2218697154087
JIO10029189,1519.8000000000002,2595.3682508488328
JIO10024299,1647.12,1198.6545544766263
JIO10016985,1794.72,2411.124330740611
JIO10056098,2103.0,1919.3931799428517
JIO10009754,5067.36,3183.9760032789213
JIO10014138,4895.88,6022.5990474495575
JIO10010985,5004.72,3405.7385670343797
JIO10048494,1361.16,1721.9927499074224
JIO10014373,1847.6399999999999,1694.807963158383
JIO10023265,1940.16,2952.0896824341567
JIO10052768,2610.96,2578.9799269434457
JIO10025580,1644.72,1626.536792852782
JIO10030997,2045.52,1948.1094634204362
JIO10025931,1375.44,2629.4216080814813
JIO10024774,1277.8799999999999,1516.12692016625
JIO10007928,2755.08,2147.8701254767284
JIO10059159,4947.12,3812.826233542568
JIO10048606,2253.0,2110.674873744912
JIO10035676,2211.6000000000004,3557.6798912465742
JIO10031888,1919.04,2653.2187704887197
JIO10029966,4036.32,3826.991254455933
JIO10032826,2388.2400000000002,3034.911322090046
JIO10025033,4365.6,2686.913363185006
JIO10043497,2767.68,3542.4455267000735
JIO10063218,2029.92,1598.7022978578593
JIO10031969,4559.4,4181.474707732913
JIO10022486,2681.64,1901.4414738762937
JIO10012523,1441.1999999999998,2493.051985596821
JIO10060554,3786.7200000000003,3100.370311005477
JIO10028697,4527.96,3303.311877132094
JIO10016291,1491.96,2320.107009610366
JIO10035082,2751.96,2181.776106031566
JIO10028689,4776.96,3341.138602136589
JIO10003981,1766.16,1208.2665188504297
JIO10034155,1446.0,1858.5381968260122
JIO10038836,2390.3999999999996,2580.5103965082176
JIO10004273,2423.3999999999996,3604.128994231993
JIO10055601,5097.12,3628.5529376730487
JIO10028368,900.0,1297.9941538572143
JIO10018163,4007.3999999999996,3320.007113586341
JIO10015239,1974.12,2312.3716736097886
JIO10045930,1527.0,2346.0608947650985
JIO10035445,1192.1999999999998,1410.1316738449952
JIO10012727,3504.12,2706.55699702907
JIO10027844,2793.48,2550.2393162684093
JIO10061128,3128.16,5193.235504680599
JIO10024836,1060.8000000000002,1196.7450080539397
JIO10006122,2121.7200000000003,4028.054800608949
JIO10043779,3383.76,3564.398569543867
JIO10027120,2347.56,1937.922712828958
JIO10038658,900.0,1197.4606898686022
JIO10006521,3498.6000000000004,2390.744637031919
JIO10014069,1390.68,2238.1376536516423
JIO10025953,900.0,1309.9130622749187
JIO10034390,1690.1999999999998,1618.348436214633
JIO10052066,4654.4400000000005,4245.865610248741
JIO10062409,1569.0,2999.2430547753793
JIO10049322,2849.7599999999998,3501.5399462956975
JIO10004753,2761.08,4186.119462086367
JIO10061303,900.0,1483.4146002101875
JIO10063949,3617.6400000000003,2871.061925707599
JIO10023764,2758.32,3093.4142293977893
JIO10038628,1901.04,2844.7470364319993
JIO10040580,2187.36,1875.8869911122633
JIO10043620,1642.08,1912.3685205485008
JIO10031414,7896.48,4564.574316500673
JIO10062494,1682.16,1868.0277723181616
JIO10023405,2318.04,3519.4946861149742
JIO10029413,2748.0,3915.7820676921488
JIO10057375,2541.2400000000002,2474.6849770231856
JIO10049544,1560.12,2002.84104131825
JIO10007366,5949.4800000000005,5726.972845617001
JIO10027567,1962.12,2236.498036802444
JIO10063436,1785.12,2520.2831825898556
JIO10034431,1199.6399999999999,1273.2222132076126
JIO10021923,1030.68,1187.9834093595146
JIO10022246,2711.3999999999996,2508.137151519174
JIO10036698,4612.68,3835.2040416953587
JIO10024640,2232.48,2616.8705048654156
JIO10058232,7194.0,4408.536760538882
JIO10006187,3668.16,2757.5084650584067
JIO10026296,1084.8000000000002,1326.9626126040648
JIO10051647,1399.1999999999998,1171.3631520837741
JIO10022489,1961.88,1649.2792366684084
JIO10021721,1229.4,1465.2775598080457
JIO10017680,3619.08,4120.721849334243
JIO10036667,1311.72,2347.4472137430203
JIO10039717,1733.6399999999999,2373.512474410501
JIO10012756,2261.3999999999996,2951.5634470425257
JIO10020248,2221.56,2762.229135163283
JIO10050859,7840.92,5000.226497876384
JIO10027758,3161.88,2550.2190340213824
JIO10063217,1853.7599999999998,1702.5568003344883
JIO10062114,5392.68,2913.9547473683133
JIO10034884,2127.0,3108.769752295788
JIO10020269,1344.48,1877.85946239677
JIO10027272,3243.12,3642.5568262320176
JIO10038931,2523.0,3021.180565632913
JIO10021141,1971.12,2214.2822583748143
JIO10025193,2217.2400000000002,2313.842611345815
JIO10017418,2818.44,3800.1089790636106
JIO10012259,1528.92,2337.3123219075833
JIO10026431,1304.8799999999999,1231.763606990736
JIO10032486,1408.08,2267.4869129087897
JIO10034951,3876.24,3540.1464300793177
JIO10008117,4312.68,3346.4077126371863
JIO10040267,3869.5199999999995,4872.390831745926
JIO10054518,2158.2,2957.038171361432
JIO10023556,5488.92,3222.2992195673323
JIO10017206,3854.16,2664.919981557654
JIO10017014,1992.72,1692.9575027313147
JIO10057144,3025.44,2986.6862339060494
JIO10002993,3517.08,4108.237453696308
JIO10019500,1279.08,1201.8496980591094
JIO10005051,3004.32,2419.5606868752916
JIO10013089,1360.1999999999998,1238.809614570375
JIO10035360,2756.16,2534.1584568382254
JIO10013962,1960.92,1892.938409329514
JIO10031618,2180.3999999999996,2492.9620282952237
JIO10056181,1760.6399999999999,2178.202634994376
JIO10062844,2238.84,2081.6055400015407
JIO10012819,3077.6400000000003,4143.123447124752
JIO10005972,1348.32,1901.1441648367415
JIO10032413,1623.48,2187.5351421478263
JIO10054893,1497.48,1615.3402740969827
JIO10033384,3168.24,2786.4638166804025
JIO10040444,1711.8000000000002,1398.0438478771316
JIO10016510,1001.76,1426.479655972238
JIO10024380,1625.28,3810.954115772165
JIO10016476,2238.6000000000004,2698.0321289592093
JIO10048680,4278.4800000000005,4624.254502097875
JIO10006316,1075.1999999999998,1216.8584198442172
JIO10027016,4475.4,5776.228640359353
JIO10010501,2780.16,2791.977634724217
JIO10059154,1225.32,1188.0813319573956
JIO10020313,1519.32,1984.1565542451156
JIO10034236,2267.7599999999998,2462.2146069659807
JIO10060147,2281.92,2490.590388448983
JIO10027942,2929.56,2708.7200132895396
JIO10063927,2309.64,2252.283566405723
JIO10064123,3279.12,1866.8907261799168
JIO10042571,3883.56,3591.142126594578
JIO10050438,2538.48,2387.435996682125
JIO10023791,5448.72,4746.79762278162
JIO10036421,2144.64,2647.004119444465
JIO10043650,2345.3999999999996,2721.448712399046
JIO10056770,3247.2000000000003,3145.605818620377
JIO10031902,900.0,1219.4982033736908
JIO10024780,2981.64,1526.6661787248672
JIO10053353,3344.04,2842.1382988429787
JIO10030084,4370.04,5017.781539040682
JIO10064118,2977.92,3921.1432260430897
JIO10038262,2661.96,3025.1170011524637
JIO10026462,2680.32,1572.6650999622059
JIO10027446,2383.44,2316.1888780636523
JIO10029088,1514.4,2146.2350333585214
JIO10007964,2308.92,1521.0883609958048
JIO10006196,1650.0,1476.741216089593
JIO10031877,1531.08,1467.272889259104
JIO10046293,3007.44,3245.382411462935
JIO10016699,1559.6399999999999,1906.9350713565545
JIO10064432,4603.08,4193.975428480853
JIO10055471,1343.04,1953.4055663083916
JIO10050015,4841.16,4122.231650268429
JIO10028499,3181.7999999999997,3544.6342748661104
JIO10055207,1356.48,1703.298213106109
JIO10033510,1326.1200000000001,2054.996228779559
JIO10046445,2584.8,1809.2369802110857
JIO10044071,1379.52,1499.8391674332474
JIO10054322,908.28,1404.6196137000666
JIO10029725,5390.28,4023.108504768538
JIO10008254,4689.4800000000005,3555.147557754831
JIO10035999,1699.6799999999998,1572.9574087849312
JIO10062952,1698.12,1792.8587028378795
JIO10040489,3731.6400000000003,2557.235880941992
JIO10038480,1631.6399999999999,2400.7886751742403
JIO10020021,1359.48,1311.3455058695536
JIO10035237,2017.08,1936.047390553991
JIO10038342,1983.2400000000002,2515.4724505270597
JIO10052652,1656.0,1883.1855043559835
JIO10043172,2097.6000000000004,1995.3143767859774
JIO10059637,2182.92,3120.2131676064528
JIO10063089,3005.7599999999998,2638.989118221507
JIO10012958,2050.56,2062.223399061629
JIO10017099,3090.12,3095.8534760520556
JIO10063918,1714.1999999999998,2442.388770120881
JIO10047598,1118.4,1470.1132170102758
JIO10053750,1097.28,1264.9522317849855
JIO10012746,3446.04,4252.81293032044
JIO10043401,2717.64,1693.0585302205661
JIO10029227,1551.48,1865.6562815360255
JIO10041674,1364.6399999999999,1343.1703994710438
JIO10024978,1362.24,1315.417193145098
JIO10055635,2628.96,2621.3701202323145
JIO10011963,3037.8,2709.5389905827888
JIO10042914,2416.56,1706.358145162116
JIO10054058,1475.4,1189.1391834206163
JIO10016208,2868.7200000000003,2157.541526266149
JIO10047908,2321.04,2292.123851493941
JIO10010452,5633.04,5123.641310554694
JIO10059012,1609.44,1873.0210923401778
JIO10050296,3243.7200000000003,4095.45254992116
JIO10027175,3237.12,3543.2332247827885
JIO10031705,2241.0,2713.6853684556045
JIO10034745,3611.3999999999996,1915.5117236847427
JIO10033550,1442.52,1998.813595025936
JIO10039486,2045.3999999999999,3118.9961458053886
JIO10039087,3469.56,3657.9568078366456
JIO10025773,1962.2400000000002,2291.065626839717
JIO10036392,1679.7599999999998,1529.524953689041
JIO10032389,3256.32,2947.6593404982054
JIO10000596,2763.96,2196.7831979124817
JIO10037635,1331.28,1219.9180591410995
JIO10020622,2204.16,1781.6953781908098
JIO10026309,1075.56,1193.3417395752003
JIO10004967,3288.0,2146.3265711790928
JIO10033472,2616.0,2593.5089017734663
JIO10028706,4368.36,2715.3928787683185
JIO10002330,8330.76,6228.571781226973
JIO10041116,4752.72,2584.9824490879596
JIO10010794,1281.96,1426.0458266488592
JIO10000974,2346.84,1888.8132896606423
JIO10059846,1268.28,1873.7625664762147
JIO10040194,2389.2,2794.6029396286335
JIO10016735,3302.2799999999997,2795.8832734907674
JIO10030117,2462.16,3763.30945842133
JIO10028948,1947.2400000000002,2282.880636605374
JIO10002326,3127.08,2253.8886220484596
JIO10059427,1555.08,1683.1169789295905
JIO10006280,1415.8799999999999,1612.240758581272
JIO10033432,1106.28,1352.9670565076592
JIO10008363,2379.12,4347.91960229603
JIO10057682,1841.16,1922.4811288583473
JIO10048949,7218.48,6706.255659231272
JIO10002131,1456.32,3048.295086753168
JIO10006629,900.0,1178.3612032100823
JIO10027140,1289.76,1681.1786323797655
JIO10005639,1034.8799999999999,1620.1756719659677
JIO10037330,1304.76,1333.1825501713324
JIO10049450,2317.68,2189.8893710969583
JIO10036943,1534.68,1867.8415130107244
JIO10016843,1749.2400000000002,2169.022088492035
JIO10023520,2072.2799999999997,2921.9122626672893
JIO10018348,4458.36,4086.2372380421643
JIO10051933,1643.16,2639.8658824509066
JIO10032715,2157.2400000000002,2112.8439559527874
JIO10057265,2691.0,2890.4660685703366
JIO10053393,3306.24,3193.203999098749
JIO10001797,2173.44,2142.685648615293
JIO10050392,5003.76,3426.1675110685687
JIO10022395,1325.6399999999999,1460.0086667658459
JIO10037553,2904.6000000000004,2708.735466095746
JIO10034354,2096.2799999999997,2311.4487576608635
JIO10050513,900.0,1454.06488023962
JIO10047370,3199.44,2381.408029407423
JIO10040140,1475.16,2243.196882935289
JIO10000580,2483.52,2833.8137146067993
JIO10020332,1775.7599999999998,1824.0937576891245
JIO10002494,2175.48,3317.821190589075
JIO10026657,2662.92,3469.7737471292244
JIO10034621,1006.08,1272.1829917624318
JIO10060179,4942.08,5189.9912816622855
JIO10048298,4677.12,2929.522880025064
JIO10001460,1092.72,1422.5358706159443
JIO10048340,2059.8,2189.9177190309656
JIO10023857,2334.12,2915.8698623329133
JIO10006906,2482.08,3704.634273410393
JIO10027019,1572.48,1484.3149395309918
JIO10023848,5549.88,4021.682471649742
JIO10020806,2035.44,2552.5348733232017
JIO10007668,1921.6799999999998,2400.1397830421024
JIO10007664,1216.8000000000002,1723.4599918748766
JIO10045311,1969.92,2679.8763260907067
JIO10015245,2263.56,1764.0863284924028
JIO10051886,2529.7200000000003,2664.4975470177797
JIO10058008,1777.92,1700.8543993338121
JIO10061725,2819.04,2686.2735441251593
JIO10010716,1505.8799999999999,1601.4241969495267
JIO10033226,2302.68,3001.7536943165946
JIO10041641,3508.32,4559.171398799137
JIO10064221,4308.96,3570.4457378519437
JIO10036764,1829.3999999999999,1873.2249902924884
JIO10052010,2881.8,3703.0563259811806
JIO10052146,909.1200000000001,1623.8714298834927
JIO10038800,1708.3200000000002,1682.846325888335
JIO10017009,1763.52,1871.4820518876834
JIO10024981,2479.44,1852.468732360135
JIO10062140,1795.6799999999998,2959.073081103213
JIO10014745,3260.3999999999996,2847.195051855871
JIO10063773,2902.08,4215.9309560531165
JIO10058568,1873.92,2347.413010027651
JIO10054354,2911.08,4046.2114667067453
JIO10018908,2229.48,2881.2092328777003
JIO10008526,3587.16,2705.437854105088
JIO10019320,2545.2,2758.8712659587945
JIO10033586,2147.7599999999998,2459.4491548969486
JIO10031156,1009.92,1609.493099319753
JIO10059958,1568.88,2136.4942903044644
JIO10014881,3388.44,3953.5529426936464
JIO10011401,5557.5599999999995,3581.968877912844
JIO10031377,1448.16,1342.856527563311
JIO10034811,2455.8,2555.6512433576636
JIO10025169,2974.08,3337.330389677014
JIO10062421,1478.76,1641.8241018043302
JIO10006027,2480.52,3120.268605146661
JIO10007765,3661.32,3065.358137288692
JIO10043982,2108.52,2307.9168627748027
JIO10040224,5206.92,3328.931482881859
JIO10046281,1608.12,2009.5627060232443
JIO10062465,2759.04,2995.750278092334
JIO10008216,1905.3600000000001,1399.385348284658
JIO10004517,1678.8000000000002,2045.9315246742588
JIO10039557,2464.2,2169.7384522741445
JIO10020660,2530.8,3274.974932850422
JIO10064397,2416.92,2675.6363140056337
JIO10057820,3676.68,3808.4241284067975
JIO10025639,1557.96,1481.7237783445742
JIO10047724,2330.04,2273.405944456734
JIO10048242,3191.3999999999996,2657.715704317838
JIO10055150,1698.84,2633.782584466333
JIO10015821,4398.0,4607.87947979962
JIO10018933,1475.04,1767.8672362744005
JIO10013147,2509.44,2608.6895296131706
JIO10056191,3223.44,2079.31178972915
JIO10058795,4527.6,2911.535058267664
JIO10013218,3207.7200000000003,2922.2763063914445
JIO10048319,5248.200000000001,2948.017689811748
JIO10038578,2474.16,1918.8251314087115
JIO10026682,4618.4400000000005,3770.7277681185383
JIO10006229,4242.24,2930.70006079857
JIO10039955,3973.08,3098.268914331097
JIO10032786,2836.92,1860.4295510984805
JIO10034504,1195.08,1350.759148406698
JIO10064681,7920.12,4552.3577987776
JIO10063229,1502.16,1680.3305374933964
JIO10036820,1315.92,2344.0169150413935
JIO10046830,2406.7200000000003,3096.42396880076
JIO10015374,2437.92,4721.552047091054
JIO10004399,2944.8,3097.285325706302
JIO10005805,2373.6000000000004,2205.68510826563
JIO10033085,1525.08,1666.9653142390825
JIO10044265,3238.92,2258.021065052542
JIO10021231,2052.7200000000003,2200.210438586203
JIO10062712,3322.32,2702.231527374178
JIO10029981,1329.6,2112.174801193917
JIO10033150,2016.96,1963.3399808790011
JIO10001819,3534.6000000000004,4960.535735176537
JIO10006821,1794.84,1841.6867763437112
JIO10038868,1436.4,1191.3119234368548
JIO10062014,2561.04,3353.699768685217
JIO10003494,2784.96,2285.601043009757
JIO10025346,900.0,1329.9954047166293
JIO10008067,1290.0,2055.1913911342103
JIO10023106,2258.16,1970.2857593698893
JIO10036840,1647.96,2097.8402941790478
JIO10043482,1243.44,1408.106425523084
JIO10062490,1112.16,1373.2280579201602
JIO10054868,2893.68,2506.9532310308314
JIO10032045,2696.16,2249.002236069349
JIO10055387,2239.56,3882.565839965501
JIO10012865,2667.6000000000004,3038.320143756457
JIO10034956,1518.6,1482.4691887087174
JIO10011233,1518.96,2108.449559109369
JIO10038461,4543.200000000001,3104.2364458943166
JIO10060589,3142.2000000000003,2726.7034097624464
JIO10015184,900.0,1230.7638003754296
JIO10043195,2888.16,1938.781456687987
JIO10031279,1614.2400000000002,1267.133030621893
JIO10030008,3189.4800000000005,2363.783458608196
JIO10002083,2092.44,2513.0637637465493
JIO10015000,1504.44,1341.6332541956474
JIO10062659,1105.32,1271.4600489477687
JIO10038922,2486.64,2580.0172057955865
JIO10016492,2883.6000000000004,3325.438457394544
JIO10027421,2346.2400000000002,2443.7109254194006
JIO10029773,2031.48,1210.2276095718362
JIO10052205,1542.12,1587.314296148315
JIO10005132,3356.3999999999996,3634.879534067254
JIO10012265,2646.0,3329.058817341672
JIO10037633,6751.200000000001,4062.8994336466785
JIO10029611,2598.96,2628.3327756542362
JIO10011309,1848.72,1966.799995644599
JIO10014579,3401.2799999999997,3865.7088506168507
JIO10036754,1711.92,2705.793452427255
JIO10010446,3063.48,3169.852302651553
JIO10033450,2480.52,3078.224283408839
JIO10036831,2506.32,1873.7682830748881
JIO10061646,2328.96,2238.964913837522
JIO10006127,2499.2400000000002,2363.378976749798
JIO10018224,3049.92,3291.9032789159023
JIO10064463,4787.76,4221.664530736616
JIO10015197,2505.0,3261.5847582951023
JIO10031357,3694.7999999999997,3674.6633734068864
JIO10028759,1430.04,1427.2434436578928
JIO10001427,1565.04,1950.9601511843975
JIO10030282,1579.08,3602.482144657967
JIO10023187,1677.6000000000001,2724.6075129112232
JIO10045851,3194.04,2878.8174762070767
JIO10041651,1882.56,2217.481621861385
JIO10028661,3953.5199999999995,5040.988800069425
JIO10024933,1626.48,2802.495519899723
JIO10003019,3010.2,3181.614998875359
JIO10061955,1470.84,1137.9647865018762
JIO10024466,6870.960000000001,4129.144671951956
JIO10063411,2741.16,2679.686477990677
JIO10011329,2643.12,2720.5271938166065
JIO10047327,1447.56,1693.5705145480988
JIO10039733,1470.72,1372.3313140714133
JIO10020409,1967.28,2167.865207410491
JIO10019051,1981.6799999999998,2403.43512446178
JIO10032626,3070.68,3083.464718536473
JIO10028846,2709.12,3278.0024668239257
JIO10027526,1874.52,1660.7905578069515
JIO10042285,2075.16,2981.42878090053
JIO10058664,5102.76,2226.5728280918447
JIO10034519,3090.4800000000005,2531.764849906995
JIO10007555,1932.0,1993.0089338040134
JIO10013456,3324.12,3574.911306021316
JIO10054751,4190.76,3626.7944029764194
JIO10026603,5250.72,3736.9711496554787
JIO10035358,5707.200000000001,3216.7069465586214
JIO10013686,2071.32,1593.1685196107785
JIO10027949,1851.12,2568.146907975055
JIO10032535,4499.76,3524.2233072276936
JIO10050039,3786.84,4087.069306080424
JIO10036119,5495.16,3113.915364526732
JIO10032398,1612.44,2602.655307787233
JIO10055599,1611.84,1991.1566329456582
JIO10042558,3217.44,3003.7766860082525
JIO10009037,2722.56,3100.9728242466736
JIO10016435,1483.1999999999998,1198.0120567396416
JIO10037935,2710.68,2616.233097269681
JIO10041434,3480.7200000000003,3290.6255361700664
JIO10053733,1223.16,1257.6940055694922
JIO10038826,1896.48,2609.4853908733703
JIO10055813,4475.04,3165.9848098905345
JIO10046236,2156.64,3460.695824703611
JIO10028833,2461.32,2634.617340376612
JIO10039620,2119.2,1899.088722467351
JIO10006089,4513.92,4204.663344269857
JIO10002057,2796.6000000000004,2683.891276910319
JIO10049621,2562.12,2130.0401181962197
JIO10003701,2127.96,1949.341788075831
JIO10047137,1402.44,1802.2689379538467
JIO10055240,2096.2799999999997,1941.9381822609603
JIO10034278,2968.8,2368.195470309869
JIO10020494,3378.12,3268.0515222559593
JIO10035255,3212.5199999999995,2961.575536359134
JIO10021037,2714.3999999999996,3079.1514419449204
JIO10064357,2489.04,3308.8372158983375
JIO10053203,3547.56,3999.074265876606
JIO10019200,3196.7999999999997,2444.1078864396077
JIO10004447,2649.84,2225.610830286431
JIO10046477,4646.5199999999995,2770.4539008548495
JIO10064638,4524.96,4058.7762961772573
JIO10006147,1962.84,2723.4470230530833
JIO10052502,1400.8799999999999,2205.7876159704824
JIO10037804,2951.3999999999996,2814.974453869388
JIO10061464,1565.16,2966.6335831586243
JIO10048931,5007.84,2634.0490478960405
JIO10030947,2326.8,1927.6148530055846
JIO10039647,2966.16,3727.403301354086
JIO10052366,2241.2400000000002,2133.7871442218407
JIO10009181,2422.2,3044.083425100109
JIO10024388,3006.2400000000002,3173.287043823057
JIO10013823,5115.96,5359.034468433245
JIO10032305,1144.44,1247.1156663012302
JIO10044186,3250.44,2736.2317089864005
JIO10061674,1758.3600000000001,2007.2556876768622
JIO10029930,2718.2400000000002,2639.902469099156
JIO10055433,2082.12,1924.8855952545173
JIO10061616,1519.68,1357.6804663728399
JIO10016976,2032.6799999999998,1965.1149707831237
JIO10060810,2230.68,2440.2989975580867
JIO10005969,1337.16,1270.545307500843
JIO10011173,2933.2799999999997,3187.3542659632935
JIO10011680,1269.1200000000001,2199.1169283383683
JIO10004335,1421.76,1897.97109363235
JIO10021413,6050.4,5251.38646524773
JIO10038118,1527.48,1599.1183259466657
JIO10032511,6650.400000000001,4096.577536232046
JIO10055614,1547.28,1831.6730814982975
JIO10063439,3999.4800000000005,3535.0209284553366
JIO10022865,3070.68,3347.758404132234
JIO10033066,2149.8,2172.968145540837
JIO10002186,4866.72,3325.815874648766
JIO10013625,1793.3999999999999,2129.771265189617
JIO10017532,2545.2,3506.0124501803434
JIO10053076,1313.52,1662.0370898664512
JIO10008556,4950.0,4598.380624145534
JIO10029275,1650.2400000000002,1592.7373085679587
JIO10060026,3711.84,2733.605363278854
JIO10016633,2986.68,3341.4617712734857
JIO10022615,1798.44,1914.6488148507965
JIO10000292,1812.2400000000002,2940.3696655531435
JIO10057437,1721.3999999999999,1897.1666208407783
JIO10053807,1714.56,2228.8851272946695
JIO10016022,2658.7200000000003,2233.6101178648987
JIO10004692,5236.200000000001,4472.5959263386685
JIO10062084,989.1600000000001,1344.253595370306
JIO10008667,3997.32,2202.287361461265
JIO10056361,1785.2400000000002,1688.7355706694634
JIO10014037,5357.76,4473.2905617872075
JIO10038866,2439.36,2633.4551584432115
JIO10007294,1355.04,1297.8723881259496
JIO10031400,2498.88,2205.763440217869
JIO10057561,2660.04,3156.2082028200402
JIO10000935,1051.92,1392.2773971001943
JIO10032312,2191.44,2402.5632322741776
JIO10049882,4249.799999999999,3870.023499134395
JIO10024825,1687.08,2012.612643964083
JIO10045770,2921.04,2623.111924473069
JIO10047329,1710.6000000000001,2551.610980122198
JIO10021291,2136.0,5151.126743511058
JIO10024147,2137.56,2632.680562239205
JIO10002139,903.48,1214.732972929837
JIO10044270,1768.92,1893.616239196402
JIO10058657,2521.56,1981.951589755546
JIO10024794,2314.44,1829.7086579691406
JIO10042849,901.6800000000001,1339.5638057804858
JIO10029374,1695.2400000000002,1907.1062057771453
JIO10062918,1795.1999999999998,1499.9809474628887
JIO10037195,1510.8000000000002,1718.4287641706953
JIO10017648,3009.48,3223.35268309072
JIO10063489,2573.2799999999997,3289.5969559405994
JIO10057758,1440.96,2630.624827785679
JIO10033627,1782.96,2226.9596028210585
JIO10028870,2338.44,2640.4955736349866
JIO10046269,1628.88,2334.715096500281
JIO10035381,3304.56,2597.6456045684095
JIO10048403,1808.04,3213.73016720349
JIO10003175,2871.36,3599.28324660293
JIO10045323,1933.08,2738.325684700093
JIO10040291,2746.2,2923.242632365624
JIO10011019,2636.64,4018.3690069171466
JIO10012183,1420.32,1204.616542271089
JIO10012539,2798.88,3348.114137107426
JIO10034109,1533.48,1199.8336706400908
JIO10031882,1950.48,2611.795673758779
JIO10041114,4708.200000000001,2417.8124700430362
JIO10030022,1824.84,1878.3988263760255
JIO10050050,3077.5199999999995,2542.896305646499
JIO10029852,1641.0,1372.1776173342728
JIO10029300,2125.32,1842.6110861542604
JIO10019948,2346.36,2176.5732873694815
JIO10037413,2291.88,2137.383542115024
JIO10030587,2660.2799999999997,3320.3661156115077
JIO10040312,2349.2400000000002,2710.659701031898
JIO10036445,2971.56,2938.320428223584
JIO10026654,5460.96,4248.875809874097
JIO10022155,3187.68,4044.803978738742
JIO10040762,2255.3999999999996,3025.2902280720077
JIO10039509,2110.56,2662.0310036865717
JIO10036040,3066.84,4308.53104157155
JIO10048455,6554.76,7085.046510446606
JIO10046726,1588.44,1778.944825242548
JIO10043519,1596.0,1709.7174357854415
JIO10046378,1439.8799999999999,2482.5142799775995
JIO10030984,900.0,1901.0985272657736
JIO10007062,3754.2000000000003,3297.686322300595
JIO10055291,2815.92,2076.33603946808
JIO10011139,2528.04,3299.7561926068647
JIO10034992,3402.4800000000005,2982.6539801538493
JIO10063099,1869.72,2208.8819178728468
JIO10018905,2637.96,3230.8423894482335
JIO10050921,4278.36,3804.1422930062995
JIO10026340,1359.3600000000001,1890.0161138510755
JIO10015463,1406.28,1203.0310226599513
JIO10051874,3019.2,2866.3636660355705
JIO10053621,8275.44,6622.499564870865
JIO10036038,2869.44,2659.4295613259874
JIO10049467,2439.84,1938.9372965645487
JIO10030001,1170.72,1292.7767412963306
JIO10053514,1415.28,1388.878884895805
JIO10043931,3016.08,2888.115661518124
JIO10052013,1601.04,1742.6129655143814
JIO10034748,2078.2799999999997,1850.2083726990918
JIO10017500,2536.8,2591.012243583018
JIO10005468,1480.1999999999998,2979.7432896391056
JIO10017723,4845.0,3378.944377437308
JIO10028297,2895.36,3379.462423542719
JIO10027206,2029.8000000000002,1882.2578844854718
JIO10029095,1683.2400000000002,1202.4133184867294
JIO10030181,2710.44,2560.7707181760975
JIO10033210,1828.6799999999998,1960.0439223022952
JIO10026511,4696.799999999999,3899.043455976558
JIO10026861,900.0,1355.8113847074794
JIO10028995,3118.7999999999997,3038.3416885479073
JIO10031321,1459.08,2168.0373656303523
JIO10053178,1882.44,2279.1346151023445
JIO10034968,3680.76,2930.498986735195
JIO10001660,1141.1999999999998,2741.5910678851187
JIO10053746,2058.96,2322.0308594913004
JIO10014882,900.0,1305.1404840738546
JIO10031164,1949.6399999999999,2348.14227364654
JIO10039471,1700.3999999999999,1259.6022103179598
JIO10043238,3473.3999999999996,2210.874444882927
JIO10018548,3646.92,5359.881881769626
JIO10001770,2091.36,2265.743379315484
JIO10053896,2090.04,1858.261110831517
JIO10016131,1488.3600000000001,2022.031037113827
JIO10010265,1896.2400000000002,1909.8714352589554
JIO10001394,4073.88,4806.381842373104
JIO10011448,1898.16,2187.4642617847644
JIO10053359,4126.92,3571.875012079512
JIO10030123,2713.08,2161.5203616036133
JIO10053604,2952.36,2648.4952519743224
JIO10004540,2505.48,1632.7828126507134
JIO10021400,1243.44,1200.4673763348067
JIO10046558,2234.3999999999996,2696.942210628024
JIO10039703,2345.3999999999996,1857.506378095949
JIO10052526,2803.8,4536.676551431188
JIO10028409,913.8000000000001,1347.877449654139
JIO10032769,5031.84,5452.456216904294
JIO10026823,1388.4,1894.8766700553797
JIO10054823,2461.08,2710.1781601761827
JIO10038168,2918.7599999999998,3418.135673467408
JIO10055176,1745.04,2492.1882178142555
JIO10031576,932.04,1268.5197496846258
JIO10001991,2235.96,2494.215955877888
JIO10000556,2232.36,2672.522892923803
JIO10024476,1722.6000000000001,1704.5048411188227
JIO10063222,2298.6000000000004,1602.9325758872296
JIO10011057,2087.88,3316.607277340456
JIO10002894,2840.52,3839.5016488624215
JIO10051589,3958.08,3075.7410907209237
JIO10040619,3735.0,1921.352457115798
JIO10003524,1969.08,2785.6901401107802
JIO10058271,2119.92,2302.8121081148397
JIO10049977,1218.6,1250.9158954090024
JIO10048745,2188.92,2165.6813518934705
JIO10058641,1681.1999999999998,1604.6704918402415
JIO10014661,4573.68,4726.997622346359
JIO10019962,2266.68,3535.773398203676
JIO10028603,1669.6799999999998,1980.4117597073277
JIO10040040,1138.44,1388.1319740947074
JIO10011251,4212.0,3291.5898187729513
JIO10013949,3219.12,3131.348345081468
JIO10035619,1372.1999999999998,2432.979465093998
JIO10055123,900.0,1476.5331819263126
JIO10047580,1656.96,2416.6381381801166
JIO10011955,1568.88,1684.076096167024
JIO10011962,2617.8,2594.222794586893
JIO10020090,2477.52,2100.060682114409
JIO10037733,1826.28,1844.343187931894
JIO10049296,1880.88,1195.0790679241538
JIO10007958,1259.4,1290.103403131112
JIO10058810,1106.8799999999999,1396.5444995549815
JIO10036680,1149.84,1603.857777870921
JIO10027465,3193.32,2681.8744648894312
JIO10041540,1874.16,1925.7900153097894
JIO10023019,1452.84,1283.7289547515184
JIO10012586,1666.8000000000002,2276.8319503119974
JIO10063756,2147.7599999999998,2888.820715570327
JIO10058524,4013.5199999999995,3533.3832453210093
JIO10060422,4171.799999999999,2817.910037607666
JIO10012230,1687.8000000000002,2596.998511685193
JIO10044961,2410.2,1882.9875584720883
JIO10026047,1949.88,2329.6345097069157
JIO10002698,1955.88,2813.014179030924
JIO10013045,2120.16,2493.099773829715
JIO10013973,1959.6000000000001,2024.8643120039949
JIO10008224,3748.32,3330.167347971355
JIO10029016,1992.2400000000002,1987.7352822086723
JIO10052868,2871.48,4086.7542906515837
JIO10033386,2184.48,2748.794426152354
JIO10033300,3289.56,2471.5821156687957
JIO10028380,1503.1200000000001,1593.7511517951227
JIO10005265,1205.8799999999999,1481.708848789077
JIO10002120,900.0,1197.184745379798
JIO10004632,3123.24,2306.995952483371
JIO10064656,1967.52,2591.175270631686
JIO10014238,1196.6399999999999,1283.2283999601386
JIO10009007,1282.08,1307.0703032307244
JIO10029723,1222.1999999999998,1481.9572036375448
JIO10032237,1814.16,1743.728942390541
JIO10025429,3068.88,3386.0121495787785
JIO10020406,2428.08,2988.6091139204923
JIO10032479,1307.16,1575.5238708617364
JIO10060110,900.0,1426.3460979926285
JIO10011789,2950.8,3099.3020738980094
JIO10003659,1786.8000000000002,1612.560925891301
JIO10032373,1947.72,1978.0508309388435
JIO10040654,1251.96,1243.5621283063608
JIO10007533,1895.7599999999998,2728.217822083505
JIO10004954,2283.7200000000003,1886.4743152589588
JIO10012808,3090.84,3323.145034565891
JIO10006139,1261.32,1217.6331627937143
JIO10026871,1836.0,1210.033452824651
JIO10024166,5385.72,4961.569695615595
JIO10061328,1599.48,2221.7975508385844
JIO10023957,900.0,1194.2489618508557
JIO10002986,1268.4,1260.4295529286237
JIO10035211,3395.16,2028.8525479489451
JIO10044665,4526.64,3105.527371164343
JIO10003026,1194.24,2297.866526958052
JIO10006355,3721.08,2691.347956574272
JIO10043923,1072.32,1413.8031220803082
JIO10014852,1083.0,1596.9731540765604
JIO10044441,2221.56,2693.986519229397
JIO10058507,4185.0,3304.812894635019
JIO10019423,4226.16,4008.9059818911296
JIO10024996,1051.56,1176.9306675186103
JIO10037006,1831.3200000000002,2153.25790332948
JIO10018896,3089.2799999999997,1763.2184323765423
JIO10022444,1335.0,2369.437713303782
JIO10058549,3200.88,3168.875879005031
JIO10018539,1346.6399999999999,1880.5218470305927
JIO10034480,1429.92,1961.4559472146855
JIO10034595,1823.3999999999999,2338.252121315622
JIO10022066,2491.32,2545.1123760590126
JIO10036936,2606.7599999999998,2655.893410302356
JIO10006496,1926.72,1987.9000982886355
JIO10015289,4518.96,3262.9161276519258
JIO10042254,1755.12,2161.5422323831494
JIO10026989,2620.32,2925.4279999561036
JIO10005022,900.0,1605.4960528336635
JIO10063880,2075.3999999999996,1843.8879911964025
JIO10036490,1626.84,1266.2670009329297
JIO10026426,1588.1999999999998,1914.5566747493262
JIO10019396,2578.92,3081.196330959506
JIO10032504,1401.0,1622.9837754322302
JIO10031691,4905.72,3812.8725202505375
JIO10024708,2867.7599999999998,2714.7070770240803
JIO10035143,9554.16,9255.938123265774
JIO10053298,1656.12,2741.482596893629
JIO10038870,1480.08,1539.8686021005476
JIO10040480,4061.5199999999995,5468.187706273636
JIO10057554,3765.12,4189.087469279395
JIO10019899,2058.12,2689.244436869371
JIO10022971,2687.7599999999998,1972.2060341723286
JIO10004505,2367.96,2234.099304743431
JIO10052167,996.0,1359.3532114842553
JIO10043976,3006.84,2402.5734735664446
JIO10016630,3991.08,3916.9403199576477
JIO10005955,5451.96,3689.8256242977664
JIO10001694,2346.6000000000004,2040.9030789400667
JIO10058883,3946.7999999999997,2617.4369100480144
JIO10051621,1955.6399999999999,3255.576797686578
JIO10017141,1789.6799999999998,2808.6706509812784
JIO10047854,1563.48,1683.5691927879761
JIO10009563,2257.44,2313.468346292095
JIO10056820,2388.6000000000004,2352.611358440873
JIO10021500,2025.72,2491.818449193262
JIO10012430,2619.7200000000003,2521.2375952241246
JIO10010362,900.0,1186.31655240546
JIO10041852,2004.96,2404.8196985978284
JIO10029463,1440.3600000000001,2066.527113081545
JIO10033617,2860.92,2068.080974156878
JIO10034271,1693.44,2208.053076137497
JIO10043687,2962.32,2188.814830293843
JIO10053087,1244.6399999999999,1395.0320372630295
JIO10009275,1486.56,1499.7381937214413
JIO10048276,3593.04,3084.651479069308
JIO10006364,2081.3999999999996,1513.3887230615283
JIO10033885,900.0,1356.2552641487814
JIO10050458,2552.64,1798.8439427684425
JIO10036624,4665.4800000000005,4639.809719568963
JIO10008376,1578.12,1574.195744087156
JIO10055728,1895.52,2040.6009355414728
JIO10005946,4106.76,2805.3867699210737
JIO10037707,2347.08,3187.176604487016
JIO10047539,7234.5599999999995,4553.3512712074735
JIO10006230,1962.12,1510.2209338017847
JIO10008266,2620.68,2212.4937171838596
JIO10034626,1848.48,1717.5546612539674
JIO10010509,1435.68,2676.8809710970095
JIO10026064,3199.32,3176.2031188040314
JIO10028027,5497.68,3458.448603021458
JIO10017493,2383.56,2633.270744629245
JIO10047597,2381.64,2949.3453913148687
JIO10041517,1345.1999999999998,1562.1559585131577
JIO10031682,2233.32,2172.373195893076
JIO10062276,1676.16,1279.51964361576
JIO10008684,1810.92,2578.609615465496
JIO10036243,1423.8000000000002,1209.0931098536773
JIO10064653,3876.7200000000003,5757.4555336290905
JIO10047968,3446.76,2545.6963243594023
JIO10006875,2154.36,2225.4019745978944
JIO10021471,6120.72,4165.124827223512
JIO10008982,2733.0,1952.5884770037153
JIO10015618,2877.7200000000003,2989.653109866635
JIO10030477,1528.68,2269.8504632085974
JIO10005376,1271.6399999999999,1197.8303518695366
JIO10006080,2065.92,2484.913477196998
JIO10045166,1745.16,1705.0007847134516
JIO10016856,2585.16,2494.058950031219
JIO10006448,2964.48,2793.3411103898043
JIO10031755,2837.3999999999996,1979.1014936708227
JIO10035128,2042.88,1642.4848482862164
JIO10024022,2729.2799999999997,3685.1049414103322
JIO10035368,2690.3999999999996,3124.627287149105
JIO10033009,2045.28,1396.8422436213261
JIO10056333,2244.96,2488.488761440599
JIO10003549,5172.72,2610.17982238657
JIO10003353,1825.6799999999998,1780.5093442391178
JIO10028547,1512.0,1408.9147360740571
JIO10002132,2391.0,2811.7758924172304
JIO10024109,2025.12,2461.8066152506035
JIO10010824,900.0,2358.7792141579785
JIO10030006,2042.88,1882.030669619261
JIO10024493,2006.3999999999999,2112.0356039678118
JIO10045723,1273.92,1474.6966759894963
JIO10017726,2232.84,3713.209908870196
JIO10032922,1720.56,2140.8229632569937
JIO10000958,1594.3200000000002,2018.9460413565796
JIO10056248,2005.44,3125.7217413971816
JIO10021416,2451.7200000000003,2793.7451047410004
JIO10025660,5216.28,3491.2297800477336
JIO10063840,1625.3999999999999,1368.573375663362
JIO10044306,2935.68,2911.825985403234
JIO10023231,1679.16,1881.976007207603
JIO10001776,3476.04,4495.121534338155
JIO10018044,2531.7599999999998,2866.7886918202357
JIO10062000,1231.92,1209.8850419373216
JIO10008846,2794.8,3287.4681920097155
JIO10021189,1830.6000000000001,2038.759409392208
JIO10009946,3215.5199999999995,4179.921004903831
JIO10026944,1609.56,1880.8540812372119
JIO10022922,950.28,1270.1498431650248
JIO10017794,1687.92,3269.674312440194
JIO10036776,4623.96,2778.848605009612
JIO10025483,2241.48,2903.1220451578783
JIO10053755,1599.84,1415.2398439607953
JIO10012901,2959.2,3087.842047858876
JIO10051392,1986.0,3057.985137133482
JIO10036705,3423.4800000000005,3915.6934791717654
JIO10036748,6323.16,6415.606859943484
JIO10028535,1498.92,1384.9193207416577
JIO10040716,3331.92,4195.478527575085
JIO10007959,3930.6000000000004,3550.561737755161
JIO10006557,1912.56,2971.3616737901584
JIO10049103,900.0,1173.7758958531192
JIO10004903,2061.2400000000002,2589.1618660808354
JIO10020163,900.0,1334.4683426869371
JIO10049980,2626.56,2180.682306277078
JIO10044975,4611.0,3116.946637893479
JIO10024814,1732.1999999999998,2149.9259133251044
JIO10062646,3004.68,2390.3831639824984
JIO10010549,2930.64,2590.8937870512405
JIO10002532,2171.88,2958.6492246270936
JIO10022368,960.48,1190.0249488224208
JIO10045159,4478.4,4331.648487100077
JIO10005198,2682.12,2383.810716543032
JIO10060346,2601.48,5399.198149891805
JIO10009095,1466.04,2257.5884676623277
JIO10054543,3187.44,3688.3948213875497
JIO10062321,1787.52,2101.3375287705458
JIO10031301,988.92,1168.186517045954
JIO10037932,2648.52,3132.706743735888
JIO10011712,1660.56,1248.2086995489406
JIO10017425,2832.48,3108.091883966891
JIO10024439,3064.2,4562.394989549734
JIO10028074,2318.3999999999996,2009.3056065320582
JIO10064604,1941.48,1912.4349368135577
JIO10040331,1359.96,1515.719954299589
JIO10062496,1026.1200000000001,1337.6266057238806
JIO10030078,3654.0,2060.75328285317
JIO10057480,3205.44,3168.830858371977
JIO10020510,2212.2,3693.09715205535
JIO10055328,1121.76,1195.979269424635
JIO10010517,1500.6,1904.1070327940859
JIO10054396,4829.5199999999995,5433.169378151804
JIO10034633,2475.0,4730.503463506904
JIO10014324,2055.36,2695.8848710424822
JIO10030697,3454.92,3563.822045659125
JIO10013002,3389.16,3032.270531849185
JIO10054606,954.0,1210.0853338978543
JIO10038666,1156.08,2113.082771846976
JIO10016071,4734.72,4905.997977244809
JIO10031693,2628.84,2968.231371840126
JIO10049518,4926.6,5019.733668323814
JIO10026740,6446.039999999999,5764.638075657897
JIO10046806,1857.3600000000001,2277.402942025751
JIO10047511,1063.68,1787.3290766426987
JIO10045739,1900.44,2336.1594589451097
JIO10045391,2231.2799999999997,1928.0659015160854
JIO10016671,6851.52,3488.1159652926317
JIO10061813,1238.28,2547.7900201144407
JIO10006289,1157.8799999999999,1604.8871696448343
JIO10057710,2517.84,3231.2552173891927
JIO10044101,1781.04,1720.0713220843493
JIO10051625,3187.7999999999997,2441.6613534884327
JIO10045765,2840.52,2286.869913946331
JIO10058689,1892.04,2181.6312783071567
JIO10027089,2661.0,2138.4750840731394
JIO10057733,2430.96,2365.088814905918
JIO10024720,1141.32,1357.5630126489423
JIO10039852,6186.0,10426.305901126381
JIO10027647,4036.56,2438.977524015267
JIO10005797,4942.08,4679.237644185864
JIO10056714,2907.6000000000004,4553.206970889669
JIO10014322,5497.5599999999995,4998.019962246669
JIO10060008,3444.24,2894.0813163857383
JIO10005659,2868.96,2129.6034540877663
JIO10010576,3585.6000000000004,2369.4288226109747
JIO10022314,3412.56,2478.2855974673053
JIO10016143,2154.12,2972.5920465874733
JIO10023381,2974.2,2778.106875603986
JIO10031841,2781.36,2285.435656002015
JIO10063421,2864.3999999999996,3716.848339992736
JIO10013070,3166.32,1402.3845802269389
JIO10028273,1756.3200000000002,2225.042786155258
JIO10035278,2041.56,2070.49787504372
JIO10032069,3242.6400000000003,4494.163276294005
JIO10015750,4257.72,2708.952822781562
JIO10009152,2356.2,2458.754310962616
JIO10047006,1723.8000000000002,2041.1551035805946
JIO10009646,2491.56,2771.8242879937306
JIO10061138,1518.84,1693.2979448418648
JIO10032981,2505.2400000000002,2711.8278029596986
JIO10052329,3044.7599999999998,3102.5213099305283
JIO10004196,3419.2799999999997,3110.8567493444125
JIO10048906,1440.72,1274.1583845127957
JIO10015909,1314.48,1611.2631791805259
JIO10058867,2235.12,2977.4106249701354
JIO10058602,2504.3999999999996,2722.046292336278
JIO10041535,6036.0,5421.849681526738
JIO10052805,2366.04,2691.941536967726
JIO10029100,2319.0,3249.579904006086
JIO10040699,2427.36,2480.1212942758193
JIO10010546,3961.68,2344.0918784969954
JIO10038493,1311.96,1683.4163265546886
JIO10001912,1365.24,1363.7004348114185
JIO10027329,2949.84,3199.064478149534
JIO10053176,1003.92,1266.2891729547164
JIO10051726,2512.44,2379.5694852403003
JIO10023388,3672.6000000000004,2282.9757062743806
JIO10010093,3738.6000000000004,2736.638454188194
JIO10048038,2046.84,3164.3892165270213
JIO10048305,1797.2400000000002,2237.9441324902687
JIO10005788,2387.16,2723.8647720940617
JIO10035396,5469.72,2506.4179353889162
JIO10046654,900.0,1485.4723303972771
JIO10016881,2744.04,2218.9887348096695
JIO10011840,2405.52,3113.7351054389524
JIO10038137,4594.5599999999995,4251.217473427191
JIO10058112,1674.3600000000001,2294.7031596738298
JIO10051491,1223.76,1194.9363056161558
JIO10064337,2737.32,3914.8036248567505
JIO10017990,2428.92,3254.571793394841
JIO10041273,1013.04,1465.051490664299
JIO10006585,8359.08,5814.217625876752
JIO10033942,3259.68,2654.4139796815825
JIO10040594,3914.3999999999996,4251.707181096528
JIO10053767,4575.96,3356.032769349323
JIO10023449,3393.3599999999997,4465.966415098985
JIO10014817,4758.36,3916.828447893005
JIO10050340,2783.52,3101.117172199411
JIO10043775,1769.88,1905.2066462801906
JIO10009962,7976.400000000001,5404.003790665795
JIO10047040,2543.16,2137.5888566478516
JIO10013056,5543.76,4668.522458485493
JIO10016356,1156.44,1297.1142755510186
JIO10045922,1583.52,2283.603242452094
JIO10010443,3553.32,6070.475639044158
JIO10035008,5275.32,5479.277977926839
JIO10050886,6629.400000000001,3140.0035818912334
JIO10035591,6769.4400000000005,5684.9446015729745
JIO10002575,2799.6000000000004,2057.755669133983
JIO10028348,2408.16,1704.955950055644
JIO10033366,2055.2400000000002,1637.0934687581114
JIO10035042,2253.2400000000002,2184.2424840507697
JIO10050397,2200.44,2162.7263144062686
JIO10002388,1452.48,1233.5731754792648
JIO10051313,2288.2799999999997,2392.034840035821
JIO10001144,1553.04,2339.963836662014
JIO10014937,1615.56,1480.3504115400124
JIO10043225,2370.12,2973.560125707135
JIO10032520,3563.76,3195.9344350985393
JIO10038410,1885.92,1752.9943276071817
JIO10015144,3340.68,3274.3940968963657
JIO10055999,3003.0,5012.267235970007
JIO10013910,1544.7599999999998,1876.4748736856843
JIO10019588,2261.52,1943.2015656681588
JIO10045686,3879.0,3025.7270493405817
JIO10008870,3105.6000000000004,3370.479262583647
JIO10014585,2309.04,3010.916708448116
JIO10050174,2620.68,3369.624225750617
JIO10035022,4366.32,3123.4763511308374
JIO10012062,900.0,1161.6537466877744
JIO10020502,5753.04,5353.854837259517
JIO10049371,3728.04,4310.375518786111
JIO10064276,4017.24,3905.3287756841023
JIO10041933,9184.56,6223.027955533531
JIO10027467,5665.200000000001,4926.504005406393
JIO10035385,1533.84,1184.0532430844335
JIO10018402,1800.48,1916.186040260107
JIO10051937,2723.7599999999998,3684.683457214012
JIO10027866,4253.28,3668.618216721012
JIO10013537,1535.28,1586.3535510642855
JIO10034905,2361.12,1941.4579875176446
JIO10047727,3423.96,2488.7796583429954
JIO10028867,1956.0,1911.7436128678614
JIO10045229,2813.04,5728.592673151905
JIO10039951,1474.32,1458.0079049465296
JIO10029647,1870.08,1832.4846527189925
JIO10035058,1329.3600000000001,1168.979470341385
JIO10006751,8032.5599999999995,4853.048527662312
JIO10017677,3629.04,1608.2023627155386
JIO10029686,6680.64,3574.469429875289
JIO10036483,1580.88,1727.8932499257514
JIO10057169,5342.76,3021.8282621194785
JIO10010955,2272.56,2985.6811532954957
JIO10001583,1999.6799999999998,2934.0505396426333
JIO10015616,1322.76,1197.6037962581188
JIO10035936,1542.84,2645.7167542875027
JIO10018977,4503.12,5534.701804242483
JIO10014757,2611.2,2679.9704750333785
JIO10010885,2866.2,3692.3212759377534
JIO10028745,911.76,1414.2806142098088
JIO10055975,2255.88,2021.9454667015455
JIO10059650,5074.32,4633.664231983852
JIO10046022,2769.48,2966.1209710300063
JIO10017550,2537.52,2910.207768387998
JIO10030643,2255.3999999999996,1666.086020054598
JIO10059598,900.0,1172.295408277853
JIO10041130,17039.64,7165.210323334909
JIO10057049,2190.0,1450.3359815359524
JIO10029116,2307.0,2173.434098004125
JIO10034398,1294.1999999999998,1490.9003356622156
JIO10010663,2395.68,2720.2097737356657
JIO10022181,6854.64,5309.936506366013
JIO10045050,1425.48,2707.1167392861785
JIO10054193,2232.0,1304.661431506531
JIO10024660,2238.0,2999.6306572163226
JIO10043469,7012.4400000000005,6741.037090584048
JIO10009648,4613.76,5727.537605545572
JIO10007774,1573.44,2433.877572224506
JIO10029927,1992.12,3282.7895292212606
JIO10011724,1121.52,1657.029649270695
JIO10052277,4700.4,4084.944248031131
JIO10028410,2727.7200000000003,2353.8236087402342
JIO10010856,3862.2000000000003,3591.8603214629784
JIO10026432,1370.28,1689.5831334986547
JIO10014247,5932.5599999999995,5378.582379694554
JIO10024483,1755.6000000000001,1912.3749849743404
JIO10037214,1542.6000000000001,2614.1219292331134
JIO10053085,1906.92,1873.8138218207212
JIO10062973,2073.48,2749.3233416977814
JIO10007024,1308.1200000000001,1412.284708909526
JIO10039507,2617.8,1757.10679933128
JIO10057630,978.48,1209.0344321234263
JIO10055318,2057.52,1852.7244536918467
JIO10044316,4017.24,3258.9353212593774
JIO10055852,3771.12,2581.1391095052613
JIO10053569,4069.08,2719.606401287647
JIO10053204,900.0,1196.870605211337
JIO10031475,3428.04,4030.795991564285
JIO10001219,2626.32,1867.6104697202477
JIO10049132,900.0,1272.5338649888813
JIO10046433,3595.56,2417.2450452424728
JIO10020023,1744.44,2215.2264016157856
JIO10006957,1244.76,1245.3142634941207
JIO10060844,1098.24,1233.8541643258168
JIO10026141,1051.1999999999998,1390.2861441054617
JIO10020859,1188.84,1770.9321393308917
JIO10063747,4883.28,4223.7415341098
JIO10011013,1701.6000000000001,1238.4530930278665
JIO10003117,2242.92,1875.4318815019258
JIO10053731,1783.6799999999998,1983.3906621436604
JIO10056773,1488.72,1204.3812805482037
JIO10062038,1772.52,2096.083239838308
JIO10047138,3504.7200000000003,3131.871329833784
JIO10047262,2752.08,2935.4589816542484
JIO10052594,1097.76,1305.4934455302105
JIO10010456,2331.36,1913.0289630563623
JIO10042094,4643.04,4700.0368705311375
JIO10034323,2245.2,2246.389703857466
JIO10010226,2691.84,2399.8924626243515
JIO10021795,4772.4,2994.0915102817435
JIO10004619,2169.12,3113.397996729038
JIO10011122,3180.6000000000004,4144.989206452399
JIO10003854,3510.96,4335.731472096048
JIO10022940,1597.44,1680.0028741048375
JIO10040162,2083.32,1954.2052731928268
JIO10036755,2859.96,2337.4068791996556
JIO10020863,2401.2,3127.168498611436
JIO10026451,1731.3600000000001,2196.8051475120346
JIO10028240,1843.1999999999998,2318.889830526228
JIO10004837,1783.3200000000002,1233.571697904842
JIO10016645,2341.44,2177.220443723057
JIO10045984,1787.3999999999999,1600.9662987533409
JIO10050677,2127.2400000000002,2909.6108448857267
JIO10024433,900.0,1257.8540273765348
JIO10001424,3138.3599999999997,2878.9425835821553
JIO10050518,1775.52,1342.6596668312036
JIO10034150,1920.72,1852.4854031370728
JIO10031527,1275.3600000000001,1872.3042450500866
JIO10024561,2601.48,2653.084002748125
JIO10063447,1977.2400000000002,1922.0794307290294
JIO10022987,900.0,1234.9917224589612
JIO10050337,4796.64,6435.095623970317
JIO10046289,1756.6799999999998,1503.9585085963388
JIO10050919,2446.8,1700.090328804585
JIO10011802,1686.96,2082.0675177447283
JIO10013000,6162.36,6272.918023525618
JIO10023760,2085.84,1308.2416805768908
JIO10052201,3129.12,2253.9982266466363
JIO10021026,3454.44,2805.3142051486666
JIO10032213,1526.52,1932.1216258864754
JIO10007798,2450.16,2791.41690406614
JIO10012036,1475.6399999999999,1685.7032980267757
JIO10053623,2143.68,1938.1300961434263
JIO10064473,1776.3600000000001,3004.8259816437376
JIO10060574,4913.76,4455.068031123634
JIO10020349,2319.96,2209.075460637599
JIO10016466,1677.48,1840.4710166714115
JIO10031850,1532.76,2366.4271546858818
JIO10025634,3947.2799999999997,2584.7696298066894
JIO10024162,2699.52,1581.9445676352836
JIO10008469,5914.200000000001,4792.411455177245
JIO10008006,2698.68,2993.700882437694
JIO10030810,2423.7599999999998,2360.8177654634296
JIO10033350,4471.92,4051.3340803843653
JIO10034499,4557.12,4807.0206417527315
JIO10063043,1482.84,1725.5519424415827
JIO10057066,1087.44,1180.8849779383004
JIO10046520,2200.08,1275.3429461358016
JIO10023507,3192.3599999999997,3424.557216689407
JIO10039132,4191.84,2512.3100954356937
JIO10059696,1833.6000000000001,2168.354267590702
JIO10037900,1700.52,1821.2284453841858
JIO10063335,1400.28,1696.5413525775914
JIO10010329,1932.0,2838.4830918140037
JIO10027339,1703.6399999999999,1891.8314378417128
JIO10030120,1100.04,1347.9743449747266
JIO10059737,4816.08,4526.818312547521
JIO10045652,1602.48,2086.6545736837215
JIO10011827,7845.36,3546.004785179498
JIO10048768,2389.8,2868.1012834446115
JIO10048211,3577.44,3578.6601136783734
JIO10010619,3209.6400000000003,2961.4728768037144
JIO10048124,2851.92,1680.0156388716732
JIO10019539,2075.7599999999998,2564.1627256074735
JIO10057917,1534.1999999999998,2174.182237576111
JIO10017055,3136.08,2697.742970367444
JIO10001993,900.0,1184.2094392332547
JIO10044114,1630.08,2275.5643505281714
JIO10034482,8728.32,6559.713393543476
JIO10040328,3824.76,2638.6184601560394
JIO10046352,2712.36,2920.377274056241
JIO10062081,3109.7999999999997,3015.081057202509
JIO10012449,1698.6000000000001,2209.5411038045504
JIO10054635,2949.7200000000003,2642.757374570018
JIO10047720,1217.04,1202.2632253101656
JIO10011649,4135.5599999999995,2407.6620689110914
JIO10012558,2598.36,2627.5403824042746
JIO10013290,1597.44,1688.5281234465306
JIO10063989,1609.56,1696.779957067554
JIO10006994,2400.6000000000004,1855.291935688216
JIO10031079,1622.3999999999999,1348.5078469043733
JIO10025585,3213.3599999999997,3662.8582631010204
JIO10026285,1325.4,2541.171151908455
JIO10051176,2340.12,4140.542827056491
JIO10051231,2987.64,3428.645272636677
JIO10028474,900.0,1297.6553277850155
JIO10001108,1821.0,2609.973889638492
JIO10038673,3255.96,5995.874883539549
JIO10051894,2621.3999999999996,2192.762450367701
JIO10003053,2219.88,2849.0151074341857
JIO10037468,1175.28,1244.0766088138334
JIO10058665,4037.76,4041.577672610781
JIO10041736,3512.6400000000003,2806.676325658433
JIO10030139,5540.64,2331.4161220221354
JIO10018936,3067.44,4061.72012260645
JIO10022961,2983.8,2276.7055785756256
JIO10059438,4176.96,4110.1826169081205
JIO10035937,2580.84,1577.5545679091667
JIO10045980,2581.92,3342.67263057134
JIO10047402,1944.84,1483.947649539309
JIO10031296,2645.64,3741.055369626837
JIO10010475,1460.76,2247.1849095620737
JIO10029941,2582.64,2722.037030329842
JIO10062335,3623.2799999999997,3721.120928049124
JIO10030580,1921.1999999999998,2072.6048904835334
JIO10013536,2056.68,1985.5809325633982
JIO10033909,2336.2799999999997,1665.8596678025847
JIO10027464,900.0,1214.9154724370073
JIO10033860,2772.36,2232.5828870113537
JIO10011306,2939.16,3170.9393133348076
JIO10018633,2116.2,2445.141753515137
JIO10010783,3104.16,3751.177413675845
JIO10058092,2117.52,1904.8195724991785
JIO10022309,3566.5199999999995,3650.26460580812
JIO10040495,1042.44,1181.0933254739186
JIO10028537,4278.96,3095.6494327651562
JIO10062395,2673.36,1513.176685600853
JIO10014773,1170.72,1191.7135683181953
JIO10034464,2553.36,2360.6092280792877
JIO10035775,1257.84,1293.035593129715
JIO10043582,1840.1999999999998,2880.1339618076036
JIO10041777,2243.2799999999997,3400.084422632868
JIO10039874,2393.2799999999997,3163.74439546043
JIO10014720,2317.2,3173.2320574618825
JIO10009634,1099.32,1218.000673446799
JIO10014926,2175.96,2374.054915318335
JIO10050618,996.24,1597.6644849040367
JIO10005861,1880.6399999999999,2040.810435346838
JIO10001478,1600.44,1381.787849358331
JIO10063153,2679.7200000000003,2689.127116580281
JIO10054851,2498.52,1774.821604184943
JIO10050366,2192.64,2196.5753724610818
JIO10042111,2197.56,1962.3461393050761
JIO10036983,1559.16,1928.1425124443765
JIO10014876,2438.3999999999996,1387.301548105709
JIO10022830,1893.12,2445.0115003570386
JIO10021493,3961.56,3576.665572237988
JIO10061087,1425.72,1872.5645644913766
JIO10025412,4054.68,2488.4712741253757
JIO10014385,2046.6000000000001,2139.076267654076
JIO10057968,6202.32,3380.5020369743966
JIO10000088,3456.4800000000005,2433.511641269281
JIO10045988,6545.280000000001,3597.2380477568367
JIO10033168,1734.3600000000001,1915.3505634121225
JIO10030263,1326.96,1819.3800451193417
JIO10017974,1368.3600000000001,1187.0418607969457
JIO10052959,2695.32,2570.638887316957
JIO10062272,3713.3999999999996,3237.141370771154
JIO10058587,3178.2000000000003,3478.38149912315
JIO10052376,5007.84,4214.252339219547
JIO10047800,3084.12,3928.508503212499
JIO10004234,2313.2400000000002,2268.1096877791847
JIO10041104,1714.8000000000002,1945.0804923395258
JIO10032093,1356.96,1221.7048723130608
JIO10056683,5560.200000000001,3349.4648648900175
JIO10045950,3087.7200000000003,2704.258090170168
JIO10053278,1252.68,1272.98571052553
JIO10005579,2525.04,1864.5773313666875
JIO10001364,3199.7999999999997,3400.6533846243365
JIO10005857,2498.16,1722.4017074715243
JIO10023835,2346.6000000000004,2340.9327967736876
JIO10048519,2261.04,2959.946837257275
JIO10025923,1250.8799999999999,1273.2802551495547
JIO10029693,2626.68,2628.7705382553736
JIO10043080,2197.56,1877.2112202228288
JIO10053131,4278.4800000000005,4612.4820590455065
JIO10015855,1562.6399999999999,1399.4404698418573
JIO10037379,1539.84,1423.406747491837
JIO10018757,3257.04,2609.291117930044
JIO10044674,4266.36,2129.826679475191
JIO10021192,3777.84,4152.797367175075
JIO10010850,1017.48,1234.5984977349462
JIO10004783,4667.4,3561.850020207927
JIO10028426,1215.72,1892.243188763452
JIO10041842,2691.96,2340.222498436055
JIO10049102,3421.68,3382.197082442615
JIO10016225,2582.88,5568.548262827622
JIO10009485,1981.92,2851.9782236836204
JIO10046093,4290.24,3669.5408624955944
JIO10064491,3453.96,3343.1826646122454
JIO10033781,4980.24,2455.8175004924233
JIO10063113,1725.2400000000002,3664.9081306153926
JIO10018143,3348.0,2620.7632273967215
JIO10064376,1297.92,1210.863533772559
JIO10025251,1922.3999999999999,2001.5356852312316
JIO10023010,2939.52,3841.6297961794244
JIO10000287,1417.92,3484.682605597438
JIO10016727,936.72,1177.632787513275
JIO10035935,2188.2,2427.6886352199886
JIO10017652,1167.6,1563.6725397969608
JIO10051602,1246.32,1631.94996774809
JIO10028667,1411.8000000000002,2492.5539753654216
JIO10038859,1093.44,1861.4160487600268
JIO10051119,1254.72,2363.72165883732
JIO10038962,6972.48,6152.898416646189
JIO10004809,1988.04,1307.9025589195628
JIO10059815,2205.12,2192.305449555339
JIO10062736,5522.4,3598.443058606816
JIO10020416,3157.7999999999997,3315.0553838246283
JIO10036859,1931.28,1319.9420002757217
JIO10011990,2467.92,2220.183040204753
JIO10042478,4504.08,3077.6917833744565
JIO10018404,2178.0,2407.2419396313635
JIO10035602,1249.56,2311.697309763905
JIO10000363,4624.4400000000005,4298.092921795386
JIO10000320,2016.3600000000001,3356.637491955011
JIO10054056,1410.96,1680.2619813784047
JIO10034023,5922.24,3044.577342041688
JIO10015420,5652.96,2599.285932655842
JIO10023115,1765.1999999999998,1871.531585538
JIO10058189,1297.8000000000002,1304.2734560660492
JIO10040540,2446.2,2270.0324270137266
JIO10054287,1692.2400000000002,2322.5118371365506
JIO10053257,1708.8000000000002,1401.7171566266002
JIO10048697,4125.96,3953.5602680215006
JIO10010540,3587.88,3461.309029944135
JIO10036020,1720.08,1682.1937518391019
JIO10037798,1273.92,2516.0433326090456
JIO10061855,4302.24,3533.94838799658
JIO10036931,5321.76,2636.6397743318516
JIO10055725,2054.64,2482.930984472203
JIO10000060,3287.04,2846.539646998188
JIO10001860,2632.8,3443.149220106359
JIO10048624,4766.16,2567.5884362627044
JIO10012508,2188.56,3011.8856064954266
JIO10042350,1923.0,1491.6383602452372
JIO10023898,3156.84,2465.4248326814545
JIO10002032,1779.3600000000001,1353.903439525657
JIO10012086,3827.76,2862.6356108181167
JIO10010231,2887.8,2536.146084102453
JIO10056298,2428.56,3309.378908168593
JIO10061622,3054.48,4732.706071951912
JIO10004117,7787.88,3708.5936064192224
JIO10016599,900.0,1245.2564090682215
JIO10044058,2316.12,2243.252061151835
JIO10001718,3189.3599999999997,3124.067784228013
JIO10018636,2075.52,3343.637517820623
JIO10016222,2445.48,2805.5547840123936
JIO10040208,1690.8000000000002,1632.0636558046176
JIO10010382,2236.2,3112.445514594042
JIO10032700,1640.6399999999999,1857.600471567682
JIO10059636,3055.8,3847.645758198225
JIO10005410,2329.56,2909.966242603004
JIO10005615,5061.96,4540.186977951309
JIO10044980,2637.12,4143.715504789934
JIO10036345,3449.6400000000003,2826.8745268765556
JIO10048738,1873.6799999999998,1630.2958678760087
JIO10014132,2145.48,1592.7522378884323
JIO10031185,1790.28,2058.1478245632275
JIO10063468,1463.28,1343.1144228498295
JIO10054866,2619.48,2343.746480972516
JIO10019986,2835.12,2613.077941378053
JIO10061758,1518.48,2420.6704436027094
JIO10003676,1236.1200000000001,1865.8617308017983
JIO10008532,5565.72,3884.8472624762708
JIO10044137,1562.16,1388.6742999519079
JIO10007261,2421.0,2619.786970602716
JIO10050838,1848.2400000000002,1994.7057644913675
JIO10059162,1632.84,1979.2429828321801
JIO10028749,2190.2400000000002,2916.803875674316
JIO10022512,1521.1200000000001,2176.7786468025347
JIO10055522,2068.32,2823.2001397776016
JIO10053970,3189.96,3256.0281281994667
JIO10053262,5367.96,3398.4636188752684
JIO10048391,2528.04,1878.3660912714856
JIO10028155,1388.28,2000.1158306717364
JIO10022542,3708.4800000000005,4204.854137872441
JIO10012538,2104.32,2092.3143070241563
JIO10061035,2607.96,2916.895837530878
JIO10040181,2591.7599999999998,2188.33620924471
JIO10052544,3427.08,3574.5718045578597
JIO10054204,2463.84,1976.7439041724435
JIO10005860,1716.3600000000001,1677.5498595280412
JIO10001769,5963.88,6532.293404950587
JIO10060869,5512.4400000000005,4407.213515601875
JIO10020413,2676.6000000000004,2665.4088161161226
JIO10056630,1410.48,1186.667674420537
JIO10042904,2665.92,2039.38408077406
JIO10032849,1909.56,1535.648640843244
JIO10022507,1289.8799999999999,1886.33713912597
JIO10003311,6639.24,5841.116419320101
JIO10026780,3586.2000000000003,2827.9180643397044
JIO10024288,2163.2400000000002,1671.2980046046926
JIO10020845,1302.96,1734.8716287421116
JIO10002866,1437.96,1377.0734228988329
JIO10019378,4060.32,5199.114274161343
JIO10055708,1875.12,2856.1927087318995
JIO10005834,1888.6799999999998,2614.1057535957734
JIO10044325,2491.32,3690.130719698041
JIO10052485,2487.6000000000004,2363.3428559509716
JIO10015692,1440.24,2281.851163242299
JIO10022316,1619.04,2972.746749251915
JIO10014033,2625.7200000000003,2457.5321787836406
JIO10015832,3596.6400000000003,2982.507595052765
JIO10042730,1024.32,1383.9254796223472
JIO10007444,2960.16,3136.8460493462817
JIO10059791,1691.16,2229.4999201620735
JIO10035773,1659.96,1897.3048771985907
JIO10059879,1766.04,3092.9041729790174
JIO10058955,2081.52,3620.487303823817
JIO10007888,3695.04,2969.3518016973485
JIO10027626,2086.44,2134.7740557590137
JIO10040099,2866.2,2855.6361365648822
JIO10046873,3721.92,4034.0800587648123
JIO10035795,1976.3999999999999,2454.578192684351
JIO10016247,1170.0,1199.5006721283705
JIO10041436,2758.92,2989.2031738154324
JIO10046733,3093.84,3407.7470494004524
JIO10015027,2960.52,2829.370387572718
JIO10028849,2402.04,2641.8671336813577
JIO10023862,1522.8000000000002,2119.4617241163414
JIO10062062,2361.7200000000003,2069.2794215762524
JIO10058967,1171.32,1200.5327558001081
JIO10047452,3518.04,2860.633639374493
JIO10036744,4264.32,3986.3896366783106
JIO10008944,2456.2799999999997,3373.6930541096904
JIO10056813,2479.2,2344.0267858108937
JIO10005710,1804.6799999999998,2654.7643542237706
JIO10058563,1281.72,1164.3823011477843
JIO10028599,2551.2,3314.0410929978984
JIO10061626,1533.1200000000001,2648.458378077105
JIO10024589,2733.12,3023.6415511787154
JIO10007867,1976.6399999999999,1938.1472971344394
JIO10015391,1653.84,3280.961989522839
JIO10056766,4877.04,5001.676696376777
JIO10007441,1125.96,1201.6918125356035
JIO10006967,3588.96,3497.4282370060178
JIO10006757,4203.84,3445.72166124223
JIO10050290,3221.5199999999995,3288.1637395490066
JIO10032390,2612.88,3452.76459572672
JIO10015468,2112.7200000000003,3571.5982369934427
JIO10020427,1933.56,1652.9943098521364
JIO10031637,2075.04,2546.2866678068303
JIO10016643,2565.96,3538.7394295797885
JIO10031936,2141.04,3908.917177638005
JIO10045419,3446.5199999999995,2837.2627051755244
JIO10023745,1140.24,1248.798577209285
JIO10061261,1173.96,2178.7032832312707
JIO10061590,2138.7599999999998,1557.9161545879458
JIO10032544,6339.599999999999,6034.823345480636
JIO10040549,900.0,1204.7368959147143
JIO10052367,2920.08,2588.942760288185
JIO10019119,900.0,1377.1693642234136
JIO10012618,1622.52,1879.0318096873646
JIO10044076,1774.6799999999998,2231.855899035783
JIO10051769,2573.7599999999998,2149.68991712817
JIO10014167,2291.7599999999998,3343.3747618799644
JIO10020575,1529.76,1473.1490477213597
JIO10038863,5764.68,4709.135639107806
JIO10009647,1581.3600000000001,1969.9255871431133
JIO10025730,1814.04,2130.239926330355
JIO10013586,2427.12,3147.4324001786176
JIO10049388,2658.6000000000004,2158.441802408058
JIO10041038,1550.16,2713.059000235417
JIO10064015,2730.12,2647.5986905633995
JIO10045722,2531.64,3254.952082066926
JIO10063859,3879.6000000000004,2999.525595462233
JIO10049896,2541.96,3732.7472165860336
JIO10033035,1254.96,2127.7977881511247
JIO10013571,1572.48,2436.7409514866727
JIO10018026,3367.2000000000003,4730.321536330236
JIO10057420,2280.96,2321.4778419379104
JIO10000660,1593.72,3412.945424440403
JIO10015553,2171.64,4291.359075702317
JIO10042847,4909.4400000000005,4093.1398304171653
JIO10004928,900.0,1364.868890436361
JIO10051351,3569.5199999999995,2080.0051117674484
JIO10048074,5005.92,3432.943937558038
JIO10005987,3536.3999999999996,2696.233791473112
JIO10044185,6644.88,5352.276109726807
JIO10061743,2120.3999999999996,1915.4299670651594
JIO10042856,2379.36,2806.011020472352
JIO10049334,3301.92,2711.005337297976
JIO10029680,1522.68,1401.8941867653714
JIO10005661,965.4000000000001,1186.037359707505
JIO10009806,2703.7200000000003,2589.7776312418628
JIO10036759,4759.92,3571.7097582692186
JIO10015435,5075.4,3847.381551854923
JIO10000919,2631.84,2776.3510537876346
JIO10034717,2781.2400000000002,3581.0191273852583
JIO10014205,2104.44,2332.46649466671
JIO10025915,3258.3599999999997,2931.6887724999906
JIO10051788,976.92,1190.3413363344396
JIO10002505,1195.8000000000002,1228.1027335977371
JIO10031753,2476.92,2625.315168167922
JIO10026434,2749.44,2722.678265923561
JIO10058041,5369.64,3811.5050645784645
JIO10016548,1519.1999999999998,1394.7872417245678
JIO10004267,2428.08,1691.0647572004311
JIO10052031,1107.6,1268.7604037702474
JIO10012031,3635.76,2741.619204778738
JIO10013956,2677.92,2097.371674795122
JIO10052529,5522.64,2211.6858404183386
JIO10000821,1577.16,1319.095640528455
JIO10058317,2229.6000000000004,3728.795509633987
JIO10027197,3691.32,3664.3916084161074
JIO10050956,1116.3600000000001,1673.9312383806107
JIO10032505,2230.68,2482.539444854493
JIO10042792,1820.88,1924.1008816547971
JIO10002910,4453.08,3768.8434942395847
JIO10035917,2684.64,3197.0710144258564
JIO10019627,2216.64,2172.834447017592
JIO10058330,3517.44,2244.1667697902462
JIO10043083,4132.799999999999,5229.328762940229
JIO10024572,1851.2400000000002,2031.4327802675286
JIO10023054,2389.2,3616.2928372146584
JIO10047624,2960.16,4107.081839186537
JIO10061223,1369.56,1190.6002421426547
JIO10063980,2371.56,1862.5083443630363
JIO10040115,1607.16,2753.6910612226407
JIO10012602,2615.2799999999997,2352.9604177665633
JIO10055830,1855.8000000000002,2213.936003850986
JIO10051936,1776.0,2424.668520941869
JIO10028001,2655.2400000000002,2521.385755118829
JIO10019161,1996.6799999999998,2588.3193228241357
JIO10020306,3251.04,5610.716356849444
JIO10017001,1599.72,2627.073108822146
JIO10056114,4136.5199999999995,3789.3121526680475
JIO10011267,900.0,1260.2056838227754
JIO10048341,1150.56,1224.4436286060882
JIO10061834,1840.44,2204.624260403681
JIO10011290,2650.2,2288.6903421661423
JIO10001003,900.0,1186.8134880920884
JIO10024546,3433.7999999999997,2275.0546735820044
JIO10043754,2476.68,3007.18450497704
JIO10064356,2698.44,3958.8657382652364
JIO10008107,1563.48,1678.6735373435895
JIO10003483,2982.96,3729.18963305248
JIO10008859,3554.5199999999995,4209.800831326674
JIO10017067,900.0,1368.8652027385933
JIO10044038,1338.72,1763.0474893884955
JIO10056127,1140.48,1349.6587455306023
JIO10025566,3890.2799999999997,4956.134437182925
JIO10019315,900.0,1231.1287831694797
JIO10025765,949.56,1262.2229461588624
JIO10062685,1667.3999999999999,1608.4500645173705
JIO10005555,3526.44,4204.9067674086855
JIO10062890,1212.84,1180.712393978507
JIO10038316,4253.16,2935.8530706727656
JIO10004247,1121.16,1196.5992651162048
JIO10052086,1265.16,1307.676157414786
JIO10018187,2022.72,1507.1881773659184
JIO10013349,1809.96,2656.6873876720488
JIO10058705,1749.2400000000002,2350.508574413919
JIO10008361,1240.1999999999998,1961.8286927017741
JIO10054828,1974.84,2371.685873438203
JIO10023339,1401.3600000000001,1932.1588272896122
JIO10047568,2723.64,2482.2388301450687
JIO10035579,3305.16,4800.526182778087
JIO10011935,1099.92,1191.1423996788749
JIO10027835,2830.8,3579.9443942387147
JIO10043053,1221.6,2554.2865758327666
JIO10049126,2401.92,3818.316215824617
JIO10017332,3433.44,2596.9615405644313
JIO10015786,1708.08,2007.1290929460342
JIO10054042,2217.84,2348.986738303686
JIO10059200,3419.6400000000003,2305.588631854423
JIO10061004,1993.44,2015.18433106991
JIO10026034,1196.16,1240.7439147633722
JIO10036557,2497.44,2582.2521663705
JIO10062075,1606.44,1882.5532406738591
JIO10019049,1856.16,1643.0498565629782
JIO10060146,4625.64,4265.457958868141
JIO10022474,1404.1200000000001,1924.1561883478046
JIO10062997,1165.1999999999998,1399.1165528334961
JIO10046519,1787.88,2959.7717247668656
JIO10005202,1370.04,1490.770229427206
JIO10022981,2915.3999999999996,3030.9816810582624
JIO10019031,1167.1200000000001,1276.6689898948562
JIO10043334,2002.8000000000002,1801.8854677482873
JIO10033176,4185.0,3675.3464709674017
JIO10047400,3252.12,3100.241217788772
JIO10015003,1869.96,2394.122488492273
JIO10037190,3027.0,2438.9161753442945
JIO10022174,1363.44,1318.9539013900298
JIO10002108,2168.3999999999996,2328.8205708006863
JIO10020536,1555.44,1402.0754991803965
JIO10027280,1196.4,1184.8065110672321
JIO10045295,2798.04,2111.145484314427
JIO10001324,4329.84,2996.0801477825585
JIO10023247,1878.48,2382.577039472157
JIO10058768,1162.92,1852.472317415846
JIO10009019,2007.48,2700.6402888531634
JIO10014119,2397.96,3024.486887391072
JIO10017471,1516.1999999999998,2213.522893595698
JIO10048132,1388.76,1957.5585916755074
JIO10058470,1504.08,1190.6613968958536
JIO10002314,2730.6000000000004,3543.952461189499
JIO10027661,2368.44,3327.937006910855
JIO10003414,3314.88,3021.1751895364127
JIO10026292,5472.12,6217.8850567992595
JIO10042148,1443.96,1663.1654519530034
JIO10003545,1159.56,1385.783953252092
JIO10036321,3752.88,4094.1977807339745
JIO10007646,2702.88,2846.88358505922
JIO10008531,3255.84,2613.3610632859763
JIO10003660,5812.200000000001,3894.703605547212
JIO10014625,3254.88,3978.2436812733054
JIO10015490,1928.04,1965.3504733544498
JIO10064428,1618.8000000000002,1196.0735016964957
JIO10003599,3271.32,4466.706852468394
JIO10041446,1763.16,2102.884940988027
JIO10062191,5363.4,4370.520719444462
JIO10006152,1012.56,1403.4207350667537
JIO10025797,1203.96,1466.4086619766194
JIO10050279,1528.68,1655.5879850264496
JIO10015514,1836.3600000000001,1646.2020229594093
JIO10033049,3746.5199999999995,2636.784495714725
JIO10050077,1249.56,1322.881704201992
JIO10002298,4285.4400000000005,3554.1816209336885
JIO10036947,3344.5199999999995,2246.9128317289906
JIO10015533,2706.84,1696.434522857635
JIO10000887,1677.84,2169.8063417980115
JIO10008479,1128.3600000000001,1339.103012738852
JIO10038674,1045.56,1429.3627236478278
JIO10004124,951.48,1300.9405519778945
JIO10060579,2006.16,2588.9379701760445
JIO10030429,2439.12,2094.7449204611557
JIO10029432,1618.92,2005.880132583497
JIO10011731,1749.2400000000002,2205.8119386314165
JIO10062205,900.0,1369.2786170348481
JIO10061062,1351.08,1758.9238065641796
JIO10044247,2125.2,2143.0477889250456
JIO10027738,1163.52,1512.7912609172465
JIO10044489,953.64,1574.095268858895
JIO10031631,2560.08,2842.2734282035403
JIO10027067,3254.5199999999995,2252.1503900715816
JIO10058372,2153.16,2641.9277082624567
JIO10011538,2701.8,2228.47321305648
JIO10009043,1278.24,1467.4589303959485
JIO10060333,6886.799999999999,7751.689344209875
JIO10007254,978.8399999999999,1188.194956494397
JIO10031848,4863.36,4250.626134356891
JIO10030529,1384.44,2150.9021980890107
JIO10034575,1842.12,1927.8375618029413
JIO10057996,3148.56,3935.6523196438484
JIO10026170,1251.84,1307.4080684405426
JIO10008829,1518.24,1313.6650337737315
JIO10029846,2886.48,2607.97649337851
JIO10062735,7607.64,5126.238698176021
JIO10004377,3314.2799999999997,2369.128394925046
JIO10032453,1814.88,2093.1887402335897
JIO10047906,1870.56,2199.430900939113
JIO10010950,1699.1999999999998,1614.822645162
JIO10019069,1330.92,1295.982809076025
JIO10005007,4156.32,3705.9616508334434
JIO10048822,2813.64,1980.4818449245497
JIO10042321,900.0,2202.6865596811
JIO10054102,1832.6399999999999,1792.3446477294729
JIO10027255,1469.16,1337.9723355044855
JIO10036402,3277.56,3990.995292615206
JIO10057549,1733.7599999999998,2016.1668723540133
JIO10052145,2668.44,3904.6717837817237
JIO10035019,2234.2799999999997,1888.3040595309965
JIO10047519,2082.7200000000003,2894.6390955911565
JIO10018281,3227.04,2736.637099528533
JIO10054946,1504.08,1953.8617818734915
JIO10006393,3329.16,4124.305218657044
JIO10012161,3523.08,3025.105245413422
JIO10005004,4759.200000000001,2985.6656834825662
JIO10039613,1678.08,1588.6129105814796
JIO10020286,1542.6000000000001,1578.370337662291
JIO10030009,3606.3599999999997,3631.551193564726
JIO10041986,3219.3599999999997,3372.9295830990022
JIO10008835,900.0,1287.4219279169345
JIO10033777,2406.6000000000004,2480.4607549398384
JIO10042310,1527.72,1312.4141936170213
JIO10016515,3568.32,2670.3834841104776
JIO10027105,1761.2400000000002,1371.7875364797012
JIO10018945,1181.6399999999999,1917.112547500221
JIO10028512,6381.48,4023.142241270209
JIO10023294,2084.16,3250.569280517428
JIO10060994,2858.88,2431.6243039441624
JIO10043832,1293.84,1203.7901461108927
JIO10027987,1866.72,2537.676006962194
JIO10016949,1992.96,2954.297651007432
JIO10032348,4818.96,4673.217090400688
JIO10031949,5991.0,5311.212206551526
JIO10014029,2651.04,2121.0277380608113
JIO10031136,2368.92,2426.390229162261
JIO10064499,5778.0,8699.054703771691
JIO10059024,1484.16,2025.2309943222983
JIO10055531,1923.84,1889.0884662818885
JIO10062224,1342.1999999999998,1763.2347862210795
JIO10061732,1993.08,1705.939077270612
JIO10005589,1791.48,1657.8260723265848
JIO10034485,3810.3599999999997,2323.670299821617
JIO10006831,1158.0,1238.8019184968966
JIO10001959,1486.92,1466.495764295078
JIO10061609,2142.12,2301.18062133625
JIO10017256,1587.84,1719.5986927482238
JIO10030747,2010.48,2090.5391791865695
JIO10038208,1680.48,1314.9130028136099
JIO10005272,3003.12,3943.0281303802367
JIO10009021,1716.3600000000001,2584.6546904285647
JIO10018955,999.72,1237.7832371937284
JIO10005675,1535.52,1793.6371706192715
JIO10023661,5025.12,2947.706698661415
JIO10011321,4575.0,4277.6686290707785
JIO10034256,2696.7599999999998,3094.7607073229624
JIO10029962,1187.28,1232.4483850808
JIO10039970,1385.76,1527.1048461454106
JIO10051163,2404.2,1767.6423962149152
JIO10021190,1491.6,2586.4430384344496
JIO10015605,1127.28,1615.7627339842916
JIO10009487,4934.88,3632.2501095469065
JIO10000521,2583.6000000000004,2627.177694707751
JIO10004734,1798.8000000000002,1346.266196814843
JIO10029335,900.0,1319.492547998856
JIO10011010,1618.8000000000002,1647.1630308506944
JIO10047710,2319.6000000000004,2314.7595308875107
JIO10059836,2758.68,3236.566473858122
JIO10043704,3432.0,3078.837538928313
JIO10059371,5148.36,3869.89912735199
JIO10043273,1845.6000000000001,2812.9377282394817
JIO10050280,3654.4800000000005,2812.376390847377
JIO10032378,4850.64,3265.899943920157
JIO10012344,1204.1999999999998,1419.066926972213
JIO10059717,1890.0,1893.7252430622932
JIO10056342,2419.92,1887.6102289898208
JIO10059078,4551.36,3308.0225666813167
JIO10044064,4064.5199999999995,2635.765147246214
JIO10018493,5097.24,2991.7500903912664
JIO10060099,2782.32,3330.771987321752
JIO10063263,2242.56,2187.506983273053
JIO10051616,2615.2799999999997,1972.8090369054682
JIO10015469,2005.3200000000002,1776.4788531921827
JIO10051998,1884.0,1830.6333353038715
JIO10007653,4034.5199999999995,4383.04904310301
JIO10049587,8995.44,4952.66623387142
JIO10046810,2010.72,1837.1866510121129
JIO10012664,3608.04,2611.967748396639
JIO10034031,2723.3999999999996,2591.7365367847588
JIO10020428,1403.04,1431.1683609832878
JIO10019330,1559.88,2231.546798566647
JIO10042785,1261.44,1856.6944170712486
JIO10062683,4479.4800000000005,3691.491365567716
JIO10036424,2992.32,3890.4382694538613
JIO10062994,1875.0,1767.0575362301936
JIO10008429,2000.88,1635.6571678725245
JIO10058273,2554.2,2045.0938537461307
JIO10043167,3168.84,3100.4061512715375
JIO10061738,2964.84,3241.7386079554076
JIO10028421,4051.7999999999997,3928.622606757711
JIO10006072,2625.48,3618.337545846342
JIO10022750,1402.68,1890.3281919421916
JIO10005161,3463.44,3299.718112298146
JIO10022265,2871.0,3091.4704730727794
JIO10014230,2275.68,1623.0053751989929
JIO10031034,2818.2,2673.1056553407225
JIO10010953,3812.16,3775.6237062960213
JIO10031916,2775.0,2468.7194181717427
JIO10000108,2786.04,2608.9576553160337
JIO10016304,1086.96,2168.8072861528635
JIO10063687,2586.84,2943.8106144350872
JIO10043085,2172.0,3265.587660937962
JIO10060344,4680.36,3091.663648387782
JIO10019429,3084.4800000000005,3023.909096509212
JIO10037511,3290.88,2570.600643191391
JIO10041596,3529.08,3749.9725836504863
JIO10041501,1929.84,2971.4938975085693
JIO10032710,3152.2799999999997,3238.9671431841707
JIO10038996,1121.16,1354.7777448234028
JIO10064282,2480.7599999999998,2219.085504735712
JIO10040701,1558.08,2351.491519156567
JIO10026685,1607.52,1736.3143701852732
JIO10016421,4918.68,4368.022159568215
JIO10020426,2933.7599999999998,2547.001409842851
JIO10030534,1908.12,2336.9227563993973
JIO10061942,1721.6399999999999,3931.63567326682
JIO10040496,1975.3200000000002,2158.278782111775
JIO10015369,900.0,1195.9155842407679
JIO10058083,952.56,1184.9017717581216
JIO10048543,1706.16,1890.049679600711
JIO10027972,2977.56,2754.0968909661324
JIO10044112,3230.2799999999997,3864.2182315986006
JIO10019007,4569.6,5141.334195550353
JIO10045697,4407.84,1890.4703100459637
JIO10044636,5872.32,4304.330767677401
JIO10020298,2354.52,3005.366732379239
JIO10046125,2653.32,2740.196549892199
JIO10016142,1631.7599999999998,1680.115978239818
JIO10052774,1718.04,1638.3743767020226
JIO10056247,3687.4800000000005,2337.1813940343177
JIO10012833,5274.24,4804.594976574582
JIO10026055,995.4000000000001,1193.2637357856397
JIO10063036,1845.48,1883.438823683227
JIO10005525,1207.32,1271.058776600541
JIO10047846,4638.96,4073.4720438439763
JIO10055406,1833.96,1991.1617372654925
JIO10005317,3724.2000000000003,3691.116816567917
JIO10049396,4776.12,4077.4343133220473
JIO10009736,3092.2799999999997,2602.9194130673172
JIO10061046,4382.4,3808.6912785530485
JIO10010114,2005.8000000000002,2345.1184232432493
JIO10011979,1617.6000000000001,2516.649790746018
JIO10039405,1870.1999999999998,2159.5812766476106
JIO10059402,2106.6000000000004,1775.645374965457
JIO10008380,1250.6399999999999,1850.298754508092
JIO10007391,975.36,1233.4833182990133
JIO10043564,1691.7599999999998,2077.6438364374867
JIO10041118,3449.5199999999995,2960.892890264908
JIO10023893,3324.12,4154.543746743375
JIO10036966,2939.16,2084.615525869474
JIO10020138,2863.08,2370.1723729367563
JIO10042474,1310.76,1722.4674543829183
JIO10013673,1707.0,1746.591516227239
JIO10035971,2835.2400000000002,2379.3748199698457
JIO10029610,3808.7999999999997,2519.580732389276
JIO10044284,992.04,1197.6229034704795
JIO10016880,3611.16,3039.674789020488
JIO10026856,1822.8000000000002,3980.2822311651357
JIO10016780,1632.72,2262.712735592551
JIO10005385,1741.3200000000002,1909.1229531582305
JIO10046128,1749.48,2360.3362388922415
JIO10051595,4109.04,2537.292677343649
JIO10017015,1860.3600000000001,1247.957668750534
JIO10050256,2516.88,2222.821729100494
JIO10032820,1753.6799999999998,1711.827825759785
JIO10059101,3980.88,3474.973493138176
JIO10025539,1160.16,1380.1546287452968
JIO10048649,900.0,1188.9531096733547
JIO10032034,2987.88,2907.231308875858
JIO10050316,2743.2,1980.3395703259941
JIO10048574,2558.3999999999996,2718.2241097929978
JIO10012254,1753.08,1827.9663774628716
JIO10036883,2183.04,1240.3998786092197
JIO10056574,2442.96,3045.724904597024
JIO10035517,2533.32,2562.8370709570895
JIO10039899,2327.2799999999997,2932.801008014193
JIO10030552,4697.16,4037.8477411256217
JIO10060098,1539.12,2364.161828828899
JIO10020868,2059.8,2923.6730898362325
JIO10002746,3177.0,2560.388148194646
JIO10016626,4880.28,3831.6444516913707
JIO10064217,3983.3999999999996,2946.837881874383
JIO10012034,3889.56,2329.356292885566
JIO10013640,2718.36,1687.4784227475373
JIO10061993,900.0,1274.950261922284
JIO10032602,1024.32,1367.5045167209526
JIO10006560,2996.3999999999996,3724.6804800227555
JIO10002020,2128.68,1980.8506870800927
JIO10008572,3282.3599999999997,2907.5076797746788
JIO10023356,1534.68,1925.8314776480795
JIO10031819,1943.28,2790.5358143652916
JIO10030513,3713.76,4031.49883977172
JIO10039987,2112.84,1916.50263068817
JIO10035940,2029.3200000000002,1823.4523608660538
JIO10041222,1545.84,1498.972433467572
JIO10038972,2815.2,2085.7198591189594
JIO10018381,2098.44,3775.8815870020826
JIO10061876,989.8799999999999,1278.1668522404707
JIO10002345,1869.84,2144.881402602677
JIO10032648,2981.7599999999998,4253.942432855663
JIO10013576,2330.52,3068.2787167917645
JIO10009778,936.8399999999999,1201.410653110346
JIO10017088,3393.4800000000005,4139.263089834054
JIO10000831,2865.36,3022.8834635452017
JIO10048973,2287.8,2385.1841846287703
JIO10003790,3039.96,2456.431991376636
JIO10044591,4017.96,4799.524329116414
JIO10047907,1880.6399999999999,1634.0206431544968
JIO10049950,3938.16,2711.922079589293
JIO10047905,4627.5599999999995,5715.866830100932
JIO10007048,2661.12,2345.7355315597124
JIO10018452,8813.400000000001,5561.715262140362
JIO10015652,6380.76,4452.21563193066
JIO10004938,2239.2,2596.1191156779437
JIO10021039,1350.24,1397.468436057878
JIO10017681,1827.96,1593.4092343417872
JIO10017400,1295.4,2887.8900399174267
JIO10000224,1681.08,1475.1835297909365
JIO10021220,1340.76,1693.1769389136264
JIO10049972,2198.3999999999996,2090.73942232884
JIO10063921,2027.52,2996.884677514287
JIO10000719,1518.3600000000001,1182.2479603415327
JIO10057136,3938.76,2225.8522116969866
JIO10051523,3049.44,2595.9972781311844
JIO10060403,2143.08,1850.4019308791756
JIO10001189,1041.3600000000001,1565.6795141005196
JIO10012985,1437.0,2048.8617993971093
JIO10041537,2582.88,2338.1374347806227
JIO10012370,1288.92,1481.087457577437
JIO10020659,1994.88,2523.432058924412
JIO10026994,4103.4,4807.27876786111
JIO10050323,2865.48,3886.540479364348
JIO10027964,5347.68,3056.108271615012
JIO10055747,1252.1999999999998,1379.7588575773023
JIO10055903,1241.6399999999999,1700.753701839964
JIO10049912,1350.0,1177.0933925332454
JIO10063503,3057.0,2662.0691704042692
JIO10049940,1762.44,2135.3726816019553
JIO10056037,1452.96,2123.83908019241
JIO10007392,3668.5199999999995,3592.692289791295
JIO10014189,1943.3999999999999,4084.639321181242
JIO10017627,3022.92,2216.2916025751897
JIO10001340,2038.8000000000002,1376.0631031773842
JIO10043066,2671.44,4197.526526533721
JIO10064523,1763.52,2371.473457572805
JIO10052508,4805.64,5944.505083747171
JIO10041831,2985.12,2771.7170227237825
JIO10055526,2089.68,1463.7785470247816
JIO10019978,1762.44,2527.475954851229
JIO10007293,1869.96,2385.100173716081
JIO10026622,2477.88,1825.2316726110525
JIO10063824,10105.56,7059.2969936926165
JIO10008551,2236.2,1941.3369964971296
JIO10019791,6087.36,4442.4553309807
JIO10029446,1511.8799999999999,1726.2536988101283
JIO10005347,2020.92,2601.587459283914
JIO10012490,4185.84,3701.5483930409414
JIO10000301,997.92,1310.3679140844345
JIO10026890,3404.88,3575.2322373047627
JIO10057636,1310.76,1539.60055058352
JIO10022108,3521.3999999999996,3458.730123027597
JIO10048865,2875.92,2446.6278926550785
JIO10011160,1945.1999999999998,2145.506860794155
JIO10010697,2778.48,2990.7164624444044
JIO10050257,2725.2,2711.1789467761
JIO10013496,2215.92,2404.297104753576
JIO10010536,6970.68,5554.371642702265
JIO10036140,3613.32,3011.6838303142563
JIO10059509,1294.56,1228.9256568822589
JIO10058185,1147.8000000000002,1207.5092745340523
JIO10011688,1863.6000000000001,2730.486715234929
JIO10007806,6665.76,5706.0980248228625
JIO10049553,1169.8799999999999,1957.0214281442964
JIO10007275,1808.6399999999999,1693.4162963866252
JIO10007934,6115.92,3017.882062715948
JIO10033329,1916.16,2203.701868856312
JIO10063343,3989.76,3334.722800179178
JIO10021131,2476.32,1890.3353086833492
JIO10008618,3076.44,1859.0689325915755
JIO10018525,2066.04,1745.846285234648
JIO10042464,2064.0,1830.4350744904143
JIO10030545,4390.4400000000005,3490.7464972041
JIO10029642,1959.96,2467.6445925697826
JIO10013055,2539.92,2127.4979591552997
JIO10014250,1393.1999999999998,1319.1394520401673
JIO10025122,5091.12,3122.767218535044
JIO10045651,4532.64,3924.603257038477
JIO10048246,1009.92,1322.0102478415984
JIO10013286,2150.04,2566.254627230608
JIO10011454,5250.84,3067.154060920784
JIO10050087,2873.7599999999998,1778.3087332415057
JIO10041624,3090.4800000000005,2254.225165758814
JIO10021781,1089.72,1217.9416286257124
JIO10004743,1616.7599999999998,2804.3403156810787
JIO10008966,2238.84,2543.1594276959463
JIO10034585,4167.0,3235.8425777703164
JIO10051525,1090.68,1343.222390209608
JIO10020839,4169.4,2975.5308890655497
JIO10033170,1227.6,1224.3482184141744
JIO10051806,1619.52,1731.412097385585
JIO10046530,1869.6000000000001,1823.9760600777363
JIO10023064,3858.12,1762.0016436525007
JIO10039976,2324.3999999999996,2599.8326371514577
JIO10061385,1176.6,1184.9505066349493
JIO10022672,3363.84,3332.702935683176
JIO10018291,4567.200000000001,3333.0749316180154
JIO10022837,1591.56,1945.88968141839
JIO10045333,3313.7999999999997,2198.1124095597065
JIO10034018,2457.12,2945.102450209538
JIO10059518,5642.88,4250.150435767785
JIO10030794,2424.6000000000004,1473.3206917469274
JIO10051486,1749.3600000000001,3330.3746441551157
JIO10015747,1778.88,2598.8984453408816
JIO10021731,2434.68,2847.591299198745
JIO10010029,4146.72,3320.653495222941
JIO10004179,2232.84,3033.9969022813534
JIO10007006,1411.8000000000002,1405.312388072139
JIO10000274,1861.56,2097.419262182574
JIO10011694,2232.48,2045.350277625675
JIO10042961,3147.96,4525.663055328859
JIO10003221,1213.68,1806.516265454182
JIO10005513,2286.2400000000002,1407.9750174862454
JIO10049646,3763.7999999999997,3323.8292752997554
JIO10027404,1943.16,1457.553236687161
JIO10038174,1797.3600000000001,2005.115420567663
JIO10053004,1926.48,3725.7394932671923
JIO10053437,900.0,1590.4646197039403
JIO10059721,3059.2799999999997,3090.188028172358
JIO10020322,2754.36,2272.484884556759
JIO10030102,2005.6799999999998,3192.9112526208696
JIO10062812,1718.7599999999998,1837.2645499068756
JIO10053888,946.08,1570.0027506505066
JIO10000319,3124.08,3416.7646328868063
JIO10010014,1411.68,2110.71737985752
JIO10030010,1081.8000000000002,1357.987129065951
JIO10047706,2259.48,2500.207430899611
JIO10024103,3395.04,2984.7126922694497
JIO10050234,3569.76,4115.881254526164
JIO10014901,2051.3999999999996,2878.610933005261
JIO10018095,4106.04,3723.761621844945
JIO10006527,6568.799999999999,3917.1377489716833
JIO10051622,2220.36,2161.2185755224195
JIO10018594,1101.24,1236.7734102797012
JIO10057778,1014.72,1197.3510738763355
JIO10045907,6272.039999999999,3039.413422883225
JIO10012140,3200.04,2472.134884365603
JIO10008026,1514.8799999999999,1459.930641596283
JIO10056684,4642.92,2706.0891215606493
JIO10016354,2560.56,2158.647814115874
JIO10030599,3269.2799999999997,2926.8883820164215
JIO10044707,3393.4800000000005,3025.399357653131
JIO10020010,5329.68,2469.7564462425553
JIO10013931,4839.84,3457.932801047127
JIO10028518,4852.68,4383.410234974573
JIO10015096,4374.36,1795.8679751266695
JIO10023503,4529.28,3984.8887356990554
JIO10011496,3090.12,3128.387420372115
JIO10046024,3316.2000000000003,3325.9915956498417
JIO10011811,2101.56,2834.826375605278
JIO10044420,2181.96,3153.7159811737615
JIO10042540,4855.68,3782.9438575133177
JIO10050961,1889.7599999999998,2984.2473859203233
JIO10054924,4745.76,2787.909347118901
JIO10017638,2030.3999999999999,1928.701204063561
JIO10013525,2419.08,2023.1184497191373
JIO10052340,2716.2,2646.4917242742304
JIO10010244,2310.84,2294.118503061732
JIO10025405,2810.64,2456.402966163644
JIO10060761,1013.28,1885.8078551306792
JIO10063647,2494.2,2249.538531475061
JIO10053995,6924.48,3523.67543605417
JIO10023102,3615.4800000000005,3595.2371165718323
JIO10052696,4953.24,3643.6271721553812
JIO10048718,4630.4400000000005,3551.4625010804484
JIO10033607,5408.76,2708.805126524947
JIO10048091,4611.12,3548.5327443115243
JIO10011238,5987.04,6092.642507467933
JIO10004698,2146.2,2795.302391853497
JIO10016149,1908.48,2296.5428083216307
JIO10027709,4198.5599999999995,4412.023433521123
JIO10001328,3271.56,2646.4869655615453
JIO10035028,1734.0,1944.2510633980587
JIO10011045,1928.3999999999999,1863.5578058890094
JIO10011748,1540.44,2370.2912042286343
JIO10046398,3025.8,3254.6829267779194
JIO10015344,3229.2000000000003,1329.9184274203408
JIO10005924,2313.36,1915.0506141427124
JIO10054406,6618.0,3601.285123041013
JIO10028503,2536.56,2240.2063343123596
JIO10057209,2425.32,2348.8275590085377
JIO10034325,1053.24,1863.4204950467001
JIO10019077,4725.84,3319.150102939794
JIO10020992,1319.8799999999999,1918.4293395084178
JIO10017540,3204.24,2623.036848287703
JIO10009667,2225.2799999999997,2464.01640752744
JIO10046805,2455.44,2382.4518547344765
JIO10050716,2931.12,2977.8923691201803
JIO10058672,2909.64,3271.9901391382077
JIO10055343,1338.48,1375.5532799367156
JIO10021551,1900.92,1609.7696435985115
JIO10005473,2641.8,2869.553489335847
JIO10044298,2581.32,2180.4737637765725
JIO10029798,2724.48,3480.1146895486936
JIO10003015,5107.08,3087.772445646786
JIO10004365,1219.8000000000002,1220.4557271376543
JIO10010774,2339.3999999999996,2773.0685499831798
JIO10047528,2190.12,1562.302199484295
JIO10049029,1880.28,2342.483087877628
JIO10006094,2794.08,2913.1699932673587
JIO10056054,3001.44,3674.047826735185
JIO10033601,1339.8000000000002,1913.8108145631581
JIO10020260,3463.56,2694.271481786055
JIO10054732,2982.96,2591.9286391322457
JIO10051549,4917.96,4997.863019925411
JIO10053691,2524.56,2556.2516181415517
JIO10052398,2921.3999999999996,1440.2015077201359
JIO10038408,1275.84,1973.2005030047944
JIO10045197,3164.76,3879.831739421126
JIO10028539,3132.3599999999997,3888.445329859818
JIO10046552,1947.3600000000001,2611.6050745747198
JIO10043004,3592.92,3841.214524759457
JIO10062215,1907.3999999999999,1271.4505914393515
JIO10049629,2203.56,3134.9625178531746
JIO10030230,1014.48,1211.231618672048
JIO10027819,2402.88,1795.4898916659697
JIO10043205,2558.3999999999996,2153.984101113494
JIO10035965,1656.84,2009.8073853181388
JIO10054716,1890.0,1549.4332214364947
JIO10015676,1018.3199999999999,1183.0637209770737
JIO10029871,1752.48,1866.1673820442684
JIO10032304,1870.6799999999998,1935.2791246259003
JIO10042403,1228.8000000000002,1194.67170825316
JIO10006927,1898.16,1926.8867946569894
JIO10018390,4282.08,4072.2739313054217
JIO10031999,2614.68,2517.8948436844153
JIO10037489,4766.04,3246.940239464656
JIO10016922,1540.3200000000002,1685.8267493503224
JIO10053716,2612.2799999999997,2476.115475746645
JIO10063308,2834.64,2421.720014205074
JIO10062087,2988.7200000000003,2249.7318901908616
JIO10004064,2895.2400000000002,1831.5663650871375
JIO10038323,1247.52,1488.7483333909508
JIO10043883,1005.1200000000001,1181.111569366433
JIO10061474,2328.84,2695.616032836034
JIO10033180,2158.92,2663.7686857660806
JIO10060897,1047.48,1377.9042894373604
JIO10060730,1864.8000000000002,2933.906223535222
JIO10031183,1604.16,1811.6101862342784
JIO10058970,3074.5199999999995,3243.889629171285
JIO10047644,1709.6399999999999,1915.966617608219
JIO10039993,961.6800000000001,1364.2299651891938
JIO10043894,4669.799999999999,4675.017114282085
JIO10025424,3859.68,2538.127119707849
JIO10055137,2163.36,2332.4913022080464
JIO10019199,900.0,1191.8040040834803
JIO10053564,9130.56,4089.539937232326
JIO10054434,2116.44,2626.185014049183
JIO10018735,976.3199999999999,1467.631152706843
JIO10030492,3916.2000000000003,2964.4701464405025
JIO10022046,2064.84,3465.1396160360778
JIO10003632,4004.3999999999996,3767.65371965034
JIO10015059,1065.84,1181.2701836982974
JIO10025009,3812.3999999999996,2872.6161942027493
JIO10037507,1190.8799999999999,1169.9644230573588
JIO10055015,1644.6000000000001,2058.391062235247
JIO10058327,2838.84,3223.6881215183407
JIO10026093,1532.28,1470.3563994985807
JIO10049865,1571.28,2506.911389153869
JIO10027491,3771.84,3753.3320529202574
JIO10036783,3020.88,3249.528315911516
JIO10018941,2068.8,2158.831879273491
JIO10011610,2165.64,2158.4749749856514
JIO10015641,2144.04,2531.927187064786
JIO10046887,3773.76,3110.867505623153
JIO10040164,1755.0,2733.441234946329
JIO10054566,2223.36,2415.5783359403426
JIO10056460,3601.7999999999997,3820.025370963892
JIO10050267,900.0,1302.6688105893609
JIO10052659,2019.0,2323.515516935723
JIO10026636,1570.92,2666.072376691075
JIO10034649,5216.16,6034.049176473138
JIO10041941,4722.0,4589.362481287156
JIO10004207,3815.88,4038.786132162564
JIO10062817,2792.16,2970.183236346259
JIO10034418,3511.68,3913.097030207081
JIO10015152,2317.56,1367.2918598273222
JIO10058322,2648.88,2223.494848396498
JIO10007322,4414.92,2602.06566393207
JIO10054633,2450.7599999999998,3031.5775784264342
JIO10048025,2547.12,3766.3893069205355
JIO10049561,1625.3999999999999,1572.7363572504776
JIO10039186,955.8000000000001,1193.9408809817535
JIO10036555,2229.96,2700.5511473783527
JIO10041519,2008.8000000000002,2417.4300735421007
JIO10036756,1865.3999999999999,2931.7507789530546
JIO10059953,1868.04,2547.251406907131
JIO10009953,2098.2,1624.2033313549593
JIO10039019,2073.36,2656.4866485987673
JIO10040746,4196.04,3254.6329887517722
JIO10046634,4881.24,3991.2082788770576
JIO10055704,1799.3999999999999,2191.564249155163
JIO10022880,2567.52,3477.0214810438165
JIO10041300,3195.3599999999997,2343.2485927106686
JIO10048603,2040.72,2480.1750482769767
JIO10020937,4713.0,4252.385659211563
JIO10047046,2206.2,2347.0638728973213
JIO10055701,2320.8,1833.3085756592957
JIO10048032,900.0,1329.2841742076248
JIO10040072,2227.56,3278.4090798175653
JIO10056534,3135.12,3242.2392037221757
JIO10000677,3655.08,3056.9104840540917
JIO10006799,4372.32,3596.9931191279543
JIO10039934,3292.7999999999997,2317.715891305008
JIO10049037,1803.2400000000002,2402.2727967997394
JIO10011815,2087.7599999999998,2544.170715651359
JIO10004769,3006.84,2847.553087275965
JIO10059283,2084.2799999999997,2431.4309673788866
JIO10001276,4079.76,4348.049068165036
JIO10064074,1422.72,2439.898810823816
JIO10059751,2698.68,3608.868957489605
JIO10034030,3193.32,3190.2252109152987
JIO10014440,2547.7200000000003,2508.8331138412054
JIO10044428,1274.6399999999999,1380.8217740237237
JIO10004608,1925.6399999999999,2743.5846631888076
JIO10060212,2025.2400000000002,1557.9577259406576
JIO10021335,2049.2400000000002,2798.744058906147
JIO10036434,2015.7599999999998,2217.440566112951
JIO10025796,4028.04,1878.611070823903
JIO10025301,3290.5199999999995,3272.505570433712
JIO10041024,1524.24,1482.4400627282403
JIO10026405,2484.7200000000003,2635.8340413094515
JIO10052630,2003.3999999999999,1725.276558386077
JIO10047752,1692.96,2359.922078621945
JIO10015408,1758.6000000000001,2551.958340783657
JIO10052697,1103.28,1696.147037752929
JIO10039300,2868.36,2288.1339344499684
JIO10026299,4719.24,3445.6331536505522
JIO10008985,1699.8000000000002,2315.014796309851
JIO10006552,2526.12,2363.1119585568317
JIO10014973,3618.7200000000003,3592.1268442144487
JIO10011506,1837.08,2129.9293462429887
JIO10003987,1680.84,2177.3556650121895
JIO10018352,5620.5599999999995,6177.598663819947
JIO10062826,2537.64,2794.1714109485024
JIO10027212,2395.8,2333.029070651116
JIO10007896,3498.7200000000003,3490.041185384051
JIO10038581,2461.8,2968.760711955011
JIO10038411,3743.88,3194.7448434640596
JIO10024360,2813.88,1932.9461537160926
JIO10028318,1609.6799999999998,2915.6719970780073
JIO10040176,11852.76,6908.565862173049
JIO10060550,2588.7599999999998,3329.411043923282
JIO10005818,1160.28,1166.4467267486214
JIO10006590,3474.12,3039.976034793826
JIO10060681,1584.2400000000002,1934.7763948821878
JIO10001384,1770.0,1703.759745581872
JIO10048240,3252.84,4251.3583429470045
JIO10037561,2897.88,3179.9502686811647
JIO10039123,2539.2,2429.7964542055706
JIO10053225,1948.1999999999998,1914.2740447421004
JIO10035038,1716.48,2530.7305197645633
JIO10038857,3806.88,3923.9298968633993
JIO10046275,3902.3999999999996,4156.651208694592
JIO10047080,3171.84,3151.2814900580256
JIO10043451,1443.72,1239.8591844838222
JIO10004701,1881.3600000000001,2353.95014402035
JIO10019633,2098.8,1512.802196051759
JIO10041309,2961.48,2422.729211020983
JIO10041720,1441.1999999999998,1195.0427752005178
JIO10047631,1355.8799999999999,1286.4976545747293
JIO10047717,1248.72,1388.1567574219077
JIO10049606,4202.4,4419.105130245535
JIO10054019,3106.7999999999997,2577.360052168545
JIO10037108,3001.32,6137.757312098423
JIO10008253,2298.12,1946.5049663478853
JIO10049361,1947.2400000000002,1994.895598478801
JIO10034656,1177.8000000000002,2843.778844879613
JIO10024736,2747.04,2435.3919279361094
JIO10043588,2414.64,2724.2199575954005
JIO10012377,1296.0,1524.3630172415478
JIO10061361,1183.8000000000002,1490.8063069461919
JIO10040439,3575.2799999999997,3300.8080552933243
JIO10063871,1993.8000000000002,2361.857021176218
JIO10044063,2966.64,3096.270958150449
JIO10064208,1425.0,1193.634707243689
JIO10046442,4206.84,3570.1330836338575
JIO10064112,1025.8799999999999,1579.3414206802443
JIO10047302,2766.36,1638.3495189856774
JIO10008680,1913.28,2316.419830967356
JIO10056689,2069.52,2237.987955368221
JIO10011998,1786.8000000000002,1774.4428894892676
JIO10020402,1680.96,1389.3634264865516
JIO10021321,1184.52,1217.898566300682
JIO10055946,2504.64,1987.9929712066648
JIO10022009,1214.6399999999999,2306.825759576811
JIO10033115,1766.7599999999998,1962.0981439185357
JIO10012214,1686.72,2220.762903388515
JIO10009455,2032.08,1259.386478330752
JIO10012311,1058.16,1205.2749617466338
JIO10060229,3960.4800000000005,3665.901746971053
JIO10026754,2900.52,2927.389937158882
JIO10048149,2176.2,2017.6224945206257
JIO10035586,2600.7599999999998,2217.558870914532
JIO10037526,1786.3200000000002,2632.9257589084823
JIO10035124,3866.5199999999995,3882.087862869395
JIO10052138,1334.04,1204.3901794430867
JIO10048047,1884.96,2758.256344738235
JIO10019388,2395.56,2649.5691676934944
JIO10013004,2166.84,2623.021707638064
JIO10056454,2189.88,2339.7720629089267
JIO10031033,1002.36,1192.0194498816306
JIO10011668,1763.7599999999998,1727.4256209835346
JIO10019319,3664.56,3480.626186451739
JIO10046277,2488.44,2818.782281373142
JIO10038039,2924.52,4126.312100742583
JIO10011807,5241.12,4108.3120360170915
JIO10037663,1989.3600000000001,3408.1961318044687
JIO10008432,1572.2400000000002,1923.21369850566
JIO10054276,2054.52,1874.8519660018178
JIO10064646,5714.4,3911.018805266412
JIO10048970,1501.32,1805.1378513275358
JIO10003550,1426.08,1186.5772695423202
JIO10017805,3237.7200000000003,3352.524478168142
JIO10017409,1325.6399999999999,1626.7640954969695
JIO10040098,5777.04,3944.531722170403
JIO10053899,3892.32,3244.7183620899546
JIO10006502,2998.8,3704.1849822049044
JIO10036340,1088.16,1277.60465272948
JIO10052836,900.0,1370.0200105941017
JIO10053565,2368.08,2417.48772206159
JIO10029086,6519.48,3606.9987323894934
JIO10010556,1003.44,1379.4270185897326
JIO10016806,7113.960000000001,4577.957637569137
JIO10060414,1489.08,1893.2261274911968
JIO10024573,2504.88,2745.2265512898107
JIO10045290,4882.68,3625.34086323854
JIO10013751,2733.2400000000002,1925.0121199433618
JIO10025618,1464.72,1177.8391339365753
JIO10004357,1089.6,1188.819062468906
JIO10041266,2466.84,3185.000124232701
JIO10011356,3166.32,3695.698534011384
JIO10036825,1680.48,1591.4609143394991
JIO10022367,1473.84,3001.7317757803316
JIO10062886,5484.96,5429.866645742902
JIO10007475,1816.92,1197.8701673779285
JIO10059016,952.8000000000001,1189.2963185692358
JIO10028855,2028.96,2133.905586674839
JIO10062326,2094.0,1517.4578292452168
JIO10005911,1469.16,1695.4936819180439
JIO10011205,1403.04,1865.4964423324136
JIO10062347,1483.92,2570.3009287547306
JIO10015822,3077.16,2905.4941627877765
JIO10058982,2702.2799999999997,2612.3686370903447
JIO10002111,1453.44,1960.8845983461235
JIO10009374,900.0,1203.4383928235522
JIO10001079,3176.3999999999996,3367.672261430832
JIO10008310,1843.3200000000002,1863.6712820269001
JIO10015355,2518.56,2996.4975064443815
JIO10045328,3535.56,4510.769794384616
JIO10005121,2261.3999999999996,3517.4569035487243
JIO10046585,3214.44,3080.635459730798
JIO10051536,1646.7599999999998,1999.052391913931
JIO10034572,2040.3600000000001,2145.6517138129566
JIO10028887,2517.7200000000003,1871.1220940931987
JIO10025932,1554.72,1275.6799485169379
JIO10001274,2662.2,2228.2431816761405
JIO10004980,2129.2799999999997,2207.675367995619
JIO10051211,1132.8000000000002,1300.6520973508607
JIO10057639,2334.7200000000003,1672.6167122018426
JIO10030594,1820.3999999999999,1734.2307450333785
JIO10038066,2397.12,1951.2201895862763
JIO10053352,1460.76,1213.9353341170938
JIO10017054,4426.799999999999,2916.6798537536342
JIO10039181,3867.96,3626.000124276038
JIO10007868,2911.8,3238.205238204385
JIO10015742,2691.7200000000003,3974.1794392836923
JIO10032335,4779.0,3915.1298856013873
JIO10045904,2097.36,3271.399414508189
JIO10060735,2833.2,2639.397740571939
JIO10049031,5092.4400000000005,4073.0423766821764
JIO10000623,3682.7999999999997,2757.224062289272
JIO10037697,1931.52,2562.6234763230877
JIO10033834,2639.3999999999996,1986.1809118561314
JIO10004302,4172.76,4260.689189777233
JIO10064551,3249.0,3325.540397738077
JIO10036403,1868.16,1957.8320838059885
JIO10053258,2953.8,3006.1669179771034
JIO10011812,4497.4800000000005,3912.0864504599376
JIO10053109,3248.16,2311.306134649641
JIO10048529,2475.2400000000002,1860.2029936536383
JIO10063108,3073.56,2803.7667518103813
JIO10015244,900.0,1342.3406111624643
JIO10024644,2146.08,1928.6693142335234
JIO10006085,1450.44,1854.1198635289707
JIO10057486,1405.08,1967.1971974073551
JIO10019494,2036.52,2548.0658262274856
JIO10025957,900.0,1468.3551235942293
JIO10062796,1258.8000000000002,1457.7598101588817
JIO10029492,2362.68,2623.0286541225573
JIO10020956,8747.64,4512.338586947585
JIO10034961,1889.7599999999998,3429.7322545630664
JIO10007319,1483.44,2082.86306226927
JIO10051294,5077.799999999999,4872.564866868184
JIO10060101,2326.32,3364.420439500356
JIO10053720,1557.96,3271.737168817654
JIO10009633,2720.04,1477.3129527813562
JIO10055424,1200.24,1194.3058804570107
JIO10043351,1576.8000000000002,3544.7861535474526
JIO10032952,2137.92,2822.655837778184
JIO10017674,1624.56,1164.548249555867
JIO10043184,4540.5599999999995,2587.581682786511
JIO10058726,1818.72,1931.9238227708117
JIO10038302,1589.04,2192.7044639279875
JIO10064109,2814.84,3520.553196475266
JIO10031651,1220.04,1201.6661744655469
JIO10023540,1490.6399999999999,1691.9153437568568
JIO10052621,3532.7999999999997,3680.478935255884
JIO10052820,4228.5599999999995,5233.561561382933
JIO10060441,2062.08,2666.2786758074226
JIO10029970,2830.68,4299.969158637854
JIO10006646,2149.44,1855.098668322675
JIO10011115,1161.3600000000001,1661.1333649547146
JIO10004062,2015.6399999999999,2311.6753982416208
JIO10053590,2669.2799999999997,3512.149996625065
JIO10024846,2094.2400000000002,1795.89482658482
JIO10029569,3158.04,2179.363575385315
JIO10028572,6518.76,4395.266427302955
JIO10051361,1827.84,2855.7951455344264
JIO10006012,1497.24,2449.5588175767366
JIO10033552,1791.48,1590.2708102738452
JIO10010077,1855.44,1445.6265068398543
JIO10006824,2008.6799999999998,3394.8752800380335
JIO10049109,1897.92,1687.6621610096315
JIO10006904,950.28,1545.3199733978695
JIO10043924,1308.48,1309.4971165642733
JIO10050130,2211.48,2409.008451106353
JIO10030617,2072.7599999999998,2453.7507885319446
JIO10004294,2199.12,3980.2774231604612
JIO10063476,2123.7599999999998,1613.6339164415372
JIO10060068,1859.52,2287.119105762866
JIO10034261,2319.36,2971.181439155344
JIO10029748,2195.64,2573.4000370510844
JIO10040484,957.24,1289.2503061079465
JIO10013090,2389.92,2900.5516402336575
JIO10036639,1319.04,1441.875028570333
JIO10055100,3053.52,2144.315311229597
JIO10056530,2677.56,4226.7076126720185
JIO10007957,2619.96,2820.709764507706
JIO10056309,2323.08,2404.4460537307973
JIO10013946,1342.8000000000002,1520.217800353994
JIO10027692,3993.84,2629.6731625346524
JIO10057869,2809.8,3288.4164770691095
JIO10038701,1692.48,1192.8878549455617
JIO10054490,3799.56,4937.266915330166
JIO10022720,3219.7200000000003,2796.3894749378155
JIO10020799,5830.5599999999995,6181.117960387214
JIO10023565,994.8000000000001,1194.5781606917672
JIO10007105,3016.68,2692.7659002581045
JIO10012949,3429.3599999999997,3922.701674696302
JIO10003601,4257.96,3545.7650362463
JIO10006940,1838.7599999999998,2187.015729104616
JIO10063613,1300.1999999999998,1183.3202286689439
JIO10047456,2490.7200000000003,2840.591210994076
JIO10002376,2355.48,2553.059062948809
JIO10043748,3249.4800000000005,3294.4152265293374
JIO10025271,1435.1999999999998,1405.9327266670864
JIO10039215,2838.7200000000003,2801.955299357121
JIO10036465,2569.56,3586.2662487113835
JIO10042179,4315.4400000000005,3705.941415113902
JIO10028327,3075.84,3160.870387564384
JIO10016278,1900.3200000000002,3369.2927177152255
JIO10006993,2648.7599999999998,2591.918488485618
JIO10046818,3038.64,3651.860642149259
JIO10025401,1556.88,1985.4791676901905
JIO10026854,6277.32,3356.3358085462933
JIO10012989,3682.56,3014.8553437316764
JIO10024713,2690.88,2652.3823087179844
JIO10050871,2592.48,1606.937243517429
JIO10001528,3733.68,3300.9643554364484
JIO10009387,1373.8799999999999,1208.3579854264974
JIO10052961,1072.68,1205.9290635769594
JIO10041823,4716.4800000000005,4116.6837979884185
JIO10039572,1023.5999999999999,1212.8884421207465
JIO10013630,2681.52,2782.4473768961334
JIO10009587,2446.32,2564.7732749067786
JIO10004338,3446.3999999999996,2460.4020995773135
JIO10014194,2483.16,2485.929495275498
JIO10041117,2572.68,2964.8023225535685
JIO10057551,3378.96,3429.5093091881713
JIO10028170,2131.8,2193.6373307960507
JIO10020668,2344.08,2661.456371382777
JIO10007763,6250.5599999999995,6438.698148548324
JIO10014639,2088.7200000000003,2361.666179210904
JIO10049398,2534.3999999999996,2018.8769413601626
JIO10014299,3866.6400000000003,2295.957152035009
JIO10047239,2070.6000000000004,4921.3475729653965
JIO10064707,2311.92,1592.7300524449763
JIO10016978,3850.92,2225.1339628472224
JIO10064497,1665.0,2930.2150700448615
JIO10044034,7335.12,5341.549402112285
JIO10002166,1827.96,2226.961555498917
JIO10006780,1413.96,1913.0623984195793
JIO10008656,1449.84,2097.151358766111
JIO10010514,4707.36,4267.670027549086
JIO10009758,2550.84,2401.437606628102
JIO10032863,1535.6399999999999,2657.841130245505
JIO10045318,1567.6799999999998,1246.8881707033427
JIO10025684,3283.68,2853.5152681550667
JIO10058075,1538.04,1614.372207889943
JIO10046541,2873.7599999999998,2544.9562014681783
JIO10011167,3643.32,4629.35682199261
JIO10038538,1073.76,1289.0570631796581
JIO10013891,4013.2799999999997,2749.846099320617
JIO10007442,900.0,1093.205376168989
JIO10060216,928.6800000000001,1183.7249452222522
JIO10029174,2396.88,2801.660480139118
JIO10026946,3480.24,1930.98889617695
JIO10011348,900.0,1198.5781130239209
JIO10008018,3507.84,2939.0251480715237
JIO10051395,1964.88,2277.927444572061
JIO10019607,2973.84,2184.5772457810767
JIO10033620,1415.76,1958.8237186731997
JIO10058834,5824.799999999999,4115.513796834643
JIO10015846,3821.16,3374.493422413442
JIO10041602,4383.4800000000005,3377.9623509718717
JIO10016288,1655.3999999999999,1752.6782717335989
JIO10040123,1037.04,2216.6806154986307
JIO10009551,5130.4800000000005,2558.796229909034
JIO10030758,900.0,1291.3257498822088
JIO10024831,2305.32,2177.050298459279
JIO10022760,3084.24,3380.998804769833
JIO10037470,4992.36,5150.892248850795
JIO10049851,3875.04,2833.08388463963
JIO10051553,1705.6799999999998,2210.6433988155495
JIO10033874,3352.7999999999997,2915.457314437606
JIO10011079,1930.3200000000002,1219.799309924377
JIO10006514,1252.68,1175.0278857284613
JIO10046658,1340.8799999999999,1733.7752424944097
JIO10045384,3079.92,3288.3034954224445
JIO10063072,2620.68,2416.023108810094
JIO10005629,2139.0,2518.1076634279466
JIO10015620,2027.7599999999998,1576.6260843621815
JIO10008050,1233.96,1199.9027459764548
JIO10031159,900.0,1333.1851809771454
JIO10010050,3366.12,2965.0140843256972
JIO10013684,1395.48,1657.2250456747854
JIO10005877,2273.16,3017.171420604931
JIO10002950,3695.6400000000003,3253.343956297969
JIO10018903,1430.28,1807.6405877112973
JIO10011646,2715.12,1978.4986213465081
JIO10015381,1322.04,1952.822324898917
JIO10044113,900.0,1442.5282459086125
JIO10027505,1834.56,2300.837238060039
JIO10054478,2122.8,2133.8045809754235
JIO10034454,2881.32,1723.3349455254408
JIO10001561,2875.2,3715.693146687851
JIO10040210,4461.6,4025.4213541527797
JIO10023674,4389.84,3339.3760007549654
JIO10036928,2179.8,2588.3509930365053
JIO10003476,3242.2799999999997,2379.127725491342
JIO10014161,1783.56,2251.0664033915755
JIO10014353,1099.32,1277.1667671452221
JIO10024550,1822.08,2620.023065656144
JIO10008239,1878.48,1518.4601845208335
JIO10021211,2370.0,3316.5246239112153
JIO10044652,4023.84,3207.5698366375427
JIO10044883,1142.6399999999999,1336.607351036056
JIO10023557,2362.32,2353.517306794657
JIO10011743,4293.36,2884.426230506435
JIO10056525,2742.12,4068.3944575260625
JIO10026982,1378.08,3268.4651187862096
JIO10030275,4668.36,5874.2862049444875
JIO10020915,1812.3600000000001,1861.365605872846
JIO10061539,3247.7999999999997,2349.9773027095716
JIO10004721,2770.44,2574.631254531409
JIO10014117,1430.4,2026.8056903285049
JIO10039355,4015.92,4148.325909922428
JIO10020334,3638.5199999999995,4073.0180419955714
JIO10060699,3676.08,4224.994205770343
JIO10035791,2992.92,3354.599643413161
JIO10059951,1962.12,2809.3015606334125
JIO10042016,1655.28,2138.5874710822945
JIO10018446,1339.1999999999998,1455.9698186948165
JIO10033762,2009.3999999999999,2352.2668003831527
JIO10047808,3325.44,3542.500246531014
JIO10027427,2173.8,2204.8904555288755
JIO10037727,3673.92,2470.023323777622
JIO10032140,999.0,1340.949373580039
JIO10029935,2538.12,1795.5092524572738
JIO10063793,6510.719999999999,5328.269907308643
JIO10015664,3042.36,2948.056423632231
JIO10017504,2363.7599999999998,2913.0731752067327
JIO10009138,2855.3999999999996,2210.181925400138
JIO10020154,1850.52,2092.5831906710364
JIO10045266,2590.68,2678.147889308206
JIO10018544,4808.64,3860.9181532569014
JIO10059759,6283.4400000000005,2997.333551201907
JIO10033028,2330.2799999999997,2882.2585995525565
JIO10051961,2236.08,1707.070991598614
JIO10032797,2504.3999999999996,1969.065351099336
JIO10004023,3921.84,2623.055639564127
JIO10035747,1830.0,2674.6034523942867
JIO10016580,2124.84,2003.0223694106098
JIO10036473,1683.3600000000001,2558.886295871245
JIO10027868,3170.16,2607.1170947212167
JIO10056286,2279.7599999999998,1707.7796652218221
JIO10004249,5006.04,3353.5237158723944
JIO10014330,2054.88,2479.167769842005
JIO10034024,1681.8000000000002,2457.6583564899174
JIO10032164,964.56,1318.722104957695
JIO10035491,2508.6000000000004,2346.945113650055
JIO10033037,1505.6399999999999,1637.489396286694
JIO10026257,2250.6000000000004,2555.724798995389
JIO10045397,2185.92,2302.118961012934
JIO10011479,1946.3999999999999,2246.568011111878
JIO10053386,5031.24,5295.194720744458
JIO10029472,1529.04,1327.7591639781995
JIO10062737,1425.24,1334.8021067915352
JIO10025382,1713.72,3000.133526438964
JIO10039854,1726.92,2628.0763379481464
JIO10061194,2406.36,3906.439638694903
JIO10034042,1584.6000000000001,1897.106534515579
JIO10041016,1858.1999999999998,2142.0142506267375
JIO10026319,2900.64,3601.460634741719
JIO10050481,4130.88,2821.14773691069
JIO10045460,1760.6399999999999,3038.6263470282206
JIO10036669,1381.08,1888.6776958828614
JIO10045423,3031.92,3515.8103163803826
JIO10035823,2059.68,1698.482301652962
JIO10011584,3562.68,2590.912502384868
JIO10039548,1134.96,1259.0338844386695
JIO10044454,7255.799999999999,3904.172449402967
JIO10001123,8802.72,4152.555389134641
JIO10059468,2039.04,2500.364570509
JIO10063941,1727.6399999999999,1711.3140290511544
JIO10056771,1815.72,2286.7235463384363
JIO10004489,1371.96,1822.523811396895
JIO10030598,2872.32,3355.7985440214434
JIO10001332,1890.72,2190.6274987866313
JIO10031912,1211.28,1197.7505043699634
JIO10050543,2894.64,3142.881377968176
JIO10040284,4338.24,2310.640844136687
JIO10000083,2613.12,2648.8611561578196
JIO10059123,2049.48,3247.541090307129
JIO10047662,1566.72,2143.110479127689
JIO10003133,1997.7599999999998,2248.840692393918
JIO10000724,1434.0,2180.0417301677567
JIO10001468,900.0,1169.5681571889295
JIO10044746,1593.6000000000001,1972.6083214482017
JIO10064730,2127.48,3181.761720602397
JIO10031859,2126.64,2118.1096523583947
JIO10029522,2310.96,2852.23885860017
JIO10025017,2245.08,3453.6369194879567
JIO10057443,4268.28,5162.9688932428435
JIO10034684,2248.8,2061.7231905700605
JIO10032691,1127.76,1339.9656597215862
JIO10027734,3329.04,2565.955857556558
JIO10028400,7729.5599999999995,4933.66207799524
JIO10009930,2281.2,1316.7918959297326
JIO10029343,5285.64,4984.933050443863
JIO10032152,1644.84,1635.0721659238236
JIO10007195,3021.0,1716.435023842569
JIO10047949,2603.3999999999996,2498.060467864703
JIO10003673,4299.24,4985.37167139065
JIO10041910,2405.3999999999996,2763.6106121037847
JIO10030178,1879.44,1592.6809420834493
JIO10054668,3287.6400000000003,2018.5668478155935
JIO10044761,1449.48,1592.821859923111
JIO10007538,1834.92,2606.5214707598275
JIO10023668,2064.48,2138.211035596895
JIO10014038,1761.72,2540.033735165532
JIO10001342,4586.04,4372.587466321447
JIO10045231,7172.16,5991.643867902839
JIO10059001,4583.64,3211.8569959887286
JIO10012822,5407.92,5212.129538455835
JIO10049203,935.4000000000001,1339.3878083613242
JIO10021834,2476.92,3314.0494364952106
JIO10026533,1837.8000000000002,2839.221885566662
JIO10028261,1740.84,1538.6384255818061
JIO10057512,3536.04,3346.8582639648885
JIO10049437,4230.6,2706.749494843518
JIO10028623,1755.96,1200.024762913714
JIO10046996,1466.52,1708.146957094992
JIO10009978,2311.56,2325.6768454134003
JIO10053463,4565.5199999999995,4498.810397478943
JIO10054114,3505.7999999999997,2063.6155706897694
JIO10009989,1887.3600000000001,2327.7885237584314
JIO10004991,3597.3599999999997,2389.808139358047
JIO10063250,2012.52,2368.67920862701
JIO10014854,3411.4800000000005,2749.334591767061
JIO10018240,1342.92,1226.8150602939047
JIO10034878,1332.96,1205.396092390625
JIO10017302,2539.2,2346.160615814437
JIO10018130,2527.8,1387.7475515811423
JIO10058414,1416.3600000000001,2480.5806591960923
JIO10012392,3804.12,2425.565621334404
JIO10030340,4877.04,4758.664223538736
JIO10048458,2434.56,1997.766709322939
JIO10007328,900.0,1201.5430144335746
JIO10056657,2557.8,3611.8350156281344
JIO10060728,2248.2,3905.3129098791605
JIO10056331,2117.2799999999997,1956.4991206203301
JIO10048627,1597.6799999999998,3151.3486639638586
JIO10022216,3803.2799999999997,5619.2532874971475
JIO10055781,2669.04,4553.205404413648
JIO10021046,1668.3600000000001,2622.744999069259
JIO10009941,3088.7999999999997,3058.408172594796
JIO10021051,1996.1999999999998,2531.2588161240305
JIO10014499,2496.48,3112.6720992609244
JIO10014062,2062.92,1727.0199486721804
JIO10014769,1930.8000000000002,2228.649842771103
JIO10058654,1810.6799999999998,2340.4204441503894
JIO10004867,2971.56,2123.4140670430156
JIO10022846,3432.24,4686.570293100217
JIO10056461,4173.24,4148.2584317480505
JIO10050684,1219.1999999999998,1744.5110473973023
JIO10005527,2187.48,3284.464843932596
JIO10039549,1459.44,1922.2641293153488
JIO10027537,1758.12,1682.3785318222117
JIO10006915,1555.56,1782.7529823673342
JIO10041925,2068.8,2117.0024341841
JIO10002043,2775.6000000000004,1889.4630249513407
JIO10031083,1333.08,1206.4900720088356
JIO10010137,3968.76,2955.1755676425673
JIO10018166,1434.72,1516.1503060605457
JIO10032827,3352.92,4008.397281472254
JIO10014180,1643.7599999999998,2315.1427160576536
JIO10044178,1126.56,1245.1742452070796
JIO10034766,2723.7599999999998,2130.942091528493
JIO10023605,1397.4,1288.4873291869658
JIO10012512,2958.0,3363.575286765199
JIO10062136,2813.16,2689.3688823418584
JIO10058589,1714.6799999999998,1664.1367337068386
JIO10011559,3956.04,2760.7970592193237
JIO10013482,1135.1999999999998,1699.5888130337148
JIO10023543,1476.48,1173.6403889966198
JIO10037088,1197.24,1305.4758182257945
JIO10062538,1846.6799999999998,1263.1803065234621
JIO10016342,1980.2400000000002,2649.5605640139397
JIO10007857,4234.799999999999,3554.452372748266
JIO10032371,2108.52,3229.4118980469943
JIO10024306,900.0,1388.2263606953359
JIO10028326,7527.960000000001,4062.2147943773266
JIO10012388,1404.1200000000001,1689.8303616830513
JIO10031777,2326.44,1934.9019653266312
JIO10054195,1379.76,1218.1822246317877
JIO10020436,2326.68,1835.3015377649087
JIO10039570,1891.3200000000002,2403.8806157611216
JIO10022234,3346.32,2628.090194392153
JIO10048890,1906.56,2318.194235290661
JIO10056174,987.5999999999999,1344.6606586296236
JIO10003986,2745.0,2661.6012400349805
JIO10049941,1971.3600000000001,1989.9358860777202
JIO10061514,1614.12,2432.87700449576
JIO10010844,2894.04,2955.1613983056886
JIO10021651,3360.24,2585.834348195159
JIO10054402,3272.5199999999995,2669.637249959782
JIO10032673,2811.2400000000002,2167.2833566325626
JIO10047319,1857.12,1734.0723094858213
JIO10028347,3955.2000000000003,5465.998383986808
JIO10014471,1612.92,1577.4076019945535
JIO10016787,1918.08,2489.3492083282
JIO10050241,3702.0,2329.1450256541943
JIO10025738,1626.2400000000002,1419.378476690436
JIO10001040,1806.6000000000001,1274.3121450065025
JIO10021576,2706.12,3091.697278055033
JIO10009113,3382.2000000000003,4058.899741514603
JIO10039713,2233.68,1643.715212125395
JIO10005306,2374.08,3887.756619477123
JIO10045788,2094.36,2016.8383783634667
JIO10060458,1538.16,1197.7198647075352
JIO10052067,1898.3999999999999,2493.991559681402
JIO10032317,1417.1999999999998,1276.1556220017646
JIO10016352,1264.08,1167.403545017157
JIO10061320,2048.52,1587.0721227143238
JIO10033264,2164.2,2404.3854670822316
JIO10024840,1608.72,2241.045625218996
JIO10011574,1264.32,2666.132115186243
JIO10027645,2929.68,2999.03637257682
JIO10007481,2535.2400000000002,3627.7102471348153
JIO10010374,6476.64,3890.915631669215
JIO10008842,1945.44,2440.3881626175903
JIO10028734,2386.32,2637.7271091220628
JIO10034252,1795.08,1721.7645521323102
JIO10003269,1601.88,1958.858016710357
JIO10012417,1650.48,1809.751511141598
JIO10008463,2615.3999999999996,2784.8284299049146
JIO10017378,6834.960000000001,5377.651946626283
JIO10055782,1979.88,2937.8369432988893
JIO10060575,2241.12,2632.6083893262626
JIO10021136,1167.6,1243.8510812719512
JIO10041673,1979.04,2425.086361289024
JIO10039503,1387.92,2310.1897190868854
JIO10015265,4112.16,3042.673242363811
JIO10016401,2032.44,1911.0235155460723
JIO10005626,2972.88,2621.6457732501663
JIO10028360,1476.1200000000001,1662.0585559761535
JIO10061695,5051.76,4076.962713822426
JIO10038247,3574.68,3587.136410380014
JIO10015364,1690.92,2232.729552226974
JIO10028124,2006.28,3322.5751713223653
JIO10061774,1774.92,2410.061106463128
JIO10037722,5838.84,2957.9710675534434
JIO10009204,2337.0,3006.1115652688113
JIO10029821,2530.8,2731.18076523996
JIO10009894,6545.76,3285.253999296308
JIO10018820,1348.56,1188.890594991598
JIO10020004,1083.1200000000001,2104.3411807651287
JIO10018998,1834.6799999999998,1879.3562404826512
JIO10038954,2834.2799999999997,2242.3170499550415
JIO10006099,4013.3999999999996,3378.4813139512335
JIO10046168,4909.32,4110.484609618774
JIO10017636,2091.0,3690.57374142445
JIO10014150,1518.84,1310.2950066455926
JIO10031713,3713.76,3509.206711429201
JIO10039113,1420.08,2143.541031997847
JIO10038020,1825.56,2348.5099983031805
JIO10046535,1566.72,1911.0991198154695
JIO10040888,1813.6799999999998,1953.1350196943897
JIO10048264,1435.56,2048.8889678627274
JIO10060027,1071.6,1671.1795042069118
JIO10015375,2698.08,2488.0339293897364
JIO10026811,5251.5599999999995,4459.2289916786785
JIO10012886,2138.64,2821.1163469239946
JIO10059906,1327.32,1884.5641101677184
JIO10053442,2902.08,2995.15908750078
JIO10049086,6594.0,2848.8505589178894
JIO10029764,1241.76,2096.3778630461416
JIO10052023,2270.2799999999997,2776.064508622738
JIO10020677,2693.04,3677.917350303557
JIO10053271,3370.2000000000003,5416.767272523514
JIO10062706,3908.88,3571.4987862977323
JIO10015699,4536.36,4132.220462538432
JIO10013565,1436.28,1569.073571384143
JIO10000183,1438.32,1202.2205956249365
JIO10028403,2886.2400000000002,4656.671377623207
JIO10016198,2129.2799999999997,1993.3539528031652
JIO10018182,2725.44,4007.005930556932
JIO10058135,3271.56,2259.4692802791815
JIO10031660,3224.76,2585.5831972167293
JIO10036682,1289.8799999999999,1615.042768222342
JIO10037409,1708.1999999999998,1920.2314225221455
JIO10056429,3003.6000000000004,3260.9348909786645
JIO10063176,3306.7200000000003,4740.653979956852
JIO10021578,3796.44,4217.811182930279
JIO10039426,2762.04,3533.1625369978337
JIO10048913,2209.32,3506.9697705660033
JIO10059567,3253.56,3003.9090913396553
JIO10023809,1541.88,1818.705278567883
JIO10037681,1839.0,1651.8922852552944
JIO10008737,1548.48,1598.0517477810351
JIO10059808,2674.44,3680.8441822724635
JIO10052483,3426.7200000000003,2866.304902107485
JIO10041938,1828.3200000000002,3797.082627354498
JIO10037793,3167.5199999999995,2730.9920312409736
JIO10012009,1547.16,1748.9019404425032
JIO10016921,6148.799999999999,3780.796224672781
JIO10021903,2773.08,3327.519106171172
JIO10002266,1885.1999999999998,1790.4313803473872
JIO10056267,2224.92,2192.074062387799
JIO10023650,2573.2799999999997,2995.4545667764387
JIO10045212,3003.96,4032.6727394167933
JIO10031674,1096.44,1375.7365310787197
JIO10026439,1930.08,2980.8331122845043
JIO10019693,4473.12,4806.76604687997
JIO10007665,2471.52,2640.9615409074227
JIO10011573,6158.76,4090.1772818597556
JIO10056778,1974.3600000000001,2997.1526751424544
JIO10012061,1139.4,1332.0742998632322
JIO10042068,1608.72,1794.2699680132791
JIO10022840,4619.28,2407.1464696730045
JIO10041727,1884.72,2543.6188960707464
JIO10004890,10663.68,3739.0565046557085
JIO10046243,1411.08,1236.9304631497473
JIO10034348,4482.36,3476.937255503114
JIO10016721,1690.8000000000002,2535.780316150388
JIO10016239,1404.24,1366.7771408018052
JIO10013776,3422.3999999999996,2282.3060816581446
JIO10005386,2955.6000000000004,3270.029673416704
JIO10047460,4244.28,3476.2280270382366
JIO10002253,1439.4,1384.5096355883825
JIO10002346,1198.92,1167.903183968852
JIO10050536,2144.88,1798.4952821616891
JIO10014187,1368.84,1288.1996894793083
JIO10002785,2359.8,2314.4026195937568
JIO10004214,6961.4400000000005,3266.4361613401097
JIO10045021,1436.6399999999999,3023.897840335414
JIO10054464,1377.1200000000001,1676.5763419653308
JIO10013368,1324.8000000000002,1238.4556599562761
JIO10053348,1133.4,1738.8521532594264
JIO10052065,2321.2799999999997,3097.9712411090723
JIO10006453,5886.84,3369.7376088185256
JIO10002701,2432.52,1258.3948127289907
JIO10055311,2516.16,2082.1685171754657
JIO10010685,1279.92,1209.3331715500935
JIO10017597,2368.68,2209.6353505926763
JIO10025326,2738.04,3429.615377089885
JIO10041166,2582.04,1926.8220741701073
JIO10029727,3176.2799999999997,2521.398073131384
JIO10013798,3405.12,2942.4265011482184
JIO10045155,1712.88,1386.603303353832
JIO10015718,2572.2,2478.8766975705125
JIO10060078,2072.64,3314.800961780384
JIO10064075,1211.28,1219.3912889010944
JIO10011745,2705.2799999999997,3673.645879242703
JIO10003184,1202.04,1360.5246110032742
JIO10019164,2646.7200000000003,2198.532671516653
JIO10026201,2745.2400000000002,1907.4489889998508
JIO10001517,1546.44,1412.8594961480387
JIO10023051,1825.3200000000002,2966.644456454645
JIO10032256,1670.52,2108.7915915538574
JIO10031271,5350.4400000000005,7394.39285652906
JIO10012592,1197.48,1428.6652126798801
JIO10033293,2808.2400000000002,2344.6931354975
JIO10011634,1623.12,1211.9666364798056
JIO10005598,1386.6,2140.702256240583
JIO10009862,3064.32,2663.7519178575267
JIO10022828,1499.76,1939.107902229668
JIO10040232,2089.32,1690.5345889781634
JIO10031360,1678.92,3124.7045240688585
JIO10028372,1597.8000000000002,1718.2342927311079
JIO10011379,3321.0,4130.109066585427
JIO10058010,1914.6000000000001,1859.800431406406
JIO10049717,2501.2799999999997,3839.123758489754
JIO10007437,3090.4800000000005,4713.389204470634
JIO10019606,2234.88,2654.0647568312074
JIO10004429,1594.3200000000002,1261.8563504214042
JIO10005836,2482.68,2903.3247226192207
JIO10058042,1418.16,1224.166676591062
JIO10026069,6117.36,3555.995138210968
JIO10063383,2369.04,2188.8578773905815
JIO10056239,3105.96,2909.8960381755187
JIO10053175,2685.84,3501.1942833264598
JIO10039299,1457.16,1259.1319416398346
JIO10017421,1208.76,1337.8350777334208
JIO10013614,1294.1999999999998,2168.19334493399
JIO10063238,2111.88,2087.896783896078
JIO10021276,2667.36,1570.2985880717101
JIO10041333,2069.04,1903.5141425256106
JIO10002407,2509.08,2830.798456378463
JIO10034865,2720.7599999999998,2712.0269492304346
JIO10021366,1458.84,2861.721281547557
JIO10044696,1371.96,1206.018262557445
JIO10044263,10084.92,8002.898861200566
JIO10021939,4330.08,3938.755122965305
JIO10059718,2848.92,3005.7498335925434
JIO10031199,5271.4800000000005,4056.2349106510533
JIO10037148,1311.6,1629.3518873943394
JIO10049707,951.0,1561.4361477770547
JIO10009118,2336.88,2426.528739904735
JIO10060187,1481.28,2524.9209897859323
JIO10001505,2822.64,2422.830284695915
JIO10025739,1443.1200000000001,1189.4140989469863
JIO10037189,2954.52,2218.8996772558007
JIO10043340,1230.84,1299.7611903450986
JIO10022146,3532.68,3077.661072233177
JIO10023100,5886.84,2667.9054844465377
JIO10027825,2320.56,2225.856866096861
JIO10003798,1565.88,1413.2020297967836
JIO10017314,1658.6399999999999,1199.8212420480675
JIO10017372,2278.08,2607.720527610584
JIO10038528,2289.0,2306.46592721801
JIO10054833,3844.56,3248.941461201027
JIO10044201,3099.0,2478.9817763139836
JIO10046608,2879.3999999999996,2410.720282310143
JIO10010936,1912.6799999999998,1919.9708729391946
JIO10017619,1676.28,1827.4088174413316
JIO10018700,2700.7200000000003,2321.7348801410562
JIO10033656,2271.6000000000004,2341.4786565357394
JIO10050450,1729.3200000000002,1894.015336238974
JIO10043258,2428.56,2719.825530025925
JIO10048401,1069.44,1310.316543336748
JIO10060219,1872.84,2146.703299644542
JIO10023890,2222.3999999999996,2410.843411347973
JIO10044901,2914.8,4098.666144626819
JIO10063608,1669.44,2897.2723429999887
JIO10007359,3153.4800000000005,2984.6050247363414
JIO10018207,900.0,1460.1500786831948
JIO10008070,2571.0,3062.0872608679697
JIO10053017,2853.0,2186.032533793758
JIO10036452,2748.36,2915.3441216696397
JIO10004612,2274.2400000000002,1423.9952910729464
JIO10042752,5809.4400000000005,4390.035273072132
JIO10045559,3167.3999999999996,2660.19022958517
JIO10014013,2267.16,1415.621207290179
JIO10049889,3306.7200000000003,4355.292157821372
JIO10055521,4521.12,4974.596885454144
JIO10041499,1026.84,1200.2080453262313
JIO10046972,935.52,1780.5546405672876
JIO10064152,1826.04,1687.766344563997
JIO10053738,1860.12,2936.307153405777
JIO10020232,2526.36,2256.931343613113
JIO10007471,2308.2,2939.365151583721
JIO10052302,1347.84,1989.5953301817265
JIO10044641,3272.04,3049.32127704282
JIO10040303,5102.04,3969.2437776815746
JIO10040807,3105.7200000000003,3292.6813880765494
JIO10061979,1499.04,2074.4449851188097
JIO10030305,2041.1999999999998,3149.1388306925837
JIO10002893,1879.92,1498.1650393750242
JIO10060532,1594.3200000000002,1806.6246242581572
JIO10028838,2769.48,5259.123830330397
JIO10013735,3030.48,2082.172749697868
JIO10055083,3468.3599999999997,3620.0956217865605
JIO10037528,3975.7200000000003,3674.298855356315
JIO10058294,4015.56,3860.916689273541
JIO10031097,6648.24,4484.529767074931
JIO10016091,2233.32,2613.3777910656095
JIO10033156,6403.5599999999995,3770.9087661868953
JIO10053910,2684.64,3252.9662347919325
JIO10036887,2312.64,2689.4096400852754
JIO10008233,4875.12,2966.755704411567
JIO10005960,3961.44,4942.978614088549
JIO10057370,2370.36,2496.652844063025
JIO10016941,2244.6000000000004,2224.3281344763145
JIO10047632,2457.48,2598.9297569081227
JIO10030156,2161.2,3122.056984200739
JIO10059744,3733.92,2881.8298981427556
JIO10033526,2204.52,2485.171750424201
JIO10028934,7399.4400000000005,4199.579091369574
JIO10048686,2765.04,2186.9894177959823
JIO10036796,3688.44,2904.1002088064733
JIO10051183,1488.24,1483.7882221909206
JIO10001017,1017.96,1173.2469316672216
JIO10058612,2177.2799999999997,2205.0518229593645
JIO10042926,1743.0,2034.6881785927062
JIO10012116,2930.3999999999996,2578.5811186739406
JIO10000753,1587.0,1939.3894240063883
JIO10003971,2017.92,1690.0169793744776
JIO10052291,1323.3600000000001,1834.635783005173
JIO10009529,1912.8000000000002,1694.796524050326
JIO10002241,2491.56,2843.271505723981
JIO10006796,1116.84,1272.9919202277454
JIO10033372,5793.6,4192.367059261017
JIO10003922,6087.84,6927.766623474416
JIO10055571,1387.32,1705.3640323420464
JIO10033266,1339.56,2025.0184966348957
JIO10031628,2714.7599999999998,2548.350678065791
JIO10046839,1395.48,1723.4100832047611
JIO10021959,5769.4800000000005,4919.2989799332345
JIO10015920,2279.88,3197.913185306566
JIO10063467,1707.0,2745.4034590799024
JIO10019562,1865.28,2419.175756378019
JIO10006664,1640.16,1922.1837564077834
JIO10000388,1434.0,1647.1469700937544
JIO10015367,3960.24,3653.968594804098
JIO10019181,2291.88,3069.8208902945826
JIO10008207,1303.92,2023.460980176822
JIO10038495,2892.6000000000004,2610.331838018243
JIO10038094,900.0,1333.1702799257364
JIO10047619,1800.3600000000001,2243.336793844421
JIO10023151,3962.04,3114.9712374658693
JIO10007832,3288.0,4487.017803237402
JIO10059640,4707.72,2910.8397626568685
JIO10020812,929.28,1392.5890338533163
JIO10031214,4053.24,3413.432684564693
JIO10038819,2558.04,3033.1438941333136
JIO10005505,1698.84,2148.100887380639
JIO10052144,1966.44,2375.631384489098
JIO10012814,3998.2799999999997,3377.470407119277
JIO10052777,1830.72,3287.3283908161775
JIO10038747,1514.52,2124.4481213456916
JIO10019965,900.0,1206.441288477555
JIO10014410,5924.64,3056.79514360494
JIO10004097,4157.88,2425.7916630438012
JIO10061063,3335.6400000000003,5313.515939900326
JIO10009843,1404.3600000000001,2026.6955464696089
JIO10043387,1786.3200000000002,2675.896883959557
JIO10049174,1868.28,1600.5994845305156
JIO10002103,2313.48,2739.5568072557676
JIO10062750,2578.56,2588.9836088658963
JIO10039966,1020.24,1258.5786966343796
JIO10000554,3301.92,2998.56644713796
JIO10011487,1659.96,2010.2202598004676
JIO10050200,2918.88,2457.746595625729
JIO10013301,3862.92,3856.5442824791016
JIO10034754,1143.96,2118.3811450360186
JIO10058387,4309.08,3635.2084078180287
JIO10050843,1319.04,2016.7195039091623
JIO10046780,2253.0,2017.517943417476
JIO10031774,2094.6000000000004,1970.4258671649611
JIO10001378,1679.7599999999998,1767.2114502219172
JIO10005920,1985.88,2340.4817091608143
JIO10008924,3935.76,4071.153986926068
JIO10061972,4314.4800000000005,3707.570244032142
JIO10028600,1289.76,1478.4285787078281
JIO10001406,2282.3999999999996,1465.849661015407
JIO10058498,1942.8000000000002,1277.2386262642806
JIO10047427,3990.3599999999997,3272.884199649885
JIO10044111,5554.92,6016.291883902807
JIO10050754,1837.6799999999998,3183.425939528307
JIO10052253,900.0,1541.1320363300351
JIO10060088,3402.6000000000004,3758.685035487461
JIO10055064,2957.3999999999996,2350.042685847839
JIO10012963,1387.32,1532.4925732775116
JIO10053506,1328.6399999999999,1971.6850930636485
JIO10051029,5340.24,3144.1889475639687
JIO10038068,3114.84,2522.940091274051
JIO10039827,2363.7599999999998,3676.6562223284955
JIO10050464,1190.4,1185.4873585825876
JIO10039459,2416.32,2966.474334961785
JIO10003768,6849.0,5797.181876882782
JIO10052611,1450.08,1422.384482189416
JIO10045693,2616.12,2861.3840496287735
JIO10044396,2900.88,2689.1034277005037
JIO10062473,4252.5599999999995,2596.728265873949
JIO10009137,1705.6799999999998,2436.2897405786007
JIO10052486,2783.64,1725.4828700106823
JIO10036912,2397.6000000000004,3169.3706441637314
JIO10051931,3136.56,2777.6613387646153
JIO10000578,3232.08,4568.619928654889
JIO10002830,2961.84,3025.952647812831
JIO10001404,2263.44,2429.5588920424248
JIO10049418,1296.1200000000001,1398.0680879725285
JIO10022872,1315.68,1599.465763400288
JIO10040902,2192.2799999999997,2538.029257567217
JIO10013821,5406.12,2347.860649924076
JIO10030430,2439.48,3268.472366508048
JIO10016678,2625.7200000000003,4342.131908230346
JIO10017560,2329.2,2106.5711373316963
JIO10047649,5203.92,3079.2285523834576
JIO10055192,1940.7599999999998,1303.7208378539167
JIO10013283,2779.44,2626.0238723317607
JIO10063091,3549.3599999999997,2602.3809804361213
JIO10058501,2961.48,3588.4934407829564
JIO10010696,1700.6399999999999,1390.4015720004145
JIO10031182,3488.2799999999997,2446.120453931324
JIO10037429,2469.6000000000004,3075.4308200042997
JIO10004123,6392.400000000001,4382.432977053362
JIO10053285,1363.32,1687.5429694567445
JIO10047021,1604.52,3482.290605404328
JIO10027433,2684.52,3293.97048872949
JIO10016027,1372.1999999999998,2170.427412802185
JIO10052119,1302.3600000000001,1475.5254751074021
JIO10052877,3569.2799999999997,2954.3697281121154
JIO10015995,1101.24,1278.5159217442117
JIO10028561,2881.68,2623.0832608339147
JIO10036758,3039.84,2516.3267522277997
JIO10060393,3481.92,2369.4112631415937
JIO10040120,2892.12,3096.6578466202773
JIO10023083,2243.7599999999998,3244.2948519092115
JIO10033087,5153.04,3827.4635071965695
JIO10009251,1497.1200000000001,1198.2713799685328
JIO10044644,4171.200000000001,4119.6200567519345
JIO10056232,2301.7200000000003,2540.578892395258
JIO10007682,1275.3600000000001,1204.1113215316943
JIO10010103,2111.2799999999997,2210.867812241324
JIO10050007,2014.1999999999998,1363.1907496842468
JIO10014806,935.8799999999999,1291.315054959673
JIO10024753,4384.200000000001,4184.9150990582375
JIO10030933,2043.72,2562.374517546543
JIO10009768,1331.8799999999999,1416.1096798975655
JIO10026719,3682.08,3779.178132285353
JIO10010967,1831.6799999999998,2312.993038937339
JIO10026183,3359.88,5729.925800176033
JIO10003345,1692.96,1818.6014494832984
JIO10062396,1241.16,1344.3965806093565
JIO10005156,2191.44,2388.358546427084
JIO10003594,2114.52,2980.555289186279
JIO10042211,1852.08,2588.1609369207954
JIO10037352,4441.4400000000005,2586.9607671157705
JIO10002747,3522.4800000000005,3522.1011814440994
JIO10012391,1023.36,1610.7056464857594
JIO10063947,2382.36,3847.6267642741077
JIO10000865,1781.3999999999999,2190.4873974707284
JIO10044347,3639.96,5316.572946365375
JIO10023933,5479.799999999999,4141.331379836711
JIO10061529,3734.88,2984.6408798454813
JIO10031513,1581.3600000000001,2231.7149170805556
JIO10011383,3990.84,3719.459439522812
JIO10049338,1020.0,1473.040791270915
JIO10064300,1612.6799999999998,2347.318197650016
JIO10064476,1958.52,2676.871023667002
JIO10026544,3015.84,2858.835866190729
JIO10024364,938.4000000000001,1279.4223481547979
JIO10017754,2441.16,2548.34256949545
JIO10013278,1483.1999999999998,1247.6745121081324
JIO10000270,1657.8000000000002,3813.0157491517984
JIO10040713,1992.84,2071.063857163775
JIO10029643,10989.48,4862.11253486622
JIO10042448,4487.16,2667.160924294679
JIO10004434,2098.32,2125.0837151510386
JIO10050794,3826.92,3320.76726263923
JIO10048151,1319.6399999999999,1228.5171511326594
JIO10054537,2146.92,2426.6625159708715
JIO10014091,1953.48,2073.23130254014
JIO10040777,4098.0,3382.8181748470893
JIO10003810,3960.84,3617.4390180927453
JIO10016482,1216.44,1189.2729151895414
JIO10036067,1744.56,2703.0439973034418
JIO10006641,1259.6399999999999,1236.0440991649389
JIO10061269,1641.6000000000001,1864.324331429778
JIO10035072,1667.28,2312.558049377615
JIO10061516,3527.16,3540.902747605253
JIO10014097,980.28,1293.3255006276725
JIO10040514,3571.44,3457.7882898535277
JIO10056094,4603.200000000001,5696.794830081194
JIO10011419,1893.2400000000002,2171.5664766882987
JIO10033171,1966.8000000000002,3221.0711730492517
JIO10027077,6158.280000000001,4674.9503523261765
JIO10029934,924.1200000000001,1184.573548827673
JIO10043178,3454.44,2990.5354664974125
JIO10058384,2911.92,2363.448758183083
JIO10023538,900.0,1360.1360712382232
JIO10055860,4709.76,3423.0302896476564
JIO10050771,1477.08,1431.639393916042
JIO10030860,1993.44,2168.019828874572
JIO10018688,2539.08,2595.865778549439
JIO10002583,2538.84,2402.388889699284
JIO10012912,2311.32,2470.6460461331662
JIO10033130,2392.2,2598.352299625052
JIO10022710,1207.1999999999998,1493.5934183587287
JIO10027416,3809.6400000000003,3883.1657194641766
JIO10039942,3148.32,2700.2952404265907
JIO10009823,1249.1999999999998,1617.3669854760599
JIO10028950,1396.44,1688.5355113827302
JIO10061964,5708.64,3997.0431265286675
JIO10000981,6994.4400000000005,3989.2628208255815
JIO10059933,1261.44,1201.6018162250098
JIO10050935,1114.32,1687.4681243729365
JIO10047421,2478.48,1839.6981325518232
JIO10026087,2436.2400000000002,2073.4324736957724
JIO10045906,1557.96,1964.801499551322
JIO10062012,1863.84,1845.2754832201078
JIO10002671,1027.32,2379.117023606303
JIO10013176,2940.48,2917.4444415075072
JIO10064353,2392.8,2876.260351748912
JIO10004724,1672.44,2153.16575281227
JIO10003107,2416.2,2167.9645746994474
JIO10038084,1395.72,1819.2217501315258
JIO10036662,3365.3999999999996,2340.3832173269047
JIO10017434,4329.0,5058.079350131834
JIO10054640,4995.24,4442.239342262484
JIO10013261,1675.1999999999998,1921.2197281816466
JIO10033079,1801.6799999999998,1685.9959593294816
JIO10033970,2480.88,2012.0986114056816
JIO10001038,2090.3999999999996,2412.979081751259
JIO10024115,6030.84,4172.517220643248
JIO10037831,10777.32,5632.695554637137
JIO10028438,3464.04,2581.1506080881713
JIO10060438,1194.96,2278.5629345189054
JIO10002964,5731.200000000001,3698.9873921203052
JIO10054467,3040.68,2868.384932512792
JIO10027214,2072.04,2339.4979799650714
JIO10004017,2316.7200000000003,1270.4047205105692
JIO10004251,2500.8,3593.3760139195397
JIO10032430,2178.84,2179.1348130656756
JIO10052431,4842.24,3839.123577526305
JIO10021246,1637.6399999999999,1734.8663717075565
JIO10015796,1893.3600000000001,1764.20711025524
JIO10046961,920.1600000000001,1198.6120399046797
JIO10009134,3178.32,2245.8024396342776
JIO10008880,2993.2799999999997,3793.097462355403
JIO10018344,2099.2799999999997,1913.4978480356035
JIO10019140,2579.3999999999996,1858.000455482589
JIO10019942,1610.28,1959.5458916623988
JIO10030108,2915.16,3011.6247119997265
JIO10062762,1551.6000000000001,2085.6041217810707
JIO10044928,1536.96,2472.0667281875026
JIO10020829,2099.04,2715.6372794830595
JIO10049217,1805.28,1656.5729686211675
JIO10026040,3909.12,4528.536755653529
JIO10041724,4141.5599999999995,3243.306299240088
JIO10024781,900.0,1181.187070050985
JIO10034705,3438.12,2717.434976658063
JIO10014396,1500.1200000000001,1508.3337577613772
JIO10000500,1003.3199999999999,1189.129862748656
JIO10033886,2674.32,2921.1451837962236
JIO10025741,3579.24,3830.6204398013692
JIO10003187,5744.04,2747.992262970168
JIO10058422,2747.04,2571.829380573619
JIO10037977,2997.7200000000003,3047.6022585092774
JIO10045520,4125.6,4417.643786913866
JIO10031625,2785.2,2320.9413159782603
JIO10010095,1584.48,1648.4033400850392
JIO10023251,2829.0,2414.619228463914
JIO10049730,900.0,2248.273304730891
JIO10053390,2776.32,2104.6023245531314
JIO10026324,4485.0,3385.5867538582547
JIO10029683,900.0,1185.1563199983368
JIO10003510,6102.0,4145.287314784877
JIO10052008,2221.92,3026.6387288567894
JIO10023986,2136.48,2387.6567689640337
JIO10048410,2066.16,1713.4491447327084
JIO10059285,1400.04,1198.4258726930816
JIO10042827,2560.32,2603.6644186379026
JIO10027046,1874.3999999999999,2179.5914488829185
JIO10004266,3462.4800000000005,3236.9263016663217
JIO10020933,2889.2400000000002,2118.5612328992165
JIO10062876,1851.3600000000001,1832.3290408065407
JIO10057523,2706.2400000000002,3064.520101753238
JIO10053846,5364.96,5017.596697370797
JIO10026502,2072.7599999999998,1902.3689894121253
JIO10022096,1314.24,1198.6439846109802
JIO10064672,900.0,2048.6665493093888
JIO10019060,1606.08,2348.090920270295
JIO10032310,4089.12,4486.411568193588
JIO10021134,2769.0,3231.156047075666
JIO10006537,3071.2799999999997,3013.7808461445607
JIO10023827,1830.12,2343.6413681279855
JIO10024668,2856.12,2315.7407910501647
JIO10029326,1696.8000000000002,1951.3010159680891
JIO10037478,3116.2799999999997,2834.0036557426306
JIO10033616,3797.3999999999996,5473.407966148175
JIO10047904,2221.2,2565.9685456070188
JIO10044197,7620.0,4401.137651432848
JIO10033395,2952.84,4111.858314658821
JIO10063197,2107.08,3495.839181414415
JIO10061835,2372.64,1948.0408035207386
JIO10032586,4397.5199999999995,3500.171239413702
JIO10056424,3256.7999999999997,2773.7728789279995
JIO10040145,1481.6399999999999,1685.717138397621
JIO10030254,1212.96,1259.2194458485444
JIO10013694,4238.28,3889.9157728454356
JIO10006241,1794.72,2223.8263976885987
JIO10046951,3046.56,3897.5017679604794
JIO10064303,8468.16,5380.582265361859
JIO10022756,1650.3600000000001,1695.6000926635268
JIO10025715,1049.28,1183.6072298494807
JIO10041788,2623.44,3019.2413299146024
JIO10018383,2257.44,2617.1787715097717
JIO10046739,2931.84,2283.051799628332
JIO10051810,4955.16,3088.1097055977625
JIO10024353,947.04,1202.0887823843373
JIO10061437,2515.44,2840.7893172511917
JIO10015176,1228.44,1743.505857141519
JIO10048638,1440.6,1197.0475577227255
JIO10005711,1443.3600000000001,2359.2356546393526
JIO10057347,3057.48,2747.328231411565
JIO10008275,1562.52,2571.18233330194
JIO10052050,1098.3600000000001,1759.188024063549
JIO10034671,900.0,1193.1915654483726
JIO10037918,2126.16,2602.76644733301
JIO10030002,3936.84,2967.5618829793098
JIO10050278,2082.6000000000004,2307.465085657757
JIO10050630,3670.32,3963.1269787552037
JIO10003770,3511.32,2363.646393686008
JIO10041733,6312.719999999999,3891.919136489892
JIO10049260,1413.1200000000001,1662.2815669804347
JIO10015321,3397.56,2643.8393430100327
JIO10014978,1256.28,1895.6180599438026
JIO10012164,1336.92,1282.3489942602405
JIO10043667,1946.3999999999999,2281.199594745429
JIO10001834,1212.0,1669.4439949497073
JIO10056484,3463.2000000000003,3821.571951674714
JIO10012847,2660.16,3426.303083961569
JIO10019955,4409.04,4699.758534991729
JIO10012352,1599.84,1357.3059487431547
JIO10024543,2754.7200000000003,3022.5858790158477
JIO10043484,1489.56,2672.541196336208
JIO10034890,1637.3999999999999,1387.211675626659
JIO10045302,2931.6000000000004,3698.353208206818
JIO10062571,6519.599999999999,5690.663743727649
JIO10025557,3176.88,3701.560663888746
JIO10052966,3451.68,2786.8263028780602
JIO10059615,1135.08,1318.0749478507212
JIO10000599,2456.52,2375.4743546959958
JIO10015297,1536.96,1473.5719944815276
JIO10012008,1328.6399999999999,1597.5660107370904
JIO10048696,1720.8000000000002,2830.552159751764
JIO10000987,1874.52,3705.457851173388
JIO10032570,3038.3999999999996,3314.225051590227
JIO10007862,1040.04,1249.1203630199843
JIO10001885,3209.2799999999997,3087.660150423515
JIO10012961,1040.76,1707.0121794588806
JIO10054444,3226.7999999999997,2710.6544550064086
JIO10015071,1591.92,2907.0929166772075
JIO10033283,2618.52,2711.8254887415897
JIO10064593,2677.92,2483.4033953757234
JIO10012743,1858.56,2131.182637905025
JIO10005984,1801.92,1912.8529848828337
JIO10021965,3016.32,3022.6037357105147
JIO10062270,5401.5599999999995,5231.64065800944
JIO10022755,1856.88,2121.3737033280927
JIO10042341,3488.2799999999997,2561.6778279974246
JIO10031993,1880.16,2788.3222143876037
JIO10004920,900.0,1300.0266387819997
JIO10051895,2804.2799999999997,3135.8849620738774
JIO10031794,1042.32,1184.9529613650386
JIO10034095,2127.7200000000003,1800.749242057864
JIO10057701,2470.8,2312.635157592517
JIO10063165,1488.0,2163.164821481454
JIO10059662,3563.3999999999996,2941.389105746305
JIO10054617,1168.92,1262.1847316259154
JIO10044981,3054.0,2608.145500169809
JIO10055131,2399.04,1741.2357978187067
JIO10046052,2080.8,3254.4581625268956
JIO10015593,1021.44,1422.9165632566887
JIO10032933,3272.16,2348.6761285177467
JIO10011021,2647.32,2645.5547536286495
JIO10015077,3608.04,4400.672125499231
JIO10050763,4546.200000000001,4580.769107341212
JIO10008780,900.0,1302.1428223909923
JIO10039031,2344.8,1311.3644788600593
JIO10046620,1066.1999999999998,1187.5494491393235
JIO10031314,3385.32,2160.8086502801693
JIO10047173,2717.3999999999996,2483.022463832274
JIO10056483,2523.12,2312.4802665921184
JIO10036710,5564.76,6561.014430320813
JIO10043260,1809.96,2610.72412000332
JIO10004657,1661.88,2672.9798350120814
JIO10061255,1836.96,3119.6424271475043
JIO10044573,2073.6000000000004,1989.4453931991295
JIO10045539,4532.88,3903.731910055389
JIO10032824,2071.08,1960.646047704006
JIO10049048,1793.28,2146.7046714287217
JIO10056084,1341.0,1278.6753390466654
JIO10018982,1887.2400000000002,3058.345767779341
JIO10000910,1325.04,1941.932170493404
JIO10038841,4142.4,2761.277773526186
JIO10027475,3886.92,2980.341174431516
JIO10030645,3631.7999999999997,3697.2176960086626
JIO10034610,2712.36,2146.6529316353112
JIO10050443,1191.96,1281.8367410498934
JIO10024853,5875.08,5502.035919537496
JIO10056709,2402.88,2565.596451550673
JIO10015976,2177.3999999999996,1217.6878315794006
JIO10042037,4244.5199999999995,5696.951855430365
JIO10004019,1487.6399999999999,1973.101502088726
JIO10057792,3852.24,2632.1844425330196
JIO10002036,1371.96,1746.705381526955
JIO10056465,2833.08,3065.5584015519294
JIO10061435,2223.0,2410.1174371876205
JIO10007053,2929.2,2622.1653276880666
JIO10023109,2138.04,2615.1937052528306
JIO10029940,3333.4800000000005,2341.0021099294236
JIO10050845,3093.3599999999997,3708.0646018098037
JIO10063312,1680.3600000000001,2894.0925474894752
JIO10062568,1858.92,3501.4966824380035
JIO10001310,1924.08,2391.741792029596
JIO10016855,900.0,1217.7068234467051
JIO10013912,2301.36,4724.562694293307
JIO10043878,3266.6400000000003,3317.4961017218984
JIO10029662,1145.4,1275.4244822158983
JIO10011898,1070.6399999999999,1333.0076333915276
JIO10024362,3186.24,2910.692407011887
JIO10027888,1300.68,1178.2546094803236
JIO10040451,2258.52,2958.0539541524818
JIO10008765,3765.6000000000004,3635.61545507619
JIO10062887,3769.2000000000003,2504.4205344947336
JIO10005718,3345.4800000000005,2382.5427659000743
JIO10027215,1609.92,3352.04355043811
JIO10043286,2924.04,2542.499960735409
JIO10020305,3331.68,2465.8756750231587
JIO10015142,1589.52,2578.2407010311845
JIO10053299,2208.6000000000004,2464.850009093398
JIO10005207,959.1600000000001,1207.712508585306
JIO10027708,2926.44,1613.5172935487124
JIO10051708,900.0,1721.885246418569
JIO10048444,2278.68,3026.480590294921
JIO10000633,2511.0,2345.7721300974026
JIO10022875,2059.08,3032.8028901565463
JIO10055350,2447.7599999999998,2697.4598214684347
JIO10051197,3264.24,5255.56431457307
JIO10009521,4129.5599999999995,2622.2383504379245
JIO10059638,3950.88,3002.8202915869506
JIO10032874,1247.8799999999999,1206.9486228029994
JIO10010919,3813.24,5361.1953994081505
JIO10033934,2168.64,2231.0616837441694
JIO10057127,1283.28,1407.7605654595689
JIO10039316,3038.2799999999997,2442.3330626446404
JIO10009130,900.0,1661.9496099644175
JIO10027624,1117.08,1333.5390161522737
JIO10020921,4396.200000000001,4283.57112088668
JIO10003409,900.0,1295.936033390744
JIO10032791,2001.84,2575.290315706824
JIO10015112,4858.4400000000005,4474.740827486512
JIO10043768,3339.96,3909.883102102196
JIO10005934,1250.4,1412.3480043469478
JIO10045103,1506.6,1934.2664637544933
JIO10029427,1254.48,1468.4016585884165
JIO10022062,3661.92,2000.051210298804
JIO10006923,1820.28,1908.460043556533
JIO10055609,5357.5199999999995,4597.901007021393
JIO10031838,2024.7599999999998,1588.9344838528777
JIO10016006,2408.04,2028.132984768897
JIO10036263,4279.92,3955.072617640618
JIO10032972,1815.48,2241.360317159575
JIO10012571,1792.6799999999998,1390.6415727203046
JIO10009743,946.1999999999999,1376.6735146673725
JIO10045884,2009.04,2774.0298105183224
JIO10005999,1370.4,2538.3365217884725
JIO10015853,1661.16,2383.3655597004617
JIO10045799,4567.799999999999,2976.5832058570513
JIO10060518,1532.76,2719.2754111474615
JIO10005697,3299.2799999999997,3766.8650072363166
JIO10016137,1675.3200000000002,2108.0799731038956
JIO10009025,5067.24,4264.730945929227
JIO10009396,1500.48,3004.304249517819
JIO10053932,2272.92,2189.488262635877
JIO10035582,4643.28,3544.6546580896347
JIO10021765,3068.88,3447.2452789779045
JIO10027348,1749.48,2438.400410532162
JIO10017720,2490.96,3377.2953490939763
JIO10028552,2798.16,3131.5910733847863
JIO10056249,2683.08,3110.954246656635
JIO10002400,1022.64,1181.675219050366
JIO10014211,5320.200000000001,4214.50784537789
JIO10049239,6344.400000000001,4973.073364285264
JIO10025774,3808.2000000000003,2165.34077078993
JIO10011397,3000.2400000000002,2659.6797204295995
JIO10036723,1337.04,2112.0719430184495
JIO10023994,1724.6399999999999,1623.3734407888844
JIO10002423,3453.6000000000004,3284.9657909210273
JIO10009349,2586.48,1704.4737948381737
JIO10040504,1909.44,1286.9912505449408
JIO10034103,2250.12,4142.958960611019
JIO10038907,4533.72,3244.5378377365264
JIO10011103,2391.84,3143.0099253352582
JIO10004843,2529.2400000000002,2857.441318945815
JIO10026171,3820.2000000000003,3597.7314014450703
JIO10022273,3710.16,6463.875205746212
JIO10056983,1308.6,1393.3642049172365
JIO10017442,1106.16,1267.2088975688662
JIO10044435,1447.56,1834.3029498314932
JIO10038965,1989.12,1987.7892805242325
JIO10040218,3077.04,3478.761880267106
JIO10041011,2009.3999999999999,2682.292935395713
JIO10048760,1734.12,1384.6490808495796
JIO10032090,3126.6000000000004,3405.23537813278
JIO10009612,1830.0,3032.6483754707324
JIO10040582,2032.08,2309.0254923188036
JIO10000090,1924.3200000000002,2228.063930827115
JIO10040904,2154.7200000000003,2932.2968768622923
JIO10042033,3613.32,2915.3028806134835
JIO10030308,900.0,1522.522249214962
JIO10057363,1873.6799999999998,2213.8215457337724
JIO10049858,2004.72,2137.89383525889
JIO10009109,2593.56,2723.2675778389103
JIO10021968,2945.3999999999996,2393.701509829691
JIO10019641,900.0,1381.6338091839602
JIO10021127,2881.2,2094.7286355316637
JIO10055066,6813.719999999999,5174.232434144644
JIO10005170,4942.32,2899.030381017406
JIO10007521,1606.92,1374.3108191228093
JIO10046305,2589.84,2362.207498643268
JIO10048599,2624.52,2825.2245088167506
JIO10041837,3191.76,3053.7969988116
JIO10061625,1674.84,1991.6175722037078
JIO10010418,1323.3600000000001,1555.335160438966
JIO10051412,1026.72,1168.6372796431397
JIO10054703,3199.32,1974.7878228638212
JIO10022690,2658.12,2586.4726979666602
JIO10028100,2072.64,2070.804991993185
JIO10013828,2319.12,1687.6716921868424
JIO10006953,4698.36,3513.3199853519895
JIO10018335,4319.88,2252.6724238526717
JIO10007074,6839.52,5702.081670833183
JIO10026109,2056.56,2208.1419913280233
JIO10020617,2215.92,2641.3732653010825
JIO10027538,3044.04,3890.2663839976667
JIO10024914,1324.56,2084.5484791612657
JIO10057804,2535.0,2089.7213847508656
JIO10007496,1622.16,2046.7926923057114
JIO10015972,4711.92,4612.7786385861245
JIO10034723,4237.92,5237.641591664186
JIO10042493,2214.48,3331.874806757629
JIO10057947,2138.64,1693.992187669251
JIO10029559,964.3199999999999,1295.0316418488053
JIO10036116,1554.12,2808.3729295478784
JIO10036989,2764.32,2453.5090025061118
JIO10062795,1560.0,1653.6725238772358
JIO10038160,991.6800000000001,1524.127563511065
JIO10062107,2583.84,2295.629486799068
JIO10030847,1446.3600000000001,1899.8849726347614
JIO10054112,3392.16,2019.3789980570382
JIO10047195,2386.32,2360.5326733322177
JIO10011190,2228.64,2955.1521596840334
JIO10056024,4315.799999999999,4087.5648661004566
JIO10027685,2997.7200000000003,2120.558939962044
JIO10017578,3167.2799999999997,2995.215256445827
JIO10015598,2203.56,2153.789941703433
JIO10064114,2789.2799999999997,3154.6655404503963
JIO10029589,1686.84,2566.322032799534
JIO10016077,2306.2799999999997,2315.614791615626
JIO10006224,2673.48,2941.1474067489644
JIO10002280,2542.8,2347.9417742894557
JIO10040639,2327.64,3405.4127123036847
JIO10052638,3332.88,3390.6890740921913
JIO10046303,2700.12,2824.932392831965
JIO10018499,4573.200000000001,3222.4343560167117
JIO10027677,1274.52,1461.1518466754528
JIO10053435,5221.799999999999,4209.270190737582
JIO10017641,1499.8799999999999,2083.642416113683
JIO10046563,2827.8,2976.8243785749205
JIO10035209,2659.08,2454.937194368821
JIO10000861,2064.12,2407.783927501911
JIO10055052,1502.16,2031.372760081472
JIO10058985,2934.12,2534.6069681472795
JIO10059057,1364.4,3407.106659803374
JIO10014677,1318.32,1999.2522787618373
JIO10007021,2939.16,2674.3640674985613
JIO10047711,3563.88,3348.813363389734
JIO10054770,3073.2000000000003,2617.456643279302
JIO10025112,2283.48,1552.2854598607441
JIO10046364,6081.6,3425.6844946089695
JIO10061218,1176.24,1267.0621990707778
JIO10005186,1509.48,1613.4509852688525
JIO10059550,2902.56,2311.106230146124
JIO10001724,900.0,1195.5701075632328
JIO10012361,1615.6799999999998,1782.9535769775766
JIO10063597,1338.84,1950.1309913749644
JIO10015544,3590.5199999999995,2479.235439589176
JIO10063518,5988.6,4699.181624794132
JIO10016097,4392.6,3069.918306998667
JIO10001512,1905.3600000000001,2454.106613132648
JIO10049027,3076.92,3032.828525966877
JIO10059050,1580.6399999999999,2246.3253239347155
JIO10021160,1418.8799999999999,1702.269682240621
JIO10009325,3219.84,2166.9354632653794
JIO10034423,3159.7200000000003,3636.904221608733
JIO10021322,3107.88,3173.816144508108
JIO10043778,2295.48,2804.724207358033
JIO10042829,5365.08,3543.0608529675374
JIO10054737,2098.08,2565.727371817839
JIO10034782,3588.84,3028.531230861903
JIO10023273,3627.12,3782.7511788567153
JIO10051432,1482.72,2573.3801263827327
JIO10020351,1638.0,1914.8486397331587
JIO10007157,2274.7200000000003,2059.582457685171
JIO10049546,4278.0,4437.392316384031
JIO10042155,900.0,1327.6278643093756
JIO10032436,2913.36,2232.1598707252188
JIO10034029,2527.2,2532.911715143756
JIO10017171,4861.32,2391.0105884184422
JIO10005091,1568.6399999999999,1932.1394121748142
JIO10040533,2882.04,2440.2529264849413
JIO10018621,2841.7200000000003,3563.0449159135273
JIO10025694,990.36,1325.781052058129
JIO10040499,2214.96,2834.3456135424776
JIO10051344,6988.68,4727.936965346572
JIO10011221,918.8399999999999,1332.2470923684339
JIO10032065,2261.7599999999998,2069.8509167726124
JIO10052389,3471.0,3583.388321658355
JIO10019818,3736.32,3538.0931612493423
JIO10027230,2705.52,3662.651802949817
JIO10050308,5884.92,3323.35155243543
JIO10025645,5066.04,3899.8898353850996
JIO10033810,2231.88,3431.4851947748402
JIO10040761,2112.0,3297.700732700994
JIO10002302,1585.44,2400.1661836456506
JIO10000034,1574.04,1894.0945600611926
JIO10040543,3119.04,3275.440806278157
JIO10007860,1716.12,3287.3362844588937
JIO10058625,1764.6000000000001,1988.8209369996866
JIO10058688,1210.8000000000002,1410.2180138470305
JIO10018356,2791.8,2896.9170294984
JIO10006213,1779.6000000000001,1233.4597179298746
JIO10040780,900.0,1319.900254053298
JIO10018949,3658.08,3724.1540147531205
JIO10044869,1214.04,1396.2453201707847
JIO10040465,2640.84,2654.7831722446736
JIO10005562,1704.6000000000001,1545.4580787069276
JIO10048331,1756.56,1499.453614400778
JIO10053933,2337.36,2588.064155979324
JIO10012589,5670.84,4098.311048454144
JIO10030519,1617.2400000000002,2182.5726322753735
JIO10004154,6258.36,3526.1213319010712
JIO10035035,5655.6,4192.204913637476
JIO10048356,3588.4800000000005,3825.3904716195025
JIO10059901,2027.88,2949.753392149652
JIO10059237,3086.6400000000003,3349.465075054534
JIO10012128,4588.200000000001,4510.30621380197
JIO10037976,2467.08,3950.6462530933973
JIO10012714,1802.6399999999999,1918.4427227594194
JIO10039102,1662.0,2192.232887935232
JIO10025375,3052.32,3318.3163843765014
JIO10014517,1775.7599999999998,1436.7795939268246
JIO10008012,1777.08,1713.5532492770124
JIO10048502,3604.2000000000003,3304.5535453502966
JIO10008666,1668.0,1344.7067376678788
JIO10031207,2519.52,1929.85464627377
JIO10020803,1903.8000000000002,3575.9397175852046
JIO10031935,2709.12,2450.7910991573735
JIO10055754,2714.2799999999997,2785.4234100394124
JIO10003926,1427.28,2623.2316230100887
JIO10017697,1867.6799999999998,1894.4234720701306
JIO10060563,1755.2400000000002,1932.1249154277557
JIO10004620,900.0,1191.798170519063
JIO10023646,1180.68,1659.8048846700492
JIO10028112,2061.2400000000002,2440.7690666003155
JIO10002457,3756.96,5430.72007702958
JIO10019518,1651.3200000000002,1497.9556029625455
JIO10039883,2852.7599999999998,4091.385635933148
JIO10015636,2174.04,1188.3214277128022
JIO10031388,5916.96,4443.5522120789265
JIO10036143,3943.08,4969.535932333814
JIO10025955,1843.56,3056.6518824783334
JIO10042620,2163.96,1807.3774803704916
JIO10039407,2463.6000000000004,3473.189747386616
JIO10047912,3970.32,4097.959745181009
JIO10043770,3493.2000000000003,3103.993868946311
JIO10013172,1042.92,1178.3015453772252
JIO10053340,1915.3200000000002,2356.7850409506723
JIO10060420,1109.4,1602.5233860671585
JIO10039844,1122.24,1385.9356672866554
JIO10002050,1673.52,1876.5184633996073
JIO10041494,1310.6399999999999,1581.3087477984893
JIO10007608,1070.28,1361.9825697255944
JIO10018746,1543.56,1207.96859940973
JIO10011758,5366.76,4425.335715103601
JIO10023142,1017.0,1352.1104788171697
JIO10022570,4853.04,2255.7241534894406
JIO10001179,2254.68,2646.875883563202
JIO10027344,1617.6000000000001,2180.684390338232
JIO10062472,2028.96,2593.0085383658575
JIO10061160,3771.0,6564.645829528389
JIO10032527,1668.96,2197.740984009085
JIO10059266,2968.44,2843.29018824514
JIO10031481,1243.44,1533.3445268513535
JIO10052719,1860.84,2196.0579068609804
JIO10003928,3361.44,3502.0185060086365
JIO10043038,2807.7599999999998,1217.0479075199446
JIO10000181,900.0,1228.7217224763983
JIO10052972,3230.2799999999997,2759.6986091366
JIO10038185,4981.32,3521.478467025034
JIO10063065,3781.2000000000003,2504.4190977330927
JIO10043122,7532.76,6658.7823169452895
JIO10040398,3017.88,3322.5719063663705
JIO10025086,1923.0,2167.4319371292245
JIO10022995,1863.84,3336.3803798038784
JIO10019752,3178.68,2237.545521097193
JIO10061862,900.0,1193.6262002243516
JIO10035501,3478.68,3229.2189540499858
JIO10001190,3818.16,3407.5719361587476
JIO10053743,2070.0,2991.542782802731
JIO10010084,2052.2400000000002,2144.8406583480078
JIO10022288,2206.44,3166.0246643442842
JIO10033773,2232.0,1428.3682170410161
JIO10053028,1550.16,2593.1259486608265
JIO10020718,3204.4800000000005,2100.9775894754084
JIO10004506,2373.7200000000003,3383.372731036522
JIO10001714,4402.32,3333.788291688965
JIO10018644,2370.7200000000003,1736.8382779421988
JIO10031701,2961.48,3764.344327204407
JIO10029975,1953.12,1948.3946770209607
JIO10036121,935.8799999999999,1186.3488897367677
JIO10015927,2374.56,2932.8650816537233
JIO10041476,1135.8000000000002,1226.1298442446482
JIO10036341,1818.96,2207.4923228494035
JIO10058882,2341.44,2933.7404786198663
JIO10040205,1708.1999999999998,2658.275771534214
JIO10023361,1504.32,1691.590789472186
JIO10011303,1836.3600000000001,2422.2492924569983
JIO10013759,2811.0,2238.958056438566
JIO10063758,2232.0,2268.904965412846
JIO10064624,3589.08,3560.538178472504
JIO10005830,2066.3999999999996,2428.966383330794
JIO10017690,3636.0,3179.430270319313
JIO10058843,3259.7999999999997,3442.0186646807747
JIO10043298,1446.24,1919.826480969991
JIO10023216,3171.96,2717.3399612114076
JIO10062829,2454.7200000000003,4101.303901832105
JIO10053256,2908.08,2994.479096349257
JIO10053582,1683.0,1611.045178872398
JIO10009855,2587.08,2392.894427888998
JIO10016717,2821.44,3553.4867133361117
JIO10033195,4127.28,3163.134443005188
JIO10031926,6988.799999999999,6564.0969548700905
JIO10031012,1053.84,1277.2000738370864
JIO10049531,1432.1999999999998,1483.4755152567125
JIO10063865,2375.88,2349.7783329642666
JIO10008588,1606.8000000000002,1949.6018028196409
JIO10061570,7730.039999999999,5752.136741678205
JIO10059698,3133.92,2348.059153644514
JIO10030286,4990.5599999999995,4526.595763958863
JIO10011951,2724.6000000000004,1919.3615079073884
JIO10034367,2565.7200000000003,2605.8195680645695
JIO10001604,1935.12,2201.4952834501983
JIO10006720,1610.04,1361.7204172249558
JIO10008331,3059.3999999999996,3338.5136811949637
JIO10045168,2245.8,2126.9975834422758
JIO10015753,2629.68,2773.011071716954
JIO10048252,2814.2400000000002,2524.3847021927563
JIO10058658,5069.88,2723.637237876914
JIO10057718,1061.28,1221.8518979265227
JIO10043906,3469.08,2067.9924173118625
JIO10007482,2740.32,3053.657877452494
JIO10051841,1998.2400000000002,2669.094257080645
JIO10045968,2307.7200000000003,3106.4328484558278
JIO10050388,2498.52,3288.180063703069
JIO10039461,3581.04,2249.837109118077
JIO10029421,2806.08,3027.1135842076283
JIO10029336,900.0,1410.8805141889752
JIO10041440,2503.2,3379.4233865163524
JIO10006387,1305.24,1695.1626865364271
JIO10045152,1675.3200000000002,1829.8448130164047
JIO10062900,2590.2,3134.279990091934
JIO10032588,1756.3200000000002,1189.0259456763695
JIO10063327,1135.92,1763.7421179962228
JIO10047372,2617.92,4350.292191506699
JIO10018181,2455.68,3856.2593812589566
JIO10021799,1733.7599999999998,1297.521382847918
JIO10048213,1307.16,1681.4696833932617
JIO10050622,1390.32,1242.8602015573665
JIO10027262,5275.08,3630.1643531214545
JIO10064281,1056.48,1266.3874293160134
JIO10013194,1180.1999999999998,1477.59779191978
JIO10057353,953.04,1169.106566349297
JIO10062263,2449.32,2759.657204441951
JIO10025590,4067.16,2692.2808191357326
JIO10029048,900.0,1181.2083902320983
JIO10030391,1732.56,2092.7560549998266
JIO10060682,2084.64,2759.673000063762
JIO10059881,1153.44,1201.5513242419313
JIO10024681,1951.6799999999998,2335.97036023832
JIO10056005,2495.2799999999997,2343.135540645451
JIO10038232,3545.04,3473.9397772582615
JIO10018036,1007.52,1196.8898570713086
JIO10032087,1725.96,1406.6134386296094
JIO10012647,2466.96,2565.6523416422224
JIO10049921,1825.56,1915.5652464194534
JIO10030131,1105.08,1350.5962881926569
JIO10058569,1962.6000000000001,2906.370401203254
JIO10004261,5583.6,4129.724596840202
JIO10013076,1278.72,1962.4678944405164
JIO10056067,2312.64,2206.5078027737627
JIO10011981,2572.2,1967.3441580140307
JIO10002044,2328.7200000000003,2980.2808538591144
JIO10017863,1865.3999999999999,1448.3811175867852
JIO10064480,1847.16,2479.9090250198506
JIO10043247,2343.96,1678.3095660457782
JIO10012380,1856.16,2484.1544291484674
JIO10000151,3275.6400000000003,2311.3964578194264
JIO10047181,4240.5599999999995,4002.2077448273194
JIO10021172,3845.3999999999996,1876.860630252107
JIO10033800,3574.56,3544.5768719212138
JIO10064477,2937.2400000000002,3448.9119074444707
JIO10012095,1441.32,1821.4394353837085
JIO10030618,1461.0,1715.782132638797
JIO10044724,3978.7200000000003,3188.8358206372845
JIO10046005,2637.0,3380.829126215202
JIO10055279,2080.8,2242.7297250526544
JIO10057697,4403.76,3711.1753811721187
JIO10062352,1134.6,1733.9352205469465
JIO10029954,4803.4800000000005,3638.524088564786
JIO10064309,2434.92,2951.305331785681
JIO10036157,4462.32,2568.371064901257
JIO10061817,2726.7599999999998,3467.5341961948175
JIO10064620,2706.12,1744.725688694824
JIO10055324,1029.24,1623.5806157388097
JIO10055517,4928.16,3195.838364517949
JIO10016205,3979.92,4119.446667534942
JIO10064100,1822.92,2971.6019060494814
JIO10018142,1161.3600000000001,1477.2728016554656
JIO10035181,4207.799999999999,3082.815054158254
JIO10000881,1214.76,1519.6590819084172
JIO10005514,2448.7200000000003,3270.02098738388
JIO10001942,3420.6000000000004,3159.4549081572504
JIO10007237,1572.84,1692.6161073381345
JIO10002557,1676.52,2378.0296282718155
JIO10050154,1062.48,1197.971712014562
JIO10017649,3798.12,3719.3962801284815
JIO10034583,3081.96,2571.9954570777813
JIO10001500,3484.44,3595.0965279217166
JIO10053567,1770.84,1711.530650558368
JIO10035523,3160.68,2362.81575525595
JIO10005994,9144.84,6938.849668269339
JIO10056546,4033.44,2600.854639642306
JIO10050090,2116.08,2210.9764989033897
JIO10035658,1922.52,3055.144613717499
JIO10004796,1033.68,2150.417011332518
JIO10041510,2196.84,2775.9125052460176
JIO10031567,2641.08,2325.996593283696
JIO10041639,2471.04,2543.5115829050264
JIO10042896,1675.8000000000002,1951.071808864094
JIO10040021,2076.48,2077.936936567051
JIO10002740,1671.48,2145.082999405659
JIO10031322,3603.24,3518.15253390508
JIO10025507,1768.6799999999998,1693.5482466671826
JIO10034718,1135.8000000000002,1425.255778382846
JIO10035532,1376.52,1265.6688178196443
JIO10023799,3048.48,3319.8309117967847
JIO10046274,3223.2000000000003,3304.7123157673036
JIO10035973,2707.44,2954.953307808716
JIO10033011,1578.6000000000001,2947.8426518777264
JIO10009913,1306.08,2019.190335525268
JIO10052241,1903.92,2943.514450652477
JIO10005057,1920.72,1439.6122040933064
JIO10038637,2116.92,1782.9667483712342
JIO10031333,900.0,1179.8346338828578
JIO10047428,1007.76,1295.2506687367586
JIO10016505,4951.5599999999995,2635.6898098450297
JIO10003078,4041.12,4255.505110350308
JIO10061213,1590.72,3162.7541715709785
JIO10035735,1241.4,1454.7110596101497
JIO10060049,7183.4400000000005,4962.9146549016605
JIO10008953,1996.8000000000002,1271.3911954717953
JIO10040326,1382.52,1567.2337825812872
JIO10017894,7661.16,6677.368138347295
JIO10049835,2886.36,2667.5253173998963
JIO10046925,900.0,1350.5700906175884
JIO10016403,2123.16,3086.9067051453176
JIO10004607,2778.36,3597.4825927159836
JIO10059467,1629.12,2543.888688467048
JIO10040056,2050.2,2170.281772369933
JIO10009732,2595.2400000000002,1967.9745742441044
JIO10039121,2744.7599999999998,3036.12449414061
JIO10020998,5792.5199999999995,5928.043761930834
JIO10064487,1492.32,1467.5890171426154
JIO10052677,2012.88,1519.5968386136253
JIO10004905,1058.4,1353.6778952993232
JIO10028848,1886.7599999999998,1324.2784859929623
JIO10056421,7566.0,4697.26700780859
JIO10061924,1053.24,1467.2193462731475
JIO10017417,5458.08,2523.9433332822537
JIO10048597,3610.32,3826.44777453023
JIO10001095,1421.16,2109.2701659544723
JIO10064381,2920.32,2999.920080663689
JIO10009905,958.1999999999999,1730.0649158805086
JIO10030128,8022.36,5009.121992632472
JIO10025057,4438.32,4425.097046319726
JIO10023075,1959.84,1405.6971730092837
JIO10046004,3682.2000000000003,2621.614319949474
JIO10041809,1721.88,1965.327015355086
JIO10063908,900.0,1321.6339470295004
JIO10007373,1326.1200000000001,1394.4723928718713
JIO10047821,3222.6000000000004,2969.3167721530594
JIO10049622,4866.72,3172.3230447509623
JIO10057061,3350.76,2579.642173795299
JIO10047106,1602.2400000000002,1707.474632796568
JIO10029003,2098.08,2939.108913514105
JIO10050479,3934.68,3518.1603177532966
JIO10051259,1696.08,1478.7920740574637
JIO10027149,1930.6799999999998,2057.814253697086
JIO10040942,2266.08,2364.0265198558204
JIO10029775,4435.5599999999995,3403.448715664063
JIO10047889,5285.4,3595.36196880091
JIO10000386,2463.36,2400.6523323522283
JIO10042152,1817.3999999999999,2377.8501568899023
JIO10052637,2067.96,1733.648197905365
JIO10024111,4075.68,3543.4396126188035
JIO10052409,2203.08,2117.456623026568
JIO10055737,1164.3600000000001,1347.8445521351584
JIO10054563,1833.6000000000001,2198.41911019621
JIO10007035,1401.0,1653.9642394264783
JIO10027889,2195.04,3592.570396660516
JIO10031724,3729.3599999999997,3233.8525525075
JIO10005708,3702.6000000000004,2924.317031562753
JIO10038331,7373.76,4031.6618885275498
JIO10059008,1329.96,1317.4751193404247
JIO10037064,4545.72,4116.627458150962
JIO10040174,5465.76,3351.261050017681
JIO10015714,3507.7200000000003,4233.932907773836
JIO10013513,900.0,1257.8848050397323
JIO10023897,3655.68,3230.6261031941963
JIO10063093,2471.52,1633.1518961224122
JIO10012438,1719.96,1223.441431628364
JIO10054249,2709.36,2240.066678566603
JIO10031071,1623.12,2014.0105832491106
JIO10058960,933.8399999999999,1196.391956278595
JIO10053887,1627.6799999999998,2636.1602635959625
JIO10027360,4589.88,3477.057502290375
JIO10036781,4062.84,3306.443152586238
JIO10038183,1751.88,1702.405614339379
JIO10049533,6004.799999999999,3283.570973637434
JIO10025672,1889.88,1610.0541417562088
JIO10010609,2020.56,2422.448295022998
JIO10039693,1137.48,1341.1166755769414
JIO10037127,4659.24,4947.7322752595455
JIO10012166,1399.44,2224.0505463422232
JIO10030345,1368.96,1214.5049074837768
JIO10034576,2241.48,2463.9844740486888
JIO10033114,2415.0,1692.8407463563797
JIO10026910,1805.7599999999998,2450.9839463874528
JIO10032359,951.5999999999999,1680.7595834256758
JIO10026085,1903.08,2782.1585742923453
JIO10019476,2925.6000000000004,2966.908457905878
JIO10017775,2734.56,2807.2995162709776
JIO10050691,1146.1200000000001,1186.881705162408
JIO10064358,2815.44,3582.8099798919206
JIO10053331,1351.1999999999998,1509.3840392406744
JIO10064201,2399.2799999999997,1917.3716169954498
JIO10004765,2544.0,2970.949263352421
JIO10023366,3245.04,2125.0116092197213
JIO10049346,908.8799999999999,1512.9206742146234
JIO10048806,2248.8,3512.7363824053746
JIO10042932,5542.5599999999995,4813.579057790818
JIO10062243,5838.6,5341.9603892622645
JIO10062699,3138.4800000000005,2909.0378173526037
JIO10057469,2193.12,1694.504317515556
JIO10041238,2645.2799999999997,2541.528590276497
JIO10035014,3210.96,3565.26894001003
JIO10057971,2706.0,3577.50238874959
JIO10033731,1439.4,1226.8029890763573
JIO10031564,2021.16,1819.5350218720696
JIO10057872,4618.92,2847.3794405694252
JIO10021049,2876.7599999999998,2609.596301498259
JIO10036954,1676.52,1703.6724228291037
JIO10009267,3126.3599999999997,3758.853019239413
JIO10049429,1312.92,1180.324481403735
JIO10047613,5056.08,5941.654172488379
JIO10024616,1427.16,1414.4746229590241
JIO10038767,3021.6000000000004,5388.421473735428
JIO10015933,1042.8000000000002,1209.3063342488028
JIO10056346,2474.04,2309.5228315170975
JIO10005230,2256.48,2246.3058025624655
JIO10020861,1645.6799999999998,2357.8807527976765
JIO10011493,2235.48,2283.088678348262
JIO10044936,3371.88,2806.9789856225675
JIO10029400,1273.8000000000002,1242.7782329396289
JIO10048527,3135.0,3065.6007649909156
JIO10029353,2969.2799999999997,1924.1909478778373
JIO10036208,3313.2000000000003,4068.2940704766925
JIO10015476,1182.96,1757.2900393912405
JIO10047447,8035.799999999999,4832.901932952298
JIO10037374,6541.5599999999995,2645.9655833530587
JIO10003217,1337.76,1210.2836676818415
JIO10064175,11901.0,6258.994434231421
JIO10039292,1322.4,1204.4343520699088
JIO10015436,2521.8,2950.489565887762
JIO10012868,1581.84,2044.473516099653
JIO10015356,1083.3600000000001,1197.1767748799393
JIO10012662,2155.56,2200.183187457855
JIO10000350,3550.32,2675.842018551087
JIO10046632,1369.32,1389.4254749300949
JIO10033851,1592.3999999999999,1940.7363310250225
JIO10056583,1359.48,1189.4245146946375
JIO10061524,1371.24,2161.562930390513
JIO10048227,4435.68,3613.3437691989875
JIO10055436,1101.1200000000001,1213.1057947191866
JIO10053309,3312.24,2631.7597764200195
JIO10059068,5748.4800000000005,4195.417522702543
JIO10015950,2398.08,2597.850156748055
JIO10057187,3314.2799999999997,2629.3174974056888
JIO10036170,1361.28,1433.5168224428508
JIO10054503,2074.08,2693.478164387444
JIO10039779,2695.44,3209.1517531059076
JIO10052403,3608.5199999999995,3399.152854865865
JIO10040702,4074.12,3421.8171760651053
JIO10053329,2280.6000000000004,2755.327877395798
JIO10041087,2969.04,5482.579837775241
JIO10020224,1883.3999999999999,2000.3586776589032
JIO10014493,2443.08,3114.187008788247
JIO10035471,1848.96,1772.8491067008488
JIO10005798,2597.2799999999997,3358.8679121094924
JIO10047454,1008.36,1291.4618569876661
JIO10005971,2947.68,2956.269726679331
JIO10056976,1538.3999999999999,1695.7595165639452
JIO10011033,1224.1200000000001,1227.1851084210973
JIO10020574,1568.88,2241.1167538980903
JIO10021536,2508.48,2147.092060463388
JIO10051567,3269.04,2762.223366962062
JIO10037754,1704.84,1883.587736076035
JIO10057640,2615.3999999999996,2201.7304089459158
JIO10062286,2308.32,2284.1208347321267
JIO10000986,1827.72,2183.8694913650925
JIO10016062,4101.4800000000005,3662.314023511808
JIO10006370,2630.16,2688.2514539692875
JIO10012907,1233.72,2025.8111945410008
JIO10047494,2196.48,1911.3719459801473
JIO10031495,2180.88,1698.7592484213455
JIO10055091,4216.200000000001,3317.2563339931094
JIO10027609,1747.08,2334.9726446492564
JIO10059668,5122.92,4802.4509253312535
JIO10016398,2252.16,2342.7364565942266
JIO10061472,1225.8000000000002,1628.4942797913411
JIO10046365,900.0,1319.2947914925458
JIO10006493,2534.16,2911.7075004903295
JIO10056284,1619.88,1806.4825961815109
JIO10036205,3121.32,2942.1755686108863
JIO10050509,1188.6,1472.0690968021204
JIO10037708,900.0,1267.4040679248792
JIO10023618,1515.1200000000001,1931.8544710192014
JIO10025836,1157.6399999999999,1217.3142883197415
JIO10004875,2690.64,1913.23209130978
JIO10062479,1840.1999999999998,2141.569163486022
JIO10016707,2778.84,2242.4658581383583
JIO10055026,1639.6799999999998,1938.977713986601
JIO10004248,3230.16,3027.509560572875
JIO10030941,4071.84,3349.039883864262
JIO10028339,1796.3999999999999,2157.3136986321438
JIO10020979,1776.6000000000001,1192.8966137150856
JIO10035685,1022.76,1317.5423323741172
JIO10051671,2214.96,2208.366711767282
JIO10013707,1845.12,2341.362451668184
JIO10056131,8840.64,6804.0112489612275
JIO10018559,2763.84,2381.418422650434
JIO10018080,2080.44,1382.7516416632636
JIO10056608,5496.6,5055.269479589458
JIO10010853,2417.16,2072.864799493335
JIO10024985,6071.5199999999995,4233.769894186789
JIO10055358,2011.92,2675.37856183323
JIO10058268,2476.56,2839.4645122897414
JIO10010457,1665.48,1912.9765873068475
JIO10043834,1801.6799999999998,1630.9966310058182
JIO10009506,2503.32,5238.630227398431
JIO10008377,1283.6399999999999,1182.911386073577
JIO10043925,2797.68,1623.5584090820435
JIO10053648,2763.84,2284.4667372342196
JIO10018886,1275.84,1314.7866107626849
JIO10017040,1112.6399999999999,2054.410988607602
JIO10027800,1439.16,2729.132092336046
JIO10018417,2059.56,1713.0018093382287
JIO10017112,2137.32,1233.5894232862686
JIO10000581,2944.56,3774.7633788024696
JIO10023892,3225.96,3471.881066339047
JIO10004052,2491.32,2478.876834732915
JIO10046759,900.0,1189.31220900926
JIO10003200,2105.7599999999998,3608.941487831348
JIO10011456,2297.3999999999996,3595.735881858582
JIO10030217,1872.48,2327.152942121069
JIO10000535,5729.76,4089.5932611078165
JIO10012051,1550.6399999999999,1913.293313982257
JIO10028346,1699.8000000000002,2376.9249161854505
JIO10028669,1774.8000000000002,2126.7155148616966
JIO10009075,1268.16,1322.5237608397415
JIO10051171,2114.7599999999998,1916.4964314723504
JIO10018781,4002.3599999999997,3578.62996063862
JIO10010138,2451.36,2349.978633221489
JIO10030028,3597.6000000000004,2353.0731318146245
JIO10010714,1140.24,2464.758669301125
JIO10002373,900.0,1164.1203705793762
JIO10026771,4502.76,4263.270809286563
JIO10024172,2680.44,2680.568957335295
JIO10048225,2590.68,2830.3249186252697
JIO10048507,3423.6000000000004,2490.435413821397
JIO10024037,1402.08,1905.0193488111208
JIO10060124,1574.52,1404.9509059057052
JIO10032563,2627.7599999999998,2091.1072330243333
JIO10038164,1329.96,1598.382410336835
JIO10019105,1888.56,3277.8866383347154
JIO10061244,1591.6799999999998,1197.0804591183685
JIO10015091,3976.44,3421.371201986544
JIO10017298,3068.52,2308.439097921063
JIO10037512,984.8399999999999,1185.368428998432
JIO10039873,3200.5199999999995,4120.733744921796
JIO10012099,1277.76,1500.0194436342451
JIO10047095,1857.0,2391.653276591942
JIO10063902,1198.68,1238.1736931603243
JIO10026025,1578.0,1675.1405179747007
JIO10043365,4378.32,3463.152783439797
JIO10047816,1490.16,2280.521166637618
JIO10060040,1258.44,2225.2576035189404
JIO10054843,3580.68,4536.504130407821
JIO10022681,1891.44,2565.8016600417377
JIO10024383,1286.16,2577.4240079205365
JIO10022900,2581.56,3294.2475501061167
JIO10026966,952.08,1301.8124329263717
JIO10034940,1822.8000000000002,2587.7292864758147
JIO10024414,2751.6000000000004,2547.8152007447757
JIO10034650,1950.6000000000001,3068.5174378943516
JIO10058369,2628.96,2154.161028021594
JIO10027885,1769.7599999999998,2304.102946172356
JIO10004161,1060.92,1576.7121444466272
JIO10030365,3321.12,2797.6250213181297
JIO10062402,1047.72,1495.0837898578964
JIO10026068,3492.3599999999997,2938.7199094196376
JIO10020319,1850.52,1895.1341633493166
JIO10035892,1675.92,2353.0767480941586
JIO10036227,2570.64,4584.294488440451
JIO10022383,1980.84,1918.9385279574112
JIO10034746,2439.96,1810.4489555272114
JIO10011832,6157.799999999999,4132.779567970287
JIO10039871,1243.32,1430.9001295857931
JIO10044027,1609.56,1665.7453100061086
JIO10055567,2367.6000000000004,2836.2793829252596
JIO10014452,903.0,1268.7503069528573
JIO10055855,1446.24,1910.4166792463589
JIO10063858,1092.96,1319.7880687312754
JIO10040469,1866.6000000000001,1695.6809552763953
JIO10004475,2587.32,3151.300301824433
JIO10050648,1817.7599999999998,1934.959968842148
JIO10024521,1258.1999999999998,1280.7628695870185
JIO10051816,1355.4,1605.5402248902883
JIO10056188,5089.5599999999995,4083.209964806301
JIO10052555,2927.2799999999997,1686.1097885418822
JIO10041530,3021.84,4799.487393067023
JIO10029816,1734.6000000000001,1838.0573237202364
JIO10017049,2836.32,4224.908379218095
JIO10063704,1886.04,1922.1812090678382
JIO10021194,1939.8000000000002,2614.3113192367878
JIO10055263,1662.72,3420.857567072902
JIO10048886,3529.2000000000003,3276.0060437976344
JIO10036659,4945.92,3489.317944648999
JIO10002942,1925.04,1592.4017375339245
JIO10058503,2264.52,2203.639190396269
JIO10050863,3762.24,2514.3383835466793
JIO10038248,1713.72,2027.9161621995818
JIO10003603,1662.48,1767.0923010429262
JIO10033231,4028.5199999999995,2684.076927919239
JIO10014761,3601.44,4285.520852521556
JIO10041942,3167.76,3144.108778621475
JIO10031051,2690.3999999999996,3573.5664816372455
JIO10052328,2480.52,2799.0476360733396
JIO10058460,2487.96,1674.1348370414407
JIO10061484,7816.5599999999995,6395.215505848642
JIO10053562,2514.48,2346.8315275869954
JIO10000601,3257.88,3059.9507756438647
JIO10047094,983.28,1332.0278171232103
JIO10023249,3183.24,4037.14022479639
JIO10062720,1301.6399999999999,1508.911588008155
JIO10039849,1839.12,2133.5077719843257
JIO10003429,2278.08,2034.7445181323174
JIO10014659,3198.12,3399.1565490844728
JIO10028939,2969.2799999999997,4333.435307041638
JIO10051970,2236.8,2320.319313820779
JIO10032645,8908.2,4720.814930865729
JIO10058901,2910.84,1998.0338566603368
JIO10001026,1952.04,1399.8245822427277
JIO10037583,2040.2400000000002,2361.4692223728525
JIO10039617,1637.7599999999998,1782.8161007481456
JIO10039361,2894.2799999999997,2785.8440447246553
JIO10014782,1014.1200000000001,1362.4077311675521
JIO10042494,1273.32,2631.7905406410723
JIO10060771,3238.7999999999997,3562.7622402587563
JIO10052846,3424.56,3842.6041003132113
JIO10041808,1661.3999999999999,2598.047337873789
JIO10056130,2515.32,2350.8368493086014
JIO10048641,1223.16,1762.4003854484401
JIO10032857,2551.32,2326.1636705598835
JIO10007058,7653.36,7212.522456852695
JIO10041893,3194.88,3086.61309098838
JIO10007501,2807.16,2643.2845426697863
JIO10003531,2810.04,3731.5365636300753
JIO10054110,2235.0,1987.9583720231274
JIO10021879,1472.8799999999999,2509.993037714675
JIO10051498,1396.1999999999998,1952.912812966854
JIO10062776,2587.8,2174.0469460019776
JIO10026315,2784.7200000000003,2585.654803868686
JIO10036078,2190.96,2090.153784191651
JIO10018872,7143.24,4425.751418268348
JIO10003852,900.0,1238.2972521888548
JIO10005696,2069.88,2545.358395356383
JIO10033940,2796.2400000000002,1957.372273533119
JIO10042087,1071.6,1162.106009927989
JIO10046402,1023.5999999999999,1785.586057098667
JIO10063590,2479.56,2237.8766225920217
JIO10037776,2121.12,3333.7922457855425
JIO10034524,1126.44,1223.9973154793872
JIO10024785,1674.96,2799.054486034659
JIO10040996,1614.6000000000001,1559.8835797989475
JIO10020958,2167.44,3110.6685252615425
JIO10056510,3484.44,2536.6919915265294
JIO10026874,2385.48,2217.2043742283454
JIO10022751,2523.96,1735.963105774027
JIO10058089,1247.4,1208.7917742938594
JIO10058222,1164.1200000000001,1200.5712131721716
JIO10030274,1696.1999999999998,2588.765851082401
JIO10015656,1786.3200000000002,2355.009193667492
JIO10010519,1596.2400000000002,1737.8180696512818
JIO10043166,2012.28,2569.8584108597347
JIO10061583,2708.7599999999998,2996.1287960037157
JIO10036499,3058.32,3288.6059456855746
JIO10014126,1065.0,1215.0311722985034
JIO10029133,1848.96,3024.343985317936
JIO10063589,1615.92,1628.8726763480774
JIO10042811,4581.6,4183.936187365591
JIO10023774,1094.28,1185.6274537544414
JIO10050158,3327.96,3979.0100827223023
JIO10051453,938.04,1721.6309361103756
JIO10004508,4755.4800000000005,4526.076584461651
JIO10047285,1216.08,1191.1120035496863
JIO10015221,1800.3600000000001,1683.6320177705675
JIO10045118,3658.56,2671.1058882211996
JIO10051264,3574.68,3471.8215543513534
JIO10046918,1813.3200000000002,2212.514481971854
JIO10022608,1902.2400000000002,2627.0321276136
JIO10049695,900.0,1630.5321539663005
JIO10050439,2160.84,1906.4382296862686
JIO10048443,1828.1999999999998,2920.8954039067976
JIO10026003,2921.16,2365.631984727549
JIO10026599,2346.7200000000003,1497.2172973804654
JIO10055821,1354.92,1488.3058969593103
JIO10025960,1910.52,2220.7086823538384
JIO10037325,2601.36,4319.330295262243
JIO10037481,944.64,1198.1929021893106
JIO10063702,1782.0,1894.1660634560878
JIO10047838,1834.1999999999998,1881.3275144035222
JIO10017669,2262.6000000000004,1238.555874488514
JIO10052125,5134.5599999999995,4201.435776825404
JIO10051900,2018.6399999999999,2653.49896236456
JIO10022913,2051.88,3016.429202532139
JIO10049824,1575.0,1691.440949343464
JIO10018202,3518.76,3839.962934398509
JIO10054921,2959.08,2620.0591290950706
JIO10056225,4326.84,3122.3286881472086
JIO10032211,940.1999999999999,1401.8643818566356
JIO10039330,3680.3999999999996,2587.114061019009
JIO10017241,3646.92,3014.483512410238
JIO10060629,4169.64,5378.165341958983
JIO10033816,2217.2400000000002,2621.688049194656
JIO10020013,3817.2000000000003,3110.9971035397043
JIO10000122,900.0,1167.803279422212
JIO10018062,1684.44,1432.0463215204225
JIO10014414,3205.32,2825.0723598326845
JIO10015992,2291.64,2132.6955299676065
JIO10063818,4111.5599999999995,2813.7951181814888
JIO10034902,1893.72,2613.117919766221
JIO10059419,988.08,1265.8786745746077
JIO10022091,4722.4800000000005,4104.437227937325
JIO10053603,1534.32,2949.659094301994
JIO10022136,1363.68,1844.1939082215308
JIO10017792,5768.76,4079.8001327035745
JIO10045407,7970.64,4018.7802332967813
JIO10064137,1387.08,2424.96858464074
JIO10035690,2466.6000000000004,2535.6004965944076
JIO10063164,1386.72,2055.6905725338265
JIO10045258,944.04,1205.1509270361612
JIO10064312,963.5999999999999,1168.0827483412834
JIO10028174,3675.4800000000005,4449.730329907586
JIO10042758,1412.52,1195.1713514222733
JIO10033813,5042.64,3611.4134599412396
JIO10062585,900.0,1474.5999848352337
JIO10024268,2188.8,1308.5353154242616
JIO10034347,1570.08,1669.4010480476304
JIO10022941,3308.16,2518.042681558122
JIO10033177,3041.04,3168.5567147042184
JIO10047989,1644.72,2503.629257244542
JIO10007852,2423.52,2313.63515080361
JIO10051137,7022.64,8132.603262574355
JIO10029169,1914.0,2696.024939482156
JIO10019787,2976.96,2566.1729817617847
JIO10026430,3741.0,2369.7493941142634
JIO10043673,1932.6000000000001,2087.8982107447146
JIO10007297,6588.36,4648.6084136387035
JIO10000502,3695.2799999999997,2531.36974520676
JIO10020267,1574.52,2091.829160479382
JIO10032308,8448.119999999999,2862.7022359856064
JIO10042220,2090.88,2548.5566790438324
JIO10024222,3493.08,3299.7028458577433
JIO10055315,3255.6000000000004,3812.7660171849466
JIO10011477,2449.68,2937.977741208465
JIO10014387,1003.3199999999999,1319.666077531344
JIO10003058,5604.0,6397.941393060285
JIO10054579,1485.48,2364.506339775963
JIO10020359,2691.2400000000002,3081.3771052664442
JIO10055919,1354.8000000000002,2332.385935095538
JIO10047350,1821.96,1758.534810265135
JIO10063391,1676.04,2270.5400762875465
JIO10004288,5049.4800000000005,3291.9217017108294
JIO10061432,1845.0,2283.4419449737693
JIO10054281,1539.96,2120.7136778888876
JIO10012862,5432.16,4232.497360791936
JIO10006801,1809.12,2176.932102559166
JIO10019125,3002.2799999999997,2890.2603021602317
JIO10016912,4931.5199999999995,3293.4492781130275
JIO10040039,2217.84,2205.1382277836838
JIO10012515,3720.96,3474.376663867347
JIO10042362,1583.52,1416.742525688931
JIO10023302,2691.84,2438.26053021648
JIO10021282,4502.4,4600.693998271864
JIO10024578,3397.56,2638.2216958166005
JIO10043819,1050.6,1231.210543536605
JIO10008862,2469.0,2389.6277959033205
JIO10027931,3321.24,3814.4271732907573
JIO10042181,5041.5599999999995,6861.646362177382
JIO10021892,1126.68,1688.7555597961684
JIO10044168,5960.04,3607.208246559268
JIO10062470,3932.2799999999997,3396.7832931902917
JIO10044492,2039.88,2618.52038747134
JIO10031161,2061.6000000000004,2627.3497678791878
JIO10043431,1937.88,2654.4026473997465
JIO10043185,2578.2,2697.7865181801503
JIO10045826,4477.200000000001,2227.453031290692
JIO10033527,2925.7200000000003,2251.0180840121025
JIO10014014,3928.7999999999997,3329.9788730745236
JIO10018706,2117.88,4030.3923300536535
JIO10018398,3603.3599999999997,2908.3627196170073
JIO10006416,3208.32,4108.323515636975
JIO10002579,2608.08,2329.6164625157176
JIO10019668,2471.52,2721.877309805827
JIO10017106,5659.92,3108.725065582669
JIO10055249,2740.68,3287.8909117841026
JIO10021774,1820.52,1316.5883262308917
JIO10045351,1608.3600000000001,2345.8776512839236
JIO10054014,1179.0,1715.9750943553613
JIO10034420,3170.2799999999997,4582.8791524966155
JIO10000202,2358.7200000000003,2036.1338300841112
JIO10044966,2098.32,2597.365694218801
JIO10037183,4714.200000000001,5507.325116062008
JIO10059137,1106.04,1586.426399705399
JIO10051154,4706.16,2972.432149852544
JIO10026339,1488.0,1652.9569936799126
JIO10011320,3287.3999999999996,2270.2706667585735
JIO10063445,2686.2,2394.657587185125
JIO10022431,2988.0,2931.2697050491156
JIO10057642,976.08,1209.2834377929214
JIO10036915,1323.48,2076.118826249161
JIO10050284,2212.2,2502.049220657025
JIO10006932,3918.12,3788.1298914476765
JIO10003544,3065.16,3046.4436302767626
JIO10060889,3947.88,4541.965167762438
JIO10033571,1981.8000000000002,2167.9860439875333
JIO10027378,1584.96,2209.8659920672094
JIO10047134,1690.08,2596.8365057634715
JIO10049291,1215.3600000000001,1203.026442999536
JIO10015840,900.0,1402.8247360115824
JIO10023359,2443.44,2503.1878475894805
JIO10012542,3800.76,3863.578871483392
JIO10047880,1311.72,1466.6829821872268
JIO10031465,2028.96,2115.3822413750845
JIO10059594,2381.88,3055.629329776802
JIO10051449,4278.72,3879.904387287041
JIO10036691,2897.52,2743.287300796027
JIO10063903,1586.16,1598.9881713089214
JIO10036846,5660.4,5584.952533537077
JIO10054279,1460.28,1465.1603667038958
JIO10028117,6203.76,3409.6947254844854
JIO10030887,2624.88,3456.3145587855806
JIO10047380,1616.52,1193.5474473993586
JIO10053546,2376.48,2219.0983464406904
JIO10015342,1339.56,1163.6694320437457
JIO10061608,1762.8000000000002,1223.8661951906947
JIO10045029,1808.88,1983.1803210314972
JIO10045055,3654.12,3435.5326749979504
JIO10030642,2442.84,1798.4770850909354
JIO10040935,3469.44,3006.3211500743714
JIO10005851,3917.6400000000003,4414.658552439684
JIO10048900,900.0,1432.3765459667225
JIO10034389,1326.0,1647.5211455381168
JIO10032911,1702.08,2604.398413666996
JIO10008895,2707.08,2471.495613296855
JIO10025406,3289.7999999999997,3308.665535928465
JIO10019718,1682.52,2048.7945879577865
JIO10030462,1631.16,1820.0988711089758
JIO10022558,2160.6000000000004,1583.36693226653
JIO10038428,1025.4,1388.0326137726615
JIO10024861,1109.04,1430.623080087876
JIO10040195,2661.12,1693.7262834304572
JIO10042245,3738.4800000000005,4207.129504283713
JIO10031643,1183.92,1917.2984469256655
JIO10019034,6106.08,4884.615584492025
JIO10001381,2475.0,2193.267986275639
JIO10000515,1668.2400000000002,1872.7189380288307
JIO10051164,2483.3999999999996,3222.722288417894
JIO10007864,977.76,1253.8329049159054
JIO10018869,3836.3999999999996,2377.3801733774108
JIO10002117,1291.8000000000002,1424.6778590080285
JIO10021489,1380.0,2327.1056137153987
JIO10002219,5396.4,5082.090813398777
JIO10007937,2841.0,2403.6673470455266
JIO10046955,6009.6,4419.10075250811
JIO10007101,3247.68,2690.7172142542818
JIO10057337,3386.3999999999996,3320.2072419952547
JIO10025854,1376.76,1477.0886081315502
JIO10026163,2289.96,2550.252275185155
JIO10016330,1456.68,2323.1158504902282
JIO10031046,2736.84,2426.0509340073713
JIO10058474,2497.32,1614.694151798039
JIO10004861,1682.6399999999999,1440.508684666214
JIO10009052,1151.16,1198.8491067384919
JIO10031808,2068.68,2906.103106731318
JIO10012256,1923.48,2318.2725119012825
JIO10032974,3196.08,2455.766285683046
JIO10001171,1678.56,2122.2762092425055
JIO10009418,6243.0,3989.745135801873
JIO10046114,2653.8,1630.9501715676438
JIO10046235,3771.3599999999997,2912.54921880713
JIO10044785,1163.04,1202.6506251962414
JIO10018173,2867.64,2584.7625363867833
JIO10059520,1419.3600000000001,1542.7096541389265
JIO10059214,3393.24,2819.820213240405
JIO10030819,1586.28,1931.677087983437
JIO10027688,1098.48,1427.3266778446266
JIO10006425,3140.6400000000003,2748.90890967107
JIO10038914,2158.44,2384.275104038332
JIO10020658,2919.48,2620.8421365176832
JIO10042460,2373.96,2076.026073258488
JIO10012390,1769.7599999999998,2065.62059649941
JIO10045080,1413.96,1927.9181989089334
JIO10042069,2021.88,2383.7852913250244
JIO10044806,5400.36,5239.245271904397
JIO10007839,2130.0,2163.424932826861
JIO10035234,2975.52,2818.2886366334346
JIO10047966,2165.88,2405.465254468942
JIO10053626,2461.56,2576.222303446794
JIO10015010,1725.2400000000002,2534.438454507213
JIO10045593,1351.1999999999998,1356.6967848992674
JIO10034076,2131.92,2709.9253310572085
JIO10051325,4202.5199999999995,2961.6627213322677
JIO10041350,1752.2400000000002,1913.6591296678234
JIO10043718,3248.04,2718.993383702307
JIO10044173,2265.6000000000004,2348.39995251767
JIO10061911,1410.24,1421.8758926447324
JIO10002307,1243.92,1279.6287557682044
JIO10028280,4096.799999999999,4036.71232665015
JIO10034246,1899.72,1327.9678601554656
JIO10054730,3402.0,3542.961232701759
JIO10036455,1299.72,1695.7964141150364
JIO10031456,1120.68,2074.6242342863975
JIO10050281,2412.12,3425.069890059481
JIO10021266,2806.2,2607.8259152770697
JIO10041346,1231.68,1326.4070639651688
JIO10009804,4876.4400000000005,4163.45053000717
JIO10062660,1430.6399999999999,1669.573689459053
JIO10018298,1659.12,1386.3441339431372
JIO10022950,3069.48,2221.31547914686
JIO10055481,1364.6399999999999,1946.878770125047
JIO10064077,3340.56,2853.9429257151746
JIO10049115,2210.2799999999997,2366.098860517596
JIO10044262,1099.08,1239.3608157729686
JIO10030689,4567.68,2952.3905538485387
JIO10007692,3005.04,1995.750235326089
JIO10043055,2124.48,2574.748058769168
JIO10042259,1879.1999999999998,1411.1593448703238
JIO10006862,2464.68,2406.08839362824
JIO10062794,1902.96,3008.846388230153
JIO10055937,2368.08,1234.0644407952054
JIO10016302,1025.16,2358.186825930539
JIO10041892,2350.2,2610.8177687070684
JIO10055058,1766.52,1616.492353635346
JIO10029093,1702.08,2250.769618000606
JIO10040458,1507.32,1696.417913072628
JIO10062725,1269.72,1243.7936107615733
JIO10020652,5291.76,3880.0144733130724
JIO10046976,3583.56,3990.570695529681
JIO10000027,1248.84,1179.5943195192247
JIO10054046,3669.6000000000004,2306.3704287828577
JIO10059218,1119.84,1213.0676412297726
JIO10010438,2731.32,2926.233794705128
JIO10044903,4339.4400000000005,5658.806114593396
JIO10039974,1136.52,1698.7772394400322
JIO10025420,1924.08,2195.2816523742144
JIO10060562,1416.96,1174.1455783936533
JIO10025550,1191.96,1513.7182460177867
JIO10039078,2842.2,3282.8335866522607
JIO10057693,1973.7599999999998,2343.0449351603916
JIO10017853,2631.96,2260.4855967231138
JIO10020509,1053.48,1874.0652131354218
JIO10000835,3726.4800000000005,2473.629429000518
JIO10003296,5063.88,5060.465515853548
JIO10044016,2554.2,3060.604554625494
JIO10048953,3339.84,2928.0886249428045
JIO10047144,4956.84,4515.955938361409
JIO10042831,2307.0,2126.722143727279
JIO10030502,2986.32,2496.535077225458
JIO10007317,2293.44,3238.7888024836047
JIO10025588,1919.7599999999998,1548.8961432707881
JIO10043333,2995.08,3550.6121859501986
JIO10053489,1799.04,1923.0697881922044
JIO10054101,1298.16,1584.2389547766377
JIO10041560,1640.7599999999998,1911.6366764243055
JIO10007043,2799.12,1756.9370445675604
JIO10046156,2033.16,2618.547841138044
JIO10047217,1706.28,2013.1297768316697
JIO10000508,900.0,1620.9997428289512
JIO10004076,1406.04,1668.0469919385355
JIO10021112,5597.5199999999995,4234.562977794761
JIO10000057,1936.56,1702.7476116522773
JIO10019361,3171.3599999999997,2481.254077828514
JIO10024246,1680.12,1762.1029174272678
JIO10016240,3130.92,4820.461279693108
JIO10029237,4033.56,3315.1938669256606
JIO10057633,2189.2799999999997,2484.566043909639
JIO10003683,900.0,1235.4381409035495
JIO10039483,4007.3999999999996,2363.2787983701382
JIO10060495,1233.48,1186.289562287402
JIO10034966,1687.08,1452.5866776918197
JIO10061282,4222.32,4281.484172963296
JIO10030572,1359.6,1306.2773214795493
JIO10010356,3852.96,2612.244963039924
JIO10003822,2057.64,2609.918739106108
JIO10027550,3370.68,4250.310446567442
JIO10060248,4354.68,3114.8622335983323
JIO10007913,2427.6000000000004,2900.7201995717837
JIO10032819,1584.12,1514.3756787182365
JIO10034580,1277.16,1333.0192043399913
JIO10014329,1460.28,2393.787367745797
JIO10063566,1129.8000000000002,1320.4259656349855
JIO10063538,3372.96,2550.1276715536383
JIO10000583,2281.32,2445.876292834369
JIO10046539,2891.3999999999996,2680.4171672021193
JIO10043668,2967.84,3112.148454027583
JIO10013943,3313.92,2436.847900069965
JIO10005399,1317.72,1343.5986931482958
JIO10001275,2988.96,2692.354889112359
JIO10031900,2724.6000000000004,3280.2854277168635
JIO10063157,3444.96,3310.3852826529205
JIO10008838,2206.8,2346.4174312169966
JIO10045121,5670.4800000000005,4147.122082495199
JIO10049050,1833.0,1512.5970301319846
JIO10010931,1934.04,2643.525682628077
JIO10022634,900.0,1193.9925296918764
JIO10007193,2542.08,2675.775460891629
JIO10032175,1948.08,2802.878750789535
JIO10028996,2648.3999999999996,2335.086983140585
JIO10048587,2678.7599999999998,2816.2643776144114
JIO10010408,2547.0,2252.351699745315
JIO10062247,1113.84,1215.9941399091879
JIO10035460,3108.3599999999997,2647.83549121599
JIO10001920,2601.84,3583.65708183953
JIO10048608,1733.3999999999999,1200.0161366581028
JIO10028018,1008.0,1242.1540757418834
JIO10027174,1016.1600000000001,1432.6954549323245
JIO10045934,1817.28,1948.612485004266
JIO10001096,1698.96,1916.9753554954389
JIO10042337,4711.5599999999995,4084.1939557446603
JIO10059940,2142.0,2001.8841363328113
JIO10041670,2654.16,2701.697096091955
JIO10039204,4476.72,4360.129404237478
JIO10021646,6649.08,4855.971314164152
JIO10056051,1024.92,1207.9151416080363
JIO10028852,2640.84,3553.2524869641416
JIO10027561,4407.36,3199.4317004966365
JIO10031821,1708.6799999999998,2474.666920228288
JIO10020505,3046.68,2974.24993498656
JIO10005498,4250.5199999999995,3855.824484087048
JIO10007257,2879.16,3627.1261272043876
JIO10000014,1756.1999999999998,2276.9450479090674
JIO10041571,2195.88,2561.1153274578605
JIO10016819,2693.7599999999998,2470.2190020722464
JIO10039364,1664.28,1681.8652067845244
JIO10060297,2353.8,2296.212799484409
JIO10031623,1243.44,1308.4508160080507
JIO10043881,1421.76,1446.60890740572
JIO10040986,2388.12,2465.979212643702
JIO10054741,900.0,1190.6260452934678
JIO10014106,2782.08,1989.8078352151244
JIO10012141,989.04,1244.5876340919037
JIO10016487,3548.2799999999997,2590.2565785045936
JIO10028604,3609.12,2240.0295175453602
JIO10020065,2266.44,2601.2846752417895
JIO10021337,1328.76,1492.7878672897855
JIO10028779,8339.28,4691.180371868093
JIO10056081,1853.3999999999999,2735.625313327408
JIO10062098,3032.88,2624.8316297083948
JIO10046279,1501.56,1684.8412200840055
JIO10008885,3508.7999999999997,3222.8283904289565
JIO10044321,5338.799999999999,4179.839672316622
JIO10040083,1953.6000000000001,2283.0315629067213
JIO10000920,2897.88,3465.541578604148
JIO10004002,1470.24,1695.5909062520236
JIO10054943,900.0,1429.5582631921661
JIO10063959,1028.52,1180.2019360119032
JIO10003219,2602.56,1694.3175103024632
JIO10029120,1217.28,2073.031806226244
JIO10059745,2022.3600000000001,2942.9236577363554
JIO10041946,3144.24,2677.5482176668434
JIO10012134,4020.6000000000004,3718.111602401385
JIO10034091,1528.92,1570.1158239737608
JIO10031116,1867.3200000000002,1947.7657720879636
JIO10014081,1631.3999999999999,1854.5903968027553
JIO10060555,2643.36,3297.690342884006
JIO10013996,1398.84,2690.89773452978
JIO10043852,1843.08,1982.3978341893255
JIO10004188,2639.7599999999998,3472.2957018792354
JIO10053384,1252.32,1582.8667753385128
JIO10013352,3801.24,3541.433048010138
JIO10005981,3203.16,3010.9256919769255
JIO10014235,3506.76,2341.1723000173015
JIO10044779,1742.6399999999999,3066.689130103632
JIO10028061,2309.3999999999996,3285.5718314586447
JIO10018815,1370.16,1894.4316727858386
JIO10011553,2403.6000000000004,3223.9453204228867
JIO10027897,2671.68,3181.10123564372
JIO10061944,1416.1200000000001,1485.0468904470242
JIO10014601,1968.84,2986.524704305494
JIO10038424,4173.6,3726.8121559962815
JIO10015008,1941.84,2371.7047367360806
JIO10042045,3295.44,4214.616148440636
JIO10011908,900.0,1433.460771959677
JIO10032217,7845.36,7800.341943695601
JIO10008385,2586.84,1477.5120268684238
JIO10021937,1507.1999999999998,1772.8615500062604
JIO10050841,1713.96,1679.8954017038538
JIO10056830,3221.88,2549.982634905741
JIO10018319,1549.1999999999998,3014.049570195381
JIO10011380,1735.3200000000002,2686.4679178049278
JIO10024007,3412.7999999999997,2977.7152310715105
JIO10025197,1520.6399999999999,2114.785149500129
JIO10012646,3120.0,3283.6033262075907
JIO10030695,1874.88,2593.081915109372
JIO10051945,2487.12,2625.7573051254353
JIO10013562,4289.04,2629.1080289382026
JIO10037742,2797.32,2659.3343044851285
JIO10015262,2951.04,2956.244803825576
JIO10032331,1559.6399999999999,1208.5516267009712
JIO10030020,2548.2,3293.763791369738
JIO10050943,1047.6,1435.4041332737038
JIO10056821,1564.92,1220.667064181726
JIO10061323,1703.52,1189.5402035678617
JIO10047753,1573.44,2206.23370400771
JIO10036835,1967.6399999999999,2772.614124806752
JIO10024729,2380.2,2599.6099371153064
JIO10003047,4312.92,3544.0471443875063
JIO10048749,2841.7200000000003,2619.274378005886
JIO10027905,3930.7200000000003,3152.95381334993
JIO10017200,3700.08,3569.759376705722
JIO10010851,3659.88,3369.5405185737254
JIO10052679,1307.6399999999999,1352.944674850694
JIO10022462,2498.7599999999998,1635.8976927324738
JIO10017836,1579.1999999999998,1726.725747327083
JIO10010898,1224.48,1531.5576741115663
JIO10028266,949.92,1645.0841070242911
JIO10026453,3146.5199999999995,3547.505555139163
JIO10046695,1626.96,1451.498608424117
JIO10006052,1796.7599999999998,2466.2108068889984
JIO10018592,2360.16,2983.0370818763713
JIO10031492,1124.4,1239.8272450826694
JIO10026181,1831.92,3567.1910504276416
JIO10039695,2452.44,4952.85206696911
JIO10023788,4316.28,4178.2489306219795
JIO10006475,2648.04,2940.456476821528
JIO10054995,900.0,1330.1131355970733
JIO10010207,1414.68,2029.6892684602187
JIO10013824,2509.68,2887.4283871892394
JIO10039464,1288.44,1374.2720196880284
JIO10048625,1022.04,1193.0724102717948
JIO10023009,2207.64,2525.1798553193653
JIO10050626,4182.96,3626.09514540936
JIO10053471,3963.84,4385.956255126622
JIO10021510,2903.2799999999997,3096.7381124308577
JIO10020991,1982.16,2098.930080556739
JIO10060285,1578.3600000000001,2126.4678780573417
JIO10028544,1296.96,2847.5262967307826
JIO10063286,2033.52,2370.521935725958
JIO10042969,1711.3200000000002,2163.4383528474514
JIO10047170,2972.04,2945.5341125044743
JIO10035413,1148.76,1910.8782093648645
JIO10041976,1776.84,2608.8608987197804
JIO10034077,2020.3200000000002,1493.7539258716554
JIO10029065,2414.3999999999996,3571.003816287575
JIO10038913,1382.52,2192.1575663975764
JIO10016911,1238.8799999999999,1251.4576897948875
JIO10027244,3968.88,2623.891907852361
JIO10039601,2224.08,2684.1078880367795
JIO10047593,1804.92,1587.2302270055893
JIO10009570,2143.8,2224.267201559563
JIO10050661,1620.72,3013.5453854963775
JIO10042797,5123.16,3465.481168445712
JIO10058031,3960.12,3935.305510663724
JIO10001780,5402.04,3190.938466274824
JIO10024738,1850.16,2216.0024923294386
JIO10051144,900.0,1417.1626546323337
JIO10000895,1581.48,1820.6225199889416
JIO10029631,1336.32,1391.477740070751
JIO10016557,8519.039999999999,4419.900432969255
JIO10007720,2143.68,1625.634092804725
JIO10057852,1834.6799999999998,1707.1236355878164
JIO10063709,3859.68,5256.926052669939
JIO10058122,2527.68,2256.6232436597284
JIO10063497,3979.08,3996.923044974963
JIO10033763,1955.6399999999999,1980.5885576766457
JIO10015869,1822.08,1826.8230261246813
JIO10031166,2635.32,4159.748189712893
JIO10051700,1442.76,1833.4914359072088
JIO10056410,2585.52,2344.1260396428715
JIO10022677,919.6800000000001,1194.5431737523015
JIO10054570,4349.04,2583.281672350628
JIO10046637,1705.56,2997.7199565478095
JIO10053272,2503.56,3234.6797858769805
JIO10056553,2713.92,3138.0773383769742
JIO10022159,2205.12,2516.69456264513
JIO10045577,1317.3600000000001,1756.1502589720876
JIO10009961,900.0,1188.464210520351
JIO10003397,2231.52,2551.0774460576977
JIO10024588,1048.32,1317.8893541293571
JIO10057036,3071.04,3046.998287607531
JIO10045791,1298.16,2306.4318303125115
JIO10026486,2191.44,2362.3158977055427
JIO10048431,3308.88,2216.4946139937347
JIO10033848,2926.68,3283.8053093711433
JIO10006199,900.0,1456.179588569749
JIO10013296,2205.0,2338.200984645009
JIO10059320,2021.28,2736.838541359651
JIO10063771,1849.3200000000002,2300.0728783954996
JIO10006478,3408.96,2679.228492075354
JIO10056931,1134.48,1188.0858645871149
JIO10022841,1956.96,2498.058004654001
JIO10009261,1634.04,1957.3545641747012
JIO10008899,1257.84,2199.353670876248
JIO10015253,998.1600000000001,1629.7893113909013
JIO10057660,3833.3999999999996,3674.6473754768804
JIO10020272,3813.3599999999997,3873.130809938928
JIO10003080,2029.92,2178.0324722640426
JIO10049005,1386.24,1446.2080723381519
JIO10058914,1474.56,2453.5109700752073
JIO10010889,4281.24,3655.2763539493812
